게시판,부서,고시번호,제목,공고일자,게재기간,동탄관련,현안,글감,링크,수집일
일반공고,건설과,화성시 공고 제2026-3216호,『양감 사창초 교차로 개선공사 』보상계획 및 열람공고,2026-09-23,2026-09-23 ~ 2026-10-19,,,,https://www.hscity.go.kr/www/gosi/BD_selectNoticeDetail.do?q_notAncmtMgtNo=150219,2026-09-25
일반공고,건설과,화성시 공고 제2026-3220호,전문건설업 등록 공고[주식회사 가람이앤지],2026-09-23,2026-09-23 ~ 2029-09-22,,,,https://www.hscity.go.kr/www/gosi/BD_selectNoticeDetail.do?q_notAncmtMgtNo=150223,2026-09-25
일반공고,건설과,화성시 공고 제2026-3230호,"농업생산기반시설이나 용수의 사용허가 관계주민 의견청취 공고(만세구 팔탄면 지월리 792-5, 793)",2026-09-23,2026-09-23 ~ 2026-10-07,,,,https://www.hscity.go.kr/www/gosi/BD_selectNoticeDetail.do?q_notAncmtMgtNo=150249,2026-09-25
일반공고,도시건축과,화성시 효행구 공고 제2026-465호,도로지정공고[기안동 13-4번지],2026-09-23,2026-09-23 ~ 2026-10-19,,,,https://www.hscity.go.kr/www/gosi/BD_selectNoticeDetail.do?q_notAncmtMgtNo=150253,2026-09-25
일반공고,도시정책과,화성시 공고 제2026-3192호,도시계획시설(공원)사업 실시계획 작성(안) 주민열람・공고 - 구문천근린공원 주차장 확장공사 -,2026-09-22,2026-09-22 ~ 2026-10-07,,,,https://www.hscity.go.kr/www/gosi/BD_selectNoticeDetail.do?q_notAncmtMgtNo=150147,2026-09-23
일반공고,건설과,화성시 공고 제2026-3146호,사창리천(소하천) 정비사업 사업인정 및 정비시행계획 수립을 위한 주민 등의 의견 청취 공고,2026-09-21,2026-09-21 ~ 2026-10-08,,,,https://www.hscity.go.kr/www/gosi/BD_selectNoticeDetail.do?q_notAncmtMgtNo=149981,2026-09-22
일반공고,도시정책과,화성시 공고 제2026-3175호,화성시 개발제한구역 내 야영장 사업자 선정 공고,2026-09-21,2026-09-21 ~ 2026-10-18,,,,https://www.hscity.go.kr/www/gosi/BD_selectNoticeDetail.do?q_notAncmtMgtNo=150083,2026-09-22
고시,토지정보과,화성시 고시 제2026-782호,도로명주소 개별고시,2026-09-21,2026-09-23 ~ 2026-10-23,,,,https://www.hscity.go.kr/www/gosi/BD_selectNoticeDetail.do?q_notAncmtMgtNo=150161,2026-09-25
일반공고,건설과,화성시 공고 제2026-3179호,전문건설업 등록 공고[성진토건(주)],2026-09-19,2026-09-19 ~ 2029-09-18,,,,https://www.hscity.go.kr/www/gosi/BD_selectNoticeDetail.do?q_notAncmtMgtNo=150107,2026-09-21
일반공고,도로과,화성시 공고 제2026-3168호,도로정비사업 시행허가(변경)에 관한 공고[대양지구 리도205호선],2026-09-18,2026-09-18 ~ 2026-10-18,,,,https://www.hscity.go.kr/www/gosi/BD_selectNoticeDetail.do?q_notAncmtMgtNo=150066,2026-09-21
일반공고,건설과,화성시 공고 제2026-3173호,전문건설업 등록 공고[디자인 탑 스페이스 및 스페이스창경 주식회사],2026-09-18,2026-09-18 ~ 2029-09-17,,,,https://www.hscity.go.kr/www/gosi/BD_selectNoticeDetail.do?q_notAncmtMgtNo=150078,2026-09-20
고시,신도시조성과,화성시 고시 제2026-777호,동탄(1)택지개발지구 도시계획시설(공원) 실시계획(변경) 작성 고시[손바닥공원 리모델링 사업],2026-09-18,2026-09-18 ~ 2027-02-28,O,,,https://www.hscity.go.kr/www/gosi/BD_selectNoticeDetail.do?q_notAncmtMgtNo=150106,2026-09-25
일반공고,공공건축과,화성시 공고 제2026-3172호,「화성 동부 반다비 체육센터 건립사업」설계공모 질의 답변,2026-09-18,2026-09-18 ~ 2026-11-30,,,,https://www.hscity.go.kr/www/gosi/BD_selectNoticeDetail.do?q_notAncmtMgtNo=150075,2026-09-20
일반공고,도시건축과,화성시 동탄구 동탄구 공고 제2026-78호,도로지정공고(동탄구 장지동 874-2번지),2026-09-18,2026-09-18 ~ 2026-10-02,O,,,https://www.hscity.go.kr/www/gosi/BD_selectNoticeDetail.do?q_notAncmtMgtNo=150084,2026-09-20
고시,주택정책과,화성시 고시 제2026-772호,주택건설사업계획 변경(2차) 승인 고시[상신3지구],2026-09-17,2026-09-18 ~ 2026-12-31,,동탄 주택공급,,https://www.hscity.go.kr/www/gosi/BD_selectNoticeDetail.do?q_notAncmtMgtNo=150052,2026-09-25
고시,신도시조성과,화성시 고시 제2026-773호,동탄(2)택지개발지구 도시계획시설(녹지) 실시계획(변경) 작성 고시[2026년 녹지대 리모델링],2026-09-17,2026-09-18 ~ 2026-12-31,O,,,https://www.hscity.go.kr/www/gosi/BD_selectNoticeDetail.do?q_notAncmtMgtNo=150064,2026-09-25
일반공고,건설과,화성시 공고 제2026-3148호,전문건설업 등록 공고[(주)대양이엔아이],2026-09-16,2026-09-16 ~ 2029-09-15,,,,https://www.hscity.go.kr/www/gosi/BD_selectNoticeDetail.do?q_notAncmtMgtNo=149986,2026-09-17
일반공고,건설과,화성시 공고 제2026-3157호,소하천정비시행계획의(변경) 공고[작골천(소하천) 정비사업],2026-09-16,2026-09-16 ~ 2026-10-08,,,,https://www.hscity.go.kr/www/gosi/BD_selectNoticeDetail.do?q_notAncmtMgtNo=150017,2026-09-17
일반공고,건설과,화성시 공고 제2026-3161호,전문건설업 등록말소 공고_(주)미래코,2026-09-16,2026-09-16 ~ 2031-09-15,,,,https://www.hscity.go.kr/www/gosi/BD_selectNoticeDetail.do?q_notAncmtMgtNo=150042,2026-09-17
일반공고,도시건축과,화성시 만세구 공고 제2026-956호,도로지정공고(우정읍 호곡리 228-410번지 외 5필지),2026-09-16,2026-09-16 ~ 2026-09-30,,,,https://www.hscity.go.kr/www/gosi/BD_selectNoticeDetail.do?q_notAncmtMgtNo=150037,2026-09-17
일반공고,도시건축과,화성시 만세구 공고 제2026-950호,도로지정공고(향남읍 관리 247-23번지),2026-09-16,,,,,https://www.hscity.go.kr/www/gosi/BD_selectNoticeDetail.do?q_notAncmtMgtNo=150012,2026-09-17
일반공고,도시정책과,화성시 공고 제2026-3153호,도시계획시설(공원)사업 실시계획 작성(안) 주민열람・공고[동탄일반산업단지 방아다리공원 주차장 조성공사],2026-09-16,2026-09-16 ~ 2026-09-30,O,,,https://www.hscity.go.kr/www/gosi/BD_selectNoticeDetail.do?q_notAncmtMgtNo=150001,2026-09-17
일반공고,도시정책과,화성시 공고 제2026-3152호,"도시계획시설(주차장, 녹지) 실시계획(변경)에 관한 주민열람・공고 [제부도 4,5호 공영주차장 조성공사]",2026-09-16,2026-09-16 ~ 2026-09-30,,,,https://www.hscity.go.kr/www/gosi/BD_selectNoticeDetail.do?q_notAncmtMgtNo=150000,2026-09-17
일반공고,관광진흥과,화성시 공고 제2026-3117호,‘제부도 도시계획도로 중로1-1호선(구 중로2-3호선) 외 2개소 개설공사’ 2차 수용재결 신청에 따른 열람공고,2026-09-15,2026-09-15 ~ 2026-09-29,,,,https://www.hscity.go.kr/www/gosi/BD_selectNoticeDetail.do?q_notAncmtMgtNo=149888,2026-09-17
일반공고,건설과,화성시 공고 제2026-3130호,전문건설업 등록 공고[주식회사 뉴골든테크 및 (주)엠제트],2026-09-15,2026-09-15 ~ 2029-09-14,,,,https://www.hscity.go.kr/www/gosi/BD_selectNoticeDetail.do?q_notAncmtMgtNo=149934,2026-09-17
고시,신도시조성과,화성시 고시 제2026-770호,동탄(2)택지개발지구 도시계획시설(공원) 실시계획(변경) 작성 고시[동부권 공공정원화 사업(여울공원)],2026-09-15,2026-09-18 ~ 2026-12-31,O,,,https://www.hscity.go.kr/www/gosi/BD_selectNoticeDetail.do?q_notAncmtMgtNo=149962,2026-09-25
일반공고,도시정책과,화성시 공고 제2026-3139호,국방・군사시설 사업계획 공고 - 화성지역 군 사용 사유재산 정리사업 -,2026-09-15,2026-09-15 ~ 2026-10-19,,,,https://www.hscity.go.kr/www/gosi/BD_selectNoticeDetail.do?q_notAncmtMgtNo=149963,2026-09-17
일반공고,신도시조성과,화성시 공고 제2026-3141호,태안택지지구 도시관리계획(지구단위계획) 결정(변경)(안)에 대한 주민열람공고[병점동 836-1번지 일원 노외주차장 신설],2026-09-15,2026-09-15 ~ 2026-09-29,,,,https://www.hscity.go.kr/www/gosi/BD_selectNoticeDetail.do?q_notAncmtMgtNo=149965,2026-09-17
일반공고,맑은물시설과,화성시 공고 제2026-3123호,안녕배수지 축조사업 사업인정에 관한 주민의견청취 및 도시관리계획 결정(안) 열람공고,2026-09-14,2026-09-14 ~ 2026-09-27,,,,https://www.hscity.go.kr/www/gosi/BD_selectNoticeDetail.do?q_notAncmtMgtNo=149904,2026-09-17
고시,건설과,화성시 고시 제2026-768호,"개간사업 시행계획 승인 알림[김○배, 양감면 대양리 769-21번지]",2026-09-14,2026-09-14 ~ 2031-09-15,,,,https://www.hscity.go.kr/www/gosi/BD_selectNoticeDetail.do?q_notAncmtMgtNo=149921,2026-09-25
고시,토지정보과,화성시 고시 제2026-769호,도로명주소 개별고시,2026-09-14,2026-09-14 ~ 2031-09-15,,,,https://www.hscity.go.kr/www/gosi/BD_selectNoticeDetail.do?q_notAncmtMgtNo=149925,2026-09-23
일반공고,건설과,화성시 공고 제2026-3126호,전문건설업 행정처분(영업정지)공고_(주)장수기획,2026-09-14,2026-09-14 ~ 2031-09-13,,,,https://www.hscity.go.kr/www/gosi/BD_selectNoticeDetail.do?q_notAncmtMgtNo=149918,2026-09-17
일반공고,건설과,화성시 공고 제2026-3134호,전문건설업 등록말소 공고_(주)세이프시티,2026-09-14,2026-09-14 ~ 2031-09-13,,,,https://www.hscity.go.kr/www/gosi/BD_selectNoticeDetail.do?q_notAncmtMgtNo=149950,2026-09-17
일반공고,도시건축과,화성시 만세구 공고 제2026-940호,도로변경(폐지)공고(향남읍 관리 129-2번지),2026-09-14,2026-09-14 ~ 2026-09-30,,,,https://www.hscity.go.kr/www/gosi/BD_selectNoticeDetail.do?q_notAncmtMgtNo=149935,2026-09-17
일반공고,도시건축과,화성시 만세구 공고 제2026-943호,"도로지정공고(우정읍 멱우리 149-1, 149-2번지)",2026-09-14,2026-09-14 ~ 2026-09-28,,,,https://www.hscity.go.kr/www/gosi/BD_selectNoticeDetail.do?q_notAncmtMgtNo=149949,2026-09-17
일반공고,건설과,화성시 공고 제2026-3110호,전문건설업 등록 공고[해송시스템],2026-09-11,2026-09-11 ~ 2029-09-10,,,,https://www.hscity.go.kr/www/gosi/BD_selectNoticeDetail.do?q_notAncmtMgtNo=149869,2026-09-17
일반공고,도시건축과,화성시 효행구 공고 제2026-445호,도로지정(변경)공고[봉담읍 분천리 289-7번지 외 3필지],2026-09-11,2026-09-11 ~ 2026-09-28,,,,https://www.hscity.go.kr/www/gosi/BD_selectNoticeDetail.do?q_notAncmtMgtNo=149900,2026-09-17
일반공고,토지정보과,화성시 공고 제2026-3118호,개별공시지가 정정 결정 고시,2026-09-11,2026-09-11 ~ 2026-09-25,,,,https://www.hscity.go.kr/www/gosi/BD_selectNoticeDetail.do?q_notAncmtMgtNo=149893,2026-09-17
일반공고,도시정책과,화성시 공고 제2026-3094호,"도시계획시설(도로 : 소로1-1호선, 소로2-1호선) 실시계획(변경)에 관한 주민 열람・공고 [화성 대양지구 도시계획시설(도로) 조성사업]",2026-09-10,2026-09-10 ~ 2026-09-24,,,,https://www.hscity.go.kr/www/gosi/BD_selectNoticeDetail.do?q_notAncmtMgtNo=149829,2026-09-17
일반공고,건설과,화성시 공고 제2026-3103호,수용재결 신청에 따른 열람공고 의뢰(사건번호 26수용0797_송산그린시티 서측지구 연결도로 건설사업),2026-09-10,2026-09-14 ~ 2026-10-01,,,,https://www.hscity.go.kr/www/gosi/BD_selectNoticeDetail.do?q_notAncmtMgtNo=149853,2026-09-17
일반공고,건설과,화성시 공고 제2026-3105호,전문건설업 등록 공고_(주)도아이앤씨,2026-09-10,2026-09-10 ~ 2029-09-08,,,,https://www.hscity.go.kr/www/gosi/BD_selectNoticeDetail.do?q_notAncmtMgtNo=149855,2026-09-17
일반공고,건설과,화성시 공고 제2026-3106호,전문건설업 등록 공고_(주)청와,2026-09-10,2026-09-10 ~ 2029-09-08,,,,https://www.hscity.go.kr/www/gosi/BD_selectNoticeDetail.do?q_notAncmtMgtNo=149856,2026-09-17
고시,투자유치과,화성시 고시 제2026-755호,화성 동방 일반산업단지계획(변경) 승인 고시,2026-09-09,2026-09-11 ~ 2026-09-25,,화성 산업단지 조성,,https://www.hscity.go.kr/www/gosi/BD_selectNoticeDetail.do?q_notAncmtMgtNo=149769,2026-09-18
고시,도로과,화성시 고시 제2026-756호,도시관리계획(시설도로) 결정(경미한변경) 및 실시계획(변경) 고시 알림[양감 사창초 교차로 개선공사],2026-09-09,2026-09-11 ~ 2026-09-25,,,,https://www.hscity.go.kr/www/gosi/BD_selectNoticeDetail.do?q_notAncmtMgtNo=149777,2026-09-18
고시,도로과,화성시 고시 제2026-757호,고시 사도개설(변경)허가 고시문(우정읍 이화리 662-1번지 일원),2026-09-09,2026-09-09 ~ 2026-09-23,,,,https://www.hscity.go.kr/www/gosi/BD_selectNoticeDetail.do?q_notAncmtMgtNo=149783,2026-09-18
일반공고,도시계획상임기획단,화성시 공고 제2026-3027호,2026년 제2회 화성시 공공디자인 공모전 개최 안내,2026-09-09,2026-09-09 ~ 2026-10-16,,,,https://www.hscity.go.kr/www/gosi/BD_selectNoticeDetail.do?q_notAncmtMgtNo=149573,2026-09-17
일반공고,도시정책과,화성시 공고 제2026-3081호,"시계획시설(도로,주차장,완충녹지,유수지) 실시계획인가(변경)에 관한 주민열람・공고 [궁평관광지 조성사업]",2026-09-09,2026-09-09 ~ 2026-09-23,,,,https://www.hscity.go.kr/www/gosi/BD_selectNoticeDetail.do?q_notAncmtMgtNo=149772,2026-09-17
고시,주택정책과,화성시 고시 제2026-752호,주택건설사업계획변경(5차)승인 고시[남양뉴타운 B-16블록],2026-09-09,2026-09-11 ~ 2026-09-25,,동탄 주택공급,,https://www.hscity.go.kr/www/gosi/BD_selectNoticeDetail.do?q_notAncmtMgtNo=149694,2026-09-20
고시,토지정보과,화성시 고시 제2026-764호,도로구간 변경 고시,2026-09-09,2026-09-09 ~ 2026-09-23,,,,https://www.hscity.go.kr/www/gosi/BD_selectNoticeDetail.do?q_notAncmtMgtNo=149818,2026-09-17
일반공고,건설과,화성시 공고 제2026-3086호,전문건설업 등록 공고[에벤에셀],2026-09-09,2026-09-09 ~ 2029-09-08,,,,https://www.hscity.go.kr/www/gosi/BD_selectNoticeDetail.do?q_notAncmtMgtNo=149795,2026-09-17
일반공고,민원토지과,화성시 효행구 공고 제2026-436호,지적재조사사업 완료지구(관항1지구) 지형도면 주민공람 공고,2026-09-09,2026-09-09 ~ 2026-09-23,,,,https://www.hscity.go.kr/www/gosi/BD_selectNoticeDetail.do?q_notAncmtMgtNo=149798,2026-09-17
일반공고,건설과,화성시 공고 제2026-3087호,국가하천 배수영향구간(진위2지구) 하천환경정비사업 사업인정에 관한 이해관계자 의견 청취 공고 (2차),2026-09-09,2026-09-09 ~ 2026-09-23,,,,https://www.hscity.go.kr/www/gosi/BD_selectNoticeDetail.do?q_notAncmtMgtNo=149800,2026-09-17
일반공고,철도전략과,화성시 공고 제2026-3067호,"수용재결신청서 열람공고(인천발 KTX 직결사업, 3차)",2026-09-08,2026-09-08 ~ 2026-09-23,,,,https://www.hscity.go.kr/www/gosi/BD_selectNoticeDetail.do?q_notAncmtMgtNo=149683,2026-09-17
일반공고,도시건축과,화성시 효행구 공고 제2026-425호,도로지정공고[정남면 괘랑리 908-3번지],2026-09-08,2026-09-08 ~ 2026-09-22,,,,https://www.hscity.go.kr/www/gosi/BD_selectNoticeDetail.do?q_notAncmtMgtNo=149696,2026-09-17
일반공고,도시건축과,화성시 효행구 공고 제2026-426호,효행구 개발제한구역내 불법행위 시정명령 촉구 통보,2026-09-08,2026-09-08 ~ 2026-09-22,,,,https://www.hscity.go.kr/www/gosi/BD_selectNoticeDetail.do?q_notAncmtMgtNo=149700,2026-09-17
일반공고,도시건축과,화성시 효행구 공고 제2026-427호,효행구 개발제한구역 내 불법행위 시정명령 처분의 사전통지,2026-09-08,2026-09-08 ~ 2026-09-22,,,,https://www.hscity.go.kr/www/gosi/BD_selectNoticeDetail.do?q_notAncmtMgtNo=149705,2026-09-17
고시,도로과,화성시 고시 제2026-754호,봉담도시계획도로 중로1-5호선 도시관리계획(시설:도로)결정 및 실시계획 고시,2026-09-08,,,,,https://www.hscity.go.kr/www/gosi/BD_selectNoticeDetail.do?q_notAncmtMgtNo=149751,2026-09-17
고시,해양수산과,화성시 고시 제2026-759호,공유수면 점용・사용 실시계획 변경 승인 고시(당진 LNG 건설사업),2026-09-08,,,,,https://www.hscity.go.kr/www/gosi/BD_selectNoticeDetail.do?q_notAncmtMgtNo=149785,2026-09-17
고시,공원조성과,화성시 고시 제2026-760호,도시계획시설사업(공원) 실시계획인가(변경) 고시 안내-병점근린공원,2026-09-08,2026-09-08 ~ 2026-12-31,,,,https://www.hscity.go.kr/www/gosi/BD_selectNoticeDetail.do?q_notAncmtMgtNo=149789,2026-09-17
일반공고,도시정책과,화성시 공고 제2026-3077호,"발리오스CC 도시관리계획(지구단위계획구역, 지구단위계획) 결정(변경)(안) 주민열람공고",2026-09-08,2026-09-08 ~ 2026-09-22,,,,https://www.hscity.go.kr/www/gosi/BD_selectNoticeDetail.do?q_notAncmtMgtNo=149750,2026-09-17
일반공고,도시환경과,화성시 동탄구 공고 제2026-405호,2026년 2기분 환경개선부담금 부과 관련 개인정보 제3자 제공사항 알림,2026-09-08,2026-09-08 ~ 2026-09-22,,,,https://www.hscity.go.kr/www/gosi/BD_selectNoticeDetail.do?q_notAncmtMgtNo=149764,2026-09-17
일반공고,건설과,화성시 공고 제2026-3072호,전문건설업 등록 공고[주식회사 모빌아크],2026-09-08,2026-09-08 ~ 2029-09-07,,,,https://www.hscity.go.kr/www/gosi/BD_selectNoticeDetail.do?q_notAncmtMgtNo=149728,2026-09-17
일반공고,도시건축과,화성시 효행구 공고 제2026-430호,도로지정공고[효행구 매송면 야목리 520번지],2026-09-08,,,,,https://www.hscity.go.kr/www/gosi/BD_selectNoticeDetail.do?q_notAncmtMgtNo=149736,2026-09-17
일반공고,안전건설과,화성시 만세구 공고 제2026-915호,보상 계획 및 열람 공고[송산면 행정복지센터 진입도로 개설공사],2026-09-08,2026-09-08 ~ 2026-09-30,,,,https://www.hscity.go.kr/www/gosi/BD_selectNoticeDetail.do?q_notAncmtMgtNo=149776,2026-09-17
일반공고,도로과,화성시 공고 제2026-3058호,도로구역결정(변경) 및 사업인정에 관한 주민 등의 의견청취 공고[시도16호선(舊53호선) 도로확포장공사],2026-09-07,2026-09-07 ~ 2026-09-21,,,,https://www.hscity.go.kr/www/gosi/BD_selectNoticeDetail.do?q_notAncmtMgtNo=149658,2026-09-17
일반공고,건설과,화성시 공고 제2026-3069호,보상계획 통지문(국지도 82호선 갈천-가수 도로건설공사),2026-09-07,2026-09-07 ~ 2026-09-21,,,,https://www.hscity.go.kr/www/gosi/BD_selectNoticeDetail.do?q_notAncmtMgtNo=149695,2026-09-17
고시,토지정보과,화성시 고시 제2026-753호,도로명주소 개별고시,2026-09-07,2026-09-08 ~ 2026-12-31,,,,https://www.hscity.go.kr/www/gosi/BD_selectNoticeDetail.do?q_notAncmtMgtNo=149709,2026-09-17
일반공고,투자유치과,화성시 공고 제2026-3022호,『2027~2029년 산업단지 투자의향서』 신청 접수공고,2026-09-07,2026-09-08 ~ 2026-10-31,,,,https://www.hscity.go.kr/www/gosi/BD_selectNoticeDetail.do?q_notAncmtMgtNo=149562,2026-09-17
고시,투자유치과,화성시 고시 제2026-745호,화성 동방 일반산업단지 관리기본계획 승인 고시,2026-09-04,2026-09-08 ~ 2026-12-31,,,,https://www.hscity.go.kr/www/gosi/BD_selectNoticeDetail.do?q_notAncmtMgtNo=149620,2026-09-17
고시,토지정보과,화성시 고시 제2026-749호,도로구간 변경고시,2026-09-04,2026-09-08 ~ 2026-12-31,,,,https://www.hscity.go.kr/www/gosi/BD_selectNoticeDetail.do?q_notAncmtMgtNo=149659,2026-09-17
일반공고,건설과,화성시 공고 제2026-3041호,전문건설업 등록 공고[주식회사 리봄조경],2026-09-04,2026-09-04 ~ 2029-09-03,,,,https://www.hscity.go.kr/www/gosi/BD_selectNoticeDetail.do?q_notAncmtMgtNo=149618,2026-09-17
일반공고,건설과,화성시 공고 제2026-3061호,전문건설업 등록말소 취소 공고,2026-09-04,2026-09-04 ~ 2031-09-03,,,,https://www.hscity.go.kr/www/gosi/BD_selectNoticeDetail.do?q_notAncmtMgtNo=149673,2026-09-17
일반공고,건설과,화성시 공고 제2026-3064호,전문건설업 등록말소 공고_형제가스,2026-09-04,2026-09-04 ~ 2031-09-03,,,,https://www.hscity.go.kr/www/gosi/BD_selectNoticeDetail.do?q_notAncmtMgtNo=149678,2026-09-17
일반공고,도로과,화성시 공고 제2026-3057호,수용재결 신청에 따른 열람공고(왕림~분천간 도로확포장공사),2026-09-04,2026-09-04 ~ 2026-09-19,,,,https://www.hscity.go.kr/www/gosi/BD_selectNoticeDetail.do?q_notAncmtMgtNo=149656,2026-09-17
일반공고,도시건축과,화성시 만세구 공고 제2026-901호,도로지정변경공고(향남읍 수직리 248-14번지 외 4필지),2026-09-04,2026-09-04 ~ 2026-09-30,,,,https://www.hscity.go.kr/www/gosi/BD_selectNoticeDetail.do?q_notAncmtMgtNo=149668,2026-09-17
일반공고,도시정책과,화성시 공고 제2026-3055호,수용재결 신청서 열람・공고[천천지구 도시계획시설(매송중로2-8호선 외 4개소) 개설공사],2026-09-04,2026-09-04 ~ 2026-09-18,,,,https://www.hscity.go.kr/www/gosi/BD_selectNoticeDetail.do?q_notAncmtMgtNo=149653,2026-09-17
일반공고,도시정책과,화성시 공고 제2026-3056호,수용재결 신청서 열람・공고[천천지구 도시계획시설(제1호어린이공원) 조성공사],2026-09-04,2026-09-04 ~ 2026-09-18,,,,https://www.hscity.go.kr/www/gosi/BD_selectNoticeDetail.do?q_notAncmtMgtNo=149654,2026-09-17
고시,도로과,화성시 고시 제2026-739호,문구동(남양)지구 도시관리계획(시설:도로) 결정(경미한 변경) 및 실시계획 고시,2026-09-03,2026-09-08 ~ 2026-12-31,,,,https://www.hscity.go.kr/www/gosi/BD_selectNoticeDetail.do?q_notAncmtMgtNo=149516,2026-09-17
고시,도시정책과,화성시 고시 제2026-747호,"도시관리계획[시설:장사시설] 결정(경미한 변경) 및 실시계획(경미한 변경) 작성, 지형도면 고시[화성 도시계획시설(장사시설)(함백산 추모공원 건립사업)]",2026-09-03,,,,,https://www.hscity.go.kr/www/gosi/BD_selectNoticeDetail.do?q_notAncmtMgtNo=149628,2026-09-17
고시,주택정책과,화성시 고시 제2026-748호,주택건설사업계획 변경(2차) 승인 고시 [하길지구 A-1블록],2026-09-03,,,,,https://www.hscity.go.kr/www/gosi/BD_selectNoticeDetail.do?q_notAncmtMgtNo=149636,2026-09-17
일반공고,도시건축과,화성시 만세구 공고 제2026-894호,도로지정공고(향남읍 수직리 248-10 번지 외 4필지),2026-09-03,,,,,https://www.hscity.go.kr/www/gosi/BD_selectNoticeDetail.do?q_notAncmtMgtNo=149640,2026-09-17
일반공고,도시정책과,화성시 공고 제2026-3043호,도시계획시설(장사시설)사업 공사완료 공고[화성 도시계획시설(장사시설)(함백산 추모공원 건립사업)],2026-09-03,2026-09-03 ~ 2026-09-21,,,,https://www.hscity.go.kr/www/gosi/BD_selectNoticeDetail.do?q_notAncmtMgtNo=149629,2026-09-17
일반공고,주택정책과,화성시 공고 제2026-3037호,사업수행능력평가서(업무중복도) 공개 공고,2026-09-03,2026-09-03 ~ 2026-09-10,,,,https://www.hscity.go.kr/www/gosi/BD_selectNoticeDetail.do?q_notAncmtMgtNo=149607,2026-09-07
고시,도로과,화성시 고시 제2026-741호,웃신촌2(매송)지구 도시계획시설[시설도로] 사업 실시계획 고시,2026-09-02,2026-09-02 ~ 2026-09-16,,,,https://www.hscity.go.kr/www/gosi/BD_selectNoticeDetail.do?q_notAncmtMgtNo=149548,2026-09-16
고시,건설과,화성시 고시 제2026-742호,"개간사업 시행계획 승인 알림[최○관, 양감면 용소리 1123-30번지 외1필지]",2026-09-02,2026-09-02 ~ 2031-09-02,,,,https://www.hscity.go.kr/www/gosi/BD_selectNoticeDetail.do?q_notAncmtMgtNo=149572,2026-09-17
고시,도시개발과,화성시 고시 제2026-743호,매향리 반환공여구역 관광단지 조성사업 사업자 공모 재공고,2026-09-02,2026-09-02 ~ 2026-12-31,,,,https://www.hscity.go.kr/www/gosi/BD_selectNoticeDetail.do?q_notAncmtMgtNo=149584,2026-09-17
고시,도시개발과,화성시 고시 제2026-744호,매향리 반환공여구역 관광단지 조성사업 사업자 재공모 정정공고,2026-09-02,2026-09-02 ~ 2026-12-31,,,,https://www.hscity.go.kr/www/gosi/BD_selectNoticeDetail.do?q_notAncmtMgtNo=149594,2026-09-17
일반공고,건설과,화성시 공고 제2026-3012호,전문건설업 등록 공고[(주)무량기술],2026-09-02,2026-09-02 ~ 2029-09-01,,,,https://www.hscity.go.kr/www/gosi/BD_selectNoticeDetail.do?q_notAncmtMgtNo=149537,2026-09-17
일반공고,건설과,화성시 공고 제2026-3029호,농업생산기반시설이나 용수의 사용허가 관계주민 의견청취 공고(서신면 백미리 757),2026-09-02,2026-09-02 ~ 2026-09-16,,,,https://www.hscity.go.kr/www/gosi/BD_selectNoticeDetail.do?q_notAncmtMgtNo=149583,2026-09-07
일반공고,도시건축과,화성시 효행구 공고 제2026-416호,도로지정공고[정남면 괘랑리 474번지],2026-09-02,,,,,https://www.hscity.go.kr/www/gosi/BD_selectNoticeDetail.do?q_notAncmtMgtNo=149574,2026-09-17
일반공고,도시건축과,화성시 효행구 공고 제2026-415호,도로지정공고[기안동 237-6번지],2026-09-02,2026-09-02 ~ 2026-09-29,,,,https://www.hscity.go.kr/www/gosi/BD_selectNoticeDetail.do?q_notAncmtMgtNo=149569,2026-09-17
고시,도시정책과,화성시 고시 제2026-737호,도시계획시설(주차장) 실시계획 작성 고시[송산 마을어울림센터 건립사업],2026-09-01,2026-09-02 ~ 2026-09-22,,,,https://www.hscity.go.kr/www/gosi/BD_selectNoticeDetail.do?q_notAncmtMgtNo=149507,2026-09-17
일반공고,건설과,화성시 공고 제2026-3003호,전문건설업 등록 공고[주식회사 두리건설 및 주식회사 씨에스안전],2026-09-01,2026-09-01 ~ 2029-08-31,,,,https://www.hscity.go.kr/www/gosi/BD_selectNoticeDetail.do?q_notAncmtMgtNo=149504,2026-09-17
일반공고,건설과,화성시 공고 제2026-3014호,농업생산기반시설이나 용수의 사용허가 관계주민 의견청취 공고(만세구 마도면 청원리 969),2026-09-01,2026-09-01 ~ 2026-09-15,,,,https://www.hscity.go.kr/www/gosi/BD_selectNoticeDetail.do?q_notAncmtMgtNo=149545,2026-09-07
일반공고,도시건축과,화성시 효행구 공고 제2026-413호,임대사업자 등록 직권말소 및 청문 실시 공고,2026-09-01,2026-09-01 ~ 2026-09-22,,,,https://www.hscity.go.kr/www/gosi/BD_selectNoticeDetail.do?q_notAncmtMgtNo=149520,2026-09-17
일반공고,도시환경과,화성시 동탄구 공고 제2026-390호,개인정보 처리 위탁내역 공고,2026-09-01,2026-09-01 ~ 2026-09-15,,,,https://www.hscity.go.kr/www/gosi/BD_selectNoticeDetail.do?q_notAncmtMgtNo=149529,2026-09-07
일반공고,토지정보과,화성시 공고 제2026-2956호,2026.7.1.기준 개별공시지가 열람 및 의견제출 요령 공고,2026-09-01,2026-09-02 ~ 2026-12-04,,,,https://www.hscity.go.kr/www/gosi/BD_selectNoticeDetail.do?q_notAncmtMgtNo=149369,2026-09-17
고시,토지정보과,화성시 고시 제2026-736호,도로명주소 개별고시,2026-08-31,2026-09-02 ~ 2026-09-22,,,,https://www.hscity.go.kr/www/gosi/BD_selectNoticeDetail.do?q_notAncmtMgtNo=149493,2026-09-17
일반공고,도시환경과,화성시 동탄구 공고 제2026-387호,종량제봉투 판매소 지정취소 공고,2026-08-31,2026-08-31 ~ 2026-09-15,,,,https://www.hscity.go.kr/www/gosi/BD_selectNoticeDetail.do?q_notAncmtMgtNo=149495,2026-09-07
일반공고,신도시조성과,화성시 공고 제2026-2994호,"향남(2)택지개발지구 도시관리계획(지구단위계획) 결정(변경)(안)에 대한 주민열람공고(주차장, 보도육교 설치)",2026-08-31,2026-08-31 ~ 2026-09-14,,,,https://www.hscity.go.kr/www/gosi/BD_selectNoticeDetail.do?q_notAncmtMgtNo=149480,2026-09-07
일반공고,건설과,화성시 공고 제2026-2983호,전문건설업 등록 공고[주식회사 조경나라],2026-08-29,2026-08-29 ~ 2029-08-30,,,,https://www.hscity.go.kr/www/gosi/BD_selectNoticeDetail.do?q_notAncmtMgtNo=149447,2026-09-17
고시,토지정보과,화성시 고시 제2026-735호,도로구간 개별고시,2026-08-28,2026-08-28 ~ 2026-11-30,,,,https://www.hscity.go.kr/www/gosi/BD_selectNoticeDetail.do?q_notAncmtMgtNo=149455,2026-09-17
고시,도로과,화성시 고시 제2026-733호,보행자우선도로 지정고시,2026-08-28,2026-08-28 ~ 2026-09-11,,,,https://www.hscity.go.kr/www/gosi/BD_selectNoticeDetail.do?q_notAncmtMgtNo=149428,2026-09-07
고시,도로과,화성시 고시 제2026-732호,청룡골(비봉)지구 도시계획시설[시설도로] 사업 실시계획 고시,2026-08-28,2026-08-28 ~ 2026-09-11,,,,https://www.hscity.go.kr/www/gosi/BD_selectNoticeDetail.do?q_notAncmtMgtNo=149406,2026-09-07
일반공고,도시건축과,화성시 효행구 공고 제2026-410호,도로지정공고[정남면 괘랑리 609-14번지],2026-08-28,,,,,https://www.hscity.go.kr/www/gosi/BD_selectNoticeDetail.do?q_notAncmtMgtNo=149373,2026-09-17
일반공고,건설과,화성시 공고 제2026-2970호,전문건설업 등록 공고[일화건설 주식회사],2026-08-28,2026-08-28 ~ 2029-08-27,,,,https://www.hscity.go.kr/www/gosi/BD_selectNoticeDetail.do?q_notAncmtMgtNo=149412,2026-09-17
고시,주택정책과,화성시 고시 제2026-731호,주택건설사업계획 변경(5차) 승인 고시[화성능동지구 A-1BL 공공지원 민간임대리츠],2026-08-27,2026-08-28 ~ 2026-11-30,O,,,https://www.hscity.go.kr/www/gosi/BD_selectNoticeDetail.do?q_notAncmtMgtNo=149402,2026-09-17
일반공고,도로과,화성시 공고 제2026-2944호,"수용재결신청서 열람공고(장안도시계획도로 중로3-2호선 개설공사(장안4,5,8리 진입로)",2026-08-27,2026-08-27 ~ 2026-09-10,,,,https://www.hscity.go.kr/www/gosi/BD_selectNoticeDetail.do?q_notAncmtMgtNo=149325,2026-09-07
일반공고,도시건축과,화성시 효행구 공고 제2026-411호,도로지정(변경)공고[보통리14번지],2026-08-27,2026-08-27 ~ 2026-09-18,,,,https://www.hscity.go.kr/www/gosi/BD_selectNoticeDetail.do?q_notAncmtMgtNo=149401,2026-09-17
일반공고,건설과,화성시 공고 제2026-2963호,전문건설업 등록 공고[주식회사 상공이앤씨],2026-08-27,2026-08-27 ~ 2029-08-26,,,,https://www.hscity.go.kr/www/gosi/BD_selectNoticeDetail.do?q_notAncmtMgtNo=149383,2026-09-17
일반공고,건설과,화성시 공고 제2026-2949호,전문건설업 등록 공고[주식회사 아르젠],2026-08-26,2026-08-26 ~ 2029-08-25,,,,https://www.hscity.go.kr/www/gosi/BD_selectNoticeDetail.do?q_notAncmtMgtNo=149342,2026-09-17
고시,토지정보과,화성시 고시 제2026-730호,도로구간 변경 고시,2026-08-25,2026-08-28 ~ 2026-11-30,,,,https://www.hscity.go.kr/www/gosi/BD_selectNoticeDetail.do?q_notAncmtMgtNo=149356,2026-09-17
고시,도로과,화성시 고시 제2026-724호,도시관리계획[시설:도로] 결정(경미한변경) 및 실시계획인가 지형도면 고시 [남양도시계획도로 중로1-1호선 개설공사],2026-08-25,2026-08-28 ~ 2026-11-30,,,,https://www.hscity.go.kr/www/gosi/BD_selectNoticeDetail.do?q_notAncmtMgtNo=149221,2026-09-17
일반공고,허가민원2과,화성시 만세구 공고 제2026-841호,"도로점용(굴착)허가 내용 공고[(굴착)송산 제2026-53호, 도시개발과]",2026-08-25,2026-08-25 ~ 2026-09-30,,,,https://www.hscity.go.kr/www/gosi/BD_selectNoticeDetail.do?q_notAncmtMgtNo=149337,2026-09-17
고시,토지정보과,화성시 고시 제2026-729호,도로명주소 개별고시,2026-08-24,2026-08-28 ~ 2026-11-30,,,,https://www.hscity.go.kr/www/gosi/BD_selectNoticeDetail.do?q_notAncmtMgtNo=149321,2026-09-17
고시,도로과,화성시 고시 제2026-728호,쑥골(매송)지구 도시계획시설[시설:도로] 사업 실시계획 고시,2026-08-24,2026-08-24 ~ 2026-09-07,,,,https://www.hscity.go.kr/www/gosi/BD_selectNoticeDetail.do?q_notAncmtMgtNo=149308,2026-09-07
일반공고,도로과,화성시 공고 제2026-2915호,진안도시계획도로 소로2-2호선 개설공사 경미한 변경 및 실시계획(안) 사업인정에 관한 주민 등의 의견 청취 공고,2026-08-24,2026-08-24 ~ 2026-09-07,,,,https://www.hscity.go.kr/www/gosi/BD_selectNoticeDetail.do?q_notAncmtMgtNo=149250,2026-09-07
일반공고,도시건축과,화성시 효행구 공고 제2026-409호,도로지정공고[정남면 신리 135번지],2026-08-24,2026-08-24 ~ 2027-08-24,,,,https://www.hscity.go.kr/www/gosi/BD_selectNoticeDetail.do?q_notAncmtMgtNo=149318,2026-09-17
일반공고,신도시조성과,화성시 공고 제2026-2938호,동탄(1)택지개발지구 도시관리계획시설(공원) 실시계획(변경) 작성 신청에 대한 주민열람 공고[손바닥공원 리모델링 사업],2026-08-24,2026-08-24 ~ 2026-09-07,O,,,https://www.hscity.go.kr/www/gosi/BD_selectNoticeDetail.do?q_notAncmtMgtNo=149309,2026-09-07
일반공고,기후환경정책과,화성시 공고 제2026-2925호,2026년 어린이 통학차량 LPG차 전환지원 사업 재공고,2026-08-24,2026-08-24 ~ 2026-12-31,,,,https://www.hscity.go.kr/www/gosi/BD_selectNoticeDetail.do?q_notAncmtMgtNo=149273,2026-09-17
일반공고,건설과,화성시 공고 제2026-2928호,전문건설업 등록 공고[주식회사 케이제이이엔지],2026-08-22,2026-08-22 ~ 2029-08-21,,,,https://www.hscity.go.kr/www/gosi/BD_selectNoticeDetail.do?q_notAncmtMgtNo=149291,2026-09-17
일반공고,도시환경과,화성시 동탄구 공고 제2026-377호,종량제봉투 판매소 지정취소 공고,2026-08-21,2026-08-21 ~ 2026-09-21,,,,https://www.hscity.go.kr/www/gosi/BD_selectNoticeDetail.do?q_notAncmtMgtNo=149277,2026-09-17
일반공고,도시건축과,화성시 만세구 공고 제2026-826호,도로지정공고(백토리 466-4번지),2026-08-21,2026-08-21 ~ 2026-09-21,,,,https://www.hscity.go.kr/www/gosi/BD_selectNoticeDetail.do?q_notAncmtMgtNo=149268,2026-09-17
일반공고,도시건축과,화성시 만세구 공고 제2026-829호,도로지정공고(향남읍 증거리 318-9번지 외 3필지),2026-08-21,2026-08-21 ~ 2026-09-21,,,,https://www.hscity.go.kr/www/gosi/BD_selectNoticeDetail.do?q_notAncmtMgtNo=149283,2026-09-17
고시,지역경제과,화성시 고시 제2026-726호,대형마트 및 준대규모점포 의무휴업일 한시적 변경 지정 고시,2026-08-20,2026-08-20 ~ 2026-09-28,,,,https://www.hscity.go.kr/www/gosi/BD_selectNoticeDetail.do?q_notAncmtMgtNo=149233,2026-09-17
일반공고,건설과,화성시 공고 제2026-2896호,전문건설업 등록 공고[디앤디건설주식회사],2026-08-20,2026-08-20 ~ 2029-08-19,,,,https://www.hscity.go.kr/www/gosi/BD_selectNoticeDetail.do?q_notAncmtMgtNo=149192,2026-09-17
일반공고,건설과,화성시 공고 제2026-2917호,전문건설업 등록 공고,2026-08-20,2026-08-20 ~ 2029-08-18,,,,https://www.hscity.go.kr/www/gosi/BD_selectNoticeDetail.do?q_notAncmtMgtNo=149254,2026-09-17
고시,도시정책과,화성시 고시 제2026-722호,도시계획시설(도로)사업 실시계획(변경) 인가 고시[구포지구 도시계획시설(도로) 개설공사],2026-08-19,,,,,https://www.hscity.go.kr/www/gosi/BD_selectNoticeDetail.do?q_notAncmtMgtNo=149187,2026-09-17
고시,주택정책과,화성시 고시 제2026-721호,주택건설사업계획 변경(1차) 승인 고시[상신3지구],2026-08-19,2026-08-20 ~ 2026-09-28,,,,https://www.hscity.go.kr/www/gosi/BD_selectNoticeDetail.do?q_notAncmtMgtNo=149184,2026-09-17
일반공고,도시정책과,화성시 공고 제2026-2871호,도시계획시설(공원)사업 공사완료 공고[봉담 와우복합문화도서관 신축공사],2026-08-19,2026-08-20 ~ 2029-08-18,,,,https://www.hscity.go.kr/www/gosi/BD_selectNoticeDetail.do?q_notAncmtMgtNo=149116,2026-09-17
일반공고,건설과,화성시 공고 제2026-2882호,전문건설업 등록 공고[주식회사 피케이아이],2026-08-19,2026-08-19 ~ 2029-08-18,,,,https://www.hscity.go.kr/www/gosi/BD_selectNoticeDetail.do?q_notAncmtMgtNo=149144,2026-09-17
일반공고,도시건축과,화성시 만세구 공고 제2026-811호,도로변경(폐지)공고(향남읍 하길리 756-1번지),2026-08-19,2026-08-19 ~ 2026-11-30,,,,https://www.hscity.go.kr/www/gosi/BD_selectNoticeDetail.do?q_notAncmtMgtNo=149179,2026-09-17
일반공고,도시건축과,화성시 만세구 공고 제2026-816호,도로지정(변경) 공고(우정읍 화산리 산38-12번지),2026-08-19,2026-08-19 ~ 2026-09-21,,,,https://www.hscity.go.kr/www/gosi/BD_selectNoticeDetail.do?q_notAncmtMgtNo=149211,2026-09-17
일반공고,건설과,화성시 공고 제2026-2907호,전문건설업 등록말소 공고_(주)경남건설,2026-08-19,2026-08-19 ~ 2031-08-18,,,,https://www.hscity.go.kr/www/gosi/BD_selectNoticeDetail.do?q_notAncmtMgtNo=149222,2026-09-17
고시,투자유치과,화성시 고시 제2026-718호,화성 무송일반산업단지계획(변경) 승인 고시,2026-08-18,,,,,https://www.hscity.go.kr/www/gosi/BD_selectNoticeDetail.do?q_notAncmtMgtNo=149141,2026-09-17
고시,토지정보과,화성시 고시 제2026-720호,도로명주소 개별고시,2026-08-18,,,,,https://www.hscity.go.kr/www/gosi/BD_selectNoticeDetail.do?q_notAncmtMgtNo=149155,2026-09-17
고시,토지정보과,화성시 고시 제2026-719호,도로구간 변경고시,2026-08-18,,,,,https://www.hscity.go.kr/www/gosi/BD_selectNoticeDetail.do?q_notAncmtMgtNo=149146,2026-09-17
일반공고,도시건축과,화성시 만세구 공고 제2026-806호,도로지정공고(향남읍 관리 127-3번지),2026-08-18,2026-08-18 ~ 2026-09-30,,,,https://www.hscity.go.kr/www/gosi/BD_selectNoticeDetail.do?q_notAncmtMgtNo=149154,2026-09-17
일반공고,도시건축과,화성시 만세구 공고 제2026-807호,"도로지정공고(우정읍 매향리 752-51, 752-70번지)",2026-08-18,2026-08-18 ~ 2026-09-30,,,,https://www.hscity.go.kr/www/gosi/BD_selectNoticeDetail.do?q_notAncmtMgtNo=149162,2026-09-17
일반공고,건설과,화성시 공고 제2026-2889호,전문건설업 주력분야 등록말소 공고_(주)빌트존,2026-08-18,2026-08-18 ~ 2031-08-17,,,,https://www.hscity.go.kr/www/gosi/BD_selectNoticeDetail.do?q_notAncmtMgtNo=149169,2026-09-17
일반공고,건설과,화성시 공고 제2026-2857호,전문건설업 등록 공고[주식회사 보경],2026-08-14,2026-08-14 ~ 2029-08-13,,,,https://www.hscity.go.kr/www/gosi/BD_selectNoticeDetail.do?q_notAncmtMgtNo=149074,2026-09-17
고시,토지정보과,화성시 고시 제2026-715호,지적재조사지구 경미한 변경 고시,2026-08-13,2026-08-13 ~ 2026-09-12,,,,https://www.hscity.go.kr/www/gosi/BD_selectNoticeDetail.do?q_notAncmtMgtNo=149039,2026-09-07
고시,도시정책과,화성시 고시 제2026-717호,"도시계획시설(도로, 녹지)사업 실시계획(변경) 인가 고시 - 화당지구 지구내 도시계획시설(도로, 녹지) 조성사업 -",2026-08-13,2026-08-13 ~ 2031-08-14,,,,https://www.hscity.go.kr/www/gosi/BD_selectNoticeDetail.do?q_notAncmtMgtNo=149048,2026-09-17
고시,건설과,화성시 고시 제2026-716호,"개간사업 시행계획(변경) 승인 알림[김명○ 외2인, 양감면 대양리 522-5번지]",2026-08-13,2026-08-13 ~ 2031-08-14,,,,https://www.hscity.go.kr/www/gosi/BD_selectNoticeDetail.do?q_notAncmtMgtNo=149041,2026-09-17
일반공고,건설과,화성시 공고 제2026-2839호,전문건설업 등록 공고[주식회사 신후이엔지],2026-08-13,2026-08-13 ~ 2029-08-12,,,,https://www.hscity.go.kr/www/gosi/BD_selectNoticeDetail.do?q_notAncmtMgtNo=149011,2026-09-17
일반공고,건설과,화성시 공고 제2026-2855호,전문건설업 등록말소 공고_한보일렉트 주식회사,2026-08-13,2026-08-13 ~ 2031-08-14,,,,https://www.hscity.go.kr/www/gosi/BD_selectNoticeDetail.do?q_notAncmtMgtNo=149070,2026-09-17
고시,주택정책과,화성시 고시 제2026-712호,주택건설사업계획 변경(4차) 승인 고시 [화성동탄(2) B11블록],2026-08-12,2026-08-13 ~ 2031-08-14,O,,,https://www.hscity.go.kr/www/gosi/BD_selectNoticeDetail.do?q_notAncmtMgtNo=149000,2026-09-17
일반공고,건설과,화성시 공고 제2026-2826호,전문건설업 등록 공고[씨에이엠테크놀로지(주)],2026-08-12,2026-08-12 ~ 2029-08-11,,,,https://www.hscity.go.kr/www/gosi/BD_selectNoticeDetail.do?q_notAncmtMgtNo=148962,2026-09-17
고시,토지정보과,화성시 고시 제2026-709호,도로구간 폐지고시,2026-08-11,2026-08-11 ~ 2026-11-20,,,,https://www.hscity.go.kr/www/gosi/BD_selectNoticeDetail.do?q_notAncmtMgtNo=148947,2026-09-17
고시,도로과,화성시 고시 제2026-704호,도시계획시설(도로)사업 실시계획(변경) 정정 고시[서신제부 도시계획도로 소로2-2호선 개설공사],2026-08-11,2026-08-12 ~ 2027-02-11,,,,https://www.hscity.go.kr/www/gosi/BD_selectNoticeDetail.do?q_notAncmtMgtNo=148903,2026-09-17
일반공고,도시환경과,화성시 동탄구 공고 제2026-356호,종량제봉투 판매소 지정취소 공고,2026-08-11,2026-08-11 ~ 2026-09-11,,,,https://www.hscity.go.kr/www/gosi/BD_selectNoticeDetail.do?q_notAncmtMgtNo=148951,2026-09-07
고시,공원조성과,화성시 고시 제2026-711호,도시계획시설사업(공원) 실시계획인가(변경) 고시 안내-수노을중앙공원,2026-08-11,2026-08-11 ~ 2026-11-27,,,,https://www.hscity.go.kr/www/gosi/BD_selectNoticeDetail.do?q_notAncmtMgtNo=148975,2026-09-17
고시,토지정보과,화성시 고시 제2026-703호,도로명주소 개별고시,2026-08-10,2026-08-11 ~ 2026-11-27,,,,https://www.hscity.go.kr/www/gosi/BD_selectNoticeDetail.do?q_notAncmtMgtNo=148896,2026-09-17
고시,주택정책과,화성시 고시 제2026-705호,주택건설사업계획 변경(2차) 승인 고시 [화성동탄(2) B12블록],2026-08-10,2026-08-11 ~ 2026-11-27,O,,,https://www.hscity.go.kr/www/gosi/BD_selectNoticeDetail.do?q_notAncmtMgtNo=148905,2026-09-17
고시,도로과,화성시 고시 제2026-701호,원막1(남양)지구 도시계획시설[도로]사업 실시계획 고시,2026-08-07,2026-08-11 ~ 2026-11-27,,,,https://www.hscity.go.kr/www/gosi/BD_selectNoticeDetail.do?q_notAncmtMgtNo=148837,2026-09-17
고시,도시정책과,화성시 고시 제2026-702호,"도시관리계획[시설:도로] 결정(경미한 변경) 및 실시계획(변경) 작성, 지형도면 및 사업인정에 관한 고시[송산면 행정복지센터 진입도로 개설공사]",2026-08-07,2026-08-11 ~ 2026-11-27,,,,https://www.hscity.go.kr/www/gosi/BD_selectNoticeDetail.do?q_notAncmtMgtNo=148846,2026-09-17
고시,도시정책과,화성시 고시 제2026-695호,"기흥CC 도시관리계획(지구단위계획구역, 지구단위계획) 결정(경미한 변경) 고시",2026-08-06,,,,,https://www.hscity.go.kr/www/gosi/BD_selectNoticeDetail.do?q_notAncmtMgtNo=148784,2026-09-17
고시,도시정책과,화성시 고시 제2026-699호,"도시계획시설(도로, 녹지)사업 실시계획(변경) 인가 고시 - 화당지구 지구내 도시계획시설(도로, 녹지) 조성사업 -",2026-08-06,,,,,https://www.hscity.go.kr/www/gosi/BD_selectNoticeDetail.do?q_notAncmtMgtNo=148834,2026-09-17
고시,도시개발과,화성시 고시 제2026-693호,송산그린시티 도시계획시설(녹지) 사업시행자 지정 및 실시계획(변경)(연결녹지1)인가 고시,2026-08-06,,,,,https://www.hscity.go.kr/www/gosi/BD_selectNoticeDetail.do?q_notAncmtMgtNo=148773,2026-09-17
고시,도시정책과,화성시 고시 제2026-694호,하길지구 도시계획시설(공원)사업 시행자 지정 및 실시계획 인가 고시,2026-08-05,,,,,https://www.hscity.go.kr/www/gosi/BD_selectNoticeDetail.do?q_notAncmtMgtNo=148783,2026-09-17
고시,도시개발과,화성시 고시 제2026-692호,"화성 동화지구 도시개발사업 구역지정 및 개발계획 변경(6차), 실시계획 변경(6차) 인가 고시",2026-08-05,,,,,https://www.hscity.go.kr/www/gosi/BD_selectNoticeDetail.do?q_notAncmtMgtNo=148737,2026-09-17
일반공고,주택정책과,화성시 공고 제2026-2776호,주택조합 변경(4차)인가 공고[매송지역주택조합],2026-08-05,2026-08-06 ~ 2026-11-14,,,,https://www.hscity.go.kr/www/gosi/BD_selectNoticeDetail.do?q_notAncmtMgtNo=148802,2026-09-17
고시,토지정보과,화성시 고시 제2026-697호,도로구간 변경 고시,2026-08-05,,,,,https://www.hscity.go.kr/www/gosi/BD_selectNoticeDetail.do?q_notAncmtMgtNo=148792,2026-09-17
고시,도로과,화성시 고시 제2026-677호,도로구역 결정(경미한 변경) 및 지형도면 고시(비봉~매송 도시고속도로),2026-08-04,,,,,https://www.hscity.go.kr/www/gosi/BD_selectNoticeDetail.do?q_notAncmtMgtNo=148529,2026-09-17
고시,신도시조성과,화성시 고시 제2026-691호,동탄(1)택지개발지구 도시계획시설(광장) 실시계획(경미한변경) 작성 고시[동탄북광장 보도블록 정비사업],2026-08-04,,O,,,https://www.hscity.go.kr/www/gosi/BD_selectNoticeDetail.do?q_notAncmtMgtNo=148736,2026-09-17
고시,AI스마트전략실,화성시 고시 제2026-688호,송산그린시티 국제테마파크 주거단지 Smart City 구축사업 스마트도시 건설사업 실시계획・고시,2026-08-04,,,,,https://www.hscity.go.kr/www/gosi/BD_selectNoticeDetail.do?q_notAncmtMgtNo=148706,2026-09-17
고시,토지정보과,화성시 고시 제2026-686호,도로명주소 개별고시,2026-08-03,,,,,https://www.hscity.go.kr/www/gosi/BD_selectNoticeDetail.do?q_notAncmtMgtNo=148702,2026-09-17
고시,토지정보과,화성시 고시 제2026-684호,도로구간 변경 고시,2026-07-31,,,,,https://www.hscity.go.kr/www/gosi/BD_selectNoticeDetail.do?q_notAncmtMgtNo=148656,2026-09-17
일반공고,건설과,화성시 공고 제2026-2723호,전문건설업 등록 공고[주식회사 바르다산업],2026-07-31,2026-07-31 ~ 2029-07-30,,,,https://www.hscity.go.kr/www/gosi/BD_selectNoticeDetail.do?q_notAncmtMgtNo=148628,2026-09-17
일반공고,신도시조성과,화성시 공고 제2026-2712호,화성비봉 공공주택지구 도시계획시설(도로)사업 공사완료 공고,2026-07-30,2026-07-30 ~ 2029-07-29,,,,https://www.hscity.go.kr/www/gosi/BD_selectNoticeDetail.do?q_notAncmtMgtNo=148593,2026-09-17
일반공고,토지정보과,화성시 공고 제2026-2716호,개별공시지가 정정 결정 고시,2026-07-30,2026-07-30 ~ 2029-07-29,,,,https://www.hscity.go.kr/www/gosi/BD_selectNoticeDetail.do?q_notAncmtMgtNo=148601,2026-09-17
일반공고,건설과,화성시 공고 제2026-2694호,전문건설업 등록 공고[주식회사 삼일창호],2026-07-30,2026-07-30 ~ 2029-07-29,,,,https://www.hscity.go.kr/www/gosi/BD_selectNoticeDetail.do?q_notAncmtMgtNo=148559,2026-09-17
일반공고,건설과,화성시 공고 제2026-2702호,전문건설업 등록 공고[주식회사 창현디앤씨 및 주식회사 울담],2026-07-30,2026-07-30 ~ 2029-07-29,,,,https://www.hscity.go.kr/www/gosi/BD_selectNoticeDetail.do?q_notAncmtMgtNo=148578,2026-09-17
고시,도시정책과,화성시 고시 제2026-678호,도시계획시설(주차장)사업 실시계획(변경) 작성 및 사업인정에 관한 고시[중동 공영주차장 조성공사],2026-07-29,,,,,https://www.hscity.go.kr/www/gosi/BD_selectNoticeDetail.do?q_notAncmtMgtNo=148553,2026-09-17
고시,도시정책과,화성시 고시 제2026-679호,"도시계획시설(체육시설, 공공청사)사업 실시계획(변경) 작성 고시[화성종합경기타운 물놀이시설 설치공사]",2026-07-29,,,,,https://www.hscity.go.kr/www/gosi/BD_selectNoticeDetail.do?q_notAncmtMgtNo=148554,2026-09-17
일반공고,지역경제과,화성시 공고 제2026-2698호,(정정) 준대규모점포 개설계획 예고[GS THE FRESH 화성동화점(가칭)],2026-07-29,2026-07-29 ~ 2029-07-28,,,,https://www.hscity.go.kr/www/gosi/BD_selectNoticeDetail.do?q_notAncmtMgtNo=148570,2026-09-17
일반공고,지역경제과,화성시 공고 제2026-2697호,(정정) 준대규모점포 개설계획 예고[GS THE FRESH 동탄호수공원점(가칭)],2026-07-29,2026-07-29 ~ 2029-07-28,O,,,https://www.hscity.go.kr/www/gosi/BD_selectNoticeDetail.do?q_notAncmtMgtNo=148569,2026-09-17
일반공고,지역경제과,화성시 공고 제2026-2690호,준대규모점포 개설계획 예고[GS THE FRESH 화성동화점(가칭)],2026-07-29,2026-07-29 ~ 2029-07-28,,,,https://www.hscity.go.kr/www/gosi/BD_selectNoticeDetail.do?q_notAncmtMgtNo=148551,2026-09-17
일반공고,지역경제과,화성시 공고 제2026-2689호,준대규모점포 개설계획 예고[GS THE FRESH 동탄호수공원점(가칭)],2026-07-29,2026-07-29 ~ 2029-07-28,O,,,https://www.hscity.go.kr/www/gosi/BD_selectNoticeDetail.do?q_notAncmtMgtNo=148549,2026-09-17
일반공고,건설과,화성시 공고 제2026-2688호,전문건설업 등록 공고[퍼스트가스eng],2026-07-29,2026-07-29 ~ 2029-07-28,,,,https://www.hscity.go.kr/www/gosi/BD_selectNoticeDetail.do?q_notAncmtMgtNo=148544,2026-09-17
일반공고,건설과,화성시 공고 제2026-2666호,전문건설업 등록 공고[일오삼이앤씨 주식회사],2026-07-28,2026-07-28 ~ 2029-07-27,,,,https://www.hscity.go.kr/www/gosi/BD_selectNoticeDetail.do?q_notAncmtMgtNo=148482,2026-09-17
고시,투자유치과,화성시 고시 제2026-671호,화성 동방 일반산업단지계획(변경) 승인 고시,2026-07-27,2026-07-29 ~ 2027-08-31,,,,https://www.hscity.go.kr/www/gosi/BD_selectNoticeDetail.do?q_notAncmtMgtNo=148428,2026-09-17
고시,토지정보과,화성시 고시 제2026-673호,도로구간 설정 및 도로명부여 고시,2026-07-27,2026-07-29 ~ 2027-08-31,,,,https://www.hscity.go.kr/www/gosi/BD_selectNoticeDetail.do?q_notAncmtMgtNo=148466,2026-09-17
고시,토지정보과,화성시 고시 제2026-674호,도로명주소 개별고시,2026-07-27,2026-07-29 ~ 2027-08-31,,,,https://www.hscity.go.kr/www/gosi/BD_selectNoticeDetail.do?q_notAncmtMgtNo=148484,2026-09-17
일반공고,도시건축과,화성시 만세구 공고 제2026-725호,도로변경(폐지)공고,2026-07-27,2026-07-27 ~ 2026-12-31,,,,https://www.hscity.go.kr/www/gosi/BD_selectNoticeDetail.do?q_notAncmtMgtNo=148502,2026-09-17
일반공고,건설과,화성시 공고 제2026-2640호,전문건설업 등록 공고[주식회사 모스트],2026-07-25,2026-07-25 ~ 2029-07-24,,,,https://www.hscity.go.kr/www/gosi/BD_selectNoticeDetail.do?q_notAncmtMgtNo=148419,2026-09-17
고시,공원조성과,화성시 고시 제2026-670호,도시계획시설사업(공원) 실시계획인가(변경) 고시 안내,2026-07-24,2026-07-24 ~ 2026-10-30,,,,https://www.hscity.go.kr/www/gosi/BD_selectNoticeDetail.do?q_notAncmtMgtNo=148427,2026-09-17
일반공고,건설과,화성시 공고 제2026-2629호,전문건설업 등록 공고[주식회사 성창포장건설],2026-07-24,2026-07-24 ~ 2029-07-23,,,,https://www.hscity.go.kr/www/gosi/BD_selectNoticeDetail.do?q_notAncmtMgtNo=148388,2026-09-17
일반공고,도시건축과,화성시 효행구 공고 제2026-363호,도로지정공고 (봉담읍 왕림리 335-4),2026-07-24,,,,,https://www.hscity.go.kr/www/gosi/BD_selectNoticeDetail.do?q_notAncmtMgtNo=148409,2026-09-17
일반공고,도시건축과,화성시 만세구 공고 제2026-709호,도로지정공고(우정읍 원안리 941번지),2026-07-24,,,,,https://www.hscity.go.kr/www/gosi/BD_selectNoticeDetail.do?q_notAncmtMgtNo=148417,2026-09-17
일반공고,도시건축과,화성시 동탄구 동탄구 공고 제2026-69호,도로지정공고(장지동 428-1),2026-07-24,,O,,,https://www.hscity.go.kr/www/gosi/BD_selectNoticeDetail.do?q_notAncmtMgtNo=148425,2026-09-17
고시,신도시조성과,화성시 고시 제2026-662호,향남(2)택지개발지구 도시계획시설(공원) 실시계획(변경) 작성 고시(오음공원 테니스장 조성사업),2026-07-23,2026-07-24 ~ 2026-10-30,,,,https://www.hscity.go.kr/www/gosi/BD_selectNoticeDetail.do?q_notAncmtMgtNo=148362,2026-09-17
고시,신도시조성과,화성시 고시 제2026-661호,향남(2)택지개발지구 도시계획시설(광장) 실시계획(경미한변경) 작성 고시(향남1호광장 보행자 환경개선사업),2026-07-23,2026-07-24 ~ 2026-10-30,,,,https://www.hscity.go.kr/www/gosi/BD_selectNoticeDetail.do?q_notAncmtMgtNo=148361,2026-09-17
고시,신도시조성과,화성시 고시 제2026-666호,동탄(2)택지개발지구 도시계획시설(공원) 실시계획(경미한변경) 작성 고시[동탄(2) 3호 근린공원],2026-07-23,2026-07-24 ~ 2026-10-30,O,,,https://www.hscity.go.kr/www/gosi/BD_selectNoticeDetail.do?q_notAncmtMgtNo=148402,2026-09-17
일반공고,건설과,화성시 공고 제2026-2617호,전문건설업 등록 공고[태림건설 주식회사],2026-07-23,2026-07-23 ~ 2029-07-22,,,,https://www.hscity.go.kr/www/gosi/BD_selectNoticeDetail.do?q_notAncmtMgtNo=148354,2026-09-17
일반공고,도시건축과,화성시 효행구 공고 제2026-359호,도로지정공고[효행구 봉담읍 왕림리 308],2026-07-23,2026-07-23 ~ 2029-07-22,,,,https://www.hscity.go.kr/www/gosi/BD_selectNoticeDetail.do?q_notAncmtMgtNo=148381,2026-09-17
일반공고,건설과,화성시 공고 제2026-2631호,전문건설업 등록말소 공고_(주)일우건설,2026-07-23,2026-07-23 ~ 2031-07-22,,,,https://www.hscity.go.kr/www/gosi/BD_selectNoticeDetail.do?q_notAncmtMgtNo=148390,2026-09-17
일반공고,도시건축과,화성시 만세구 공고 제2026-705호,도로지정공고(우정읍 화수리 935-39번지),2026-07-23,2026-07-23 ~ 2031-07-22,,,,https://www.hscity.go.kr/www/gosi/BD_selectNoticeDetail.do?q_notAncmtMgtNo=148396,2026-09-17
일반공고,도시건축과,화성시 만세구 공고 제2026-706호,도로지정공고(향남읍 제암리 산19-1번지),2026-07-23,2026-07-23 ~ 2031-07-22,,,,https://www.hscity.go.kr/www/gosi/BD_selectNoticeDetail.do?q_notAncmtMgtNo=148397,2026-09-17
고시,주택정책과,화성시 고시 제2026-664호,주택건설사업계획 변경(3차)승인 고시[동화2지구지역주택조합],2026-07-22,2026-07-24 ~ 2026-10-30,,,,https://www.hscity.go.kr/www/gosi/BD_selectNoticeDetail.do?q_notAncmtMgtNo=148366,2026-09-17
일반공고,주택정책과,화성시 공고 제2026-2621호,주택조합 변경(11차)인가 공고[화성남양지역주택조합],2026-07-22,2026-07-22 ~ 2027-07-21,,,,https://www.hscity.go.kr/www/gosi/BD_selectNoticeDetail.do?q_notAncmtMgtNo=148369,2026-09-17
일반공고,주택정책과,화성시 공고 제2026-2620호,건설공사 안전점검 수행기관 등록명부 공고,2026-07-22,2026-07-22 ~ 2027-07-21,,,,https://www.hscity.go.kr/www/gosi/BD_selectNoticeDetail.do?q_notAncmtMgtNo=148364,2026-09-17
고시,토지정보과,화성시 고시 제2026-663호,도로구간 변경 고시,2026-07-22,2026-07-24 ~ 2026-10-30,,,,https://www.hscity.go.kr/www/gosi/BD_selectNoticeDetail.do?q_notAncmtMgtNo=148365,2026-09-17
일반공고,건설과,화성시 공고 제2026-2610호,전문건설업 등록 공고[주식회사 상상온 및 주식회사 바론디앤씨],2026-07-22,2026-07-22 ~ 2029-07-21,,,,https://www.hscity.go.kr/www/gosi/BD_selectNoticeDetail.do?q_notAncmtMgtNo=148331,2026-09-17
일반공고,건설과,화성시 공고 제2026-2625호,전문건설업 등록 공고[주식회사 엘피에스테크],2026-07-22,2026-07-22 ~ 2029-07-21,,,,https://www.hscity.go.kr/www/gosi/BD_selectNoticeDetail.do?q_notAncmtMgtNo=148380,2026-09-17
고시,도시정책과,화성시 고시 제2026-659호,도시계획시설(공공청사)사업 실시계획 작성 고시[화성시 드론축구장 조성공사],2026-07-21,2026-07-24 ~ 2026-10-30,,,,https://www.hscity.go.kr/www/gosi/BD_selectNoticeDetail.do?q_notAncmtMgtNo=148301,2026-09-17
일반공고,도시건축과,화성시 효행구 공고 제2026-348호,도로지정 공고[정남면 오일리 113-1번지],2026-07-21,2026-07-22 ~ 2029-07-21,,,,https://www.hscity.go.kr/www/gosi/BD_selectNoticeDetail.do?q_notAncmtMgtNo=148294,2026-09-17
일반공고,도시건축과,화성시 효행구 공고 제2026-351호,도로지정(변경)공고[오일리114-1번지],2026-07-21,2026-07-22 ~ 2029-07-21,,,,https://www.hscity.go.kr/www/gosi/BD_selectNoticeDetail.do?q_notAncmtMgtNo=148297,2026-09-17
일반공고,건설과,화성시 공고 제2026-2598호,전문건설업 등록 공고[주식회사 디.에스.인더스트리],2026-07-21,2026-07-21 ~ 2029-07-20,,,,https://www.hscity.go.kr/www/gosi/BD_selectNoticeDetail.do?q_notAncmtMgtNo=148306,2026-09-17
일반공고,도시건축과,화성시 동탄구 동탄구 공고 제2026-68호,도로지정공고(동탄구 장지동 338번지),2026-07-21,2026-07-21 ~ 2029-07-20,O,,,https://www.hscity.go.kr/www/gosi/BD_selectNoticeDetail.do?q_notAncmtMgtNo=148326,2026-09-17
고시,도로과,화성시 고시 제2026-648호,양철이(남양)지구 도시계획시설[도로]사업 실시계획 고시,2026-07-20,2026-07-24 ~ 2026-10-30,,,,https://www.hscity.go.kr/www/gosi/BD_selectNoticeDetail.do?q_notAncmtMgtNo=148151,2026-09-17
고시,건설과,화성시 고시 제2026-657호,"개간사업 시행계획 승인 알림[김영○ 외1인, 팔탄면 덕천리 산155-1번지 일원]",2026-07-20,2026-07-20 ~ 2031-07-21,,,,https://www.hscity.go.kr/www/gosi/BD_selectNoticeDetail.do?q_notAncmtMgtNo=148287,2026-09-17
고시,도시정책과,화성시 고시 제2026-656호,도시계획시설(도로)사업 실시계획(변경) 인가 및 사업인정에 관한 고시[화성비봉 공공주택지구 지구 외 소음저감시설 설치공사],2026-07-20,2026-07-24 ~ 2026-10-30,,,,https://www.hscity.go.kr/www/gosi/BD_selectNoticeDetail.do?q_notAncmtMgtNo=148271,2026-09-17
고시,토지정보과,화성시 고시 제2026-658호,도로명주소 개별고시,2026-07-20,2026-07-20 ~ 2031-07-21,,,,https://www.hscity.go.kr/www/gosi/BD_selectNoticeDetail.do?q_notAncmtMgtNo=148293,2026-09-17
일반공고,도시건축과,화성시 만세구 공고 제2026-691호,도로지정공고(우정읍 호곡리 1144-20번지),2026-07-20,2026-07-21 ~ 2029-07-20,,,,https://www.hscity.go.kr/www/gosi/BD_selectNoticeDetail.do?q_notAncmtMgtNo=148202,2026-09-17
일반공고,건설과,화성시 공고 제2026-2581호,전문건설업 등록 공고[(주)한상엔터프라이즈 및 주식회사 브리오컨스트럭션],2026-07-17,2026-07-17 ~ 2028-07-16,,,,https://www.hscity.go.kr/www/gosi/BD_selectNoticeDetail.do?q_notAncmtMgtNo=148225,2026-09-17
일반공고,건설과,화성시 공고 제2026-2588호,전문건설업 등록 공고[도원플랜트산업 주식회사 및 주식회사 다우스],2026-07-17,2026-07-17 ~ 2029-07-16,,,,https://www.hscity.go.kr/www/gosi/BD_selectNoticeDetail.do?q_notAncmtMgtNo=148246,2026-09-17
일반공고,건설과,화성시 공고 제2026-2564호,전문건설업 등록 공고[주식회사 에어로맥스 및 (주)지에스케이],2026-07-16,2026-07-16 ~ 2029-07-15,,,,https://www.hscity.go.kr/www/gosi/BD_selectNoticeDetail.do?q_notAncmtMgtNo=148168,2026-09-17
일반공고,도시건축과,화성시 효행구 공고 제2026-343호,도로지정공고[기안동36-4],2026-07-16,2026-07-16 ~ 2029-07-15,,,,https://www.hscity.go.kr/www/gosi/BD_selectNoticeDetail.do?q_notAncmtMgtNo=148230,2026-09-17
고시,도시개발과,화성시 고시 제2026-647호,남양뉴타운 도시계획시설(체육공원) 실시계획 작성・고시(정정),2026-07-15,2026-07-20 ~ 2031-07-21,,,,https://www.hscity.go.kr/www/gosi/BD_selectNoticeDetail.do?q_notAncmtMgtNo=148100,2026-09-17
고시,도로과,화성시 고시 제2026-641호,도시계획시설(도로)사업 실시계획(변경)고시[서신제부 도시계획도로 소로2-2호선 개설공사],2026-07-15,2026-07-20 ~ 2031-07-21,,,,https://www.hscity.go.kr/www/gosi/BD_selectNoticeDetail.do?q_notAncmtMgtNo=148030,2026-09-17
고시,도로과,화성시 고시 제2026-650호,"도로구역 결정(변경), 도시계획시설(도로)사업 실시계획(변경) 및 지형도면고시[시도15호선(신남~온석간) 도로 확",2026-07-15,2026-07-15 ~ 2026-12-31,,,,https://www.hscity.go.kr/www/gosi/BD_selectNoticeDetail.do?q_notAncmtMgtNo=148161,2026-09-17
고시,토지정보과,화성시 고시 제2026-652호,도로구간 변경고시,2026-07-15,2026-07-15 ~ 2026-12-31,,,,https://www.hscity.go.kr/www/gosi/BD_selectNoticeDetail.do?q_notAncmtMgtNo=148174,2026-09-17
일반공고,건설과,화성시 공고 제2026-2572호,건설업 교육이수에 따른 영업정지기간 감경 공고[(주)에스알디자인그룹],2026-07-15,2026-07-15 ~ 2029-10-12,,,,https://www.hscity.go.kr/www/gosi/BD_selectNoticeDetail.do?q_notAncmtMgtNo=148201,2026-09-17
일반공고,건설과,화성시 공고 제2026-2532호,전문건설업 등록 공고[주식회사 원광이엔씨],2026-07-14,2026-07-14 ~ 2029-07-13,,,,https://www.hscity.go.kr/www/gosi/BD_selectNoticeDetail.do?q_notAncmtMgtNo=148092,2026-09-17
일반공고,도시건축과,화성시 동탄구 동탄구 공고 제2026-67호,도로지정공고(장지동 801-2),2026-07-14,2026-07-14 ~ 2029-07-13,O,,,https://www.hscity.go.kr/www/gosi/BD_selectNoticeDetail.do?q_notAncmtMgtNo=148116,2026-09-17
일반공고,건설과,화성시 공고 제2026-2561호,전문건설업 등록말소 공고_(주)한국비케이건설,2026-07-14,2026-07-14 ~ 2031-07-13,,,,https://www.hscity.go.kr/www/gosi/BD_selectNoticeDetail.do?q_notAncmtMgtNo=148159,2026-09-17
고시,토지정보과,화성시 고시 제2026-646호,도로명주소 개별고시,2026-07-13,2026-07-15 ~ 2026-12-31,,,,https://www.hscity.go.kr/www/gosi/BD_selectNoticeDetail.do?q_notAncmtMgtNo=148097,2026-09-17
일반공고,건설과,화성시 공고 제2026-2486호,전문건설업 영업정지 취소 및 등록 말소 처분 공고[(주)수린조경],2026-07-13,2026-07-13 ~ 2031-07-12,,,,https://www.hscity.go.kr/www/gosi/BD_selectNoticeDetail.do?q_notAncmtMgtNo=147931,2026-09-17
일반공고,도시건축과,화성시 만세구 공고 제2026-682호,도로지정공고(우정읍 조암리 128-5번지),2026-07-13,2026-07-13 ~ 2031-07-12,,,,https://www.hscity.go.kr/www/gosi/BD_selectNoticeDetail.do?q_notAncmtMgtNo=148105,2026-09-17
일반공고,건설과,화성시 공고 제2026-2522호,전문건설업 등록 공고(주식회사 씨지스건설),2026-07-11,2026-07-11 ~ 2029-07-10,,,,https://www.hscity.go.kr/www/gosi/BD_selectNoticeDetail.do?q_notAncmtMgtNo=148072,2026-09-17
고시,투자유치과,화성시 고시 제2026-640호,주곡 일반산업단지계획 관리기본계획(변경) 승인 고시,2026-07-10,2026-07-15 ~ 2026-12-31,,,,https://www.hscity.go.kr/www/gosi/BD_selectNoticeDetail.do?q_notAncmtMgtNo=148000,2026-09-17
고시,신도시조성과,화성시 고시 제2026-644호,동탄(2)택지개발지구 도시계획시설(녹지) 실시계획(변경) 작성 고시[2026년 녹지대 리모델링],2026-07-10,2026-07-10 ~ 2027-01-09,O,,,https://www.hscity.go.kr/www/gosi/BD_selectNoticeDetail.do?q_notAncmtMgtNo=148049,2026-09-17
고시,토지정보과,화성시 고시 제2026-645호,도로구간 변경고시,2026-07-10,2026-07-10 ~ 2027-01-09,,,,https://www.hscity.go.kr/www/gosi/BD_selectNoticeDetail.do?q_notAncmtMgtNo=148064,2026-09-17
일반공고,도시건축과,화성시 동탄구 동탄구 공고 제2026-66호,도로지정공고(동탄구 장지동 797-6),2026-07-10,2026-07-10 ~ 2027-07-10,O,,,https://www.hscity.go.kr/www/gosi/BD_selectNoticeDetail.do?q_notAncmtMgtNo=148079,2026-09-17
고시,토지정보과,화성시 고시 제2026-642호,도로구간 변경 고시,2026-07-09,2026-07-10 ~ 2027-01-09,,,,https://www.hscity.go.kr/www/gosi/BD_selectNoticeDetail.do?q_notAncmtMgtNo=148035,2026-09-17
일반공고,도시건축과,화성시 만세구 공고 제2026-666호,"2026년 2분기 임대차계약(최초, 변경) 신고 공고",2026-07-09,2026-07-09 ~ 2026-09-30,,,,https://www.hscity.go.kr/www/gosi/BD_selectNoticeDetail.do?q_notAncmtMgtNo=148012,2026-09-17
일반공고,도시건축과,화성시 만세구 공고 제2026-670호,도로지정공고(향남읍 증거리 2-1번지),2026-07-09,2026-07-09 ~ 2026-09-30,,,,https://www.hscity.go.kr/www/gosi/BD_selectNoticeDetail.do?q_notAncmtMgtNo=148032,2026-09-17
고시,토지정보과,화성시 고시 제2026-639호,도로구간 변경고시,2026-07-08,2026-07-10 ~ 2027-01-09,,,,https://www.hscity.go.kr/www/gosi/BD_selectNoticeDetail.do?q_notAncmtMgtNo=147984,2026-09-17
일반공고,도시건축과,화성시 만세구 공고 제2026-663호,도로지정공고(향남읍 수직리 248-12번지),2026-07-08,2026-07-09 ~ 2026-09-30,,,,https://www.hscity.go.kr/www/gosi/BD_selectNoticeDetail.do?q_notAncmtMgtNo=147988,2026-09-17
고시,주택정책과,화성시 고시 제2026-636호,주택건설사업계획변경(5차)승인 고시[향남2지구 B-16블록],2026-07-07,2026-07-10 ~ 2027-01-09,,,,https://www.hscity.go.kr/www/gosi/BD_selectNoticeDetail.do?q_notAncmtMgtNo=147901,2026-09-17
고시,도시정책과,화성시 고시 제2026-637호,"도시계획시설(도로, 녹지)사업 사업시행자 지정 및 실시계획 인가, 사업인정에 관한 고시[하길지구 도시계획시설(도로, 녹지) 조성사업]",2026-07-07,2026-07-10 ~ 2027-01-09,,,,https://www.hscity.go.kr/www/gosi/BD_selectNoticeDetail.do?q_notAncmtMgtNo=147915,2026-09-17
일반공고,도시건축과,화성시 만세구 공고 제2026-652호,"도로지정공고(우정읍 이화리 906-1, 909-1번지)",2026-07-07,,,,,https://www.hscity.go.kr/www/gosi/BD_selectNoticeDetail.do?q_notAncmtMgtNo=147941,2026-09-17
고시,토지정보과,화성시 고시 제2026-634호,도로구간 변경고시,2026-07-06,2026-07-10 ~ 2027-01-09,,,,https://www.hscity.go.kr/www/gosi/BD_selectNoticeDetail.do?q_notAncmtMgtNo=147872,2026-09-17
고시,토지정보과,화성시 고시 제2026-635호,도로명주소 개별고시,2026-07-06,2026-07-10 ~ 2027-01-09,,,,https://www.hscity.go.kr/www/gosi/BD_selectNoticeDetail.do?q_notAncmtMgtNo=147891,2026-09-17
일반공고,도시건축과,화성시 효행구 공고 제2026-323호,도로지정공고[효행구 매송면 원리 243-6번지],2026-07-06,2026-07-06 ~ 2026-12-31,,,,https://www.hscity.go.kr/www/gosi/BD_selectNoticeDetail.do?q_notAncmtMgtNo=147860,2026-09-17
일반공고,건설과,화성시 공고 제2026-2467호,전문건설업 등록말소 공고_명진기업,2026-07-06,2026-07-06 ~ 2031-07-05,,,,https://www.hscity.go.kr/www/gosi/BD_selectNoticeDetail.do?q_notAncmtMgtNo=147883,2026-09-17
일반공고,건설과,화성시 공고 제2026-2425호,전문건설업 등록 공고[주식회사 성일산업개발],2026-07-03,2026-07-03 ~ 2029-07-02,,,,https://www.hscity.go.kr/www/gosi/BD_selectNoticeDetail.do?q_notAncmtMgtNo=147780,2026-09-17
고시,토지정보과,화성시 고시 제2026-630호,도로구간 변경고시,2026-07-02,2026-07-10 ~ 2027-01-09,,,,https://www.hscity.go.kr/www/gosi/BD_selectNoticeDetail.do?q_notAncmtMgtNo=147789,2026-09-17
고시,해양수산과,화성시 고시 제2026-631호,공유수면 점용사용 실시계획 승인 고시(PE붑잔교 설치),2026-07-02,,,,,https://www.hscity.go.kr/www/gosi/BD_selectNoticeDetail.do?q_notAncmtMgtNo=147807,2026-09-17
일반공고,도시건축과,화성시 만세구 공고 제2026-630호,도로지정공고(향남읍 상신리 446-111번지),2026-07-02,2027-07-03 ~ 2027-07-17,,,,https://www.hscity.go.kr/www/gosi/BD_selectNoticeDetail.do?q_notAncmtMgtNo=147792,2026-09-17
일반공고,도시건축과,화성시 만세구 공고 제2026-631호,도로지정(변경) 공고(우정읍 호곡리 110-1번지 외 2필지),2026-07-02,2027-07-03 ~ 2027-07-17,,,,https://www.hscity.go.kr/www/gosi/BD_selectNoticeDetail.do?q_notAncmtMgtNo=147799,2026-09-17
일반공고,도시건축과,화성시 만세구 공고 제2026-632호,도로지정공고(우정읍 호곡리 110-10번지),2026-07-02,,,,,https://www.hscity.go.kr/www/gosi/BD_selectNoticeDetail.do?q_notAncmtMgtNo=147803,2026-09-17
일반공고,도시건축과,화성시 만세구 공고 제2026-633호,도로지정공고(향남읍 평리 63-15번지 외 1필지),2026-07-02,,,,,https://www.hscity.go.kr/www/gosi/BD_selectNoticeDetail.do?q_notAncmtMgtNo=147810,2026-09-17
일반공고,도시정책과,화성시 공고 제2026-2393호,"서진산업(주) 도시관리계획(용도지역변경, 지구단위계획구역, 지구단위계획)(안) 및 전략환경영향평가서(초안) 주민 열람・공고 알림",2026-07-01,2026-07-01 ~ 2026-09-28,,,,https://www.hscity.go.kr/www/gosi/BD_selectNoticeDetail.do?q_notAncmtMgtNo=147687,2026-09-17
고시,도시정책과,화성시 고시 제2026-615호,"구포2지구 도시관리계획(지구단위계획구역, 지구단위계획)결정(변경) 고시",2026-07-01,2026-07-01 ~ 2027-06-30,,,,https://www.hscity.go.kr/www/gosi/BD_selectNoticeDetail.do?q_notAncmtMgtNo=147597,2026-09-17
일반공고,건설과,화성시 공고 제2026-2396호,전문건설업 등록 공고[주식회사 아키텍츠],2026-07-01,2026-07-01 ~ 2029-06-30,,,,https://www.hscity.go.kr/www/gosi/BD_selectNoticeDetail.do?q_notAncmtMgtNo=147693,2026-09-17
일반공고,건설과,화성시 공고 제2026-2405호,전문건설업 합병신고 수리 공고[디지산업개발(주)-디지개발(주)],2026-07-01,2026-07-01 ~ 2029-06-30,,,,https://www.hscity.go.kr/www/gosi/BD_selectNoticeDetail.do?q_notAncmtMgtNo=147719,2026-09-17
고시,건설과,화성시 고시 제2026-629호,"개간사업 시행계획 승인 알림[심○욱 외1인, 우정읍 원안리 990번지]",2026-06-30,2026-06-30 ~ 2031-06-30,,,,https://www.hscity.go.kr/www/gosi/BD_selectNoticeDetail.do?q_notAncmtMgtNo=147710,2026-09-17
일반공고,도시건축과,화성시 만세구 공고 제2026-612호,"만세구 임대사업자 등록 (일부, 전부)말소 공고",2026-06-30,,,,,https://www.hscity.go.kr/www/gosi/BD_selectNoticeDetail.do?q_notAncmtMgtNo=147678,2026-09-17
일반공고,도시건축과,화성시 만세구 공고 제2026-618호,도로지정공고(우정읍 화산리 659-2번지),2026-06-30,2026-06-30 ~ 2031-06-29,,,,https://www.hscity.go.kr/www/gosi/BD_selectNoticeDetail.do?q_notAncmtMgtNo=147720,2026-09-17
고시,주택정책과,화성시 고시 제2026-628호,주택건설사업계획변경(2차) 승인 고시[동탄(2)BD2블록],2026-06-29,2026-06-30 ~ 2031-06-30,O,,,https://www.hscity.go.kr/www/gosi/BD_selectNoticeDetail.do?q_notAncmtMgtNo=147680,2026-09-17
고시,토지정보과,화성시 고시 제2026-624호,도로구간 변경고시,2026-06-29,2026-06-30 ~ 2031-06-30,,,,https://www.hscity.go.kr/www/gosi/BD_selectNoticeDetail.do?q_notAncmtMgtNo=147653,2026-09-17
고시,토지정보과,화성시 고시 제2026-625호,도로명주소 개별고시,2026-06-29,2026-06-30 ~ 2031-06-30,,,,https://www.hscity.go.kr/www/gosi/BD_selectNoticeDetail.do?q_notAncmtMgtNo=147658,2026-09-17
일반공고,건설과,화성시 공고 제2026-2377호,전문건설업 등록말소 공고_삼일가스상사,2026-06-29,2026-06-29 ~ 2031-06-28,,,,https://www.hscity.go.kr/www/gosi/BD_selectNoticeDetail.do?q_notAncmtMgtNo=147642,2026-09-17
일반공고,건설과,화성시 공고 제2026-2383호,전문건설업 등록말소 공고_(주)에스티시,2026-06-29,2026-06-29 ~ 2031-06-28,,,,https://www.hscity.go.kr/www/gosi/BD_selectNoticeDetail.do?q_notAncmtMgtNo=147661,2026-09-17
일반공고,도시건축과,화성시 효행구 공고 제2026-315호,도로지정공고(봉담읍수기리7-130),2026-06-29,2026-06-29 ~ 2031-06-28,,,,https://www.hscity.go.kr/www/gosi/BD_selectNoticeDetail.do?q_notAncmtMgtNo=147671,2026-09-17
일반공고,건설과,화성시 공고 제2026-2374호,전문건설업 등록 말소 공고[청암이엔지],2026-06-27,2026-06-27 ~ 2031-06-26,,,,https://www.hscity.go.kr/www/gosi/BD_selectNoticeDetail.do?q_notAncmtMgtNo=147627,2026-09-17
고시,투자유치과,화성시 고시 제2026-616호,주곡 일반산업단지계획(변경) 승인 고시,2026-06-26,2026-06-27 ~ 2026-12-27,,,,https://www.hscity.go.kr/www/gosi/BD_selectNoticeDetail.do?q_notAncmtMgtNo=147598,2026-09-17
일반공고,토지정보과,화성시 공고 제2026-2371호,2026.1.1.기준 개별공시지가 이의신청 및 개별공시지가 정정 결정 공시,2026-06-26,,,,,https://www.hscity.go.kr/www/gosi/BD_selectNoticeDetail.do?q_notAncmtMgtNo=147619,2026-09-17
고시,도로과,화성시 고시 제2026-611호,공사완료 공고문[새솔동도시계획도로 중로2-13호선 개선공사],2026-06-26,2026-06-27 ~ 2026-12-27,,,,https://www.hscity.go.kr/www/gosi/BD_selectNoticeDetail.do?q_notAncmtMgtNo=147548,2026-09-17
고시,토지정보과,화성시 고시 제2026-621호,도로구간 변경고시,2026-06-26,,,,,https://www.hscity.go.kr/www/gosi/BD_selectNoticeDetail.do?q_notAncmtMgtNo=147623,2026-09-17
일반공고,도시건축과,화성시 효행구 공고 제2026-314호,도로지정공고[정남면 괘랑리 336-1번지],2026-06-26,,,,,https://www.hscity.go.kr/www/gosi/BD_selectNoticeDetail.do?q_notAncmtMgtNo=147618,2026-09-17
고시,도로과,화성시 고시 제2026-595호,도시관리계획(도로) 결정(경미한변경) 및 실시계획(변경) 고시(향남도시계획도로 소로1-20호선 개설공사),2026-06-25,,,,,https://www.hscity.go.kr/www/gosi/BD_selectNoticeDetail.do?q_notAncmtMgtNo=147466,2026-09-17
고시,도시정책과,화성시 고시 제2026-607호,"도시계획시설(공원, 유수지)사업 실시계획(변경) 인가 고시[신남1지구 도시계획시설[공원(근린공원, 소공원), 유수지] 개설공사]",2026-06-25,,,,,https://www.hscity.go.kr/www/gosi/BD_selectNoticeDetail.do?q_notAncmtMgtNo=147527,2026-09-17
고시,도시정책과,화성시 고시 제2026-608호,"도시계획시설(녹지, 공공공지)사업 실시계획(변경) 인가 고시[신남1지구 도시계획시설(녹지, 공공공지) 조성사업]",2026-06-25,,,,,https://www.hscity.go.kr/www/gosi/BD_selectNoticeDetail.do?q_notAncmtMgtNo=147528,2026-09-17
고시,도시정책과,화성시 고시 제2026-609호,도시계획시설(도로)사업 실시계획(변경) 인가 고시[신남1지구 도시계획시설(도로) 조성사업],2026-06-25,,,,,https://www.hscity.go.kr/www/gosi/BD_selectNoticeDetail.do?q_notAncmtMgtNo=147529,2026-09-17
일반공고,건설과,화성시 공고 제2026-2352호,전문건설업 행정처분(영업정지)공고_(주)수린조경,2026-06-25,2026-06-25 ~ 2029-09-22,,,,https://www.hscity.go.kr/www/gosi/BD_selectNoticeDetail.do?q_notAncmtMgtNo=147568,2026-09-17
일반공고,도시건축과,화성시 효행구 공고 제2026-311호,도로지정공고[효행구 매송면 원리 236번지],2026-06-25,2026-06-25 ~ 2029-09-22,,,,https://www.hscity.go.kr/www/gosi/BD_selectNoticeDetail.do?q_notAncmtMgtNo=147571,2026-09-17
일반공고,건설과,화성시 공고 제2026-2366호,전문건설업 등록말소 공고_미광안전산업(주),2026-06-25,2026-06-25 ~ 2031-06-24,,,,https://www.hscity.go.kr/www/gosi/BD_selectNoticeDetail.do?q_notAncmtMgtNo=147602,2026-09-17
고시,투자유치과,화성시 고시 제2026-604호,화성 안녕 일반산업단지계획(변경) 승인 고시,2026-06-24,,,,,https://www.hscity.go.kr/www/gosi/BD_selectNoticeDetail.do?q_notAncmtMgtNo=147499,2026-09-17
고시,도로과,화성시 고시 제2026-596호,"도시계획시설[도로]사업 실시계획[변경] 외 4건 사업인정의제 부분취소 고시【장안도시계획도로 중로3-2호선 개설공사(장안4, 5, 8리 진입로)】",2026-06-24,,,,,https://www.hscity.go.kr/www/gosi/BD_selectNoticeDetail.do?q_notAncmtMgtNo=147468,2026-09-17
고시,토지정보과,화성시 고시 제2026-610호,도로구간 변경고시,2026-06-24,,,,,https://www.hscity.go.kr/www/gosi/BD_selectNoticeDetail.do?q_notAncmtMgtNo=147539,2026-09-17
고시,도시정책과,화성시 고시 제2026-612호,"남양지구 도시관리계획(지구단위계획구역, 지구단위계획)결정(변경) 고시",2026-06-24,,,,,https://www.hscity.go.kr/www/gosi/BD_selectNoticeDetail.do?q_notAncmtMgtNo=147560,2026-09-17
일반공고,건설과,화성시 공고 제2026-2344호,전문건설업 행정처분(영업정지)공고_미광안전산업(주),2026-06-24,2026-06-24 ~ 2029-09-21,,,,https://www.hscity.go.kr/www/gosi/BD_selectNoticeDetail.do?q_notAncmtMgtNo=147541,2026-09-17
일반공고,건설과,화성시 공고 제2026-2350호,전문건설업 등록말소 공고_수엔텍,2026-06-24,2026-06-24 ~ 2031-06-23,,,,https://www.hscity.go.kr/www/gosi/BD_selectNoticeDetail.do?q_notAncmtMgtNo=147556,2026-09-17
,주택정책과,화성시 고시 제2026-600호,주택건설사업계획승인 및 도시관리계획(지구단위계획) 결정(변경)고시문[동탄(1)M1 2 2블록(반송동99번지)],2026-06-23,,O,,,,2026-09-07
,주택정책과,화성시 고시 제2026-602호,주택건설사업계획승인 및 도시관리계획 (지구단위계획) 결정(변경) 고시 [동탄(1) M1-1-2블록(반송동 95번지)],2026-06-23,,O,,,,2026-09-07
고시,건설과,화성시 고시 제2026-601호,"개간사업 시행계획(변경) 승인 알림[김？수 외1인, 팔탄면 노하리 산111번지]",2026-06-23,2026-06-23 ~ 2031-06-24,,,,https://www.hscity.go.kr/www/gosi/BD_selectNoticeDetail.do?q_notAncmtMgtNo=147492,2026-09-17
고시,도로과,화성시 고시 제2026-585호,도시관리계획[시설:도로] 결정(경미한변경) 및 실시계획(변경) 고시[화산도시계획도로 소로2-28호선],2026-06-23,,,,,https://www.hscity.go.kr/www/gosi/BD_selectNoticeDetail.do?q_notAncmtMgtNo=147375,2026-09-17
일반공고,도시건축과,화성시 만세구 공고 제2026-604호,도로지정공고(향남읍 하길리 668번지),2026-06-23,2026-06-22 ~ 2026-09-30,,,,https://www.hscity.go.kr/www/gosi/BD_selectNoticeDetail.do?q_notAncmtMgtNo=147518,2026-09-17
고시,토지정보과,화성시 고시 제2026-594호,도로명주소 개별고시,2026-06-22,2026-06-23 ~ 2031-06-24,,,,https://www.hscity.go.kr/www/gosi/BD_selectNoticeDetail.do?q_notAncmtMgtNo=147465,2026-09-17
일반공고,건설과,화성시 공고 제2026-2316호,전문건설업 등록 공고[주식회사 경동에너지 외 3개소],2026-06-22,2026-06-22 ~ 2029-06-21,,,,https://www.hscity.go.kr/www/gosi/BD_selectNoticeDetail.do?q_notAncmtMgtNo=147438,2026-09-17
일반공고,건설과,화성시 공고 제2026-2314호,전문건설업 등록 공고[주식회사 에이스철구조 외 6개소],2026-06-20,2026-06-20 ~ 2029-06-19,,,,https://www.hscity.go.kr/www/gosi/BD_selectNoticeDetail.do?q_notAncmtMgtNo=147434,2026-09-17
고시,신도시조성과,화성시 고시 제2026-582호,"동탄(2)택지개발지구 도시계획시설(도로, 공공공지) 실시계획(경미한변경) 인가 및 도시관리계획(지구단위계획) 결정(변경) 고시[동탄 A76-1, 2BL 주변 도로 조성사업]",2026-06-19,2026-06-23 ~ 2031-06-24,O,,,https://www.hscity.go.kr/www/gosi/BD_selectNoticeDetail.do?q_notAncmtMgtNo=147331,2026-09-17
고시,도시정책과,화성시 고시 제2026-586호,도시관리계획[시설:하수도] 결정 및 지형도면 고시[기배공공하수처리시설],2026-06-19,2026-06-23 ~ 2031-06-24,,,,https://www.hscity.go.kr/www/gosi/BD_selectNoticeDetail.do?q_notAncmtMgtNo=147384,2026-09-17
고시,도시정책과,화성시 고시 제2026-587호,"운평지구 도시관리계획(지구단위계획구역, 지구단위계획, 도시계획시설:도로) 결정 고시",2026-06-19,2026-06-23 ~ 2031-06-24,,,,https://www.hscity.go.kr/www/gosi/BD_selectNoticeDetail.do?q_notAncmtMgtNo=147409,2026-09-17
일반공고,도시건축과,화성시 만세구 공고 제2026-594호,도로지정공고(향남읍 백토리 326-1번지 외 1필지),2026-06-19,,,,,https://www.hscity.go.kr/www/gosi/BD_selectNoticeDetail.do?q_notAncmtMgtNo=147413,2026-09-17
일반공고,도로과,화성시 공고 제2026-2270호,도로사용개시에 관한 공고[시도26호선(舊18호선)],2026-06-18,2026-06-18 ~ 2026-12-31,,,,https://www.hscity.go.kr/www/gosi/BD_selectNoticeDetail.do?q_notAncmtMgtNo=147295,2026-09-17
일반공고,주택정책과,화성시 공고 제2026-2294호,주택조합 변경(4차)인가 공고 [비봉지역주택조합],2026-06-18,2026-06-18 ~ 2026-12-31,,,,https://www.hscity.go.kr/www/gosi/BD_selectNoticeDetail.do?q_notAncmtMgtNo=147371,2026-09-17
일반공고,도시개발과,화성시 공고 제2026-2264호,매향리 반환공여구역 관광단지 조성사업 사업자 공모 서면질의 접수결과 공고,2026-06-17,2026-06-17 ~ 2026-12-31,,,,https://www.hscity.go.kr/www/gosi/BD_selectNoticeDetail.do?q_notAncmtMgtNo=147271,2026-09-17
일반공고,도시건축과,화성시 만세구 공고 제2026-588호,"도로지정공고(향남읍 화리현리 320,362-1번지)",2026-06-17,2026-06-17 ~ 2026-12-31,,,,https://www.hscity.go.kr/www/gosi/BD_selectNoticeDetail.do?q_notAncmtMgtNo=147351,2026-09-17
고시,도시개발과,화성시 고시 제2026-577호,화성 금곡지구 도시개발구역 지정 및 개발계획 수립 고시,2026-06-16,,,,,https://www.hscity.go.kr/www/gosi/BD_selectNoticeDetail.do?q_notAncmtMgtNo=147207,2026-09-17
고시,도시정책과,화성시 고시 제2026-574호,"전곡지구 도시계획시설(도로, 녹지)사업 시행자 지정 및 실시계획 인가 고시",2026-06-16,,,,,https://www.hscity.go.kr/www/gosi/BD_selectNoticeDetail.do?q_notAncmtMgtNo=147188,2026-09-17
고시,도시정책과,화성시 고시 제2026-575호,"전곡지구 도시계획시설(공원, 유수지)사업 시행자 지정 및 실시계획 인가 고시",2026-06-16,,,,,https://www.hscity.go.kr/www/gosi/BD_selectNoticeDetail.do?q_notAncmtMgtNo=147189,2026-09-17
일반공고,도시건축과,화성시 만세구 공고 제2026-585호,도로지정변경공고(향남읍 구문천리 607-111번지),2026-06-16,2026-06-16 ~ 2026-12-04,,,,https://www.hscity.go.kr/www/gosi/BD_selectNoticeDetail.do?q_notAncmtMgtNo=147313,2026-09-17
고시,도시개발과,화성시 고시 제2026-576호,화성 도시관리계획(용도지역) 결정(변경) 및 지형도면 고시,2026-06-15,,,,,https://www.hscity.go.kr/www/gosi/BD_selectNoticeDetail.do?q_notAncmtMgtNo=147206,2026-09-17
고시,토지정보과,화성시 고시 제2026-579호,도로구간 변경고시,2026-06-15,,,,,https://www.hscity.go.kr/www/gosi/BD_selectNoticeDetail.do?q_notAncmtMgtNo=147232,2026-09-17
고시,토지정보과,화성시 고시 제2026-580호,도로명주소 개별고시,2026-06-15,,,,,https://www.hscity.go.kr/www/gosi/BD_selectNoticeDetail.do?q_notAncmtMgtNo=147238,2026-09-17
일반공고,도시건축과,화성시 효행구 공고 제2026-287호,도로지정공고(효행구 정남면 보통리 735-3번지),2026-06-15,2026-06-16 ~ 2026-12-04,,,,https://www.hscity.go.kr/www/gosi/BD_selectNoticeDetail.do?q_notAncmtMgtNo=147108,2026-09-17
일반공고,건설과,화성시 공고 제2026-2200호,전문건설업 등록 공고[이유솔루션 유한회사],2026-06-11,2026-06-11 ~ 2029-06-10,,,,https://www.hscity.go.kr/www/gosi/BD_selectNoticeDetail.do?q_notAncmtMgtNo=147080,2026-09-17
일반공고,도시건축과,화성시 만세구 공고 제2026-562호,"도로지정공고(우정읍 조암리 32, 32-3)",2026-06-11,2026-06-11 ~ 2029-09-08,,,,https://www.hscity.go.kr/www/gosi/BD_selectNoticeDetail.do?q_notAncmtMgtNo=147122,2026-09-17
일반공고,건설과,화성시 공고 제2026-2211호,전문건설업 등록 공고[(주)모든에프앤지],2026-06-11,2026-06-11 ~ 2029-06-10,,,,https://www.hscity.go.kr/www/gosi/BD_selectNoticeDetail.do?q_notAncmtMgtNo=147125,2026-09-17
일반공고,도시건축과,화성시 만세구 공고 제2026-565호,"도로지정공고(우정읍 운평리 668-1, 1371-3, 산85-4, 668-3번지)",2026-06-11,2026-06-11 ~ 2029-06-10,,,,https://www.hscity.go.kr/www/gosi/BD_selectNoticeDetail.do?q_notAncmtMgtNo=147134,2026-09-17
일반공고,도시건축과,화성시 만세구 공고 제2026-566호,도로지정공고(향남읍 하길리 산128-11번지),2026-06-11,2026-06-11 ~ 2029-06-10,,,,https://www.hscity.go.kr/www/gosi/BD_selectNoticeDetail.do?q_notAncmtMgtNo=147144,2026-09-17
일반공고,도시건축과,화성시 만세구 공고 제2026-568호,도로지정공고(우정읍 운평리 797-1번지),2026-06-11,,,,,https://www.hscity.go.kr/www/gosi/BD_selectNoticeDetail.do?q_notAncmtMgtNo=147149,2026-09-17
고시,도시정책과,화성시 고시 제2026-565호,"장안지구 도시계획시설(도로, 광장, 공원, 녹지, 공공공지, 하천)사업 실시계획(변경) 인가 고시",2026-06-10,,,,,https://www.hscity.go.kr/www/gosi/BD_selectNoticeDetail.do?q_notAncmtMgtNo=147055,2026-09-17
고시,도시정책과,화성시 고시 제2026-566호,도시관리계획[시설:항만] 결정(경미한 변경)・세부시설 조성계획 결정(경미한 변경) 및 지형도면 고시[고온항],2026-06-10,,,,,https://www.hscity.go.kr/www/gosi/BD_selectNoticeDetail.do?q_notAncmtMgtNo=147065,2026-09-17
일반공고,건설과,화성시 공고 제2026-2180호,"전문건설업 등록 공고[주식회사 이에이치테크, 지테크코리아 주식회사, 주식회사 미래코 및 주식회사 기성산업]",2026-06-10,2026-06-10 ~ 2029-06-09,,,,https://www.hscity.go.kr/www/gosi/BD_selectNoticeDetail.do?q_notAncmtMgtNo=147028,2026-09-17
일반공고,도시건축과,화성시 효행구 공고 제2026-286호,도로지정공고(효행구 봉담읍 분천리 213-3),2026-06-10,2026-06-10 ~ 2031-06-09,,,,https://www.hscity.go.kr/www/gosi/BD_selectNoticeDetail.do?q_notAncmtMgtNo=147085,2026-09-17
고시,토지정보과,화성시 고시 제2026-564호,도로구간 변경고시,2026-06-09,,,,,https://www.hscity.go.kr/www/gosi/BD_selectNoticeDetail.do?q_notAncmtMgtNo=147023,2026-09-17
일반공고,도시건축과,화성시 만세구 공고 제2026-552호,"도로지정공고(양감면 신왕리 425, 425-2)",2026-06-09,2026-06-10 ~ 2031-06-09,,,,https://www.hscity.go.kr/www/gosi/BD_selectNoticeDetail.do?q_notAncmtMgtNo=147029,2026-09-17
일반공고,도시건축과,화성시 병점구 공고 제2026-160호,도로지정(변경)공고(황계동 159-2),2026-06-09,2026-06-10 ~ 2031-06-09,,,,https://www.hscity.go.kr/www/gosi/BD_selectNoticeDetail.do?q_notAncmtMgtNo=147032,2026-09-17
고시,도로과,화성시 고시 제2026-534호,주네(남양)지구 도시계획시설[도로]사업 실시계획 고시,2026-06-08,,,,,https://www.hscity.go.kr/www/gosi/BD_selectNoticeDetail.do?q_notAncmtMgtNo=146668,2026-09-17
고시,도로과,화성시 고시 제2026-535호,도곡동(봉담)지구 도시계획시설[도로]사업 실시계획 고시,2026-06-08,,,,,https://www.hscity.go.kr/www/gosi/BD_selectNoticeDetail.do?q_notAncmtMgtNo=146671,2026-09-17
고시,도로과,화성시 고시 제2026-540호,양지(남양)지구 도시관리계획[시설:도로] 결정(경미한 변경) 및 실시계획 고시,2026-06-08,,,,,https://www.hscity.go.kr/www/gosi/BD_selectNoticeDetail.do?q_notAncmtMgtNo=146745,2026-09-17
고시,도로과,화성시 고시 제2026-541호,동이터(남양)지구 도시계획시설[시설:도로] 사업 실시계획 고시,2026-06-08,,,,,https://www.hscity.go.kr/www/gosi/BD_selectNoticeDetail.do?q_notAncmtMgtNo=146748,2026-09-17
고시,도로과,화성시 고시 제2026-542호,벌말(비봉)지구 도시계획시설[시설:도로] 사업 실시계획 고시,2026-06-08,,,,,https://www.hscity.go.kr/www/gosi/BD_selectNoticeDetail.do?q_notAncmtMgtNo=146751,2026-09-17
고시,도로과,화성시 고시 제2026-543호,외포(남양)지구 도시계획시설[시설:도로] 사업 실시계획 고시,2026-06-08,,,,,https://www.hscity.go.kr/www/gosi/BD_selectNoticeDetail.do?q_notAncmtMgtNo=146784,2026-09-17
고시,도로과,화성시 고시 제2026-544호,들고개(남양)지구 도시계획시설[시설:도로] 사업 실시계획 고시,2026-06-08,,,,,https://www.hscity.go.kr/www/gosi/BD_selectNoticeDetail.do?q_notAncmtMgtNo=146785,2026-09-17
고시,도로과,화성시 고시 제2026-546호,화촌(매송)지구 도시계획시설[시설:도로] 사업 실시계획 고시,2026-06-08,,,,,https://www.hscity.go.kr/www/gosi/BD_selectNoticeDetail.do?q_notAncmtMgtNo=146788,2026-09-17
고시,도로과,화성시 고시 제2026-548호,개묵동(남양)지구 도시계획시설[시설:도로] 사업 실시계획 고시,2026-06-08,,,,,https://www.hscity.go.kr/www/gosi/BD_selectNoticeDetail.do?q_notAncmtMgtNo=146790,2026-09-17
고시,도시정책과,화성시 고시 제2026-559호,2026년 개발제한구역을 제외한 화성시 관내 개별공시지가에 대한 지목별 평균치 고시,2026-06-08,2026-06-08 ~ 2027-06-30,,,,https://www.hscity.go.kr/www/gosi/BD_selectNoticeDetail.do?q_notAncmtMgtNo=146927,2026-09-17
고시,해양수산과,화성시 고시 제2026-560호,공유수면 점용・사용 실시계획 준공완료 고시,2026-06-08,2026-06-08 ~ 2027-06-30,,,,https://www.hscity.go.kr/www/gosi/BD_selectNoticeDetail.do?q_notAncmtMgtNo=146964,2026-09-17
고시,토지정보과,화성시 고시 제2026-563호,도로명주소 개별고시,2026-06-08,2026-06-08 ~ 2027-06-30,,,,https://www.hscity.go.kr/www/gosi/BD_selectNoticeDetail.do?q_notAncmtMgtNo=146990,2026-09-17
일반공고,건설과,화성시 공고 제2026-2149호,전문건설업 등록 공고[여울인더스 주식회사 및 엔티어 주식회사],2026-06-06,2026-06-06 ~ 2029-06-05,,,,https://www.hscity.go.kr/www/gosi/BD_selectNoticeDetail.do?q_notAncmtMgtNo=146931,2026-09-17
일반공고,건설과,화성시 공고 제2026-2158호,전문건설업 등록 공고[주식회사 일송조경],2026-06-06,2026-06-06 ~ 2029-06-05,,,,https://www.hscity.go.kr/www/gosi/BD_selectNoticeDetail.do?q_notAncmtMgtNo=146951,2026-09-17
고시,도시정책과,화성시 고시 제2026-558호,도시계획시설(공원)사업 실시계획(변경) 인가 고시[동화2지구 어린이공원 조성사업],2026-06-05,2026-06-08 ~ 2027-06-30,,,,https://www.hscity.go.kr/www/gosi/BD_selectNoticeDetail.do?q_notAncmtMgtNo=146912,2026-09-17
일반공고,건설과,화성시 공고 제2026-2152호,전문건설업 등록말소 공고_(주)선진지.큐.씨,2026-06-05,2026-06-05 ~ 2031-06-04,,,,https://www.hscity.go.kr/www/gosi/BD_selectNoticeDetail.do?q_notAncmtMgtNo=146942,2026-09-17
고시,도시정책과,화성시 고시 제2026-554호,도시계획시설(도로)사업 실시계획(변경) 인가 고시[동화2지구 봉담도시계획도로 중로3-3호선 확포장공사],2026-06-04,2026-06-08 ~ 2027-06-30,,,,https://www.hscity.go.kr/www/gosi/BD_selectNoticeDetail.do?q_notAncmtMgtNo=146882,2026-09-17
고시,도시정책과,화성시 고시 제2026-557호,월문온천지구 지구단위계획구역 내 도시계획시설(수질오염방지시설) 결정 실효 고시,2026-06-04,2026-06-04 ~ 2026-12-31,,,,https://www.hscity.go.kr/www/gosi/BD_selectNoticeDetail.do?q_notAncmtMgtNo=146905,2026-09-17
일반공고,도시건축과,화성시 만세구 공고 제2026-527호,"도로지정공고(우정읍 화산리 68-10, 72-12번지)",2026-06-04,,,,,https://www.hscity.go.kr/www/gosi/BD_selectNoticeDetail.do?q_notAncmtMgtNo=146845,2026-09-17
고시,신도시조성과,화성시 고시 제2026-549호,"동탄(1)택지개발지구 도시계획시설(광장) 실시계획(경미한변경) 작성 고시[2026년 미관광장 정비사업(2호,5호 미관광장)]",2026-06-02,2026-06-04 ~ 2026-12-31,O,,,https://www.hscity.go.kr/www/gosi/BD_selectNoticeDetail.do?q_notAncmtMgtNo=146796,2026-09-17
일반공고,건설과,화성시 공고 제2026-2114호,전문건설업 등록 공고[일성리싸이클링 주식회사],2026-06-02,2026-06-02 ~ 2029-06-01,,,,https://www.hscity.go.kr/www/gosi/BD_selectNoticeDetail.do?q_notAncmtMgtNo=146824,2026-09-17
일반공고,도시건축과,화성시 만세구 공고 제2026-528호,만세구 임대사업자 등록 자동말소 공고(2026년 5월),2026-06-02,2026-06-02 ~ 2029-06-01,,,,https://www.hscity.go.kr/www/gosi/BD_selectNoticeDetail.do?q_notAncmtMgtNo=146846,2026-09-17
일반공고,건축과,화성시 공고 제2026-2101호,「건축물의 분양에 관한 법률」에 따른 시정명령 공표,2026-06-01,2026-06-01 ~ 2029-08-29,,,,https://www.hscity.go.kr/www/gosi/BD_selectNoticeDetail.do?q_notAncmtMgtNo=146797,2026-09-17
고시,토지정보과,화성시 고시 제2026-550호,도로구간 변경고시,2026-06-01,2026-06-01 ~ 2027-05-31,,,,https://www.hscity.go.kr/www/gosi/BD_selectNoticeDetail.do?q_notAncmtMgtNo=146801,2026-09-17
고시,토지정보과,화성시 고시 제2026-551호,도로명주소 개별고시,2026-06-01,2026-06-01 ~ 2027-05-31,,,,https://www.hscity.go.kr/www/gosi/BD_selectNoticeDetail.do?q_notAncmtMgtNo=146812,2026-09-17
일반공고,건설과,화성시 공고 제2026-2092호,전문건설업 행정처분(과징금)공고_진화(주),2026-06-01,2026-06-01 ~ 2029-08-29,,,,https://www.hscity.go.kr/www/gosi/BD_selectNoticeDetail.do?q_notAncmtMgtNo=146775,2026-09-17
일반공고,건설과,화성시 공고 제2026-2083호,전문건설업 등록 공고[주식회사 도로를담다],2026-05-30,2026-05-30 ~ 2029-05-29,,,,https://www.hscity.go.kr/www/gosi/BD_selectNoticeDetail.do?q_notAncmtMgtNo=146746,2026-09-17
고시,신도시조성과,화성시 고시 제2026-526호,화성동탄(2) 택지개발지구 도시관리계획(지구단위계획) 결정(변경) 고시,2026-05-29,2026-06-01 ~ 2027-05-31,O,,,https://www.hscity.go.kr/www/gosi/BD_selectNoticeDetail.do?q_notAncmtMgtNo=146607,2026-09-17
일반공고,주택정책과,화성시 공고 제2026-2088호,주택조합 변경(10차)인가 공고[화성남양지역주택조합],2026-05-29,2026-05-29 ~ 2029-05-28,,,,https://www.hscity.go.kr/www/gosi/BD_selectNoticeDetail.do?q_notAncmtMgtNo=146764,2026-09-17
고시,주택정책과,화성시 고시 제2026-536호,화성시 재개발사업의 임대주택 건설비율 고시,2026-05-29,2026-06-01 ~ 2027-05-31,,,,https://www.hscity.go.kr/www/gosi/BD_selectNoticeDetail.do?q_notAncmtMgtNo=146672,2026-09-17
일반공고,건설과,화성시 공고 제2026-2067호,전문건설업 등록 공고[주식회사 아트리움],2026-05-29,2026-05-29 ~ 2029-05-28,,,,https://www.hscity.go.kr/www/gosi/BD_selectNoticeDetail.do?q_notAncmtMgtNo=146685,2026-09-17
일반공고,도시건축과,화성시 만세구 공고 제2026-515호,도로지정공고(향남읍 백토리 421번지),2026-05-29,2026-05-29 ~ 2029-05-28,,,,https://www.hscity.go.kr/www/gosi/BD_selectNoticeDetail.do?q_notAncmtMgtNo=146755,2026-09-17
일반공고,도시건축과,화성시 만세구 공고 제2026-518호,도로지정변경공고(향남읍 구문천리 867-9번지),2026-05-29,,,,,https://www.hscity.go.kr/www/gosi/BD_selectNoticeDetail.do?q_notAncmtMgtNo=146766,2026-09-17
일반공고,도시건축과,화성시 만세구 공고 제2026-519호,도로지정공고(향남읍 상신리 418-6),2026-05-29,,,,,https://www.hscity.go.kr/www/gosi/BD_selectNoticeDetail.do?q_notAncmtMgtNo=146769,2026-09-17
일반공고,도시개발과,화성시 공고 제2026-2066호,매향리 반환공여구역 관광단지 조성사업 사업자 공모 정정공고,2026-05-28,2026-05-28 ~ 2026-12-31,,,,https://www.hscity.go.kr/www/gosi/BD_selectNoticeDetail.do?q_notAncmtMgtNo=146683,2026-09-17
고시,도시정책과,화성시 고시 제2026-532호,도시계획시설(도로)사업 실시계획(변경) 작성 고시[제부도 도시계획도로 중로1-1호선(구. 2-3호선) 외 2개소 개설공사],2026-05-28,2026-06-01 ~ 2027-05-31,,,,https://www.hscity.go.kr/www/gosi/BD_selectNoticeDetail.do?q_notAncmtMgtNo=146654,2026-09-17
고시,도시정책과,화성시 고시 제2026-537호,도시계획시설(녹지)사업 실시계획(경미한 변경) 인가 고시[화성 괘랑지구 도시계획시설(녹지) 조성사업],2026-05-28,2026-06-01 ~ 2027-05-31,,,,https://www.hscity.go.kr/www/gosi/BD_selectNoticeDetail.do?q_notAncmtMgtNo=146684,2026-09-17
일반공고,건설과,화성시 공고 제2026-2061호,전문건설업 등록 공고[주식회사 알앰],2026-05-28,2026-05-28 ~ 2029-05-27,,,,https://www.hscity.go.kr/www/gosi/BD_selectNoticeDetail.do?q_notAncmtMgtNo=146645,2026-09-17
일반공고,도시건축과,화성시 효행구 공고 제2026-267호,도로지정공고[보통리 167-1],2026-05-28,2026-05-28 ~ 2029-05-27,,,,https://www.hscity.go.kr/www/gosi/BD_selectNoticeDetail.do?q_notAncmtMgtNo=146661,2026-09-17
고시,신도시조성과,화성시 고시 제2026-525호,태안택지지구 도시관리계획(지구단위계획) 결정(변경) 고시[병점동 864-1번지],2026-05-27,2026-06-01 ~ 2026-12-31,,,,https://www.hscity.go.kr/www/gosi/BD_selectNoticeDetail.do?q_notAncmtMgtNo=146583,2026-09-17
일반공고,건설과,화성시 공고 제2026-2053호,"전문건설업 등록 공고[코오롱하우스비전(주), (주)케이윈건설 및 주식회사 디자인웨이브]",2026-05-27,2026-05-27 ~ 2029-05-26,,,,https://www.hscity.go.kr/www/gosi/BD_selectNoticeDetail.do?q_notAncmtMgtNo=146627,2026-09-17
일반공고,건설과,화성시 공고 제2026-2065호,전문건설업 등록말소 공고_에이주,2026-05-27,2026-05-27 ~ 2031-05-26,,,,https://www.hscity.go.kr/www/gosi/BD_selectNoticeDetail.do?q_notAncmtMgtNo=146666,2026-09-17
고시,도시정책과,화성시 고시 제2026-522호,도시관리계획[시설:공공청사] 결정(경미한 변경) 및 지형도면 고시[양감면 행정복지센터],2026-05-26,,,,,https://www.hscity.go.kr/www/gosi/BD_selectNoticeDetail.do?q_notAncmtMgtNo=146569,2026-09-17
고시,토지정보과,화성시 고시 제2026-527호,도로구간 변경고시,2026-05-26,,,,,https://www.hscity.go.kr/www/gosi/BD_selectNoticeDetail.do?q_notAncmtMgtNo=146611,2026-09-17
고시,토지정보과,화성시 고시 제2026-528호,도로명주소 개별고시,2026-05-26,,,,,https://www.hscity.go.kr/www/gosi/BD_selectNoticeDetail.do?q_notAncmtMgtNo=146613,2026-09-17
고시,토지정보과,화성시 고시 제2026-521호,도로구간 변경고시,2026-05-22,,,,,https://www.hscity.go.kr/www/gosi/BD_selectNoticeDetail.do?q_notAncmtMgtNo=146563,2026-09-17
일반공고,도시건축과,화성시 만세구 공고 제2026-494호,도로지정공고(우정읍 조암리 26번지),2026-05-22,,,,,https://www.hscity.go.kr/www/gosi/BD_selectNoticeDetail.do?q_notAncmtMgtNo=146571,2026-09-17
고시,건설과,화성시 고시 제2026-520호,"개간사업 시행계획 승인 알림[박○영, 향남읍 상신리 455-87번지]",2026-05-21,2026-05-21 ~ 2029-05-24,,,,https://www.hscity.go.kr/www/gosi/BD_selectNoticeDetail.do?q_notAncmtMgtNo=146520,2026-09-17
일반공고,건설과,화성시 공고 제2026-2000호,전문건설업 등록 공고(주식회사 링콘테크놀로지),2026-05-21,2026-05-21 ~ 2029-05-20,,,,https://www.hscity.go.kr/www/gosi/BD_selectNoticeDetail.do?q_notAncmtMgtNo=146456,2026-09-17
일반공고,도시건축과,화성시 효행구 공고 제2026-260호,도로지정공고(봉담읍 분천리 334-18),2026-05-21,2026-05-21 ~ 2026-12-31,,,,https://www.hscity.go.kr/www/gosi/BD_selectNoticeDetail.do?q_notAncmtMgtNo=146523,2026-09-17
일반공고,도시건축과,화성시 만세구 공고 제2026-487호,도로지정공고(우정읍 주곡리 161-72번지),2026-05-21,2026-05-21 ~ 2026-12-31,,,,https://www.hscity.go.kr/www/gosi/BD_selectNoticeDetail.do?q_notAncmtMgtNo=146524,2026-09-17
일반공고,도시건축과,화성시 효행구 공고 제2026-262호,도로지정공고(하가등리 179-2),2026-05-21,2026-05-21 ~ 2026-12-31,,,,https://www.hscity.go.kr/www/gosi/BD_selectNoticeDetail.do?q_notAncmtMgtNo=146529,2026-09-17
고시,신도시조성과,화성시 고시 제2026-497호,동탄(2)택지개발지구 도시계획시설(주차장) 실시계획(경미한변경) 인가 고시[동탄2공영 자동차정류장 내 부대시설 구축공사],2026-05-20,2026-05-21 ~ 2029-05-24,O,,,https://www.hscity.go.kr/www/gosi/BD_selectNoticeDetail.do?q_notAncmtMgtNo=146262,2026-09-17
일반공고,주택정책과,화성시 공고 제2026-2006호,주택조합 변경(11차)인가 공고 [동화2지구지역주택조합],2026-05-20,2026-05-21 ~ 2026-12-31,,,,https://www.hscity.go.kr/www/gosi/BD_selectNoticeDetail.do?q_notAncmtMgtNo=146469,2026-09-17
일반공고,건축과,화성시 공고 제2026-1987호,도로지정공고(만세구 향남읍 수직리 65-15번지 외 8필지),2026-05-19,2026-09-10 ~ 2026-09-24,,,,https://www.hscity.go.kr/www/gosi/BD_selectNoticeDetail.do?q_notAncmtMgtNo=146427,2026-09-16
일반공고,도시정책과,화성시 공고 제2026-1966호,"서진산업(주) 도시관리계획(용도지역변경, 지구단위계획구역, 지구단위계획) 결정(변경)(안) 전략환경영향평가 평가항목, 범위 등 결정내용 공개 공고",2026-05-19,2026-05-19 ~ 2029-08-16,,,,https://www.hscity.go.kr/www/gosi/BD_selectNoticeDetail.do?q_notAncmtMgtNo=146358,2026-09-17
일반공고,도시정책과,화성시 공고 제2026-1946호,배양지구 도시관리계획(지구단위계획) 결정(변경)(안) 주민 열람공고,2026-05-19,2026-05-21 ~ 2026-12-31,,,,https://www.hscity.go.kr/www/gosi/BD_selectNoticeDetail.do?q_notAncmtMgtNo=146293,2026-09-17
일반공고,건설과,화성시 공고 제2026-1963호,건설업 교육이수에 따른 영업정지기간 감경 공고[(주)엔테크],2026-05-19,2026-05-19 ~ 2029-08-16,,,,https://www.hscity.go.kr/www/gosi/BD_selectNoticeDetail.do?q_notAncmtMgtNo=146352,2026-09-17
고시,토지정보과,화성시 고시 제2026-504호,도로명주소 개별고시,2026-05-18,2026-05-20 ~ 2026-11-20,,,,https://www.hscity.go.kr/www/gosi/BD_selectNoticeDetail.do?q_notAncmtMgtNo=146362,2026-09-17
일반공고,도시개발과,화성시 공고 제2026-1927호,매향리 반환공여구역 관광단지 조성사업 사업자 공모 공고,2026-05-15,2026-05-15 ~ 2026-12-31,,,,https://www.hscity.go.kr/www/gosi/BD_selectNoticeDetail.do?q_notAncmtMgtNo=146224,2026-09-16
일반공고,도시정책과,화성시 공고 제2026-1934호,도시계획시설(수도공급설비)사업 공사완료 공고 (남양6배수지 주변시설 개선공사),2026-05-15,2026-09-04 ~ 2026-09-18,,,,https://www.hscity.go.kr/www/gosi/BD_selectNoticeDetail.do?q_notAncmtMgtNo=146237,2026-09-07
고시,토지정보과,화성시 고시 제2026-501호,도로구간 변경고시,2026-05-15,2026-05-20 ~ 2026-11-20,,,,https://www.hscity.go.kr/www/gosi/BD_selectNoticeDetail.do?q_notAncmtMgtNo=146287,2026-09-17
고시,건설과,화성시 고시 제2026-495호,"개간사업 시행계획 승인 알림[최○식, 우정읍 화산리 산121번지]",2026-05-14,2026-05-14 ~ 2031-05-15,,,,https://www.hscity.go.kr/www/gosi/BD_selectNoticeDetail.do?q_notAncmtMgtNo=146248,2026-09-17
고시,주택정책과,화성시 고시 제2026-493호,주택건설사업계획승인변경(1차)승인고시[하길지구 A-1블록],2026-05-14,,,,,https://www.hscity.go.kr/www/gosi/BD_selectNoticeDetail.do?q_notAncmtMgtNo=146244,2026-09-17
고시,해양수산과,화성시 고시 제2026-492호,공유수면 점용사용 실시계획 승인 고시,2026-05-13,2026-05-14 ~ 2031-05-15,,,,https://www.hscity.go.kr/www/gosi/BD_selectNoticeDetail.do?q_notAncmtMgtNo=146175,2026-09-17
고시,토지정보과,화성시 고시 제2026-488호,도로구간 변경고시,2026-05-11,2026-05-14 ~ 2031-05-15,,,,https://www.hscity.go.kr/www/gosi/BD_selectNoticeDetail.do?q_notAncmtMgtNo=146076,2026-09-17
고시,토지정보과,화성시 고시 제2026-489호,도로명주소 개별고시,2026-05-11,2026-05-14 ~ 2031-05-15,,,,https://www.hscity.go.kr/www/gosi/BD_selectNoticeDetail.do?q_notAncmtMgtNo=146086,2026-09-17
일반공고,도시정책과,화성시 공고 제2026-1838호,"도시계획시설(연구시설)사업 공사완료 공고 (자율주행실험도시(K-CITY) 내 시험로 연계확장, 환경개선, 정밀주행환경 구축사업)",2026-05-08,2026-09-04 ~ 2026-09-18,,,,https://www.hscity.go.kr/www/gosi/BD_selectNoticeDetail.do?q_notAncmtMgtNo=145978,2026-09-07
고시,주택정책과,화성시 고시 제2026-485호,[고시 제 2026_485호]주택건설사업계획승인 고시문 [상신3지구],2026-05-08,2026-05-14 ~ 2031-05-15,,,,https://www.hscity.go.kr/www/gosi/BD_selectNoticeDetail.do?q_notAncmtMgtNo=146043,2026-09-17
고시,축산정책과,화성시 고시 제2026-483호,초지 지역ㆍ지구 등의 지형도면 해제 고시,2026-05-07,2026-05-07 ~ 2031-05-06,,,,https://www.hscity.go.kr/www/gosi/BD_selectNoticeDetail.do?q_notAncmtMgtNo=145954,2026-09-17
일반공고,도로과,화성시 공고 제2026-1801호,도로사용 개시에 관한 공고 [시도45호선(舊.78호선)],2026-05-04,2026-09-04 ~ 2026-09-19,,,,https://www.hscity.go.kr/www/gosi/BD_selectNoticeDetail.do?q_notAncmtMgtNo=145832,2026-09-16
고시,토지정보과,화성시 고시 제2026-475호,도로명주소 개별고시,2026-05-04,2026-05-07 ~ 2031-05-06,,,,https://www.hscity.go.kr/www/gosi/BD_selectNoticeDetail.do?q_notAncmtMgtNo=145819,2026-09-17
일반공고,토지정보과,화성시 공고 제2026-1754호,2026년 1.1.기준 개별공시지가 결정・공시 및 이의신청 요령 공고,2026-04-30,2026-04-30 ~ 2030-04-29,,,,https://www.hscity.go.kr/www/gosi/BD_selectNoticeDetail.do?q_notAncmtMgtNo=145677,2026-09-16
고시,도로과,화성시 고시 제2026-434호,"실시계획(변경) 승인 및 도로구역 결정(변경) 및 지형도면 고시(시도17호선, 비봉~매송 도시고속도로 민간투자사업)",2026-04-30,2026-05-04 ~ 2026-11-03,,,,https://www.hscity.go.kr/www/gosi/BD_selectNoticeDetail.do?q_notAncmtMgtNo=145305,2026-09-17
고시,도로과,화성시 고시 제2026-458호,"도시관리계획[시설:도로] 결정(경미한변경) 및 실시계획(변경), 지형도면 고시 [장안도시계획도로 중로3-2호선 개설공사(장안4, 5, 8리 진입로)]",2026-04-29,2026-05-04 ~ 2026-11-03,,,,https://www.hscity.go.kr/www/gosi/BD_selectNoticeDetail.do?q_notAncmtMgtNo=145649,2026-09-17
일반공고,토지정보과,화성시 공고 제2026-1755호,개별공시지가 정정 결정 고시,2026-04-28,2026-04-28 ~ 2031-04-28,,,,https://www.hscity.go.kr/www/gosi/BD_selectNoticeDetail.do?q_notAncmtMgtNo=145679,2026-09-16
고시,도시정책과,화성시 고시 제2026-457호,도시계획시설(도로)사업 실시계획 작성 고시[제부도 도시계획도로 소로2-10호선 외 2개소 개설공사],2026-04-28,2026-04-29 ~ 2026-12-31,,,,https://www.hscity.go.kr/www/gosi/BD_selectNoticeDetail.do?q_notAncmtMgtNo=145648,2026-09-17
고시,토지정보과,화성시 고시 제2026-459호,도로구간 변경고시,2026-04-28,2026-04-29 ~ 2026-12-31,,,,https://www.hscity.go.kr/www/gosi/BD_selectNoticeDetail.do?q_notAncmtMgtNo=145686,2026-09-17
일반공고,건축과,화성시 공고 제2026-1742호,도로지정공고(효행구 봉담읍 분천리 83번지),2026-04-27,2026-09-10 ~ 2026-09-24,,,,https://www.hscity.go.kr/www/gosi/BD_selectNoticeDetail.do?q_notAncmtMgtNo=145633,2026-09-16
고시,토지정보과,화성시 고시 제2026-456호,도로명주소 개별고시,2026-04-27,2026-04-29 ~ 2026-12-31,,,,https://www.hscity.go.kr/www/gosi/BD_selectNoticeDetail.do?q_notAncmtMgtNo=145627,2026-09-17
고시,토지정보과,화성시 고시 제2026-453호,도로구간 변경고시,2026-04-23,,,,,https://www.hscity.go.kr/www/gosi/BD_selectNoticeDetail.do?q_notAncmtMgtNo=145488,2026-09-17
고시,교통정책과,화성시 고시 제2026-449호,어린이 보호구역 지정 해제 고시[장안초교 석포분교 등 2개소],2026-04-22,,,,,https://www.hscity.go.kr/www/gosi/BD_selectNoticeDetail.do?q_notAncmtMgtNo=145407,2026-09-17
일반공고,도시정책과,화성시 공고 제2026-1679호,화성시 도시계획변경 사전협상 운영지침 일부 개정 공고,2026-04-22,2026-09-04 ~ 2026-09-18,,,,https://www.hscity.go.kr/www/gosi/BD_selectNoticeDetail.do?q_notAncmtMgtNo=145455,2026-09-07
고시,도시정책과,화성시 고시 제2026-446호,"도시관리계획(시설:수도공급설비, 도로) 결정(경미한 변경), 실시계획(경미한 변경) 작성 및 지형도면 고시 (마도배수지 축조사업)",2026-04-21,,,,,https://www.hscity.go.kr/www/gosi/BD_selectNoticeDetail.do?q_notAncmtMgtNo=145386,2026-09-17
고시,투자유치과,화성시 고시 제2026-427호,H-테크노밸리 일반산업단지 관리기본계획(변경) 승인 고시,2026-04-17,2026-04-20 ~ 2026-10-20,,,,https://www.hscity.go.kr/www/gosi/BD_selectNoticeDetail.do?q_notAncmtMgtNo=145181,2026-09-17
고시,토지정보과,화성시 고시 제2026-440호,도로구간 변경고시,2026-04-17,2026-04-20 ~ 2026-10-20,,,,https://www.hscity.go.kr/www/gosi/BD_selectNoticeDetail.do?q_notAncmtMgtNo=145321,2026-09-17
고시,토지정보과,화성시 고시 제2026-442호,도로명주소 개별고시,2026-04-17,2026-04-20 ~ 2026-10-20,,,,https://www.hscity.go.kr/www/gosi/BD_selectNoticeDetail.do?q_notAncmtMgtNo=145323,2026-09-17
고시,도시정책과,화성시 고시 제2026-443호,장안지구 도시관리계획(지구단위계획) 고시,2026-04-17,2026-04-20 ~ 2026-10-20,,,,https://www.hscity.go.kr/www/gosi/BD_selectNoticeDetail.do?q_notAncmtMgtNo=145330,2026-09-17
고시,토지정보과,화성시 고시 제2026-432호,도로구간 변경고시,2026-04-16,,,,,https://www.hscity.go.kr/www/gosi/BD_selectNoticeDetail.do?q_notAncmtMgtNo=145247,2026-09-17
고시,도시정책과,화성시 고시 제2026-410호,"도시관리계획[시설:도로, 공원] 결정(변경) 및 지형도면 고시[매화근린공원, 소로1-12호선, 중로3-10호선]",2026-04-14,,,,,https://www.hscity.go.kr/www/gosi/BD_selectNoticeDetail.do?q_notAncmtMgtNo=144881,2026-09-17
고시,도시정책과,화성시 고시 제2026-424호,도시관리계획(시설: 공공청사) 결정(경미한 변경) 및 지형도면 고시 (화성시 맑은물사업소),2026-04-14,,,,,https://www.hscity.go.kr/www/gosi/BD_selectNoticeDetail.do?q_notAncmtMgtNo=145099,2026-09-17
고시,도시정책과,화성시 고시 제2026-426호,"도시계획시설(공원, 도로)사업 실시계획(변경) 작성 고시(정정)[장지생태문화공원 조성사업]",2026-04-14,,,,,https://www.hscity.go.kr/www/gosi/BD_selectNoticeDetail.do?q_notAncmtMgtNo=145167,2026-09-17
고시,주택정책과,화성시 고시 제2026-423호,주택건설사업계획변경(6차)승인 고시[동탄(2) A58블록],2026-04-13,,O,,,https://www.hscity.go.kr/www/gosi/BD_selectNoticeDetail.do?q_notAncmtMgtNo=145092,2026-09-17
고시,토지정보과,화성시 고시 제2026-425호,도로명주소 개별고시,2026-04-13,,,,,https://www.hscity.go.kr/www/gosi/BD_selectNoticeDetail.do?q_notAncmtMgtNo=145111,2026-09-17
고시,토지정보과,화성시 고시 제2026-421호,도로구간 변경고시,2026-04-10,,,,,https://www.hscity.go.kr/www/gosi/BD_selectNoticeDetail.do?q_notAncmtMgtNo=145051,2026-09-17
고시,토지정보과,화성시 고시 제2026-419호,도로구간 변경고시,2026-04-09,,,,,https://www.hscity.go.kr/www/gosi/BD_selectNoticeDetail.do?q_notAncmtMgtNo=145021,2026-09-17
고시,토지정보과,화성시 고시 제2026-414호,도로구간 변경고시,2026-04-08,,,,,https://www.hscity.go.kr/www/gosi/BD_selectNoticeDetail.do?q_notAncmtMgtNo=144972,2026-09-17
고시,건설과,화성시 고시 제2026-411호,"개간사업 시행계획 승인 알림[권○연 외1인, 남양읍 남양리 산232번지 외1필지]",2026-04-07,2026-04-07 ~ 2031-04-08,,,,https://www.hscity.go.kr/www/gosi/BD_selectNoticeDetail.do?q_notAncmtMgtNo=144882,2026-09-17
일반공고,건축과,화성시 공고 제2026-1501호,도로지정공고(만세구 남양읍 북양리 49-9번지),2026-04-07,2026-09-10 ~ 2026-09-24,,,,https://www.hscity.go.kr/www/gosi/BD_selectNoticeDetail.do?q_notAncmtMgtNo=144891,2026-09-16
고시,건설과,화성시 고시 제2026-408호,"개간사업 시행계획 승인 알림[더○라 영농조합법인, 장안면 노진리 산109번지 일원]",2026-04-06,2026-04-06 ~ 2031-04-07,,,,https://www.hscity.go.kr/www/gosi/BD_selectNoticeDetail.do?q_notAncmtMgtNo=144848,2026-09-17
일반공고,토지정보과,화성시 공고 제2026-1489호,개별공시지가 정정 결정 고시,2026-04-06,2026-04-28 ~ 2031-04-28,,,,https://www.hscity.go.kr/www/gosi/BD_selectNoticeDetail.do?q_notAncmtMgtNo=144844,2026-09-16
고시,토지정보과,화성시 고시 제2026-409호,도로명주소 개별고시,2026-04-06,2026-04-06 ~ 2031-04-07,,,,https://www.hscity.go.kr/www/gosi/BD_selectNoticeDetail.do?q_notAncmtMgtNo=144849,2026-09-17
고시,교통정책과,화성시 고시 제2026-396호,어린이・노인・장애인 보호구역 지정(변경) 고시[새동초 등 15개소],2026-04-03,2026-04-06 ~ 2031-04-07,,,,https://www.hscity.go.kr/www/gosi/BD_selectNoticeDetail.do?q_notAncmtMgtNo=144672,2026-09-17
고시,해양수산과,화성시 고시 제2026-407호,2026년 어장정화・정비 실시계획 수립 고시,2026-04-03,2026-04-03 ~ 2027-02-28,,,,https://www.hscity.go.kr/www/gosi/BD_selectNoticeDetail.do?q_notAncmtMgtNo=144766,2026-09-17
고시,토지정보과,화성시 고시 제2026-401호,도로구간 변경고시,2026-04-02,2026-04-03 ~ 2027-02-28,,,,https://www.hscity.go.kr/www/gosi/BD_selectNoticeDetail.do?q_notAncmtMgtNo=144738,2026-09-17
고시,도로과,화성시 고시 제2026-387호,화산도시계획도로 소로2-28호선 실시계획인가 고시,2026-03-31,,,,,https://www.hscity.go.kr/www/gosi/BD_selectNoticeDetail.do?q_notAncmtMgtNo=144579,2026-09-17
고시,도시정책과,화성시 고시 제2026-390호,상신2지구 도시계획시설(공원)사업 시행자 지정(변경) 및 실시계획(변경) 인가 고시,2026-03-31,,,,,https://www.hscity.go.kr/www/gosi/BD_selectNoticeDetail.do?q_notAncmtMgtNo=144627,2026-09-17
고시,토지정보과,화성시 고시 제2026-388호,도로명주소 개별고시,2026-03-30,,,,,https://www.hscity.go.kr/www/gosi/BD_selectNoticeDetail.do?q_notAncmtMgtNo=144581,2026-09-17
고시,해양수산과,화성시 고시 제2026-389호,공유수면 점용사용 실시계획 승인 고시,2026-03-30,,,,,https://www.hscity.go.kr/www/gosi/BD_selectNoticeDetail.do?q_notAncmtMgtNo=144582,2026-09-17
고시,투자유치과,화성시 고시 제2026-372호,화성 동방 일반산업단지계획(변경) 승인 고시,2026-03-27,,,,,https://www.hscity.go.kr/www/gosi/BD_selectNoticeDetail.do?q_notAncmtMgtNo=144372,2026-09-17
고시,투자유치과,화성시 고시 제2026-373호,화성 하저 준산업단지 지구지정 및 실시계획(변경) 승인 고시,2026-03-27,,,,,https://www.hscity.go.kr/www/gosi/BD_selectNoticeDetail.do?q_notAncmtMgtNo=144374,2026-09-17
고시,신도시조성과,화성시 고시 제2026-379호,"동탄(1)택지개발지구 도시계획시설（주차장,체육시설) 실시계획(변경) 작성 고시[석우동 축구장 건립사]",2026-03-27,,O,,,https://www.hscity.go.kr/www/gosi/BD_selectNoticeDetail.do?q_notAncmtMgtNo=144450,2026-09-17
고시,건설과,화성시 고시 제2026-384호,"개간사업 시행계획 승인 알림[최○갑, 양감면 용소리 396-5번지]",2026-03-26,2026-03-26 ~ 2031-03-25,,,,https://www.hscity.go.kr/www/gosi/BD_selectNoticeDetail.do?q_notAncmtMgtNo=144471,2026-09-17
일반공고,건축과,화성시 공고 제2026-1358호,도로지정공고(만세구 우정읍 호곡리 225-11외 4필지),2026-03-25,2026-09-10 ~ 2026-09-24,,,,https://www.hscity.go.kr/www/gosi/BD_selectNoticeDetail.do?q_notAncmtMgtNo=144424,2026-09-16
고시,해양수산과,화성시 고시 제2026-375호,공유수면 점용・사용 실시계획 변경 승인 고시[송산그린시티동측지구 연결도로(보도교) 건설공사],2026-03-25,2026-03-26 ~ 2031-03-25,,,,https://www.hscity.go.kr/www/gosi/BD_selectNoticeDetail.do?q_notAncmtMgtNo=144398,2026-09-17
일반공고,도로과,화성시 공고 제2026-1312호,"도시계획시설(도로, 광장) 사업 공사완료 공고 알림(병점역일원 도시계획시설 개선공사)(정정)",2026-03-24,2026-09-04 ~ 2026-09-19,,,,https://www.hscity.go.kr/www/gosi/BD_selectNoticeDetail.do?q_notAncmtMgtNo=144269,2026-09-16
고시,토지정보과,화성시 고시 제2026-369호,도로명주소 개별고시,2026-03-23,2026-03-26 ~ 2031-03-25,,,,https://www.hscity.go.kr/www/gosi/BD_selectNoticeDetail.do?q_notAncmtMgtNo=144278,2026-09-17
고시,축산정책과,화성시 고시 제2026-370호,초지 지역 ・ 지구 등의 지형도면 해제 고시,2026-03-23,2026-03-23 ~ 2031-03-22,,,,https://www.hscity.go.kr/www/gosi/BD_selectNoticeDetail.do?q_notAncmtMgtNo=144310,2026-09-17
고시,도로과,화성시 고시 제2026-357호,도시계획시설(도로) 사업 실시계획 고시[버들무지(비봉)지구 도시계획도로 개설공사],2026-03-20,2026-03-23 ~ 2031-03-22,,,,https://www.hscity.go.kr/www/gosi/BD_selectNoticeDetail.do?q_notAncmtMgtNo=144094,2026-09-17
고시,도로과,화성시 고시 제2026-359호,도시계획시설(도로) 사업 실시계획 고시[동학동(비봉)지구 도시계획도로 개설공사],2026-03-20,2026-03-23 ~ 2031-03-22,,,,https://www.hscity.go.kr/www/gosi/BD_selectNoticeDetail.do?q_notAncmtMgtNo=144101,2026-09-17
고시,토지정보과,화성시 고시 제2026-368호,도로구간 변경고시,2026-03-20,2026-03-23 ~ 2031-03-22,,,,https://www.hscity.go.kr/www/gosi/BD_selectNoticeDetail.do?q_notAncmtMgtNo=144241,2026-09-17
고시,신도시조성과,화성시 고시 제2026-347호,동탄(1)택지개발지구 도시관리계획(지구단위계획) 결정(변경) 고시[예당공원 및 패밀리풀],2026-03-19,2026-03-23 ~ 2031-03-22,O,,,https://www.hscity.go.kr/www/gosi/BD_selectNoticeDetail.do?q_notAncmtMgtNo=143975,2026-09-17
고시,주택정책과,화성시 고시 제2026-366호,주택건설사업계획 변경(3차)승인 고시 [비봉지역주택조합],2026-03-19,,,,,https://www.hscity.go.kr/www/gosi/BD_selectNoticeDetail.do?q_notAncmtMgtNo=144159,2026-09-17
고시,도시개발과,화성시 고시 제2026-356호,화성병점복합타운 도시관리계획(지구단위계획) 결정(변경) 고시,2026-03-18,,,,,https://www.hscity.go.kr/www/gosi/BD_selectNoticeDetail.do?q_notAncmtMgtNo=144091,2026-09-17
고시,토지정보과,화성시 고시 제2026-353호,도로구간 변경고시,2026-03-17,,,,,https://www.hscity.go.kr/www/gosi/BD_selectNoticeDetail.do?q_notAncmtMgtNo=144044,2026-09-17
일반공고,건축과,화성시 공고 제2026-1219호,도로지정공고(만세구 우정읍 화산리 789-11),2026-03-16,2026-09-10 ~ 2026-09-24,,,,https://www.hscity.go.kr/www/gosi/BD_selectNoticeDetail.do?q_notAncmtMgtNo=144001,2026-09-16
고시,토지정보과,화성시 고시 제2026-330호,도로구간 변경고시,2026-03-16,,,,,https://www.hscity.go.kr/www/gosi/BD_selectNoticeDetail.do?q_notAncmtMgtNo=143871,2026-09-17
고시,토지정보과,화성시 고시 제2026-350호,도로명주소 개별고시,2026-03-16,,,,,https://www.hscity.go.kr/www/gosi/BD_selectNoticeDetail.do?q_notAncmtMgtNo=144000,2026-09-17
일반공고,건축과,화성시 공고 제2026-1194호,도로지정(변경) 공고 (만세구 형남읍 동오리 622번지 외 6필지),2026-03-13,,,,,https://www.hscity.go.kr/www/gosi/BD_selectNoticeDetail.do?q_notAncmtMgtNo=143936,2026-09-07
일반공고,주택정책과,화성시 공고 제2026-1176호,주택조합 변경(9차)인가 공고 [화성남양지역주택조합],2026-03-13,2026-07-22 ~ 2027-07-21,,,,https://www.hscity.go.kr/www/gosi/BD_selectNoticeDetail.do?q_notAncmtMgtNo=143880,2026-09-16
고시,도시정책과,화성시 고시 제2026-331호,도시계획시설(도로)사업 실시계획(변경) 작성 고시[제부도 도시계획도로 소로1-8호선 외 1개소 개설공사],2026-03-13,,,,,https://www.hscity.go.kr/www/gosi/BD_selectNoticeDetail.do?q_notAncmtMgtNo=143874,2026-09-17
고시,도시정책과,화성시 고시 제2026-332호,화당지구 도시관리계획(지구단위계획)결정(변경) 고시,2026-03-13,,,,,https://www.hscity.go.kr/www/gosi/BD_selectNoticeDetail.do?q_notAncmtMgtNo=143885,2026-09-17
고시,주택정책과,화성시 고시 제2026-337호,조합설립추진위원회 승인 고시[매송03구역 주택재개발정비사업],2026-03-13,,,,,https://www.hscity.go.kr/www/gosi/BD_selectNoticeDetail.do?q_notAncmtMgtNo=143930,2026-09-17
고시,주택정책과,화성시 고시 제2026-339호,주택건설사업계획변경(3차) 승인 고시[동탄(2) B11블록],2026-03-13,,O,,,https://www.hscity.go.kr/www/gosi/BD_selectNoticeDetail.do?q_notAncmtMgtNo=143946,2026-09-17
고시,주택정책과,화성시 고시 제2026-340호,주택건설사업계획변경(1차)승인 고시[동탄(2) BD2블록],2026-03-13,,O,,,https://www.hscity.go.kr/www/gosi/BD_selectNoticeDetail.do?q_notAncmtMgtNo=143954,2026-09-17
일반공고,도로과,화성시 공고 제2026-847호,국도77호선 도로확포장공사 기본 및 실시설계용역 기술인평가 결과 공개 공고,2026-03-12,2026-09-04 ~ 2026-09-19,,,,https://www.hscity.go.kr/www/gosi/BD_selectNoticeDetail.do?q_notAncmtMgtNo=142855,2026-09-16
고시,도로과,화성시 고시 제2026-314호,도시계획시설(도로) 사업 실시계획 고시[구포동(비봉)지구 도시계획도로 개설공사],2026-03-12,,,,,https://www.hscity.go.kr/www/gosi/BD_selectNoticeDetail.do?q_notAncmtMgtNo=143683,2026-09-17
일반공고,건축과,화성시 공고 제2026-1147호,도로지정(변경) 공고(병점구 안녕동 180-278 외 1필지),2026-03-11,,,,,https://www.hscity.go.kr/www/gosi/BD_selectNoticeDetail.do?q_notAncmtMgtNo=143770,2026-09-07
일반공고,신도시조성과,화성시 공고 제2026-1151호,"도시계획시설(도로, 공원) 사업 공사완료 공고(정조효공원 주차장 진입로 조성공사)",2026-03-11,2026-09-15 ~ 2026-09-29,,,,https://www.hscity.go.kr/www/gosi/BD_selectNoticeDetail.do?q_notAncmtMgtNo=143776,2026-09-16
고시,도로과,화성시 고시 제2026-311호,도시관리계획(도로)결정(경미한변경) 및 실시계획(변경) 정정고시[백학동(비봉)지구 도시계획도로 개설공사],2026-03-10,2026-03-12 ~ 2026-12-31,,,,https://www.hscity.go.kr/www/gosi/BD_selectNoticeDetail.do?q_notAncmtMgtNo=143615,2026-09-17
고시,신도시조성과,화성시 고시 제2026-310호,향남(2)택지개발지구 도시계획시설공원) 실시계획(경미한변경) 작성 고시[남부권역(향남) 반려가족 놀이터 조성공사],2026-03-09,2026-03-12 ~ 2026-12-31,,,,https://www.hscity.go.kr/www/gosi/BD_selectNoticeDetail.do?q_notAncmtMgtNo=143608,2026-09-17
고시,도시정책과,화성시 고시 제2026-313호,도시계획시설(도로)사업 실시계획(경미한 변경) 인가 고시[화성 괘랑지구 도시계획시설(도로) 개설사업],2026-03-09,2026-03-12 ~ 2026-12-31,,,,https://www.hscity.go.kr/www/gosi/BD_selectNoticeDetail.do?q_notAncmtMgtNo=143647,2026-09-17
고시,토지정보과,화성시 고시 제2026-315호,도로명주소 개별고시,2026-03-09,2026-03-12 ~ 2026-12-31,,,,https://www.hscity.go.kr/www/gosi/BD_selectNoticeDetail.do?q_notAncmtMgtNo=143684,2026-09-17
일반공고,건축과,화성시 공고 제2026-1100호,도로지정공고(병점구 송산동 100-53),2026-03-06,,,,,https://www.hscity.go.kr/www/gosi/BD_selectNoticeDetail.do?q_notAncmtMgtNo=143601,2026-09-07
고시,도로과,화성시 고시 제2026-294호,도시계획시설(도로) 사업 실시계획 고시[권농골(비봉)지구 도시계획도로 개설공사],2026-03-06,2026-03-12 ~ 2026-12-31,,,,https://www.hscity.go.kr/www/gosi/BD_selectNoticeDetail.do?q_notAncmtMgtNo=143452,2026-09-17
고시,도로과,화성시 고시 제2026-302호,도시계획시설(도로) 사업 실시계획 고시[도파골(비봉)지구 도시계획도로 개설공사],2026-03-06,2026-03-12 ~ 2026-12-31,,,,https://www.hscity.go.kr/www/gosi/BD_selectNoticeDetail.do?q_notAncmtMgtNo=143508,2026-09-17
고시,도로과,화성시 고시 제2026-303호,도시계획시설(도로) 사업 실시계획 고시[병실(매송)지구 도시계획도로 개설공사],2026-03-06,,,,,https://www.hscity.go.kr/www/gosi/BD_selectNoticeDetail.do?q_notAncmtMgtNo=143510,2026-09-17
고시,도시정책과,화성시 고시 제2026-305호,상신3지구 도시관리계획(지구단위계획)결정(변경) 고시,2026-03-06,,,,,https://www.hscity.go.kr/www/gosi/BD_selectNoticeDetail.do?q_notAncmtMgtNo=143575,2026-09-17
고시,토지정보과,화성시 고시 제2026-296호,도로구간 변경고시,2026-03-04,,,,,https://www.hscity.go.kr/www/gosi/BD_selectNoticeDetail.do?q_notAncmtMgtNo=143470,2026-09-17
고시,건설과,화성시 고시 제2026-283호,"개간사업 시행계획 승인 알림[홍○유, 서신면 상안리 498-1번지 외 1필지]",2026-03-03,2026-03-03 ~ 2031-03-02,,,,https://www.hscity.go.kr/www/gosi/BD_selectNoticeDetail.do?q_notAncmtMgtNo=143392,2026-09-17
고시,토지정보과,화성시 고시 제2026-286호,도로명주소 개별고시,2026-03-03,2026-03-03 ~ 2031-03-02,,,,https://www.hscity.go.kr/www/gosi/BD_selectNoticeDetail.do?q_notAncmtMgtNo=143417,2026-09-17
고시,투자유치과,화성시 고시 제2026-259호,화성 무송일반산업단지계획 승인 고시,2026-02-27,2026-02-28 ~ 2027-02-28,,,,https://www.hscity.go.kr/www/gosi/BD_selectNoticeDetail.do?q_notAncmtMgtNo=143234,2026-09-17
고시,도시개발과,화성시 고시 제2026-269호,도시계획시설(주차장)사업 실시계획 작성 고시,2026-02-27,2026-02-28 ~ 2027-02-28,,,,https://www.hscity.go.kr/www/gosi/BD_selectNoticeDetail.do?q_notAncmtMgtNo=143339,2026-09-17
일반공고,주택정책과,화성시 공고 제2026-995호,주택조합 변경(3차)인가 공고 [비봉지역주택조합],2026-02-27,2026-07-22 ~ 2027-07-21,,,,https://www.hscity.go.kr/www/gosi/BD_selectNoticeDetail.do?q_notAncmtMgtNo=143296,2026-09-16
고시,신도시조성과,화성시 고시 제2026-258호,동탄(2)택지개발지구 도시계획시설（공원) 실시계획(경미한변경) 작성 고시[동탄여울공원 반려가족 놀이터 확장 및 보수공사],2026-02-27,2026-02-28 ~ 2027-02-28,O,,,https://www.hscity.go.kr/www/gosi/BD_selectNoticeDetail.do?q_notAncmtMgtNo=143230,2026-09-17
고시,토지정보과,화성시 고시 제2026-270호,도로구간 변경고시,2026-02-27,,,,,https://www.hscity.go.kr/www/gosi/BD_selectNoticeDetail.do?q_notAncmtMgtNo=143341,2026-09-17
고시,신도시조성과,화성시 고시 제2026-247호,동탄(2)택지개발지구 도시계획시설（공원) 실시계획(경미한변경) 작성 고시[동탄여울공원 반려가족 놀이터 확장 및 보수공사],2026-02-26,,O,,,https://www.hscity.go.kr/www/gosi/BD_selectNoticeDetail.do?q_notAncmtMgtNo=143160,2026-09-17
고시,토지정보과,화성시 고시 제2026-260호,도로구간 변경고시,2026-02-26,,,,,https://www.hscity.go.kr/www/gosi/BD_selectNoticeDetail.do?q_notAncmtMgtNo=143262,2026-09-17
고시,도로과,화성시 고시 제2026-225호,도시계획시설(도로) 사업 실시계획 고시[대전동(비봉)지구 도시계획도로 개설공사],2026-02-25,,,,,https://www.hscity.go.kr/www/gosi/BD_selectNoticeDetail.do?q_notAncmtMgtNo=143007,2026-09-17
고시,도로과,화성시 고시 제2026-226호,도시계획시설(도로) 사업 실시계획 고시[유지말(비봉)지구 도시계획도로 개설공사],2026-02-25,,,,,https://www.hscity.go.kr/www/gosi/BD_selectNoticeDetail.do?q_notAncmtMgtNo=143008,2026-09-17
고시,도시정책과,화성시 고시 제2026-234호,도시관리계획(시설:전기공급설비) 결정 및 지형도면 고시 [화성 양감연료전지 발전사업],2026-02-24,,,,,https://www.hscity.go.kr/www/gosi/BD_selectNoticeDetail.do?q_notAncmtMgtNo=143052,2026-09-17
고시,도시정책과,화성시 고시 제2026-237호,도시관리계획(시설:전기공급설비) 결정 및 지형도면 고시(편입 토지조서 정정) [화성 양감연료전지 발전사업],2026-02-24,,,,,https://www.hscity.go.kr/www/gosi/BD_selectNoticeDetail.do?q_notAncmtMgtNo=143075,2026-09-17
일반공고,지역경제과,화성시 공고 제2026-885호,준대규모점포 개설 계획 예고[노브랜드 화성상신점],2026-02-23,,,,,https://www.hscity.go.kr/www/gosi/BD_selectNoticeDetail.do?q_notAncmtMgtNo=142936,2026-09-16
고시,토지정보과,화성시 고시 제2026-198호,도로구간 변경고시,2026-02-23,,,,,https://www.hscity.go.kr/www/gosi/BD_selectNoticeDetail.do?q_notAncmtMgtNo=142946,2026-09-17
고시,토지정보과,화성시 고시 제2026-227호,도로명주소 개별고시,2026-02-23,,,,,https://www.hscity.go.kr/www/gosi/BD_selectNoticeDetail.do?q_notAncmtMgtNo=143029,2026-09-17
고시,토지정보과,화성시 고시 제2026-173호,도로명주소 개별고시,2026-02-13,,,,,https://www.hscity.go.kr/www/gosi/BD_selectNoticeDetail.do?q_notAncmtMgtNo=142727,2026-09-17
일반공고,도로과,화성시 공고 제2026-798호,도로공사 시행(변경)허가 공고[시도31호선 지하차도 및 도로 확포장공사],2026-02-12,2026-09-04 ~ 2026-09-19,,,,https://www.hscity.go.kr/www/gosi/BD_selectNoticeDetail.do?q_notAncmtMgtNo=142667,2026-09-16
일반공고,투자유치과,화성시 공고 제2026-763호,화성 동진일반산업단지 준공인가 공고,2026-02-12,2026-09-08 ~ 2026-10-31,,,,https://www.hscity.go.kr/www/gosi/BD_selectNoticeDetail.do?q_notAncmtMgtNo=142561,2026-09-16
고시,도로과,화성시 고시 제2026-172호,도로구역 결정(변경) 고시[시도31호선 지하차도 및 도로 확・포장공사],2026-02-12,,,,,https://www.hscity.go.kr/www/gosi/BD_selectNoticeDetail.do?q_notAncmtMgtNo=142666,2026-09-17
일반공고,도로과,화성시 공고 제2026-757호,「동탄(2)신도시 일원 교통개선 용역」 제안서 평가결과(정성적 평가) 공개,2026-02-11,2026-09-04 ~ 2026-09-19,O,,,https://www.hscity.go.kr/www/gosi/BD_selectNoticeDetail.do?q_notAncmtMgtNo=142553,2026-09-16
고시,도로과,화성시 고시 제2026-154호,도로구역 결정(변경) 고시 [시도65호선(舊. 시도31호선) 도로 확・포장공사],2026-02-10,,,,,https://www.hscity.go.kr/www/gosi/BD_selectNoticeDetail.do?q_notAncmtMgtNo=142480,2026-09-17
고시,토지정보과,화성시 고시 제2026-149호,도로구간 변경고시,2026-02-09,,,,,https://www.hscity.go.kr/www/gosi/BD_selectNoticeDetail.do?q_notAncmtMgtNo=142457,2026-09-17
고시,토지정보과,화성시 고시 제2026-150호,도로명주소 개별고시,2026-02-09,,,,,https://www.hscity.go.kr/www/gosi/BD_selectNoticeDetail.do?q_notAncmtMgtNo=142458,2026-09-17
고시,도시정책과,화성시 고시 제2026-116호,도시계획시설(폐기물처리시설)사업 사업시행자 지정 및 실시계획 인가 고시 [화성 석포리 폐기물최종처분시설 조성사업],2026-02-06,,,,,https://www.hscity.go.kr/www/gosi/BD_selectNoticeDetail.do?q_notAncmtMgtNo=142306,2026-09-17
고시,도시정책과,화성시 고시 제2026-119호,도시계획시설(폐기물처리시설)사업 사업시행자 지정 및 실시계획 인가 정정 고시 [화성 석포리 폐기물최종처분시설 조성사업],2026-02-06,,,,,https://www.hscity.go.kr/www/gosi/BD_selectNoticeDetail.do?q_notAncmtMgtNo=142340,2026-09-17
고시,토지정보과,화성시 고시 제2026-130호,도로구간 변경고시,2026-02-06,,,,,https://www.hscity.go.kr/www/gosi/BD_selectNoticeDetail.do?q_notAncmtMgtNo=142389,2026-09-17
고시,토지정보과,화성시 고시 제2026-118호,도로구간 변경고시,2026-02-05,,,,,https://www.hscity.go.kr/www/gosi/BD_selectNoticeDetail.do?q_notAncmtMgtNo=142314,2026-09-17
고시,토지정보과,화성시 고시 제2026-111호,도로구간 변경고시,2026-02-04,,,,,https://www.hscity.go.kr/www/gosi/BD_selectNoticeDetail.do?q_notAncmtMgtNo=142271,2026-09-17
일반공고,신도시조성과,화성시 공고 제2026-617호,동탄(2)택지개발지구 도시계획시설(녹지) 공사완료 공고[2025년 중동 체육시설 화단 조성사업],2026-02-03,2026-09-15 ~ 2026-09-29,O,,,https://www.hscity.go.kr/www/gosi/BD_selectNoticeDetail.do?q_notAncmtMgtNo=142136,2026-09-16
일반공고,도로과,화성시 공고 제2026-566호,도시계획시설(도로)사업 실시계획(안) 및 사업인정에 관한 주민 등의 의견 청취 공고[쑥골(매송)지구 도시계획도로 개설공사],2026-02-02,2026-09-04 ~ 2026-09-19,,,,https://www.hscity.go.kr/www/gosi/BD_selectNoticeDetail.do?q_notAncmtMgtNo=142034,2026-09-16
고시,도로과,화성시 고시 제2026-90호,도시관리계획[도로] 결정(경미한변경) 및 실시계획(변경) 고시(비봉도시계획도로 소로2-40호선 개설공사),2026-02-02,,,,,https://www.hscity.go.kr/www/gosi/BD_selectNoticeDetail.do?q_notAncmtMgtNo=142030,2026-09-17
일반공고,건축과,화성시 공고 제2026-606호,도로지정공고(향남읍 동오리 622번지 외 2필지),2026-01-30,,,,,https://www.hscity.go.kr/www/gosi/BD_selectNoticeDetail.do?q_notAncmtMgtNo=142111,2026-09-07
고시,해양수산과,화성시 고시 제2026-92호,공유수면 점용・사용 실시계획 준공완료 고시(천연가스 공급설비 건설-석포교 구간),2026-01-30,,,,,https://www.hscity.go.kr/www/gosi/BD_selectNoticeDetail.do?q_notAncmtMgtNo=142091,2026-09-17
고시,도시정책과,화성시 고시 제2026-95호,"도시계획시설(연구시설)사업 실시계획(변경) 인가 고시[ 자율주행실험도시(K-CITY) 내 시험로 연계확장, 환경개선, 정밀주행환경 구축사업]",2026-01-30,,,,,https://www.hscity.go.kr/www/gosi/BD_selectNoticeDetail.do?q_notAncmtMgtNo=142113,2026-09-17
고시,주택정책과,화성시 고시 제2026-99호,조합설립추진위원회 승인 고시 [매송02구역 주택재개발정비사업],2026-01-30,,,,,https://www.hscity.go.kr/www/gosi/BD_selectNoticeDetail.do?q_notAncmtMgtNo=142150,2026-09-17
일반공고,공동주택과,화성시 공고 제2026-584호,임대사업자 등록 자동말소 공고(2026년 1월),2026-01-29,,,,,https://www.hscity.go.kr/www/gosi/BD_selectNoticeDetail.do?q_notAncmtMgtNo=142063,2026-09-16
고시,도시정책과,화성시 고시 제2026-56호,"기안2지구 도시관리계획(용도지역변경, 지구단위계획구역, 지구단위계획, 도시계획시설: 도로) 결정 고시",2026-01-29,,,,,https://www.hscity.go.kr/www/gosi/BD_selectNoticeDetail.do?q_notAncmtMgtNo=141645,2026-09-17
고시,도시정책과,화성시 고시 제2026-76호,"청원지구 도시관리계획[지구단위계획구역, 지구단위계획, 시설(도로)]결정 조서",2026-01-28,,,,,https://www.hscity.go.kr/www/gosi/BD_selectNoticeDetail.do?q_notAncmtMgtNo=141891,2026-09-17
일반공고,도로과,화성시 공고 제2026-469호,도시계획시설(도로)사업 실시계획(안) 및 사업인정에 관한 주민 등의 의견 청취 공고[동학동(비봉)지구 도시계획도로 개설공사],2026-01-27,2026-09-04 ~ 2026-09-19,,,,https://www.hscity.go.kr/www/gosi/BD_selectNoticeDetail.do?q_notAncmtMgtNo=141855,2026-09-16
일반공고,지역경제과,화성시 공고 제2026-442호,2026년 화성시 소상공인 자금지원사업,2026-01-26,2026-01-26 ~ 2026-12-31,,,,https://www.hscity.go.kr/www/gosi/BD_selectNoticeDetail.do?q_notAncmtMgtNo=141781,2026-09-16
고시,토지정보과,화성시 고시 제2026-77호,지저기준점 성과 고시,2026-01-26,,,,,https://www.hscity.go.kr/www/gosi/BD_selectNoticeDetail.do?q_notAncmtMgtNo=141896,2026-09-17
고시,주택정책과,화성시 고시 제2026-87호,주택건설사업계획 변경승인 고시 [동탄(2) B12블록],2026-01-26,,O,,,https://www.hscity.go.kr/www/gosi/BD_selectNoticeDetail.do?q_notAncmtMgtNo=141958,2026-09-17
고시,도로과,화성시 고시 제2026-65호,도시관리계획(도로) 결정(경미한변경) 및 실시계획(변경) 고시[백학동(비봉)지구 도시계획도로 개설공사],2026-01-23,,,,,https://www.hscity.go.kr/www/gosi/BD_selectNoticeDetail.do?q_notAncmtMgtNo=141749,2026-09-17
고시,도시정책과,화성시 고시 제2026-68호,도시계획시설(도로)사업 실시계획(변경) 작성 고시[화성 반다비 체육센터 승하차장 조성공사],2026-01-23,,,,,https://www.hscity.go.kr/www/gosi/BD_selectNoticeDetail.do?q_notAncmtMgtNo=141815,2026-09-17
고시,도로과,화성시 고시 제2026-73호,도로정비사업 시행(변경)허가 공고[양감면 송산리 리도209호선(現면도105호선)],2026-01-23,,,,,https://www.hscity.go.kr/www/gosi/BD_selectNoticeDetail.do?q_notAncmtMgtNo=141865,2026-09-17
고시,주택정책과,화성시 고시 제2026-75호,주택건설사업계획변경(2차)승인 고시[동탄(2) B11블록],2026-01-23,,O,,,https://www.hscity.go.kr/www/gosi/BD_selectNoticeDetail.do?q_notAncmtMgtNo=141882,2026-09-17
고시,도시정책과,화성시 고시 제2026-64호,골드CC 도시관리계획(지구단위계획)결정(변경) 고시 알림,2026-01-21,,,,,https://www.hscity.go.kr/www/gosi/BD_selectNoticeDetail.do?q_notAncmtMgtNo=141720,2026-09-17
일반공고,신도시조성과,화성시 공고 제2026-334호,"동탄(2)택지개발지구 도시계획시설(도로,공원) 공사완료 공고[영천동 805번지 일원 버스베이 설치공사]",2026-01-19,2026-09-15 ~ 2026-09-29,O,,,https://www.hscity.go.kr/www/gosi/BD_selectNoticeDetail.do?q_notAncmtMgtNo=141561,2026-09-16
일반공고,신도시조성과,화성시 공고 제2026-353호,도시계획시설(도로) 공사완료 공고[2025년 선형공원 조성공사(봉담읍 동화리 601)],2026-01-19,2026-09-15 ~ 2026-09-29,,,,https://www.hscity.go.kr/www/gosi/BD_selectNoticeDetail.do?q_notAncmtMgtNo=141593,2026-09-16
일반공고,지역경제과,화성시 공고 제2026-376호,대부업체 등록취소 공고,2026-01-19,2026-01-19 ~ 2031-01-18,,,,https://www.hscity.go.kr/www/gosi/BD_selectNoticeDetail.do?q_notAncmtMgtNo=141633,2026-09-16
고시,해양수산과,화성시 고시 제2026-49호,공유수면 점용・사용 실시계획 준공완료 고시(산그린시티~시화MTV 제2연결도로 기본계획 수립을 위한 지반조사),2026-01-19,,,,,https://www.hscity.go.kr/www/gosi/BD_selectNoticeDetail.do?q_notAncmtMgtNo=141559,2026-09-17
일반공고,신도시조성과,화성시 공고 제2026-311호,동탄(1)택지개발지구 도시계획시설(광장) 공사완료 공고[동탄남광장 보도블록 정비],2026-01-16,2026-09-15 ~ 2026-09-29,O,,,https://www.hscity.go.kr/www/gosi/BD_selectNoticeDetail.do?q_notAncmtMgtNo=141512,2026-09-16
고시,도시개발과,화성시 고시 제2026-40호,"송산그린시티 도시계획시설(녹지) 실시계획(변경) 작성(연결녹지1,2) 고시",2026-01-15,,,,,https://www.hscity.go.kr/www/gosi/BD_selectNoticeDetail.do?q_notAncmtMgtNo=141482,2026-09-17
고시,신도시조성과,화성시 고시 제2026-39호,동탄(２)택지개발지구 도시계획시설（공원) 실시계획(경미한변경) 작성 고시[부지경계선 악취감지기 이전설치],2026-01-15,,O,,,https://www.hscity.go.kr/www/gosi/BD_selectNoticeDetail.do?q_notAncmtMgtNo=141454,2026-09-17
고시,도로과,화성시 고시 제2026-41호,도로구역 결정(변경) 및 지형도면고시[시도34호선],2026-01-15,,,,,https://www.hscity.go.kr/www/gosi/BD_selectNoticeDetail.do?q_notAncmtMgtNo=141490,2026-09-17
고시,도시정책과,화성시 고시 제2026-45호,"도시계획시설(체육시설, 공공청사)사업 실시계획(변경) 작성 고시[화성종합경기타운 물놀이시설 설치공사]",2026-01-15,,,,,https://www.hscity.go.kr/www/gosi/BD_selectNoticeDetail.do?q_notAncmtMgtNo=141528,2026-09-17
일반공고,신도시조성과,화성시 공고 제2026-253호,동탄(2)택지개발지구 도시계획시설(녹지) 공사완료 공고[2025년 녹지대 배수로 정비 보완공사],2026-01-14,2026-09-15 ~ 2026-09-29,O,,,https://www.hscity.go.kr/www/gosi/BD_selectNoticeDetail.do?q_notAncmtMgtNo=141395,2026-09-16
일반공고,지역경제과,화성시 공고 제2026-224호,2026년 화성시 저신용 소상공인 미소금융 이자지원사업 계획 공고,2026-01-14,2026-01-14 ~ 2026-12-31,,,,https://www.hscity.go.kr/www/gosi/BD_selectNoticeDetail.do?q_notAncmtMgtNo=141338,2026-09-16
고시,도로과,화성시 고시 제2026-37호,도로의 노선지정 에 따른 지형도면 고시 [자안리 연결도로 확포장공사],2026-01-14,,,,,https://www.hscity.go.kr/www/gosi/BD_selectNoticeDetail.do?q_notAncmtMgtNo=141438,2026-09-17
고시,건설과,화성시 고시 제2026-38호,"개간사업 시행계획 승인 알림[문○호, 팔탄면 덕천리 산155번지]",2026-01-14,2026-01-14 ~ 2031-01-13,,,,https://www.hscity.go.kr/www/gosi/BD_selectNoticeDetail.do?q_notAncmtMgtNo=141444,2026-09-17
일반공고,공동주택과,화성시 공고 제2026-261호,화성시 임대사업자 등록 일부말소 공고[이○○],2026-01-13,,,,,https://www.hscity.go.kr/www/gosi/BD_selectNoticeDetail.do?q_notAncmtMgtNo=141411,2026-09-16
고시,해양수산과,화성시 고시 제2026-25호,"공유수면 점용사용 실시계획 승인 고시(항로준설, 등부표 및 오탁방지망 설치)",2026-01-13,2026-01-14 ~ 2031-01-13,,,,https://www.hscity.go.kr/www/gosi/BD_selectNoticeDetail.do?q_notAncmtMgtNo=141275,2026-09-17
고시,해양수산과,화성시 고시 제2026-27호,공유수면 점용・사용 실시계획 준공완료 고시(천연가스 공급설비 건설),2026-01-13,2026-01-14 ~ 2031-01-13,,,,https://www.hscity.go.kr/www/gosi/BD_selectNoticeDetail.do?q_notAncmtMgtNo=141279,2026-09-17
고시,도시정책과,화성시 고시 제2026-22호,"도시관리계획[시설:수도공급설비, 도로] 결정(경미한 변경) 및 실시계획(변경) 작성 고시 [마도배수지 축조사업]",2026-01-09,,,,,https://www.hscity.go.kr/www/gosi/BD_selectNoticeDetail.do?q_notAncmtMgtNo=141245,2026-09-17
고시,도시정책과,화성시 고시 제2026-26호,도시관리계획(시설: 폐기물처리시설) 결정(경미한 변경) 및 지형도면 고시 (화성 석포리 폐기물최종처분시설 조성사업),2026-01-09,,,,,https://www.hscity.go.kr/www/gosi/BD_selectNoticeDetail.do?q_notAncmtMgtNo=141277,2026-09-17
고시,도시정책과,화성시 고시 제2026-28호,화성시 성장관리계획구역(변경) 지정 및 성장관리계획 수립(변경) 고시 (경미한 변경),2026-01-09,,,,,https://www.hscity.go.kr/www/gosi/BD_selectNoticeDetail.do?q_notAncmtMgtNo=141283,2026-09-17
고시,건축과,화성시 고시 제2026-21호,도로지정공고[팔탄면 구장리 708-2],2026-01-08,,,,,https://www.hscity.go.kr/www/gosi/BD_selectNoticeDetail.do?q_notAncmtMgtNo=141236,2026-09-17
고시,도시정책과,화성시 고시 제2026-18호,대양지구 도시계획시설(도로)사업 실시계획(변경) 인가 고시(토지조서 정정),2026-01-08,,,,,https://www.hscity.go.kr/www/gosi/BD_selectNoticeDetail.do?q_notAncmtMgtNo=141188,2026-09-17
고시,도시정책과,화성시 고시 제2026-19호,"괘랑지구 도시관리계획(지구단위계획구역, 지구단위계획)결정(변경) 고시",2026-01-08,,,,,https://www.hscity.go.kr/www/gosi/BD_selectNoticeDetail.do?q_notAncmtMgtNo=141193,2026-09-17
일반공고,신도시조성과,화성시 공고 제2026-97호,동탄(1)택지개발지구 도시계획시설(녹지) 공사완료 공고[반월동 일원(능동 숲속초) 통학로 녹지대 정비],2026-01-07,2026-09-15 ~ 2026-09-29,O,,,https://www.hscity.go.kr/www/gosi/BD_selectNoticeDetail.do?q_notAncmtMgtNo=141092,2026-09-16
고시,도시개발과,화성시 고시 제2026-16호,화성 병점복합타운 도시계획시설[청소년수련시설] 실시계획(변경) 작성 고시,2026-01-07,,,,,https://www.hscity.go.kr/www/gosi/BD_selectNoticeDetail.do?q_notAncmtMgtNo=141133,2026-09-17
고시,해양수산과,화성시 고시 제2026-6호,공유수면 점용사용 실시계획 신고 수리 고시(한국수자원공사),2026-01-06,,,,,https://www.hscity.go.kr/www/gosi/BD_selectNoticeDetail.do?q_notAncmtMgtNo=140978,2026-09-17
고시,해양수산과,화성시 고시 제2026-8호,공유수면 점용사용 실시계획 준공완료 고시(도리도항 부잔교 설치),2026-01-06,,,,,https://www.hscity.go.kr/www/gosi/BD_selectNoticeDetail.do?q_notAncmtMgtNo=141031,2026-09-17
고시,해양수산과,화성시 고시 제2026-10호,공유수면 점용・사용 실시계획 준공완료 고시(주)쏘일테크엔지니어링,2026-01-06,,,,,https://www.hscity.go.kr/www/gosi/BD_selectNoticeDetail.do?q_notAncmtMgtNo=141045,2026-09-17
일반공고,공동주택과,화성시 공고 제2026-59호,임대사업자 등록말소 공고,2026-01-05,,,,,https://www.hscity.go.kr/www/gosi/BD_selectNoticeDetail.do?q_notAncmtMgtNo=141015,2026-09-16
일반공고,신도시조성과,화성시 공고 제2026-39호,동탄(2)택지개발지구 도시계획시설(도로) 공사완료 공고[A93블럭 주변 도로 조성사업],2026-01-05,2026-09-15 ~ 2026-09-29,O,,,https://www.hscity.go.kr/www/gosi/BD_selectNoticeDetail.do?q_notAncmtMgtNo=140980,2026-09-16
고시,도시정책과,화성시 고시 제2026-3호,"도시계획시설(문화시설, 사회복지시설)사업 실시계획(변경) 작성 고시 [황계선도지역 기반시설(문화시설, 사회복지시설) 설치사업]",2026-01-05,,,,,https://www.hscity.go.kr/www/gosi/BD_selectNoticeDetail.do?q_notAncmtMgtNo=140940,2026-09-17
일반공고,공동주택과,화성시 공고 제2026-28호,"2025년 4분기 임대차계약 (최초, 변경)신고 공고",2026-01-02,,,,,https://www.hscity.go.kr/www/gosi/BD_selectNoticeDetail.do?q_notAncmtMgtNo=140963,2026-09-16
고시,도시정책과,화성시 고시 제2025-1098호,도시계획시설(공원)사업 실시계획(변경) 작성 고시 [쌍봉산 근린공원 조성사업],2025-12-31,2025-12-31 ~ 2026-12-31,,,,https://www.hscity.go.kr/www/gosi/BD_selectNoticeDetail.do?q_notAncmtMgtNo=140896,2026-09-17
고시,토지정보과,화성시 고시 제2025-1101호,지적기준점 성과 고시,2025-12-31,2025-12-31 ~ 2026-12-31,,,,https://www.hscity.go.kr/www/gosi/BD_selectNoticeDetail.do?q_notAncmtMgtNo=140914,2026-09-17
고시,주택정책과,화성시 고시 제2025-1102호,주택건설사업계획변경(8차)승인 고시[동탄(2) A59블록],2025-12-31,2025-12-31 ~ 2026-12-31,O,,,https://www.hscity.go.kr/www/gosi/BD_selectNoticeDetail.do?q_notAncmtMgtNo=140917,2026-09-17
고시,도시정책과,화성시 고시 제2025-1103호,"도시계획시설(도로, 주차장, 완충녹지, 유수지)사업 실시계획(변경) 작성 고시[궁평관광지 조성사업]",2025-12-31,2025-12-31 ~ 2026-12-31,,,,https://www.hscity.go.kr/www/gosi/BD_selectNoticeDetail.do?q_notAncmtMgtNo=140921,2026-09-17
고시,도시정책과,화성시 고시 제2025-1104호,도시계획시설(공원)사업 실시계획(변경) 작성 고시[화성 도시계획시설(문화공원)(함백산 추모공원 건립사업)],2025-12-31,2025-12-31 ~ 2026-12-31,,,,https://www.hscity.go.kr/www/gosi/BD_selectNoticeDetail.do?q_notAncmtMgtNo=140928,2026-09-17
고시,주택정책과,화성시 고시 제2025-1105호,주택건설사업계획승인 고시 [동탄(2) BD2블록],2025-12-31,2025-12-31 ~ 2026-12-31,O,,,https://www.hscity.go.kr/www/gosi/BD_selectNoticeDetail.do?q_notAncmtMgtNo=140931,2026-09-17
일반공고,투자유치과,화성시 공고 제2025-5843호,송산그린시티 국가산업단지 산업시설용지 우선 분양 추천 대상자 선정결과 공고,2025-12-30,2025-12-30 ~ 2030-12-31,,,,https://www.hscity.go.kr/www/gosi/BD_selectNoticeDetail.do?q_notAncmtMgtNo=140801,2026-09-16
고시,도로과,화성시 고시 제2025-1069호,향남(2)택지개발지구 도시계획시설(도로) 실시계획(변경) 작성 고시[향남 하길로~발안 양감로 도로개선공사],2025-12-30,2025-12-31 ~ 2026-12-31,,,,https://www.hscity.go.kr/www/gosi/BD_selectNoticeDetail.do?q_notAncmtMgtNo=140715,2026-09-17
일반공고,공동주택과,화성시 공고 제2025-5849호,화성시 임대사업자 등록 말소 공고,2025-12-29,,,,,https://www.hscity.go.kr/www/gosi/BD_selectNoticeDetail.do?q_notAncmtMgtNo=140810,2026-09-16
고시,도로과,화성시 고시 제2025-1077호,도시계획시설[도로]사업 실시계획 변경 고시[화성시 일원 도시계획도로],2025-12-29,,,,,https://www.hscity.go.kr/www/gosi/BD_selectNoticeDetail.do?q_notAncmtMgtNo=140744,2026-09-17
고시,도시정책과,화성시 고시 제2025-1086호,도시계획시설(도로)사업 실시계획(변경) 작성 고시 [제부도 도시계획도로 소로1-8호선 외 1개소 개설공사],2025-12-29,,,,,https://www.hscity.go.kr/www/gosi/BD_selectNoticeDetail.do?q_notAncmtMgtNo=140787,2026-09-17
고시,주택정책과,화성시 고시 제2025-1076호,주택건설사업계획변경(2차)승인 고시[동탄(2) A76-2블록],2025-12-26,,O,,,https://www.hscity.go.kr/www/gosi/BD_selectNoticeDetail.do?q_notAncmtMgtNo=140739,2026-09-17
고시,도시정책과,화성시 고시 제2025-1079호,도시계획시설(도로)사업 실시계획(변경) 작성 고시[성장관리방안 시범지역 내 우정도시계획도로 소로1-12호선 개설공사],2025-12-26,,,,,https://www.hscity.go.kr/www/gosi/BD_selectNoticeDetail.do?q_notAncmtMgtNo=140749,2026-09-17
고시,도시정책과,화성시 고시 제2025-1080호,도시계획시설(도로)사업 실시계획(변경) 인가 고시[천천지구 도시계획시설(매송중로2-8호선 외 4개소) 개설공사],2025-12-26,,,,,https://www.hscity.go.kr/www/gosi/BD_selectNoticeDetail.do?q_notAncmtMgtNo=140750,2026-09-17
고시,주택정책과,화성시 고시 제2025-1082호,주택건설사업계획승인 고시문 [구포2지구 야목지역주택조합],2025-12-26,,,,,https://www.hscity.go.kr/www/gosi/BD_selectNoticeDetail.do?q_notAncmtMgtNo=140772,2026-09-17
고시,신도시조성과,화성시 고시 제2025-1062호,향남(2)택지개발지구 도시계획시설(광장) 실시계획(변경) 작성 고시[향남1호광장 보행자 환경개선사업 실시설계 용역],2025-12-24,,,,,https://www.hscity.go.kr/www/gosi/BD_selectNoticeDetail.do?q_notAncmtMgtNo=140657,2026-09-17
고시,도시정책과,화성시 고시 제2025-1063호,제부도 도시관리계획(지구단위계획) 결정(변경) 고시,2025-12-24,,,,,https://www.hscity.go.kr/www/gosi/BD_selectNoticeDetail.do?q_notAncmtMgtNo=140676,2026-09-17
고시,주택정책과,화성시 고시 제2025-1064호,[고시 제 2025_1064호]주택건설사업계획승인 고시문 [하길지구 A-1블록],2025-12-24,,,,,https://www.hscity.go.kr/www/gosi/BD_selectNoticeDetail.do?q_notAncmtMgtNo=140677,2026-09-17
고시,도로과,화성시 고시 제2025-1070호,시도61호선(舊.65호선) 도로구역 결정(변경) 고시 [동학~벌말간 도로확・포장공사],2025-12-24,,,,,https://www.hscity.go.kr/www/gosi/BD_selectNoticeDetail.do?q_notAncmtMgtNo=140718,2026-09-17
고시,도로과,화성시 고시 제2025-1072호,도로의 노선지정(변경) 및 지형도면,2025-12-24,,,,,https://www.hscity.go.kr/www/gosi/BD_selectNoticeDetail.do?q_notAncmtMgtNo=140721,2026-09-17
고시,투자유치과,화성시 고시 제2025-1056호,화성 안녕 일반산업단지계획(변경) 승인 고시,2025-12-23,,,,,https://www.hscity.go.kr/www/gosi/BD_selectNoticeDetail.do?q_notAncmtMgtNo=140562,2026-09-17
고시,도시정책과,화성시 고시 제2025-1058호,도시계획시설(도로)사업 실시계획(변경) 작성 고시 [화성그린환경센터 진입도로공사],2025-12-23,,,,,https://www.hscity.go.kr/www/gosi/BD_selectNoticeDetail.do?q_notAncmtMgtNo=140568,2026-09-17
고시,도시정책과,화성시 고시 제2025-1057호,도시계획시설(공원)사업 실시계획(변경) 인가 고시[천천지구 도시계획시설(제1호어린이공원) 조성공사],2025-12-22,,,,,https://www.hscity.go.kr/www/gosi/BD_selectNoticeDetail.do?q_notAncmtMgtNo=140564,2026-09-17
고시,신도시조성과,화성시 고시 제2025-1050호,화성비봉 공공주택지구 도시계획시설(주차장)사업 실시계획(변경) 고시,2025-12-19,,,,,https://www.hscity.go.kr/www/gosi/BD_selectNoticeDetail.do?q_notAncmtMgtNo=140492,2026-09-17
고시,신도시조성과,화성시 고시 제2025-1048호,동탄(1)택지개발지구 도시계획시설(녹지) 실시계획(경미한변경) 작성 고시[2025년 능동 녹지대 정비]-사업기간 변경,2025-12-18,,O,,,https://www.hscity.go.kr/www/gosi/BD_selectNoticeDetail.do?q_notAncmtMgtNo=140428,2026-09-17
고시,토지정보과,화성시 고시 제2025-1051호,지적기준점 성과 고시,2025-12-18,,,,,https://www.hscity.go.kr/www/gosi/BD_selectNoticeDetail.do?q_notAncmtMgtNo=140498,2026-09-17
고시,도시정책과,화성시 고시 제2025-1041호,도시계획시설(도로)사업 실시계획(변경) 작성 고시 [향남도시계획도로 소로1-37호선 개설공사],2025-12-17,,,,,https://www.hscity.go.kr/www/gosi/BD_selectNoticeDetail.do?q_notAncmtMgtNo=140376,2026-09-17
고시,도시정책과,화성시 고시 제2025-1042호,괘랑지구 도시계획시설(도로) 사업시행자 지정(변경) 및 실시계획(변경) 인가 고시,2025-12-17,,,,,https://www.hscity.go.kr/www/gosi/BD_selectNoticeDetail.do?q_notAncmtMgtNo=140377,2026-09-17
고시,도시정책과,화성시 고시 제2025-1043호,괘랑지구 도시계획시설(녹지)사업 실시계획(변경) 인가 고시,2025-12-17,,,,,https://www.hscity.go.kr/www/gosi/BD_selectNoticeDetail.do?q_notAncmtMgtNo=140379,2026-09-17
고시,신도시조성과,화성시 고시 제2025-1013호,동탄(1)택지개발지구 도시계획시설(녹지) 실시계획(경미한변경) 작성 고시[반월동 일원(능동 숲속초) 통학로 녹지대 정비]-공종추가,2025-12-16,,O,,,https://www.hscity.go.kr/www/gosi/BD_selectNoticeDetail.do?q_notAncmtMgtNo=140117,2026-09-17
고시,도시정책과,화성시 고시 제2025-1034호,도시계획시설(문화시설)사업 실시계획 작성 고시 [병점 창업문화복합센터 조성사업],2025-12-16,,,,,https://www.hscity.go.kr/www/gosi/BD_selectNoticeDetail.do?q_notAncmtMgtNo=140288,2026-09-17
고시,도시정책과,화성시 고시 제2025-1039호,도시관리계획 결정(경미한 변경) 및 세부시설 조성계획 결정(경미한 변경)・실시계획 작성・지형도면 고시[화성종합경기타운 롤러스포츠 경기장 설치공사],2025-12-16,,,,,https://www.hscity.go.kr/www/gosi/BD_selectNoticeDetail.do?q_notAncmtMgtNo=140357,2026-09-17
고시,해양수산과,화성시 고시 제2025-1027호,공유수면 점용사용 실시계획 준공완료 고시[(주)쏘일테크엔지니어링],2025-12-15,,,,,https://www.hscity.go.kr/www/gosi/BD_selectNoticeDetail.do?q_notAncmtMgtNo=140203,2026-09-17
고시,신도시조성과,화성시 고시 제2025-1032호,향남(2)택지개발지구 도시계획시설(공원) 실시계획(변경) 작성 고시 알림[남부권역(향남) 반려가족 놀이터 조성공사],2025-12-15,,,,,https://www.hscity.go.kr/www/gosi/BD_selectNoticeDetail.do?q_notAncmtMgtNo=140257,2026-09-17
고시,축산정책과,화성시 고시 제2025-1029호,초지 지역ㆍ지구 등의 지형도면 변경 고시,2025-12-12,,,,,https://www.hscity.go.kr/www/gosi/BD_selectNoticeDetail.do?q_notAncmtMgtNo=140224,2026-09-17
고시,건축과,화성시 고시 제2025-1026호,도로지정공고(남양읍 남양리 872),2025-12-11,,,,,https://www.hscity.go.kr/www/gosi/BD_selectNoticeDetail.do?q_notAncmtMgtNo=140197,2026-09-17
고시,도시정책과,화성시 고시 제2025-1018호,대양지구 도시계획시설(도로)사업 실시계획(변경) 인가 고시,2025-12-11,,,,,https://www.hscity.go.kr/www/gosi/BD_selectNoticeDetail.do?q_notAncmtMgtNo=140142,2026-09-17
고시,도시정책과,화성시 고시 제2025-1019호,도시계획시설(공원)사업 실시계획(변경) 작성 고시 [매화근린공원 조성공사],2025-12-11,,,,,https://www.hscity.go.kr/www/gosi/BD_selectNoticeDetail.do?q_notAncmtMgtNo=140143,2026-09-17
고시,건설과,화성시 고시 제2025-1020호,"개간사업 시행계획(변경) 승인 알림[용○현 외 2인, 송산면 칠곡리 산4-1번지 외 1필지]",2025-12-11,2025-12-11 ~ 2030-12-10,,,,https://www.hscity.go.kr/www/gosi/BD_selectNoticeDetail.do?q_notAncmtMgtNo=140154,2026-09-17
고시,도시정책과,화성시 고시 제2025-1023호,도시계획시설(학교)사업 실시계획(변경) 인가 고시[협성대학교 부지조성공사],2025-12-11,2025-12-11 ~ 2030-12-10,,,,https://www.hscity.go.kr/www/gosi/BD_selectNoticeDetail.do?q_notAncmtMgtNo=140177,2026-09-17
고시,토지정보과,화성시 고시 제2025-1004호,지적재조사사업 완료지구(노진1지구) 지형도면 고시,2025-12-09,,,,,https://www.hscity.go.kr/www/gosi/BD_selectNoticeDetail.do?q_notAncmtMgtNo=140080,2026-09-17
고시,토지정보과,화성시 고시 제2025-1005호,지적재조사사업 완료지구(노진2지구) 지형도면 고시,2025-12-09,,,,,https://www.hscity.go.kr/www/gosi/BD_selectNoticeDetail.do?q_notAncmtMgtNo=140081,2026-09-17
고시,토지정보과,화성시 고시 제2025-1006호,지적재조사사업 완료지구(노진3지구) 지형도면 고시,2025-12-09,,,,,https://www.hscity.go.kr/www/gosi/BD_selectNoticeDetail.do?q_notAncmtMgtNo=140082,2026-09-17
고시,도시정책과,화성시 고시 제2025-993호,도시관리계획(시설:도로) 결정(경미한 변경) 및 도시계획시설(도로)사업 실시계획(변경) 인가 및 지형도면 고시[화성남양뉴타운 주변도로],2025-12-08,,,,,https://www.hscity.go.kr/www/gosi/BD_selectNoticeDetail.do?q_notAncmtMgtNo=139945,2026-09-17
고시,도시정책과,화성시 고시 제2025-996호,"신남1지구 도시계획시설(공원, 유수지)사업 사업시행자 지정(변경) 및 실시계획(변경) 인가 고시",2025-12-08,,,,,https://www.hscity.go.kr/www/gosi/BD_selectNoticeDetail.do?q_notAncmtMgtNo=139975,2026-09-17
고시,도로과,화성시 고시 제2025-970호,중곡(남양)지구 도시계획시설[도로]사업 실시계획 고시,2025-12-05,,,,,https://www.hscity.go.kr/www/gosi/BD_selectNoticeDetail.do?q_notAncmtMgtNo=139711,2026-09-17
고시,신도시조성과,화성시 고시 제2025-987호,동탄(1)택지개발지구 도시계획시설(녹지) 실시계획(경미한변경) 작성 고시[2025년 능동 녹지대 정비],2025-12-05,,O,,,https://www.hscity.go.kr/www/gosi/BD_selectNoticeDetail.do?q_notAncmtMgtNo=139889,2026-09-17
고시,도로과,화성시 고시 제2025-988호,"도로의 노선지정에 따른 지형도면 고시 [정남 204호선, 신리1교차로 연결도로 확포장공사]",2025-12-05,,,,,https://www.hscity.go.kr/www/gosi/BD_selectNoticeDetail.do?q_notAncmtMgtNo=139929,2026-09-17
고시,도시개발과,화성시 고시 제2025-975호,"종전부동산 효행지구 도시개발사업 구역지정・개발계획 변경(1차) 수립, 실시계획 인가 및 지형도면 고시",2025-12-04,,,,,https://www.hscity.go.kr/www/gosi/BD_selectNoticeDetail.do?q_notAncmtMgtNo=139755,2026-09-17
고시,도시정책과,화성시 고시 제2025-986호,"도시관리계획[시설:학교, 도로] 결정(변경)・세부시설 조성계획 결정 및 지형도면 고시[홍익대학교 4차산업혁명캠퍼스]",2025-12-04,,,,,https://www.hscity.go.kr/www/gosi/BD_selectNoticeDetail.do?q_notAncmtMgtNo=139883,2026-09-17
고시,도시정책과,화성시 고시 제2025-976호,도시관리계획[시설:도로] 결정 및 지형도면 고시[담봉근린공원 진입도로 개설공사(팔탄소로 1-16호선)],2025-12-03,,,,,https://www.hscity.go.kr/www/gosi/BD_selectNoticeDetail.do?q_notAncmtMgtNo=139758,2026-09-17
고시,해양수산과,화성시 고시 제2025-978호,공유수면 점용사용 실시계획 준공완료 고시[(지오텍엔지니어링(주)],2025-12-03,,,,,https://www.hscity.go.kr/www/gosi/BD_selectNoticeDetail.do?q_notAncmtMgtNo=139765,2026-09-17
고시,도시정책과,화성시 고시 제2025-979호,화성시 시가화예정용지 물량 세부운영기준 개정 고시,2025-12-03,,,,,https://www.hscity.go.kr/www/gosi/BD_selectNoticeDetail.do?q_notAncmtMgtNo=139825,2026-09-17
고시,도시정책과,화성시 고시 제2025-980호,도시관리계획[시설:주차장] 결정(경미한 변경) 및 실시계획(변경) 작성 고시 [중동 공영주차장 조성공사],2025-12-03,,,,,https://www.hscity.go.kr/www/gosi/BD_selectNoticeDetail.do?q_notAncmtMgtNo=139829,2026-09-17
고시,도시정책과,화성시 고시 제2025-969호,도시계획시설(도로)사업 실시계획(변경) 인가 고시 (향남2지구 주변도로 대로3-48호선),2025-12-02,,,,,https://www.hscity.go.kr/www/gosi/BD_selectNoticeDetail.do?q_notAncmtMgtNo=139709,2026-09-17
일반공고,공동주택과,화성시 공고 제2025-5280호,화성시 임대사업자 등록 일부말소 공고,2025-12-01,,,,,https://www.hscity.go.kr/www/gosi/BD_selectNoticeDetail.do?q_notAncmtMgtNo=139694,2026-09-16
고시,도시정책과,화성시 고시 제2025-962호,도시계획시설(공원)사업 실시계획(변경) 인가 고시(비봉묘지공원),2025-11-28,,,,,https://www.hscity.go.kr/www/gosi/BD_selectNoticeDetail.do?q_notAncmtMgtNo=139607,2026-09-17
고시,신도시조성과,화성시 고시 제2025-963호,"동탄(1)(2)태안택지개발지구 도시계획시설(녹지) 실시계획(경미한변경) 작성 고시[2025년 녹지대 정비공사(동부,동탄권)-사업내용 변경]",2025-11-28,,O,,,https://www.hscity.go.kr/www/gosi/BD_selectNoticeDetail.do?q_notAncmtMgtNo=139611,2026-09-17
고시,도시정책과,화성시 고시 제2025-954호,신남1지구 도시계획시설(도로)사업 사업시행자 지정(변경) 및 실시계획(변경) 인가 고시,2025-11-27,,,,,https://www.hscity.go.kr/www/gosi/BD_selectNoticeDetail.do?q_notAncmtMgtNo=139534,2026-09-17
고시,도시정책과,화성시 고시 제2025-955호,"신남1지구 도시계획시설(녹지, 공공공지)사업 사업시행자 지정(변경) 및 실시계획(변경) 인가 고시",2025-11-27,,,,,https://www.hscity.go.kr/www/gosi/BD_selectNoticeDetail.do?q_notAncmtMgtNo=139536,2026-09-17
고시,도시정책과,화성시 고시 제2025-956호,"상신2지구 도시계획시설(녹지, 도로)사업 실시계획(변경) 인가 고시",2025-11-27,,,,,https://www.hscity.go.kr/www/gosi/BD_selectNoticeDetail.do?q_notAncmtMgtNo=139543,2026-09-17
고시,도시정책과,화성시 고시 제2025-961호,"도시계획시설(공원, 도로)사업 실시계획(변경) 작성 고시[장지생태문화공원 조성사업]",2025-11-27,,,,,https://www.hscity.go.kr/www/gosi/BD_selectNoticeDetail.do?q_notAncmtMgtNo=139597,2026-09-17
고시,투자유치과,화성시 고시 제2025-947호,화성 H-테크노밸리 일반산업단지계획(변경) 승인 고시,2025-11-26,,,,,https://www.hscity.go.kr/www/gosi/BD_selectNoticeDetail.do?q_notAncmtMgtNo=139477,2026-09-17
고시,신도시조성과,화성시 고시 제2025-948호,동탄(1)택지개발지구 도시계획시설(공원) 실시계획(경미한변경) 작성 고시[손바닥공원 리모델링 사업],2025-11-26,,O,,,https://www.hscity.go.kr/www/gosi/BD_selectNoticeDetail.do?q_notAncmtMgtNo=139482,2026-09-17
고시,도시정책과,화성시 고시 제2025-941호,"도시계획시설(도로, 공원, 녹지) 실시계획(변경) 인가 고시 (자안지구 도시계획시설(도로, 공원, 녹지) 조성사업)",2025-11-25,,,,,https://www.hscity.go.kr/www/gosi/BD_selectNoticeDetail.do?q_notAncmtMgtNo=139414,2026-09-17
고시,도시정책과,화성시 고시 제2025-942호,도시계획시설(체육시설) 실시계획(변경) 인가 고시(라비돌CC),2025-11-25,,,,,https://www.hscity.go.kr/www/gosi/BD_selectNoticeDetail.do?q_notAncmtMgtNo=139415,2026-09-17
고시,도시정책과,화성시 고시 제2025-950호,도시계획시설(장사시설)사업 실시계획(변경) 작성 고시[화성 도시계획시설(장사시설)(함백산 추모공원 건립사업)],2025-11-25,,,,,https://www.hscity.go.kr/www/gosi/BD_selectNoticeDetail.do?q_notAncmtMgtNo=139488,2026-09-17
고시,해양수산과,화성시 고시 제2025-936호,공유수면 점용사용 실시계획 준공완료 고시(제부도 무장애 관광환경 조성을 위한 시설물 설치),2025-11-24,,,,,https://www.hscity.go.kr/www/gosi/BD_selectNoticeDetail.do?q_notAncmtMgtNo=139366,2026-09-17
고시,도시정책과,화성시 고시 제2025-930호,도시계획시설(공원)사업 실시계획(변경) 작성 고시 [옴뿌리산근린공원 조성사업],2025-11-21,,,,,https://www.hscity.go.kr/www/gosi/BD_selectNoticeDetail.do?q_notAncmtMgtNo=139323,2026-09-17
고시,도시정책과,화성시 고시 제2025-933호,"도시계획시설(도로, 광장)사업 실시계획(변경) 작성 고시[우정도시계획도로 중로1-2호선 외 2개소 개선공사]",2025-11-21,,,,,https://www.hscity.go.kr/www/gosi/BD_selectNoticeDetail.do?q_notAncmtMgtNo=139347,2026-09-17
고시,도시정책과,화성시 고시 제2025-934호,코리아CC 도시관리계획(지구단위계획)결정(변경) 고시 알림,2025-11-21,,,,,https://www.hscity.go.kr/www/gosi/BD_selectNoticeDetail.do?q_notAncmtMgtNo=139364,2026-09-17
고시,도시정책과,화성시 고시 제2025-921호,도시계획시설(도로)사업 사업시행자 지정 및 실시계획 인가 고시 (화성비봉 공공주택지구 지구외 소음저감시설 설치공사),2025-11-20,,,,,https://www.hscity.go.kr/www/gosi/BD_selectNoticeDetail.do?q_notAncmtMgtNo=139251,2026-09-17
고시,도시개발과,화성시 고시 제2025-923호,송산그린시티 도시계획시설(녹지) 사업시행자 지정 및 실시계획(변경)(연결녹지1) 인가 고시,2025-11-20,,,,,https://www.hscity.go.kr/www/gosi/BD_selectNoticeDetail.do?q_notAncmtMgtNo=139258,2026-09-17
고시,도시개발과,화성시 고시 제2025-924호,송산그린시티 도시계획시설(녹지) 실시계획(변경) 작성 (연결녹지1) 고시,2025-11-20,,,,,https://www.hscity.go.kr/www/gosi/BD_selectNoticeDetail.do?q_notAncmtMgtNo=139267,2026-09-17
고시,해양수산과,화성시 고시 제2025-919호,공유수면 점용사용 실시계획 승인 고시,2025-11-19,,,,,https://www.hscity.go.kr/www/gosi/BD_selectNoticeDetail.do?q_notAncmtMgtNo=139147,2026-09-17
고시,주택정책과,화성시 고시 제2025-925호,주택건설사업계획 변경(4차)승인 고시 [상신2지구],2025-11-19,,,,,https://www.hscity.go.kr/www/gosi/BD_selectNoticeDetail.do?q_notAncmtMgtNo=139280,2026-09-17
고시,투자유치과,화성시 고시 제2025-917호,주곡 일반산업단지계획 관리기본계획(변경) 승인 고시,2025-11-18,,,,,https://www.hscity.go.kr/www/gosi/BD_selectNoticeDetail.do?q_notAncmtMgtNo=139140,2026-09-17
고시,도시정책과,화성시 고시 제2025-906호,도시계획시설(전기공급설비)사업 시행자지정 및 실시계획인가 고시 [154KV 서서울2-봉담T/L 지중화공사(원평리 송전선로)],2025-11-14,,,,,https://www.hscity.go.kr/www/gosi/BD_selectNoticeDetail.do?q_notAncmtMgtNo=139001,2026-09-17
고시,도시정책과,화성시 고시 제2025-907호,도시계획시설(도로) 실시계획(변경) 인가 고시 [화성 봉담 대로2-10호선(구. 대로2-6호선)],2025-11-14,,,,,https://www.hscity.go.kr/www/gosi/BD_selectNoticeDetail.do?q_notAncmtMgtNo=139004,2026-09-17
고시,도시정책과,화성시 고시 제2025-908호,도시계획시설(도로)사업 실시계획(변경) 인가 고시 [봉담대로2-10호 및 3-18호선],2025-11-14,,,,,https://www.hscity.go.kr/www/gosi/BD_selectNoticeDetail.do?q_notAncmtMgtNo=139005,2026-09-17
고시,도시정책과,화성시 고시 제2025-909호,도시계획시설(도로)사업 실시계획(변경) 인가 고시 [국도43호선 주변 도시계획도로(소로2-14호선)],2025-11-14,,,,,https://www.hscity.go.kr/www/gosi/BD_selectNoticeDetail.do?q_notAncmtMgtNo=139009,2026-09-17
고시,토지정보과,화성시 고시 제2025-911호,지적기준점 성과 고시,2025-11-14,,,,,https://www.hscity.go.kr/www/gosi/BD_selectNoticeDetail.do?q_notAncmtMgtNo=139034,2026-09-17
고시,신도시조성과,화성시 고시 제2025-904호,동탄(2)택지개발지구 도시계획시설(도로) 실시계획(경미한변경) 인가 고시[A93블럭 주변 도로 조성사업],2025-11-13,,O,,,https://www.hscity.go.kr/www/gosi/BD_selectNoticeDetail.do?q_notAncmtMgtNo=138993,2026-09-17
일반공고,지역경제과,화성시 공고 제2025-4937호,대부업체 등록취소 공고,2025-11-12,2025-11-12 ~ 2030-11-11,,,,https://www.hscity.go.kr/www/gosi/BD_selectNoticeDetail.do?q_notAncmtMgtNo=138900,2026-09-16
고시,토지정보과,화성시 고시 제2025-894호,지적재조사사업 완료지구(사창1지구) 지형도면 고시,2025-11-11,,,,,https://www.hscity.go.kr/www/gosi/BD_selectNoticeDetail.do?q_notAncmtMgtNo=138879,2026-09-17
고시,토지정보과,화성시 고시 제2025-895호,지적재조사사업 완료지구(사창2지구) 지형도면 고시,2025-11-11,,,,,https://www.hscity.go.kr/www/gosi/BD_selectNoticeDetail.do?q_notAncmtMgtNo=138880,2026-09-17
고시,토지정보과,화성시 고시 제2025-896호,지적재조사사업 완료지구(어은1지구) 지형도면 고시,2025-11-11,,,,,https://www.hscity.go.kr/www/gosi/BD_selectNoticeDetail.do?q_notAncmtMgtNo=138881,2026-09-17
고시,토지정보과,화성시 고시 제2025-897호,지적재조사사업 완료지구(용두1지구) 지형도면 고시,2025-11-11,,,,,https://www.hscity.go.kr/www/gosi/BD_selectNoticeDetail.do?q_notAncmtMgtNo=138882,2026-09-17
고시,토지정보과,화성시 고시 제2025-898호,지적재조사사업 완료지구(신남1지구) 지형도면 고시,2025-11-11,,,,,https://www.hscity.go.kr/www/gosi/BD_selectNoticeDetail.do?q_notAncmtMgtNo=138883,2026-09-17
고시,토지정보과,화성시 고시 제2025-899호,지적재조사사업 완료지구(안석1지구) 지형도면 고시,2025-11-11,,,,,https://www.hscity.go.kr/www/gosi/BD_selectNoticeDetail.do?q_notAncmtMgtNo=138884,2026-09-17
고시,주택정책과,화성시 고시 제2025-891호,주택건설사업계획변경(1차)승인 고시[동탄(2) B11블록],2025-11-10,,O,,,https://www.hscity.go.kr/www/gosi/BD_selectNoticeDetail.do?q_notAncmtMgtNo=138839,2026-09-17
고시,건설과,화성시 고시 제2025-892호,"개간사업 시행계획 승인 알림[박○학, 팔탄면 기천리 산5-7번지]",2025-11-10,2025-11-10 ~ 2030-11-09,,,,https://www.hscity.go.kr/www/gosi/BD_selectNoticeDetail.do?q_notAncmtMgtNo=138853,2026-09-17
일반공고,공동주택과,화성시 공고 제2025-4884호,임대사업자 등록 자동말소 공고,2025-11-07,,,,,https://www.hscity.go.kr/www/gosi/BD_selectNoticeDetail.do?q_notAncmtMgtNo=138737,2026-09-16
고시,도시정책과,화성시 고시 제2025-879호,도시계획시설(공원)사업 실시계획(변경) 작성 고시 [담봉근린공원 조성사업],2025-11-07,,,,,https://www.hscity.go.kr/www/gosi/BD_selectNoticeDetail.do?q_notAncmtMgtNo=138714,2026-09-17
고시,신도시조성과,화성시 고시 제2025-874호,동탄(1)택지개발지구 도시계획시설(녹지) 실시계획(경미한변경) 작성 고시[2025년 시설 및 녹지 정비(전기)],2025-11-06,,O,,,https://www.hscity.go.kr/www/gosi/BD_selectNoticeDetail.do?q_notAncmtMgtNo=138655,2026-09-17
고시,도시정책과,화성시 고시 제2025-877호,배양지구 도시관리계획(지구단위계획) 결정(실효) 고시,2025-11-06,,,,,https://www.hscity.go.kr/www/gosi/BD_selectNoticeDetail.do?q_notAncmtMgtNo=138666,2026-09-17
고시,도시정책과,화성시 고시 제2025-873호,도시계획시설(도로)사업 실시계획 작성 고시[화성 반다비 체육센터 승하차장 조성공사],2025-11-04,,,,,https://www.hscity.go.kr/www/gosi/BD_selectNoticeDetail.do?q_notAncmtMgtNo=138599,2026-09-17
고시,해양수산과,화성시 고시 제2025-852호,공유수면 점용사용 실시계획 승인 고시(관광진흥과),2025-11-03,,,,,https://www.hscity.go.kr/www/gosi/BD_selectNoticeDetail.do?q_notAncmtMgtNo=138304,2026-09-17
고시,해양수산과,화성시 고시 제2025-853호,공유수면 점용사용 실시계획 승인 고시(관광진흥과),2025-11-03,,,,,https://www.hscity.go.kr/www/gosi/BD_selectNoticeDetail.do?q_notAncmtMgtNo=138306,2026-09-17
고시,도로과,화성시 고시 제2025-863호,도시관리계획[도로] 결정(경미한변경) 및 실시계획(변경) 고시(비봉도시계획도로 소로2-40호선 개설공사),2025-11-03,,,,,https://www.hscity.go.kr/www/gosi/BD_selectNoticeDetail.do?q_notAncmtMgtNo=138440,2026-09-17
고시,토지정보과,화성시 고시 제2025-872호,지적기준점 성과 고시,2025-11-03,,,,,https://www.hscity.go.kr/www/gosi/BD_selectNoticeDetail.do?q_notAncmtMgtNo=138554,2026-09-17
고시,도시개발과,화성시 고시 제2025-857호,화성시 도시지역 빈집정비계획 고시,2025-10-31,,,,,https://www.hscity.go.kr/www/gosi/BD_selectNoticeDetail.do?q_notAncmtMgtNo=138357,2026-09-17
고시,도시정책과,화성시 고시 제2025-861호,"조암지구 도시계획시설(도로,공원)사업 실시계획(변경) 인가 고시",2025-10-31,,,,,https://www.hscity.go.kr/www/gosi/BD_selectNoticeDetail.do?q_notAncmtMgtNo=138394,2026-09-17
고시,도시정책과,화성시 고시 제2025-864호,도시관리계획[시설:항만] 결정(경미한 변경)・세부시설 조성계획 결정(경미한 변경) 및 지형도면 고시[매향항],2025-10-31,,,,,https://www.hscity.go.kr/www/gosi/BD_selectNoticeDetail.do?q_notAncmtMgtNo=138441,2026-09-17
고시,건축과,화성시 고시 제2025-860호,도로지정공고[남양읍 장덕리 351번지],2025-10-30,,,,,https://www.hscity.go.kr/www/gosi/BD_selectNoticeDetail.do?q_notAncmtMgtNo=138383,2026-09-17
고시,신도시조성과,화성시 고시 제2025-854호,동탄(1)택지개발지구 도시계획시설(녹지) 실시계획(경미한변경) 작성 고시[반월동 일원(능동 숲속초) 통학로 녹지대 정비],2025-10-29,,O,,,https://www.hscity.go.kr/www/gosi/BD_selectNoticeDetail.do?q_notAncmtMgtNo=138307,2026-09-17
고시,신도시조성과,화성시 고시 제2025-855호,태안택지지구 도시계획시설(공원) 실시계획(변경) 작성 고시[병점 다목적체육관 건립공사],2025-10-29,,,,,https://www.hscity.go.kr/www/gosi/BD_selectNoticeDetail.do?q_notAncmtMgtNo=138322,2026-09-17
고시,신도시조성과,화성시 고시 제2025-849호,도시계획시설(공원) 실시계획 인가 고시(의제협의) 알림(한우리공원 경로당 신축사업),2025-10-28,,,,,https://www.hscity.go.kr/www/gosi/BD_selectNoticeDetail.do?q_notAncmtMgtNo=138293,2026-09-17
고시,신도시조성과,화성시 고시 제2025-841호,동탄(2)택지개발지구 도시계획시설(공원) 실시계획(변경) 인가 고시[3호 근린공원],2025-10-27,,O,,,https://www.hscity.go.kr/www/gosi/BD_selectNoticeDetail.do?q_notAncmtMgtNo=138194,2026-09-17
고시,도시개발과,화성시 고시 제2025-842호,도시계획시설(녹지)사업 실시계획(변경) 작성 고시 [2025년 서남부권 녹지대 정비공사],2025-10-27,,,,,https://www.hscity.go.kr/www/gosi/BD_selectNoticeDetail.do?q_notAncmtMgtNo=138251,2026-09-17
고시,주택정책과,화성시 고시 제2025-845호,주택건설사업계획승인 고시 [동탄(2) B12블록],2025-10-27,,O,,,https://www.hscity.go.kr/www/gosi/BD_selectNoticeDetail.do?q_notAncmtMgtNo=138273,2026-09-17
고시,주택정책과,화성시 고시 제2025-846호,주택건설사업계획 승인 고시[동탄(2) B11블록],2025-10-27,,O,,,https://www.hscity.go.kr/www/gosi/BD_selectNoticeDetail.do?q_notAncmtMgtNo=138275,2026-09-17
고시,도로과,화성시 고시 제2025-833호,도시관리계획[시설:도로] 결정(경미한변경) 및 실시계획(변경)고시(마도도시계획도로 소로3-38호선 외 2개소 개설공사),2025-10-24,,,,,https://www.hscity.go.kr/www/gosi/BD_selectNoticeDetail.do?q_notAncmtMgtNo=138110,2026-09-17
고시,투자유치과,화성시 고시 제2025-834호,주곡 일반산업단지 계획(변경) 승인 고시,2025-10-24,,,,,https://www.hscity.go.kr/www/gosi/BD_selectNoticeDetail.do?q_notAncmtMgtNo=138111,2026-09-17
고시,교통정책과,화성시 고시 제2025-829호,"[고시공고]어린이, 노인보호구역 지정(확대) 화성바른초등학교 외 1개소",2025-10-23,,,,,https://www.hscity.go.kr/www/gosi/BD_selectNoticeDetail.do?q_notAncmtMgtNo=138097,2026-09-17
고시,도시정책과,화성시 고시 제2025-828호,"대양지구 도시관리계획(지구단위계획구역, 지구단위계획) 결정(변경)",2025-10-23,,,,,https://www.hscity.go.kr/www/gosi/BD_selectNoticeDetail.do?q_notAncmtMgtNo=138063,2026-09-17
고시,토지정보과,화성시 고시 제2025-838호,지적기준점 성과 고시,2025-10-23,,,,,https://www.hscity.go.kr/www/gosi/BD_selectNoticeDetail.do?q_notAncmtMgtNo=138139,2026-09-17
일반공고,공동주택과,화성시 공고 제2025-4608호,화성시 임대사업자 등록 말소 공고,2025-10-21,,,,,https://www.hscity.go.kr/www/gosi/BD_selectNoticeDetail.do?q_notAncmtMgtNo=138090,2026-09-16
일반공고,공공건축과,화성시 공고 제2025-4549호,"도시계획시설[공공청사]사업 공사완료고시(2023-390, 2023-566) 취소공고",2025-10-17,,,,,https://www.hscity.go.kr/www/gosi/BD_selectNoticeDetail.do?q_notAncmtMgtNo=137972,2026-09-16
고시,도시정책과,화성시 고시 제2025-823호,대양지구 도시계획시설(도로) 실시계획(변경) 인가 고시,2025-10-17,,,,,https://www.hscity.go.kr/www/gosi/BD_selectNoticeDetail.do?q_notAncmtMgtNo=137964,2026-09-17
고시,신도시조성과,화성시 고시 제2025-825호,화성동탄2지구 오산동 1056번지 일원 도시계획시설(도로) 실시계획인가(변경) 고시,2025-10-17,,O,,,https://www.hscity.go.kr/www/gosi/BD_selectNoticeDetail.do?q_notAncmtMgtNo=137977,2026-09-17
고시,해양수산과,화성시 고시 제2025-816호,공유수면 점용사용 실시계획 신고 수리 고시,2025-10-16,,,,,https://www.hscity.go.kr/www/gosi/BD_selectNoticeDetail.do?q_notAncmtMgtNo=137776,2026-09-17
고시,도시정책과,화성시 고시 제2025-820호,"도시관리계획(시설:수도공급설비) 결정(경미한 변경), 도시계획시설(수도공급설비) 실시계획(변경) 인가 및 지형도면 고시(남양6배수지 주변시설 개선공사)",2025-10-16,,,,,https://www.hscity.go.kr/www/gosi/BD_selectNoticeDetail.do?q_notAncmtMgtNo=137884,2026-09-17
일반공고,공동주택과,화성시 공고 제2025-4497호,화성시 임대사업자 등록 말소 공고,2025-10-14,,,,,https://www.hscity.go.kr/www/gosi/BD_selectNoticeDetail.do?q_notAncmtMgtNo=137840,2026-09-16
일반공고,공동주택과,화성시 공고 제2025-4511호,임대사업자 등록 자동말소 공고,2025-10-14,,,,,https://www.hscity.go.kr/www/gosi/BD_selectNoticeDetail.do?q_notAncmtMgtNo=137863,2026-09-16
고시,신도시조성과,화성시 고시 제2025-819호,봉담(1)택지개발지구 도시계획시설(도로) 실시계획(변경) 인가 고시 알림[2025년 선형공원 조성공사(봉담읍 동화리 601)],2025-10-14,,,,,https://www.hscity.go.kr/www/gosi/BD_selectNoticeDetail.do?q_notAncmtMgtNo=137825,2026-09-17
고시,도시정책과,화성시 고시 제2025-813호,도시관리계획[시설:공공청사]결정 및 지형도면 고시 [봉담권 임시청사 사무공간 조성사업],2025-10-10,,,,,https://www.hscity.go.kr/www/gosi/BD_selectNoticeDetail.do?q_notAncmtMgtNo=137722,2026-09-17
일반공고,투자유치과,화성시 공고 제2025-4357호,송산그린시티 국가산업단지 산업시설용지 우선 분양 추천 대상자 공모 공고,2025-10-02,2025-10-02 ~ 2030-12-31,,,,https://www.hscity.go.kr/www/gosi/BD_selectNoticeDetail.do?q_notAncmtMgtNo=137559,2026-09-16
고시,도시정책과,화성시 고시 제2025-804호,개발행위허가 제한 기간 연장 고시,2025-10-02,,,,,https://www.hscity.go.kr/www/gosi/BD_selectNoticeDetail.do?q_notAncmtMgtNo=137617,2026-09-17
고시,도시정책과,화성시 고시 제2025-805호,"리베라CC 도시관리계획(용도지구, 지구단위계획구역, 지구단위계획) 결정(변경) 고시",2025-10-02,,,,,https://www.hscity.go.kr/www/gosi/BD_selectNoticeDetail.do?q_notAncmtMgtNo=137623,2026-09-17
고시,도시정책과,화성시 고시 제2025-807호,배양2지구 도시관리계획(지구단위계획)결정(변경) 고시,2025-10-02,,,,,https://www.hscity.go.kr/www/gosi/BD_selectNoticeDetail.do?q_notAncmtMgtNo=137678,2026-09-17
고시,도시정책과,화성시 고시 제2025-811호,도시계획시설(도로)사업 사업시행자 지정 및 실시계획인가 고시[삼성1로6길(반월중로2-1호선) 확장공사],2025-10-02,,,,,https://www.hscity.go.kr/www/gosi/BD_selectNoticeDetail.do?q_notAncmtMgtNo=137703,2026-09-17
고시,해양수산과,화성시 고시 제2025-801호,공유수면 점용사용 실시계획 승인(신고 수리) 고시,2025-10-01,,,,,https://www.hscity.go.kr/www/gosi/BD_selectNoticeDetail.do?q_notAncmtMgtNo=137599,2026-09-17
고시,신도시조성과,화성시 고시 제2025-806호,향남(2)택지개발지구 도시계획시설(공원) 실시계획(변경) 인가 고시 알림[향남 오음공원 내 사면피해 복구공사],2025-10-01,,,,,https://www.hscity.go.kr/www/gosi/BD_selectNoticeDetail.do?q_notAncmtMgtNo=137633,2026-09-17
고시,건축과,화성시 고시 제2025-802호,분양건축물 하자보수 이행 의무화 운영기준 고시,2025-09-30,,,,,https://www.hscity.go.kr/www/gosi/BD_selectNoticeDetail.do?q_notAncmtMgtNo=137609,2026-09-17
고시,도시정책과,화성시 고시 제2025-791호,"도시관리계획[시설:도로, 공공공지] 결정(변경) 및 지형도면 고시[남양도시계획도로 소로2-2호선 외 9개소, 공공공지]",2025-09-30,,,,,https://www.hscity.go.kr/www/gosi/BD_selectNoticeDetail.do?q_notAncmtMgtNo=137498,2026-09-17
고시,해양수산과,화성시 고시 제2025-787호,공유수면 점용사용 실시계획 승인(신고수리) 고시(BF 매트설치),2025-09-24,,,,,https://www.hscity.go.kr/www/gosi/BD_selectNoticeDetail.do?q_notAncmtMgtNo=137446,2026-09-17
고시,축산정책과,화성시 고시 제2025-790호,초지 지역ㆍ지구 등의 지형도면 제외 고시,2025-09-24,2025-09-24 ~ 2030-09-23,,,,https://www.hscity.go.kr/www/gosi/BD_selectNoticeDetail.do?q_notAncmtMgtNo=137490,2026-09-17
고시,도로과,화성시 고시 제2025-747호,"도시관리계획[시설:도로] 결정(경미한변경) 및 실시계획(변경), 지형도면 고시 [장안도시계획도로 중로3-2호선 개설공사(장안4, 5, 8리 진입로)]",2025-09-23,2025-09-24 ~ 2030-09-23,,,,https://www.hscity.go.kr/www/gosi/BD_selectNoticeDetail.do?q_notAncmtMgtNo=137025,2026-09-17
고시,신도시조성과,화성시 고시 제2025-781호,동탄(1)택지개발지구 도시계획시설(공원) 실시계획(변경) 작성 고시[손바닥공원 리모델링 사업],2025-09-23,2025-09-24 ~ 2030-09-23,O,,,https://www.hscity.go.kr/www/gosi/BD_selectNoticeDetail.do?q_notAncmtMgtNo=137381,2026-09-17
고시,신도시조성과,화성시 고시 제2025-783호,동탄(1)택지개발지구 도시계획시설(녹지) 실시계획(경미한변경) 작성 고시[2025년 시설 및 녹지 정비(조경)],2025-09-23,2025-09-24 ~ 2030-09-23,O,,,https://www.hscity.go.kr/www/gosi/BD_selectNoticeDetail.do?q_notAncmtMgtNo=137408,2026-09-17
고시,해양수산과,화성시 고시 제2025-778호,공유수면 점용사용 실시계획 신고 수리 고시[(주)쏘일테크엔지니어링],2025-09-19,,,,,https://www.hscity.go.kr/www/gosi/BD_selectNoticeDetail.do?q_notAncmtMgtNo=137334,2026-09-17
고시,토지정보과,화성시 고시 제2025-779호,지적기준점 성과 고시,2025-09-19,,,,,https://www.hscity.go.kr/www/gosi/BD_selectNoticeDetail.do?q_notAncmtMgtNo=137372,2026-09-17
고시,도로과,화성시 고시 제2025-761호,도시계획시설(도로) 사업 실시계획 고시[연화동(비봉)지구 도시계획도로 개설공사],2025-09-17,,,,,https://www.hscity.go.kr/www/gosi/BD_selectNoticeDetail.do?q_notAncmtMgtNo=137199,2026-09-17
고시,도로과,화성시 고시 제2025-766호,도시계획시설(도로) 사업 실시계획 고시[내촌(매송)지구 도시계획도로 개설공사],2025-09-17,,,,,https://www.hscity.go.kr/www/gosi/BD_selectNoticeDetail.do?q_notAncmtMgtNo=137222,2026-09-17
고시,토지정보과,화성시 고시 제2025-775호,지적기준점 성과 고시,2025-09-17,,,,,https://www.hscity.go.kr/www/gosi/BD_selectNoticeDetail.do?q_notAncmtMgtNo=137293,2026-09-17
일반공고,지역경제과,화성시 공고 제2025-4200호,대부업체 등록취소 공고,2025-09-16,2025-09-16 ~ 2030-09-15,,,,https://www.hscity.go.kr/www/gosi/BD_selectNoticeDetail.do?q_notAncmtMgtNo=137256,2026-09-16
고시,주택정책과,화성시 고시 제2025-770호,주택건설사업계획 변경(4차)승인 고시[비봉 B-1블록],2025-09-16,,,,,https://www.hscity.go.kr/www/gosi/BD_selectNoticeDetail.do?q_notAncmtMgtNo=137275,2026-09-17
고시,도시정책과,화성시 고시 제2025-739호,노하지구 도시관리계획(지구단위계획) 결정(변경)결정 고시,2025-09-15,,,,,https://www.hscity.go.kr/www/gosi/BD_selectNoticeDetail.do?q_notAncmtMgtNo=136932,2026-09-17
고시,토지정보과,화성시 고시 제2025-759호,지적기준점 성과 고시,2025-09-15,2025-09-15 ~ 2026-09-30,,,,https://www.hscity.go.kr/www/gosi/BD_selectNoticeDetail.do?q_notAncmtMgtNo=137190,2026-09-17
고시,토지정보과,화성시 고시 제2025-762호,지적재조사사업 완료지구(덕리1지구) 지형도면 고시,2025-09-15,2025-09-15 ~ 2026-09-30,,,,https://www.hscity.go.kr/www/gosi/BD_selectNoticeDetail.do?q_notAncmtMgtNo=137202,2026-09-17
고시,토지정보과,화성시 고시 제2025-763호,지적재조사사업 완료지구(북양1지구) 지형도면 고시,2025-09-15,2025-09-15 ~ 2026-09-30,,,,https://www.hscity.go.kr/www/gosi/BD_selectNoticeDetail.do?q_notAncmtMgtNo=137204,2026-09-17
고시,토지정보과,화성시 고시 제2025-764호,지적재조사사업 완료지구(신왕1지구) 지형도면 고시,2025-09-15,2025-09-15 ~ 2026-09-30,,,,https://www.hscity.go.kr/www/gosi/BD_selectNoticeDetail.do?q_notAncmtMgtNo=137205,2026-09-17
고시,토지정보과,화성시 고시 제2025-765호,지적재조사사업 완료지구(자안2지구) 지형도면 고시,2025-09-15,2025-09-15 ~ 2026-09-30,,,,https://www.hscity.go.kr/www/gosi/BD_selectNoticeDetail.do?q_notAncmtMgtNo=137206,2026-09-17
고시,해양수산과,화성시 고시 제2025-754호,공유수면 점용사용 실시계획 준공완료 고시(갯벌 패류종자 채묘시설 시공),2025-09-12,,,,,https://www.hscity.go.kr/www/gosi/BD_selectNoticeDetail.do?q_notAncmtMgtNo=137095,2026-09-17
고시,신도시조성과,화성시 고시 제2025-750호,"동탄(2)택지개발지구 도시계획시설(도로,공원) 실시계획(경미한변경) 작성 고시[영천동 805번지 일원 버스베이 설치공사]",2025-09-10,,O,,,https://www.hscity.go.kr/www/gosi/BD_selectNoticeDetail.do?q_notAncmtMgtNo=137029,2026-09-17
고시,해양수산과,화성시 고시 제2025-734호,공유수면 점용사용 실시계획 준공완료 고시[제부도 진입도로(시도 76호선) 개선공사],2025-09-08,,,,,https://www.hscity.go.kr/www/gosi/BD_selectNoticeDetail.do?q_notAncmtMgtNo=136897,2026-09-17
고시,도시정책과,화성시 고시 제2025-738호,"도시관리계획(시설:도로) 결정(경미한 변경), 도시계획시설(도로, 광장)사업 실시계획(변경) 인가 및 지형도면 고시 [화성 태안 대로1-4, 1-5호선(서부우회도로 화성시구간) 개",2025-09-08,,,,,https://www.hscity.go.kr/www/gosi/BD_selectNoticeDetail.do?q_notAncmtMgtNo=136915,2026-09-17
고시,도로과,화성시 고시 제2025-737호,도로구역 결정(변경) 및 지형도면고시 [시도34호선 도로구역 결정(변경)],2025-09-05,,,,,https://www.hscity.go.kr/www/gosi/BD_selectNoticeDetail.do?q_notAncmtMgtNo=136913,2026-09-17
고시,건설과,화성시 고시 제2025-740호,"개간사업 시행계획 승인 알림[김○수 외1인, 팔탄면 노하리 산111번지]",2025-09-05,2025-09-05 ~ 2030-09-04,,,,https://www.hscity.go.kr/www/gosi/BD_selectNoticeDetail.do?q_notAncmtMgtNo=136934,2026-09-17
고시,도시정책과,화성시 고시 제2025-729호,도시계획시설(녹지) 결정・실시계획 실효 및 지형도면고시,2025-09-04,2025-09-05 ~ 2030-09-04,,,,https://www.hscity.go.kr/www/gosi/BD_selectNoticeDetail.do?q_notAncmtMgtNo=136859,2026-09-17
고시,주택정책과,화성시 고시 제2025-730호,주택건설사업계획 변경(2차)승인 고시 [구포지구 비봉지역주택조합],2025-09-03,2025-09-05 ~ 2030-09-04,,,,https://www.hscity.go.kr/www/gosi/BD_selectNoticeDetail.do?q_notAncmtMgtNo=136872,2026-09-17
고시,도시개발과,화성시 고시 제2025-719호,"송산그린시티 도시계획시설(도로,녹지) 실시계획(변경) 작성 (중로2-13호선, 연결녹지3) 고시",2025-09-02,2025-09-05 ~ 2030-09-04,,,,https://www.hscity.go.kr/www/gosi/BD_selectNoticeDetail.do?q_notAncmtMgtNo=136735,2026-09-17
고시,토지정보과,화성시 고시 제2025-723호,지적기준점 폐기 고시,2025-09-02,2025-09-05 ~ 2030-09-04,,,,https://www.hscity.go.kr/www/gosi/BD_selectNoticeDetail.do?q_notAncmtMgtNo=136807,2026-09-17
고시,교통정책과,화성시 고시 제2025-678호,"어린이, 노인보호구역 지정 및 해제(장안초 외 5개소)",2025-08-18,,,,,https://www.hscity.go.kr/www/gosi/BD_selectNoticeDetail.do?q_notAncmtMgtNo=136331,2026-09-16
일반공고,주택정책과,화성시 공고 제2025-3535호,도로지정 공고[산척동 675-60번지],2025-08-06,2026-07-22 ~ 2027-07-21,O,,,https://www.hscity.go.kr/www/gosi/BD_selectNoticeDetail.do?q_notAncmtMgtNo=135912,2026-09-16
일반공고,투자유치과,화성시 공고 제2025-3310호,화성 양감준산업단지(1공구) 준공인가(변경) 공고,2025-07-23,2025-10-02 ~ 2030-12-31,,,,https://www.hscity.go.kr/www/gosi/BD_selectNoticeDetail.do?q_notAncmtMgtNo=135505,2026-09-16
일반공고,도시개발과,화성시 공고 제2025-1362호,「동화지구 도시개발사업」 준공 전 공공시설 공용개시에 관한 공고 알림(중로 3-2호선 외 2개 노선),2025-03-25,2026-05-15 ~ 2026-12-31,,,,https://www.hscity.go.kr/www/gosi/BD_selectNoticeDetail.do?q_notAncmtMgtNo=131622,2026-09-16
일반공고,트램건설추진단,화성시 공고 제2025-816호,제안서 평가위원회 정성평가 결과 공고[동탄도시철도(트램) 건설사업 시스템엔지니어링(SE) 용역],2025-02-24,,O,트램,,https://www.hscity.go.kr/www/gosi/BD_selectNoticeDetail.do?q_notAncmtMgtNo=130536,2026-09-16
고시,지역경제과,화성시 고시 제2025-105호,준대규모점포 개설계획 예고[GS THE FRESH 화성비봉점],2025-02-10,2026-08-20 ~ 2026-09-28,,,,https://www.hscity.go.kr/www/gosi/BD_selectNoticeDetail.do?q_notAncmtMgtNo=130055,2026-09-16
일반공고,도시개발과,화성시 공고 제2025-433호,화성 병점복합타운 도시계획시설(근린공원1) 공사완료 공고,2025-01-31,2026-05-15 ~ 2026-12-31,,,,https://www.hscity.go.kr/www/gosi/BD_selectNoticeDetail.do?q_notAncmtMgtNo=129619,2026-09-16
고시,교통정책과,화성시 고시 제2025-7호,"어린이, 노인, 장애인보호구역 지정 및 해제 고시(쌍학3리경로당 외 9개소)",2025-01-03,,,,,https://www.hscity.go.kr/www/gosi/BD_selectNoticeDetail.do?q_notAncmtMgtNo=128733,2026-09-16
일반공고,트램건설추진단,화성시 공고 제2024-5044호,용역사업 집행계획 공고[동탄도시철도(트램) 건설사업 시스템엔지니어링(SE) 용역],2024-12-20,,O,트램,,https://www.hscity.go.kr/www/gosi/BD_selectNoticeDetail.do?q_notAncmtMgtNo=128303,2026-09-16
고시,철도전략과,화성시 고시 제2024-974호,서해선 복선전철 건설사업 환경영향평가 준공 알림,2024-12-05,,,,,https://www.hscity.go.kr/www/gosi/BD_selectNoticeDetail.do?q_notAncmtMgtNo=127738,2026-09-16
고시,교통정책과,화성시 고시 제2024-795호,어린이보호구역 지정 고시(치동초등학교 외 2개소),2024-10-04,,,,,https://www.hscity.go.kr/www/gosi/BD_selectNoticeDetail.do?q_notAncmtMgtNo=125713,2026-09-16
고시,건축과,화성시 고시 제2024-761호,도로지정공고(남양읍 남양리 612번지 등 4필지),2024-09-23,,,,,https://www.hscity.go.kr/www/gosi/BD_selectNoticeDetail.do?q_notAncmtMgtNo=125442,2026-09-16
고시,교통정책과,화성시 고시 제2024-718호,"어린이, 노인, 장애인보호구역 지정 고시(내리숲초등학교 외 7개소)",2024-09-10,,,,,https://www.hscity.go.kr/www/gosi/BD_selectNoticeDetail.do?q_notAncmtMgtNo=125092,2026-09-16
고시,건축과,화성시 고시 제2024-722호,도로지정 공고(남양읍 남양리 369번지 등 2필지),2024-09-09,,,,,https://www.hscity.go.kr/www/gosi/BD_selectNoticeDetail.do?q_notAncmtMgtNo=125127,2026-09-16
일반공고,교통정책과,화성시 공고 제2024-3337호,"어린이, 노인, 장애인보호구역 지정을 위한 행정예고(내리숲초등학교 외 7개소)",2024-08-20,,,,,https://www.hscity.go.kr/www/gosi/BD_selectNoticeDetail.do?q_notAncmtMgtNo=124541,2026-09-16
고시,건축과,화성시 고시 제2024-656호,도로지정변경공고(화성시 남양리 295-1번지),2024-08-14,,,,,https://www.hscity.go.kr/www/gosi/BD_selectNoticeDetail.do?q_notAncmtMgtNo=124463,2026-09-16
일반공고,도시개발과,화성시 공고 제2024-3298호,봉담 내리지구 도시개발사업 공사완료 공고,2024-08-14,2026-05-15 ~ 2026-12-31,,,,https://www.hscity.go.kr/www/gosi/BD_selectNoticeDetail.do?q_notAncmtMgtNo=124459,2026-09-16
고시,건축과,화성시 고시 제2024-642호,도로지정공고(향남읍 동오리 633번지),2024-08-09,,,,,https://www.hscity.go.kr/www/gosi/BD_selectNoticeDetail.do?q_notAncmtMgtNo=124327,2026-09-16
고시,건축과,화성시 고시 제2024-592호,도로지정공고[향남읍 관리 148-3번지],2024-07-22,,,,,https://www.hscity.go.kr/www/gosi/BD_selectNoticeDetail.do?q_notAncmtMgtNo=123787,2026-09-16
고시,건축과,화성시 고시 제2024-587호,도로지정변경공고(화성시 서신면 매화리 325-12번지 등 3필지,2024-07-18,,,,,https://www.hscity.go.kr/www/gosi/BD_selectNoticeDetail.do?q_notAncmtMgtNo=123720,2026-09-16
일반공고,도시개발과,화성시 공고 제2024-2476호,도시계획시설[도로] 사업 공사완료 공고[신남리 성장관리방안 시범지역 내 남양소로 2-19호선 개설공사],2024-06-24,2026-05-15 ~ 2026-12-31,,,,https://www.hscity.go.kr/www/gosi/BD_selectNoticeDetail.do?q_notAncmtMgtNo=122808,2026-09-16
일반공고,도시개발과,화성시 공고 제2024-2326호,"도시계획시설[대로2-1호선, 공공공지]사업 공사완료 공고[화성 병점복합타운 내 대로2-1호선, 공공공지]",2024-06-12,2026-05-15 ~ 2026-12-31,,,,https://www.hscity.go.kr/www/gosi/BD_selectNoticeDetail.do?q_notAncmtMgtNo=122468,2026-09-16
일반공고,도시개발과,화성시 공고 제2024-2116호,동화지구 도시개발사업 준공 전 공용개시에 관한 공고(중로2-4호선),2024-05-30,2026-05-15 ~ 2026-12-31,,,,https://www.hscity.go.kr/www/gosi/BD_selectNoticeDetail.do?q_notAncmtMgtNo=122033,2026-09-16
일반공고,투자유치과,화성시 공고 제2024-191호,『복합 해양레저관광도시 조성사업 마스터플랜 수립용역』 제안서 평가결과(정량・정성적 평가) 공고,2024-01-11,2025-10-02 ~ 2030-12-31,,,,https://www.hscity.go.kr/www/gosi/BD_selectNoticeDetail.do?q_notAncmtMgtNo=117701,2026-09-16
일반공고,토지정보과,화성시 공고 제2024-66호,일반측량업 신규등록 공고,2024-01-04,2026-04-28 ~ 2031-04-28,,,,https://www.hscity.go.kr/www/gosi/BD_selectNoticeDetail.do?q_notAncmtMgtNo=117373,2026-09-16
일반공고,토지정보과,화성시 공고 제2023-4028호,일반측량업 신규등록 공고,2023-11-09,2026-04-28 ~ 2031-04-28,,,,https://www.hscity.go.kr/www/gosi/BD_selectNoticeDetail.do?q_notAncmtMgtNo=115528,2026-09-07
고시,공공건축과,화성시 고시 제2023-566호,도시계획시설[공공청사]사업 공사완료 고시[화성시 농업기술센터 건립사업(2단계)],2023-07-12,,,,,https://www.hscity.go.kr/www/gosi/BD_selectNoticeDetail.do?q_notAncmtMgtNo=112089,2026-09-16
고시,공공건축과,화성시 고시 제2023-390호,도시계획시설[공공청사]사업 공사완료 공고[화성시 농업기술센터 건립사업(2단계)],2023-05-18,,,,,https://www.hscity.go.kr/www/gosi/BD_selectNoticeDetail.do?q_notAncmtMgtNo=110484,2026-09-16
일반공고,토지정보과,화성시 공고 제2022-4597호,2022.7.1.기준 개별공시지가 이의신청 및 개별공시지가 정정 결정 공시,2022-12-27,2026-04-28 ~ 2031-04-28,,,,https://www.hscity.go.kr/www/gosi/BD_selectNoticeDetail.do?q_notAncmtMgtNo=105512,2026-09-07
일반공고,토지정보과,화성시 공고 제2022-4189호,개별공시지가 정정 결정 공시,2022-11-23,2026-04-28 ~ 2031-04-28,,,,https://www.hscity.go.kr/www/gosi/BD_selectNoticeDetail.do?q_notAncmtMgtNo=104393,2026-09-07
일반공고,공공건축과,화성시 지역개발사업소 공공건축과 공고 제2022-3호,건설공사 안전점검 수행기관 지정 공고[향남 하길리 공영주차장(주차타워) 건립공사],2022-09-23,,,,,https://www.hscity.go.kr/www/gosi/BD_selectNoticeDetail.do?q_notAncmtMgtNo=102647,2026-09-16
일반공고,공공건축과,화성시 지역개발사업소 공고 제2022-2호,지방자치단체 청사 신축 내용 공고[동탄9동 행정복지센터 건립공사],2022-01-12,,O,,,https://www.hscity.go.kr/www/gosi/BD_selectNoticeDetail.do?q_notAncmtMgtNo=94819,2026-09-16
고시,교통정책과,화성시 고시 제2018-515호,어린이보호구역 지정 고시(치동초등학교 외1개소),2018-10-24,,,,,https://www.hscity.go.kr/www/gosi/BD_selectNoticeDetail.do?q_notAncmtMgtNo=62027,2026-09-16
고시,도시건축과,화성시 고시 제2018-497호,제3종시설물의 지정 고시,2018-10-08,,,,,https://www.hscity.go.kr/www/gosi/BD_selectNoticeDetail.do?q_notAncmtMgtNo=61735,2026-09-16
고시,교통정책과,화성시 고시 제2018-491호,노인보호구역 지정 고시(팔탄면 노하1리 경로당 외2개소),2018-10-04,,,,,https://www.hscity.go.kr/www/gosi/BD_selectNoticeDetail.do?q_notAncmtMgtNo=61667,2026-09-16
고시,교통정책과,화성시 고시 제2018-490호,어린이보호구역 지정 고시(왕배초등학교 및 동탄대로12길 일원 및 동탄신리천로1길 일원),2018-10-04,,O,,,https://www.hscity.go.kr/www/gosi/BD_selectNoticeDetail.do?q_notAncmtMgtNo=61666,2026-09-16
고시,도시계획상임기획단,화성시 고시 제2017-492호,제부로 광고물등 정비시범구역 지정 고시,2017-11-01,,,,,https://www.hscity.go.kr/www/gosi/BD_selectNoticeDetail.do?q_notAncmtMgtNo=54670,2026-09-16
일반공고,교통정책과,화성시 공고 제2017-3681호,주민등의 의견수렴 결과 및 반영여부_공개(인천발_KTX),2017-09-06,,,,,https://www.hscity.go.kr/www/gosi/BD_selectNoticeDetail.do?q_notAncmtMgtNo=53730,2026-09-16
일반공고,교통정책과,화성시 공고 제2017-3487호,서해선(홍성-송산) 복선전철 건설사업(화성시 12차) 수용재결신청서 열람공고,2017-08-29,,,,,https://www.hscity.go.kr/www/gosi/BD_selectNoticeDetail.do?q_notAncmtMgtNo=53594,2026-09-16
일반공고,도시계획상임기획단,화성시 공고 제2017-1736호,화성시 현수막 지정게시대・연립안내표지판 운영관리 위탁관리자 선정 공고,2017-06-16,2026-09-09 ~ 2026-10-16,,,,https://www.hscity.go.kr/www/gosi/BD_selectNoticeDetail.do?q_notAncmtMgtNo=52247,2026-09-16
일반공고,교통정책과,화성시 공고 제2017-898호,수용재결 신청에 따른 관계서류 열람 안내 공고,2017-03-29,,,,,https://www.hscity.go.kr/www/gosi/BD_selectNoticeDetail.do?q_notAncmtMgtNo=50938,2026-09-16
일반공고,교통정책과,화성시 공고 제2017-705호,정류소안내단말기(BIT) 상태감시 및 파손방지용 카메라 설치에 따른 행정예고,2017-03-10,,,,,https://www.hscity.go.kr/www/gosi/BD_selectNoticeDetail.do?q_notAncmtMgtNo=50609,2026-09-16
일반공고,교통정책과,화성시 공고 제2017-500호,화성시 향남 행정리 및 환승터미널 공영주차장 유료화 등 행정예고,2017-02-22,,,,,https://www.hscity.go.kr/www/gosi/BD_selectNoticeDetail.do?q_notAncmtMgtNo=50163,2026-09-16
고시,도시계획상임기획단,화성시 고시 제2017-35호,옥외광고물 등 정비시범구역 지정 및 표시제한완화 변경 고시,2017-01-20,,,,,https://www.hscity.go.kr/www/gosi/BD_selectNoticeDetail.do?q_notAncmtMgtNo=49753,2026-09-16
고시,도시계획상임기획단,화성시 고시 제2016-422호,옥외광고물 등 정비시범구역 지정 및 표시제한 완화 고시,2016-10-07,,,,,https://www.hscity.go.kr/www/gosi/BD_selectNoticeDetail.do?q_notAncmtMgtNo=48066,2026-09-16
일반공고,도시계획상임기획단,화성시 공고 제2016-2344호,옥외광고물 등 정비시범구역 지정 및 정비시범사업계획에 대한 주민의견 청취 공고,2016-08-04,2026-09-09 ~ 2026-10-16,,,,https://www.hscity.go.kr/www/gosi/BD_selectNoticeDetail.do?q_notAncmtMgtNo=47188,2026-09-16
고시,지역경제과,화성시 고시 제2016-116호,양감 준산업단지 지정(변경) 및 실시계획(변경) 승인 고시,2016-03-24,2026-08-20 ~ 2026-09-28,,,,https://www.hscity.go.kr/www/gosi/BD_selectNoticeDetail.do?q_notAncmtMgtNo=45028,2026-09-16
