출처,계획명,계획기간,단위,사업명,사업개요,총사업비,기투자,향후,이후,y1,y2,y3,y4,y5,기준연도,행,수집일
경기도_중기지방재정계획_2026-2030.pdf,중기지방재정계획,2026~2030,억원,의회운영(자체/직접 ),2026.01~2030.12,123,0,123,0,22,23,25,26,27,2026,2159,2026-09-20
경기도_중기지방재정계획_2026-2030.pdf,중기지방재정계획,2026~2030,억원,국내외 교류사업 추 진(자체/직접),2026. 1.~ 2030. 12.,37,0,37,0,7,7,7,7,7,2026,2213,2026-09-20
경기도_중기지방재정계획_2026-2030.pdf,중기지방재정계획,2026~2030,억원,지역상담소 운영(자 체/직접),기간 : 2026.1.~2030.12.,80,0,80,0,16,16,16,16,16,2026,2227,2026-09-20
경기도_중기지방재정계획_2026-2030.pdf,중기지방재정계획,2026~2030,억원,후생복지 지원(자체 /직접),기간:2026.1.~2030.12.,78,0,78,0,16,16,16,16,16,2026,2239,2026-09-20
경기도_중기지방재정계획_2026-2030.pdf,중기지방재정계획,2026~2030,억원,의정지원 기준경비( 자체/직접),기간:2025.01.~2030.12.,925,0,925,0,164,174,184,195,207,2026,2252,2026-09-20
경기도_중기지방재정계획_2026-2030.pdf,중기지방재정계획,2026~2030,억원,영상 및 언론매체 홍보(자체/직접),기간:2026.1. ~ 2030.12.,267,0,267,0,50,52,53,55,57,2026,2265,2026-09-20
경기도_중기지방재정계획_2026-2030.pdf,중기지방재정계획,2026~2030,억원,생활매체 의정홍보( 자체/직접),기간 : 2026.1.~2030.12.,57,0,57,0,11,11,11,12,12,2026,2305,2026-09-20
경기도_중기지방재정계획_2026-2030.pdf,중기지방재정계획,2026~2030,억원,미디어 홍보(자체/ 직접),기간 : 2026.1.~ 2030.12.,120,0,120,0,23,23,24,25,25,2026,2318,2026-09-20
경기도_중기지방재정계획_2026-2030.pdf,중기지방재정계획,2026~2030,억원,입법운영 지원(자체 /직접),2026.01~2030.12,10,0,10,0,2,2,2,2,2,2026,2334,2026-09-20
경기도_중기지방재정계획_2026-2030.pdf,중기지방재정계획,2026~2030,억원,입법정책위원회 운 영(자체/직접),2026.01~2030.12,1,0,1,0,0,0,0,0,0,2026,2350,2026-09-20
경기도_중기지방재정계획_2026-2030.pdf,중기지방재정계획,2026~2030,억원,지방자치분권 도민 홍보(자체/직접),2026.01~2030.12,16,0,16,0,3,3,3,3,3,2026,2364,2026-09-20
경기도_중기지방재정계획_2026-2030.pdf,중기지방재정계획,2026~2030,억원,연구활동 지원 심의 위원회 운영(자체/ 직접),2026.01~2030.12,2,0,2,0,0,0,0,0,0,2026,2407,2026-09-20
경기도_중기지방재정계획_2026-2030.pdf,중기지방재정계획,2026~2030,억원,의원 정책개발 연구 용역(자체/직접),2026.01~2030.12,39,0,39,0,8,8,8,8,8,2026,2422,2026-09-20
경기도_중기지방재정계획_2026-2030.pdf,중기지방재정계획,2026~2030,억원,의정지원정보센터 운영(자체/직접),2026.1~2030.12,4,0,4,0,1,1,1,1,1,2026,2433,2026-09-20
경기도_중기지방재정계획_2026-2030.pdf,중기지방재정계획,2026~2030,억원,자치분권 및 기관운 영 등 연구용역(자 체/직접),2026.01~2030.12,20,0,20,0,4,4,4,4,4,2026,2450,2026-09-20
경기도_중기지방재정계획_2026-2030.pdf,중기지방재정계획,2026~2030,억원,자치분권발전위원회 운영(자체/직접),2026.01~2030.12,2,0,2,0,0,0,0,0,0,2026,2465,2026-09-20
경기도_중기지방재정계획_2026-2030.pdf,중기지방재정계획,2026~2030,억원,경기도의회 소통활 성화 운영 지원(자 체/직접),2026.01. ~ 2030.12.,1,0,1,0,0,0,0,0,0,2026,2518,2026-09-20
경기도_중기지방재정계획_2026-2030.pdf,중기지방재정계획,2026~2030,억원,감사위원회 운영(자 체/직접),2026.1.~2030.12.,51,0,51,0,10,10,10,10,10,2026,2536,2026-09-20
경기도_중기지방재정계획_2026-2030.pdf,중기지방재정계획,2026~2030,억원,위원회 운영 및 도 정감시 활동 강화( 자체/직접),2026.1.~2030.12.,37,0,37,0,7,7,7,8,8,2026,2552,2026-09-20
경기도_중기지방재정계획_2026-2030.pdf,중기지방재정계획,2026~2030,억원,자 소  계 2026 2027 2028 2029 2030 광역행정 강화(자체 /직접),2025.1.~2029.12.,34,0,34,0,7,7,7,7,7,2026,2595,2026-09-20
경기도_중기지방재정계획_2026-2030.pdf,중기지방재정계획,2026~2030,억원,회계계약관리(자체/ 직접),기간:2026.01.~,33,0,33,0,6,6,7,7,7,2026,2612,2026-09-20
경기도_중기지방재정계획_2026-2030.pdf,중기지방재정계획,2026~2030,억원,대민활동비(자체/직 접),2026.01.~2030.12.,129,0,129,0,24,25,26,27,28,2026,2625,2026-09-20
경기도_중기지방재정계획_2026-2030.pdf,중기지방재정계획,2026~2030,억원,공유재산관리(자체/ 직접),기간:'26.1.~30.12.,172,0,172,0,33,34,34,35,35,2026,2639,2026-09-20
경기도_중기지방재정계획_2026-2030.pdf,중기지방재정계획,2026~2030,억원,안정적 청사 운영( 자체/직접),기간:'26. 1. ~ '30. 12.,527,0,527,0,103,104,105,106,107,2026,2689,2026-09-20
경기도_중기지방재정계획_2026-2030.pdf,중기지방재정계획,2026~2030,억원,차량유지관리(자체/ 직접),기간:'26. 1 ~ '30.12.,186,0,186,0,36,37,37,38,38,2026,2702,2026-09-20
경기도_중기지방재정계획_2026-2030.pdf,중기지방재정계획,2026~2030,억원,친환경 자동차 등 구매(국비/직접),기간:2026.1.~2030.12.,3,0,3,0,3,0,0,0,0,2026,2713,2026-09-20
경기도_중기지방재정계획_2026-2030.pdf,중기지방재정계획,2026~2030,억원,설비·전기 관리(자 체/직접),기간:'26.1.~'30.12.,296,0,296,0,59,59,59,60,60,2026,2724,2026-09-20
경기도_중기지방재정계획_2026-2030.pdf,중기지방재정계획,2026~2030,억원,옛청사 석면해체 및 개보수 공사(자체/ 직접),기간: '25.1.~27.6,154,0,154,0,54,100,0,0,0,2026,2738,2026-09-20
경기도_중기지방재정계획_2026-2030.pdf,중기지방재정계획,2026~2030,억원,북부청사 광장 운영 (자체/직접),기간:2026.1.~2030.12.,52,0,52,0,10,10,10,10,10,2026,2781,2026-09-20
경기도_중기지방재정계획_2026-2030.pdf,중기지방재정계획,2026~2030,억원,청사시설 유지보수( 자체/직접),2026.1.1.~2030.12.31.,263,0,263,0,50,51,53,54,56,2026,2795,2026-09-20
경기도_중기지방재정계획_2026-2030.pdf,중기지방재정계획,2026~2030,억원,공용차량 운행(자체 /직접),2026.1.1.~2030.12.31.,95,0,95,0,19,19,19,19,19,2026,2807,2026-09-20
경기도_중기지방재정계획_2026-2030.pdf,중기지방재정계획,2026~2030,억원,남북교류협력 및 통 일정책 활성화(자체 /직접),2026.01~2030.12,103,0,103,0,14,17,20,24,29,2026,2824,2026-09-20
경기도_중기지방재정계획_2026-2030.pdf,중기지방재정계획,2026~2030,억원,자 소  계 2026 2027 2028 2029 2030 공감 평화통일교육 추진(자체/직접),2026.01~2030.12,75,0,75,0,10,12,14,17,21,2026,2863,2026-09-20
경기도_중기지방재정계획_2026-2030.pdf,중기지방재정계획,2026~2030,억원,북한이탈주민 정착 지원 및 인식개선 사업(자체/직접),기간: 2026.01~2030.12,46,0,46,0,6,7,9,11,13,2026,2877,2026-09-20
경기도_중기지방재정계획_2026-2030.pdf,중기지방재정계획,2026~2030,억원,동반성장 활성화(자 체/직접),2025.1.~2029.12.,49,0,49,0,9,10,10,10,10,2026,2891,2026-09-20
경기도_중기지방재정계획_2026-2030.pdf,중기지방재정계획,2026~2030,억원,소비자권익 활성화 지원(자체/직접),기간:2026.1.~2030.12.,30,0,30,0,6,6,6,6,6,2026,2906,2026-09-20
경기도_중기지방재정계획_2026-2030.pdf,중기지방재정계획,2026~2030,억원,착한가격업소 활성 화 지원(국비/지원),2025.1.~2029.12.,49,0,49,0,9,10,10,10,10,2026,2919,2026-09-20
경기도_중기지방재정계획_2026-2030.pdf,중기지방재정계획,2026~2030,억원,소비자 정보센터 운 영(자체/직접),2025.1.~2029.12.,31,0,31,0,6,6,6,6,7,2026,2964,2026-09-20
경기도_중기지방재정계획_2026-2030.pdf,중기지방재정계획,2026~2030,억원,지방세정 운영(자체 /직접),2026.1.~2030.12.,88,0,88,0,18,18,18,18,18,2026,2981,2026-09-20
경기도_중기지방재정계획_2026-2030.pdf,중기지방재정계획,2026~2030,억원,지방세수증대 지원( 자체/지원),2026.1.~2030.12.,129,0,129,0,26,26,26,26,26,2026,2994,2026-09-20
경기도_중기지방재정계획_2026-2030.pdf,중기지방재정계획,2026~2030,억원,도세징수교부금(자 체/직접),2026.1.~2030.12.,14740,0,14740,0,2948,2948,2948,2948,2948,2026,3006,2026-09-20
경기도_중기지방재정계획_2026-2030.pdf,중기지방재정계획,2026~2030,억원,개별주택가격 조사 ·산정(국비/지원),2026.01.~2030.12.,145,0,145,0,29,29,29,29,29,2026,3054,2026-09-20
경기도_중기지방재정계획_2026-2030.pdf,중기지방재정계획,2026~2030,억원,"지방세, 세외수입 체납징수활동지원( 자체/지원)",2026~2030년,103,0,103,0,21,21,21,21,21,2026,3072,2026-09-20
경기도_중기지방재정계획_2026-2030.pdf,중기지방재정계획,2026~2030,억원,자동차임대사업 육 성 및 지원(자체/직 접),2026~2030년,255,0,255,0,51,51,51,51,51,2026,3083,2026-09-20
경기도_중기지방재정계획_2026-2030.pdf,중기지방재정계획,2026~2030,억원,신문사 등을 이용한 홍보(자체/직접),기간:2026.01 ~ 2030.12,273,0,273,0,53,54,55,55,56,2026,3100,2026-09-20
경기도_중기지방재정계획_2026-2030.pdf,중기지방재정계획,2026~2030,억원,방송 등을 이용한 홍보(자체/직접),기간:2026.01 ~ 2030.12,174,0,174,0,34,35,35,35,36,2026,3137,2026-09-20
경기도_중기지방재정계획_2026-2030.pdf,중기지방재정계획,2026~2030,억원,인터넷 언론을 이용 한 홍보(자체/직접),기간:2026.01 ~ 2030.12,82,0,82,0,16,16,16,17,17,2026,3148,2026-09-20
경기도_중기지방재정계획_2026-2030.pdf,중기지방재정계획,2026~2030,억원,북부 도정시책 기획 홍보(자체/직접),기간:2026.01 ~ 2030.12,97,0,97,0,19,19,19,20,20,2026,3159,2026-09-20
경기도_중기지방재정계획_2026-2030.pdf,중기지방재정계획,2026~2030,억원,여론수렴 강화(자체 /직접),기간:2026.01 ~ 2030.12,52,0,52,0,10,10,10,10,10,2026,3171,2026-09-20
경기도_중기지방재정계획_2026-2030.pdf,중기지방재정계획,2026~2030,억원,경기도정 여론조사( 자체/직접),2026.1.~2030.12.,57,0,57,0,11,11,11,12,12,2026,3184,2026-09-20
경기도_중기지방재정계획_2026-2030.pdf,중기지방재정계획,2026~2030,억원,도정홍보확산(자체/ 직접),기간:2026.1~2030.12.,59,0,59,0,11,12,12,12,12,2026,3225,2026-09-20
경기도_중기지방재정계획_2026-2030.pdf,중기지방재정계획,2026~2030,억원,도정홍보 활성화(자 체/직접),기간:2026.1~2030.12.,68,0,68,0,13,13,14,14,14,2026,3236,2026-09-20
경기도_중기지방재정계획_2026-2030.pdf,중기지방재정계획,2026~2030,억원,경기도 브랜드 관리 및 확산(자체/직접),기간:2026.1~2030.12.,62,0,62,0,12,12,12,13,13,2026,3246,2026-09-20
경기도_중기지방재정계획_2026-2030.pdf,중기지방재정계획,2026~2030,억원,광고제작 및 확산( 자체/직접),2026.01~2030.12.,134,0,134,0,26,27,27,27,27,2026,3261,2026-09-20
경기도_중기지방재정계획_2026-2030.pdf,중기지방재정계획,2026~2030,억원,뉴미디어 맞춤형 콘 텐츠 제작 배포(자 체/직접),기간 : 26.01.~30.12.,35,0,35,0,7,7,7,7,7,2026,3272,2026-09-20
경기도_중기지방재정계획_2026-2030.pdf,중기지방재정계획,2026~2030,억원,자 소  계 2026 2027 2028 2029 2030 도정소식지 발행(자 체/직접),2026.1.1.~2030.12.31.,42,0,42,0,8,8,8,8,8,2026,3309,2026-09-20
경기도_중기지방재정계획_2026-2030.pdf,중기지방재정계획,2026~2030,억원,옥외미디어 광고(자 체/직접),기간:2026.01~2030.12.,142,0,142,0,28,28,28,29,29,2026,3319,2026-09-20
경기도_중기지방재정계획_2026-2030.pdf,중기지방재정계획,2026~2030,억원,경기도 범죄피해자 보호·지원(자체/직 접),2026.1.~2030.12.,20,0,20,0,4,4,4,4,4,2026,3350,2026-09-20
경기도_중기지방재정계획_2026-2030.pdf,중기지방재정계획,2026~2030,억원,생활공감정책 추진( 국비/직접),2026.01.~2030.12.,1,0,1,0,0,0,0,0,0,2026,3406,2026-09-20
경기도_중기지방재정계획_2026-2030.pdf,중기지방재정계획,2026~2030,억원,도정 업무평가 인센 티브 제공(자체/직 접),2026.01.~2030.12.,20,0,20,0,4,4,4,4,4,2026,3427,2026-09-20
경기도_중기지방재정계획_2026-2030.pdf,중기지방재정계획,2026~2030,억원,국.도정 주요시책 추진 지원(자체/지 원),2026.01.~2030.12.,160,0,160,0,32,32,32,32,32,2026,3441,2026-09-20
경기도_중기지방재정계획_2026-2030.pdf,중기지방재정계획,2026~2030,억원,조정교부금지원(자 체/직접),기간:2026.1~2030.12,284902,0,284902,0,54856,55898,56960,58042,59145,2026,3495,2026-09-20
경기도_중기지방재정계획_2026-2030.pdf,중기지방재정계획,2026~2030,억원,지역상생발전기금출 연금(자체/직접),기간:2026.1~2030.12,20976,0,20976,0,3904,4044,4190,4341,4497,2026,3509,2026-09-20
경기도_중기지방재정계획_2026-2030.pdf,중기지방재정계획,2026~2030,억원,공공기관 경쟁력 강 화(자체/직접),2026.01.~2030.12.,47,0,47,0,9,9,12,9,9,2026,3525,2026-09-20
경기도_중기지방재정계획_2026-2030.pdf,중기지방재정계획,2026~2030,억원,특별사법경찰활동 활성화 지원(자체/ 직접),2026.01.01.~2030.12.31,94,0,94,0,17,18,19,20,20,2026,3581,2026-09-20
경기도_중기지방재정계획_2026-2030.pdf,중기지방재정계획,2026~2030,억원,공무원 인센티브 제 공(자체/직접),기간 : 2026.01.~2030.12.,78,0,78,0,14,15,16,16,17,2026,3612,2026-09-20
경기도_중기지방재정계획_2026-2030.pdf,중기지방재정계획,2026~2030,억원,후생복지 지원(자체 /직접),기간 : 2026.01.~,1608,0,1608,0,300,310,321,333,344,2026,3660,2026-09-20
경기도_중기지방재정계획_2026-2030.pdf,중기지방재정계획,2026~2030,억원,국경일 경축 행사( 자체/직접),기간 : 2026.01.~2030.12.,12,0,12,0,2,2,2,2,2,2026,3676,2026-09-20
경기도_중기지방재정계획_2026-2030.pdf,중기지방재정계획,2026~2030,억원,기록정보 관리(자체 /직접),기간 : 2025.01.~2029.12.,104,0,104,0,20,20,21,21,22,2026,3689,2026-09-20
경기도_중기지방재정계획_2026-2030.pdf,중기지방재정계획,2026~2030,억원,경기도기록원 설립( 자체/직접),기간 : 2020.01~2026.06,363,126,238,0,102,136,0,0,0,2026,3701,2026-09-20
경기도_중기지방재정계획_2026-2030.pdf,중기지방재정계획,2026~2030,억원,자치역량 기반구축( 자체/직접),2026. 1월 ~ 2030. 12월,47,0,47,0,9,9,9,10,10,2026,3743,2026-09-20
경기도_중기지방재정계획_2026-2030.pdf,중기지방재정계획,2026~2030,억원,장학사업 지원(자체 /직접),2026. 1월 ~ 2030. 12월,263,0,263,0,50,51,53,54,56,2026,3755,2026-09-20
경기도_중기지방재정계획_2026-2030.pdf,중기지방재정계획,2026~2030,억원,경기도 주민자치 활 성화 기반 구축(자 체/직접),기간:,5,0,5,0,1,1,1,1,1,2026,3769,2026-09-20
경기도_중기지방재정계획_2026-2030.pdf,중기지방재정계획,2026~2030,억원,성화 기반 구축(자 체/직접) 기간:,2025.01.~2029.12.,5,0,5,0,1,1,1,1,1,2026,3770,2026-09-20
경기도_중기지방재정계획_2026-2030.pdf,중기지방재정계획,2026~2030,억원,공정한 선거관리를 위한 경비지원(자체 /직접),2026. 1월 ~ 2030. 12월,816,0,816,0,816,0,0,0,0,2026,3782,2026-09-20
경기도_중기지방재정계획_2026-2030.pdf,중기지방재정계획,2026~2030,억원,경기도새마을회 지 원(자체/직접),2026. 1월 ~ 2030. 12월,60,0,60,0,10,11,12,13,14,2026,3795,2026-09-20
경기도_중기지방재정계획_2026-2030.pdf,중기지방재정계획,2026~2030,억원,자원봉사 활성화 기 반구축(자체/직접),2026. 1월 ~ 2030. 12월,400,0,400,0,80,80,80,80,80,2026,3845,2026-09-20
경기도_중기지방재정계획_2026-2030.pdf,중기지방재정계획,2026~2030,억원,자원봉사 코디네이 터 지원.육성(남부) (균특/지원),2026. 1월 ~ 2030. 12월,35,0,35,0,7,7,7,7,7,2026,3859,2026-09-20
경기도_중기지방재정계획_2026-2030.pdf,중기지방재정계획,2026~2030,억원,공정한 시험업무 추 진(자체/직접),2026~2030,141,0,141,0,24,26,28,30,32,2026,3880,2026-09-20
경기도_중기지방재정계획_2026-2030.pdf,중기지방재정계획,2026~2030,억원,국내교육 지원(자체 /직접),2026~2030,267,0,267,0,46,50,53,57,61,2026,3893,2026-09-20
경기도_중기지방재정계획_2026-2030.pdf,중기지방재정계획,2026~2030,억원,국외훈련 지원(자체 /직접),2026~2030,121,0,121,0,21,23,24,26,28,2026,3930,2026-09-20
경기도_중기지방재정계획_2026-2030.pdf,중기지방재정계획,2026~2030,억원,공무원 생활안정 지 원(자체/직접),2026~2030,79,0,79,0,13,14,16,17,19,2026,3941,2026-09-20
경기도_중기지방재정계획_2026-2030.pdf,중기지방재정계획,2026~2030,억원,여권사무 대행경비 지원(국비/지원),기간:2025.1.~2029.12.,51,0,51,0,9,10,10,11,11,2026,3957,2026-09-20
경기도_중기지방재정계획_2026-2030.pdf,중기지방재정계획,2026~2030,억원,군장병 위문공연(자 체/직접),2026.1.~2030.12.,20,0,20,0,4,4,4,4,4,2026,4011,2026-09-20
경기도_중기지방재정계획_2026-2030.pdf,중기지방재정계획,2026~2030,억원,군부대 주변지역 지 원(자체/지원),2025.1.~2029.12.,125,0,125,0,25,25,25,25,25,2026,4021,2026-09-20
경기도_중기지방재정계획_2026-2030.pdf,중기지방재정계획,2026~2030,억원,한미친선 교류협력( 자체/지원),2026.1.~2030.12.,33,0,33,0,7,7,7,7,7,2026,4033,2026-09-20
경기도_중기지방재정계획_2026-2030.pdf,중기지방재정계획,2026~2030,억원,주한미군 굿네이버 프로그램 지원(국비 /지원),2026.1~2030.12,30,0,30,0,6,6,6,6,6,2026,4047,2026-09-20
경기도_중기지방재정계획_2026-2030.pdf,중기지방재정계획,2026~2030,억원,주변지역 등 지원( 토지매입)(균특/지 원),2026.01 ~ 2030.12,21,0,21,0,21,0,0,0,0,2026,4094,2026-09-20
경기도_중기지방재정계획_2026-2030.pdf,중기지방재정계획,2026~2030,억원,주한미군 공여구역 주변지역 등 지원( 균특/지원),2026.1.~2030.12.,85,0,85,0,85,0,0,0,0,2026,4108,2026-09-20
경기도_중기지방재정계획_2026-2030.pdf,중기지방재정계획,2026~2030,억원,경기도 주한미군 반 환공여구역 개발(자 체/지원),2026.1.1.~2030.10.30.,1500,0,1500,0,300,300,300,300,300,2026,4122,2026-09-20
경기도_중기지방재정계획_2026-2030.pdf,중기지방재정계획,2026~2030,억원,경기도 주한미군 반 환공여구역 개발(자 체/지원),2026.1.1.~2030.10.30.,1500,0,1500,0,300,300,300,300,300,2026,4141,2026-09-20
경기도_중기지방재정계획_2026-2030.pdf,중기지방재정계획,2026~2030,억원,DMZ 콘서트(자체/직 접),기간: 2026.1.~2030.12.,46,0,46,0,9,9,9,9,9,2026,4160,2026-09-20
경기도_중기지방재정계획_2026-2030.pdf,중기지방재정계획,2026~2030,억원,자 소  계 2026 2027 2028 2029 2030 DMZ 전시(자체/직접 ),기간:2026.1.~2026.12.,18,0,18,0,4,4,4,4,4,2026,4201,2026-09-20
경기도_중기지방재정계획_2026-2030.pdf,중기지방재정계획,2026~2030,억원,DMZ 학술(자체/직접 ),기간:2026.1.~ 2030.12.,30,0,30,0,6,6,6,6,6,2026,4214,2026-09-20
경기도_중기지방재정계획_2026-2030.pdf,중기지방재정계획,2026~2030,억원,경기권 통일+(플러 스) 센터 운영(국비 /직접),기간:2022.01~2030.12,130,90,40,0,8,8,8,8,8,2026,4230,2026-09-20
경기도_중기지방재정계획_2026-2030.pdf,중기지방재정계획,2026~2030,억원,북한이탈주민 지역 적응센터 운영(국비 /직접),기간:2026.01.~2030.12.,103,0,103,0,21,21,21,21,21,2026,4247,2026-09-20
경기도_중기지방재정계획_2026-2030.pdf,중기지방재정계획,2026~2030,억원,비영리민간단체 공 익사업 지원(자체/ 직접),2026.1.~2030.12.,61,0,61,0,11,12,12,12,13,2026,4290,2026-09-20
경기도_중기지방재정계획_2026-2030.pdf,중기지방재정계획,2026~2030,억원,경기도 공익활동 촉 진 지원(자체/직접),2026.1~2030.12,104,0,104,0,19,20,21,21,22,2026,4302,2026-09-20
경기도_중기지방재정계획_2026-2030.pdf,중기지방재정계획,2026~2030,억원,경기도민 정책축제( 자체/직접),2026.1.~2030.12.,13,0,13,0,2,2,3,3,3,2026,4315,2026-09-20
경기도_중기지방재정계획_2026-2030.pdf,중기지방재정계획,2026~2030,억원,신산업·신기술 규 제샌드박스 지원사 업(자체/직접),2026.01~2030.12,48,0,48,0,10,10,10,10,10,2026,4331,2026-09-20
경기도_중기지방재정계획_2026-2030.pdf,중기지방재정계획,2026~2030,억원,정보화 운영 일반( 자체/직접),기간 : 2026년~2030년,28,0,28,0,5,5,6,6,6,2026,4347,2026-09-20
경기도_중기지방재정계획_2026-2030.pdf,중기지방재정계획,2026~2030,억원,경기 청소년 AI 성 장 바우처(자체/직 접),2026. 1.1. ~,210,0,210,0,42,42,42,42,42,2026,4390,2026-09-20
경기도_중기지방재정계획_2026-2030.pdf,중기지방재정계획,2026~2030,억원,경기도 마이데이터 통합 플랫폼 운영( 자체/직접),2026.1.1.~2030.12.31.,54,0,54,0,10,10,11,11,12,2026,4404,2026-09-20
경기도_중기지방재정계획_2026-2030.pdf,중기지방재정계획,2026~2030,억원,AI 기반 고독사 예 방 및 대응 서비스( 자체/직접),2026.1.1.~2030.12.31.,38,0,38,0,7,7,8,8,8,2026,4417,2026-09-20
경기도_중기지방재정계획_2026-2030.pdf,중기지방재정계획,2026~2030,억원,경기 AI 휴머노믹스 박람회(자체/직접),2026.1.1.~2030.12.31.,50,0,50,0,10,10,10,10,10,2026,4430,2026-09-20
경기도_중기지방재정계획_2026-2030.pdf,중기지방재정계획,2026~2030,억원,경기 AI글로벌 프런 티어 네트워크 구축 (자체/직접),2026~2030,50,0,50,0,10,10,10,10,10,2026,4444,2026-09-20
경기도_중기지방재정계획_2026-2030.pdf,중기지방재정계획,2026~2030,억원,AI 글로벌 챌린지 프로그램(자체/직접 ),기간 : 2026.1.~2030.12.,63,0,63,0,13,13,13,13,13,2026,4486,2026-09-20
경기도_중기지방재정계획_2026-2030.pdf,중기지방재정계획,2026~2030,억원,경기도 도민체감형 AI 실증 사업(자체/ 직접),기간: 2026.1.~2030.12.,65,0,65,0,13,13,13,13,13,2026,4501,2026-09-20
경기도_중기지방재정계획_2026-2030.pdf,중기지방재정계획,2026~2030,억원,경기도 피지컬 AI Lab 구축 및 운영( 자체/직접),기간 : 2026.1.~2030.12.,50,0,50,0,10,10,10,10,10,2026,4515,2026-09-20
경기도_중기지방재정계획_2026-2030.pdf,중기지방재정계획,2026~2030,억원,경기 AI 혁신 클러 스터 조성 사업(자 체/직접),기간: 2026.1.~2030.12.,125,0,125,0,25,25,25,25,25,2026,4530,2026-09-20
경기도_중기지방재정계획_2026-2030.pdf,중기지방재정계획,2026~2030,억원,인공지능 인재양성( 자체/직접),기간: 2026.1.~2030.12.,65,0,65,0,13,13,13,13,13,2026,4544,2026-09-20
경기도_중기지방재정계획_2026-2030.pdf,중기지방재정계획,2026~2030,억원,래채움 사업(자체/ 직접)(국가직접지원 ),기간: 2026.1.~2030.12.,63,0,63,0,13,13,13,13,13,2026,4584,2026-09-20
경기도_중기지방재정계획_2026-2030.pdf,중기지방재정계획,2026~2030,억원,정보통신보조기기 지원(균특/직접),기간: 2026.1.~2030.12.,75,0,75,0,15,15,15,15,15,2026,4602,2026-09-20
경기도_중기지방재정계획_2026-2030.pdf,중기지방재정계획,2026~2030,억원,디지털 배움터(균특 /직접),기간: 2026.1.~2030.12.,1156,0,1156,0,55,55,55,495,495,2026,4621,2026-09-20
경기도_중기지방재정계획_2026-2030.pdf,중기지방재정계획,2026~2030,억원,스마트빌리지 보급 및 확산 사업(균특/ 지원),2026.1.1.~2030.12.31.,500,0,500,0,100,100,100,100,100,2026,4645,2026-09-20
경기도_중기지방재정계획_2026-2030.pdf,중기지방재정계획,2026~2030,억원,자 소  계 2026 2027 2028 2029 2030 인터넷정보 운영(자 체/직접),2026.1.~2030.12.,52,0,52,0,13,13,13,13,0,2026,4689,2026-09-20
경기도_중기지방재정계획_2026-2030.pdf,중기지방재정계획,2026~2030,억원,경기도 홈페이지 생 성형 AI 챗봇서비스 운영(자체/직접),2026.1.1. ~ 2030.12.31.,24,4,20,0,5,5,5,5,0,2026,4701,2026-09-20
경기도_중기지방재정계획_2026-2030.pdf,중기지방재정계획,2026~2030,억원,경기 생성형 AI 플 랫폼 확대 구축(자 체/직접),2026.1.1.~2030.12.31.,105,0,105,0,53,13,13,13,13,2026,4715,2026-09-20
경기도_중기지방재정계획_2026-2030.pdf,중기지방재정계획,2026~2030,억원,인구/소비 분석 시 스템 운영(자체/직 접),2025.1.1.~2029.12.31.,72,0,72,0,14,13,14,15,15,2026,4729,2026-09-20
경기도_중기지방재정계획_2026-2030.pdf,중기지방재정계획,2026~2030,억원,교류협력 운영(자체 /직접),2026. 1. ~ 2030. 12.,51,0,51,0,10,10,10,10,11,2026,4840,2026-09-20
경기도_중기지방재정계획_2026-2030.pdf,중기지방재정계획,2026~2030,억원,경기국제포럼 운영( 자체/직접),2026. 1. ~ 2030. 12.,25,0,25,0,5,5,5,5,5,2026,4880,2026-09-20
경기도_중기지방재정계획_2026-2030.pdf,중기지방재정계획,2026~2030,억원,국제개발협력사업( 자체/직접),2026.01.~2030.12.,101,0,101,0,18,19,20,21,22,2026,4895,2026-09-20
경기도_중기지방재정계획_2026-2030.pdf,중기지방재정계획,2026~2030,억원,마을공동체 활동 지 원(자체/직접),2026.1.~2030.12.,11,0,11,0,2,2,2,2,2,2026,4911,2026-09-20
경기도_중기지방재정계획_2026-2030.pdf,중기지방재정계획,2026~2030,억원,경기도마을공동체지 원센터 운영(자체/ 직접),기간:2025.1~2029.12.,196,0,196,0,37,38,39,40,42,2026,4926,2026-09-20
경기도_중기지방재정계획_2026-2030.pdf,중기지방재정계획,2026~2030,억원,경기도형 아동돌봄 공동체 지원사업(자 체/지원),2025.1.1.~2029.12.31.,5,0,5,0,1,1,1,1,1,2026,4977,2026-09-20
경기도_중기지방재정계획_2026-2030.pdf,중기지방재정계획,2026~2030,억원,경기도형 아동돌봄 공동체 역량강화 지 원사업(자체/직접),2026.1.~2030.12.,2,0,2,0,0,0,0,0,0,2026,4990,2026-09-20
경기도_중기지방재정계획_2026-2030.pdf,중기지방재정계획,2026~2030,억원,마을공동체 주민제 안 공모사업(자체/ 지원),기간: 2026.1~2030.12,49,0,49,0,10,10,10,10,10,2026,5003,2026-09-20
경기도_중기지방재정계획_2026-2030.pdf,중기지방재정계획,2026~2030,억원,청정계곡 복원지역 유지관리 사업(자체 /지원),기간:2026.1~2030.12,34,0,34,0,7,7,7,7,7,2026,5019,2026-09-20
경기도_중기지방재정계획_2026-2030.pdf,중기지방재정계획,2026~2030,억원,경기 행복마을관리 소 운영 지원(자체/ 직접),기간 : 2026.1.~2030.12.,2,0,2,0,0,0,0,0,0,2026,5074,2026-09-20
경기도_중기지방재정계획_2026-2030.pdf,중기지방재정계획,2026~2030,억원,경기 행복마을관리 소 설치 운영(자체/ 지원),2026.1~2030.12,131,0,131,0,26,26,26,26,26,2026,5089,2026-09-20
경기도_중기지방재정계획_2026-2030.pdf,중기지방재정계획,2026~2030,억원,청사시설 유지관리( 자체/직접),기간:2025.01~2029.12,282,0,282,0,52,54,56,59,61,2026,5106,2026-09-20
경기도_중기지방재정계획_2026-2030.pdf,중기지방재정계획,2026~2030,억원,차량 유지관리(자체 /직접),기간:2026.01~2030.12,35,0,35,0,7,7,7,7,7,2026,5117,2026-09-20
경기도_중기지방재정계획_2026-2030.pdf,중기지방재정계획,2026~2030,억원,AI기반 의정플랫폼 구축(자체/직접),2026. 1. ~ 2030. 12.,309,0,309,0,62,62,62,62,62,2026,5155,2026-09-20
경기도_중기지방재정계획_2026-2030.pdf,중기지방재정계획,2026~2030,억원,정보통신 유지관리( 자체/직접),2026.01~2030.12,37,0,37,0,7,7,7,7,7,2026,5166,2026-09-20
경기도_중기지방재정계획_2026-2030.pdf,중기지방재정계획,2026~2030,억원,청사설비 효율적 관 리(자체/직접),2026.01.~2030.12.,46,0,46,0,9,9,9,10,10,2026,5179,2026-09-20
경기도_중기지방재정계획_2026-2030.pdf,중기지방재정계획,2026~2030,억원,경기융합타운 경기 정원 조성사업(자체 /직접),2020.06~2024.12,1155,1155,0,0,0,0,0,0,0,2026,5252,2026-09-20
경기도_중기지방재정계획_2026-2030.pdf,중기지방재정계획,2026~2030,억원,자치경찰제 활성화 기반 구축(자체/직 접),2026.1.1.~2030.12.31.,3,0,3,0,1,1,1,1,1,2026,5266,2026-09-20
경기도_중기지방재정계획_2026-2030.pdf,중기지방재정계획,2026~2030,억원,자치경찰사무 담당 공무원 등 후생복지 지원(자체/직접),2026.1.1. ~ 2030.12.31.,331,0,331,0,66,66,66,66,66,2026,5278,2026-09-20
경기도_중기지방재정계획_2026-2030.pdf,중기지방재정계획,2026~2030,억원,협업치안 인프라 강 화(남부)(전환)(자 체/직접),기간: 2026.1.~2030.12.,83,0,83,0,16,16,17,17,18,2026,5336,2026-09-20
경기도_중기지방재정계획_2026-2030.pdf,중기지방재정계획,2026~2030,억원,범죄예방관리구역 인프라 강화(남부)( 전환)(자체/직접),기간: 2026.1.~2030.12.,78,0,78,0,15,15,16,16,17,2026,5349,2026-09-20
경기도_중기지방재정계획_2026-2030.pdf,중기지방재정계획,2026~2030,억원,위기청소년 선도(남 부)(전환)(자체/직 접),기간: 2026.1.~2030.12.,59,0,59,0,11,11,12,12,12,2026,5362,2026-09-20
경기도_중기지방재정계획_2026-2030.pdf,중기지방재정계획,2026~2030,억원,아동안전지킴이 운 영 및 활동(남부)( 전환)(자체/직접),기간: 2026.1.~2030.12.,529,0,529,0,100,103,106,109,112,2026,5374,2026-09-20
경기도_중기지방재정계획_2026-2030.pdf,중기지방재정계획,2026~2030,억원,무인단속장비 운영( 남부)(전환)(자체/ 직접),기간: 2026.1.~2030.12.,519,0,519,0,98,101,104,107,110,2026,5413,2026-09-20
경기도_중기지방재정계획_2026-2030.pdf,중기지방재정계획,2026~2030,억원,협업치안 인프라 강 화(북부)(전환)(자 체/직접),2026.01~2030.12,49,0,49,0,9,10,10,10,10,2026,5428,2026-09-20
경기도_중기지방재정계획_2026-2030.pdf,중기지방재정계획,2026~2030,억원,범죄예방관리구역 인프라 강화(북부)( 전환)(자체/직접),2026.01~2030.12,42,0,42,0,8,8,8,9,9,2026,5443,2026-09-20
경기도_중기지방재정계획_2026-2030.pdf,중기지방재정계획,2026~2030,억원,아동안전지킴이 운 영 및 활동(북부)( 전환)(자체/직접),2026.01~2030.12,106,0,106,0,20,21,21,22,23,2026,5457,2026-09-20
경기도_중기지방재정계획_2026-2030.pdf,중기지방재정계획,2026~2030,억원,아동안전지킴이 운 영 및 활동(북부)( 자체/직접),2026.01~2030.12,120,0,120,0,24,24,24,24,24,2026,5471,2026-09-20
경기도_중기지방재정계획_2026-2030.pdf,중기지방재정계획,2026~2030,억원,무인단속장비 구매( 북부)(전환)(자체/ 직접),2026.01~2030.12,97,0,97,0,18,19,19,20,21,2026,5522,2026-09-20
경기도_중기지방재정계획_2026-2030.pdf,중기지방재정계획,2026~2030,억원,경기도 안전환경 조 성사업(소방안전/지 원),2026.01.01.~2030.12.31,484,0,484,0,88,92,96,101,106,2026,5538,2026-09-20
경기도_중기지방재정계획_2026-2030.pdf,중기지방재정계획,2026~2030,억원,경기북부(파주) 국 민안전체험관 건립( 소방안전/직접),2026.01.01.~2028.12.31,269,2,267,0,80,97,90,0,0,2026,5556,2026-09-20
경기도_중기지방재정계획_2026-2030.pdf,중기지방재정계획,2026~2030,억원,경기북부(의정부) 국민안전체험관 건 립(소방안전/직접),2026.01.01.~2029.12.31,269,16,253,0,28,60,87,79,0,2026,5573,2026-09-20
경기도_중기지방재정계획_2026-2030.pdf,중기지방재정계획,2026~2030,억원,안산 세월호 추모시 설 건립 사업비 지 원(국비/지원),기간:,660,247,413,0,220,193,0,0,0,2026,5620,2026-09-20
경기도_중기지방재정계획_2026-2030.pdf,중기지방재정계획,2026~2030,억원,설 건립 사업비 지 원(국비/지원) 기간:,2020.01.~2026.12.,660,247,413,0,220,193,0,0,0,2026,5621,2026-09-20
경기도_중기지방재정계획_2026-2030.pdf,중기지방재정계획,2026~2030,억원,재난재해 긴급조치 및 응급복구(자체/ 지원),기간: 2025.01~2029.12,2009,0,2009,0,364,382,401,421,442,2026,5639,2026-09-20
경기도_중기지방재정계획_2026-2030.pdf,중기지방재정계획,2026~2030,억원,등 재해예방사업 보 수·보강(자체/지원 ),기간: 2025.1~2029.12,716,0,716,0,130,136,143,150,157,2026,5654,2026-09-20
경기도_중기지방재정계획_2026-2030.pdf,중기지방재정계획,2026~2030,억원,등 재해예방사업 보 수·보강(자체/직접 ),기간: 2025.01~2029.12,456,0,456,0,82,87,91,95,100,2026,5669,2026-09-20
경기도_중기지방재정계획_2026-2030.pdf,중기지방재정계획,2026~2030,억원,재난안전대책본부 상황실 운영관리(자 체/직접),2026.01 ~2030.12,83,0,83,0,16,16,17,17,17,2026,5709,2026-09-20
경기도_중기지방재정계획_2026-2030.pdf,중기지방재정계획,2026~2030,억원,우수유출저감시설 설치사업(균특/지원 ),2025.1~2029.12,228,10,218,0,10,75,72,62,0,2026,5726,2026-09-20
경기도_중기지방재정계획_2026-2030.pdf,중기지방재정계획,2026~2030,억원,자연재해위험개선지 구 정비사업(균특/ 지원),2026.1.~2030.12.,3078,0,3078,0,504,555,610,671,738,2026,5745,2026-09-20
경기도_중기지방재정계획_2026-2030.pdf,중기지방재정계획,2026~2030,억원,풍수해 생활권 종합 정비사업(균특/지원 ),기간:2026.01~2030.12,2390,0,2390,0,392,431,474,521,573,2026,5788,2026-09-20
경기도_중기지방재정계획_2026-2030.pdf,중기지방재정계획,2026~2030,억원,급경사지 붕괴위험 지역 정비사업(균특 /지원),2026.1.~2030.12.,276,0,276,0,55,55,55,55,55,2026,5806,2026-09-20
경기도_중기지방재정계획_2026-2030.pdf,중기지방재정계획,2026~2030,억원,복지지원(자체/직접 ),2026.1.1.~2030.12.31.,1983,0,1983,0,359,377,396,415,436,2026,5825,2026-09-20
경기도_중기지방재정계획_2026-2030.pdf,중기지방재정계획,2026~2030,억원,공무원 인센티브 제 공(자체/직접),2026.1.1.~2030.12.31.,75,0,75,0,14,14,15,16,17,2026,5872,2026-09-20
경기도_중기지방재정계획_2026-2030.pdf,중기지방재정계획,2026~2030,억원,소방공무원 찾아가 는 상담실(국비/직 접),2026.1.1.~2030.12.31.,58,0,58,0,11,11,12,12,13,2026,5888,2026-09-20
경기도_중기지방재정계획_2026-2030.pdf,중기지방재정계획,2026~2030,억원,경기119마음건강센 터 운영(자체/직접),2026.01.01~2030.12.31,61,0,61,0,11,12,12,13,13,2026,5903,2026-09-20
경기도_중기지방재정계획_2026-2030.pdf,중기지방재정계획,2026~2030,억원,기관공통운영경비의 효율적 지원(자체/ 직접),2026.1.1.~2030.12.31.,111,0,111,0,20,21,22,23,24,2026,5918,2026-09-20
경기도_중기지방재정계획_2026-2030.pdf,중기지방재정계획,2026~2030,억원,자 소  계 2026 2027 2028 2029 2030 소방공무원 생활안 정 지원(자체/직접),2026.1.1.~2030.12.31.,74,0,74,0,13,14,15,15,16,2026,5958,2026-09-20
경기도_중기지방재정계획_2026-2030.pdf,중기지방재정계획,2026~2030,억원,의용소방대 활성화( 자체/직접),2026.1.1.~2030.12.31.,42,0,42,0,8,8,8,9,9,2026,5975,2026-09-20
경기도_중기지방재정계획_2026-2030.pdf,중기지방재정계획,2026~2030,억원,소방용수시설 보강( 자체/지원),2026.1.1.~2030.12.31.,120,0,120,0,22,23,24,25,26,2026,5989,2026-09-20
경기도_중기지방재정계획_2026-2030.pdf,중기지방재정계획,2026~2030,억원,의료지도의사 운영( 기금/직접),2025.1.1.~2029.12.31.,73,0,73,0,13,14,15,15,16,2026,6001,2026-09-20
경기도_중기지방재정계획_2026-2030.pdf,중기지방재정계획,2026~2030,억원,소방서 노후 업무용 컴퓨터 교체(자체/ 직접),2026.1.1~2030.12.31.,41,0,41,0,8,8,8,9,9,2026,6042,2026-09-20
경기도_중기지방재정계획_2026-2030.pdf,중기지방재정계획,2026~2030,억원,정품 소프트웨어 라 이선스 구입(자체/ 직접),2026.01~2030.12,58,0,58,0,11,11,12,12,13,2026,6053,2026-09-20
경기도_중기지방재정계획_2026-2030.pdf,중기지방재정계획,2026~2030,억원,정보통신망 서비스 운영지원(자체/직접 ),2026.01~2030.12,554,0,554,0,100,105,111,116,122,2026,6065,2026-09-20
경기도_중기지방재정계획_2026-2030.pdf,중기지방재정계획,2026~2030,억원,인사운영 효율적 지 원(자체/직접),2026. 1. ~ 2030. 12.,16,0,16,0,3,3,3,3,4,2026,6079,2026-09-20
경기도_중기지방재정계획_2026-2030.pdf,중기지방재정계획,2026~2030,억원,자 소  계 2026 2027 2028 2029 2030 기간제 근로자 운영 (자체/직접),기간: 2026. 1. ~ 2030.,745,0,745,0,135,142,149,156,164,2026,6118,2026-09-20
경기도_중기지방재정계획_2026-2030.pdf,중기지방재정계획,2026~2030,억원,소방보조인력 양성 및 운영(국비/직접),2026. 1. ~ 2030 .12,298,0,298,0,54,57,59,62,66,2026,6131,2026-09-20
경기도_중기지방재정계획_2026-2030.pdf,중기지방재정계획,2026~2030,억원,사회복무요원 운영( 자체/직접),기간:2026. 1. ~ 2030.,36,0,36,0,6,7,7,8,8,2026,6143,2026-09-20
경기도_중기지방재정계획_2026-2030.pdf,중기지방재정계획,2026~2030,억원,소방공무원 전문능 력 개발(자체/직접),2026. 1. ~ 2030. 12,151,0,151,0,27,29,30,32,33,2026,6157,2026-09-20
경기도_중기지방재정계획_2026-2030.pdf,중기지방재정계획,2026~2030,억원,안전취약계층 주택 용소방시설 보급(자 체/직접),2026-01-01~2030-12-31,14,0,14,0,2,3,3,3,3,2026,6174,2026-09-20
경기도_중기지방재정계획_2026-2030.pdf,중기지방재정계획,2026~2030,억원,소방공무원 인건비( 소방안전/직접),2026-01-01 ~ 2030-12-31,4421,0,4421,0,800,840,882,926,972,2026,6217,2026-09-20
경기도_중기지방재정계획_2026-2030.pdf,중기지방재정계획,2026~2030,억원,직무수행경비(자체/ 직접),2026-01-01 ~ 2030-12-31,2233,0,2233,0,404,424,446,468,491,2026,6231,2026-09-20
경기도_중기지방재정계획_2026-2030.pdf,중기지방재정계획,2026~2030,억원,관사 및 생활관 운 영(자체/직접),2026-01-01 ~ 2030-12-31,4,0,4,0,1,1,1,1,1,2026,6247,2026-09-20
경기도_중기지방재정계획_2026-2030.pdf,중기지방재정계획,2026~2030,억원,소방차량 보강(소방 안전/직접),2025-01-01 ~ 2029-12-31,1169,0,1169,0,212,222,233,245,257,2026,6263,2026-09-20
경기도_중기지방재정계획_2026-2030.pdf,중기지방재정계획,2026~2030,억원,소방차량 보강(자체 /직접),2025-01-01 ~ 2030-12-31,16,0,16,0,3,3,3,3,4,2026,6319,2026-09-20
경기도_중기지방재정계획_2026-2030.pdf,중기지방재정계획,2026~2030,억원,화재진압장비보강( 소방안전/직접),2026.01.01.~2030.12.31,55,0,55,0,10,11,11,12,12,2026,6335,2026-09-20
경기도_중기지방재정계획_2026-2030.pdf,중기지방재정계획,2026~2030,억원,구조장비 보강(소방 안전/직접),2026.1.1.~2030.12.31.,221,0,221,0,40,42,44,46,49,2026,6347,2026-09-20
경기도_중기지방재정계획_2026-2030.pdf,중기지방재정계획,2026~2030,억원,119구급대지원(기금 /직접),2025.1.~2029.12.,445,0,445,0,80,84,89,93,98,2026,6359,2026-09-20
경기도_중기지방재정계획_2026-2030.pdf,중기지방재정계획,2026~2030,억원,특수목적 음압구급 차 보강(기금/직접),2026-01-01 ~ 2030-12-31,153,0,153,0,28,29,30,32,34,2026,6375,2026-09-20
경기도_중기지방재정계획_2026-2030.pdf,중기지방재정계획,2026~2030,억원,전문구급장비 보강( 소방안전/직접),기간:2026.01.01.~,171,0,171,0,31,32,34,36,38,2026,6418,2026-09-20
경기도_중기지방재정계획_2026-2030.pdf,중기지방재정계획,2026~2030,억원,소방장비 보강(자체 /직접),2026.01.01~2030.12.31.,99,0,99,0,18,19,20,21,22,2026,6429,2026-09-20
경기도_중기지방재정계획_2026-2030.pdf,중기지방재정계획,2026~2030,억원,소방관서 신축 및 이전(자체/직접),기간:2026.01.01~,1151,0,1151,0,10,242,269,299,331,2026,6445,2026-09-20
경기도_중기지방재정계획_2026-2030.pdf,중기지방재정계획,2026~2030,억원,소방관서 신축 및 이전(자체/직접),2024.01.01.~2026.12.31,99,99,0,0,0,0,0,0,0,2026,6461,2026-09-20
경기도_중기지방재정계획_2026-2030.pdf,중기지방재정계획,2026~2030,억원,소방관서 신축 및 이전(자체/직접),기간:2021.01~,443,346,98,0,98,0,0,0,0,2026,6510,2026-09-20
경기도_중기지방재정계획_2026-2030.pdf,중기지방재정계획,2026~2030,억원,소방관서 신축 및 이전(자체/직접),기간:2021.01~2026.12,66,66,0,0,0,0,0,0,0,2026,6521,2026-09-20
경기도_중기지방재정계획_2026-2030.pdf,중기지방재정계획,2026~2030,억원,소방관서 신축 및 이전(자체/직접),2024.1.1.~2026.12.31.,129,105,24,0,24,0,0,0,0,2026,6536,2026-09-20
경기도_중기지방재정계획_2026-2030.pdf,중기지방재정계획,2026~2030,억원,소방관서 신축 및 이전(자체/직접),기간 : 2020. 01~2024.12,58,58,0,0,0,0,0,0,0,2026,6546,2026-09-20
경기도_중기지방재정계획_2026-2030.pdf,중기지방재정계획,2026~2030,억원,소방관서 신축 및 이전(자체/직접),2021-09-01~2027-12-31,248,246,2,0,2,0,0,0,0,2026,6556,2026-09-20
경기도_중기지방재정계획_2026-2030.pdf,중기지방재정계획,2026~2030,억원,기관공통운영경비의 효율적 지원(자체/ 직접),2026.01.~2030.12.,55,0,55,0,10,11,11,12,12,2026,6600,2026-09-20
경기도_중기지방재정계획_2026-2030.pdf,중기지방재정계획,2026~2030,억원,경기도소방학교 북 부캠퍼스 건립(자체 /직접),2024.10. ~ 2029.10.,493,53,440,0,30,115,119,176,0,2026,6616,2026-09-20
경기도_중기지방재정계획_2026-2030.pdf,중기지방재정계획,2026~2030,억원,정보통신망 서비스 운영지원(자체/직접 ),2026.01.~2030.12.31,136,0,136,0,25,26,27,29,30,2026,6629,2026-09-20
경기도_중기지방재정계획_2026-2030.pdf,중기지방재정계획,2026~2030,억원,청사 및 교육시설 개선(자체/직접),2026.1.~2030.12.,96,0,96,0,17,18,19,20,21,2026,6644,2026-09-20
경기도_중기지방재정계획_2026-2030.pdf,중기지방재정계획,2026~2030,억원,자 소  계 2026 2027 2028 2029 2030 소방공무원 제복 지 급(자체/직접),2025-01-01 ~ 2029-12-31,44,0,44,0,8,8,9,9,10,2026,6683,2026-09-20
경기도_중기지방재정계획_2026-2030.pdf,중기지방재정계획,2026~2030,억원,교육훈련 체계적 운 영(자체/직접),2026-01-01~2030-12-31,65,0,65,0,12,12,13,14,14,2026,6699,2026-09-20
경기도_중기지방재정계획_2026-2030.pdf,중기지방재정계획,2026~2030,억원,교육훈련 장비보강( 소방안전/직접),2026.1.~2030.12.,39,0,39,0,7,7,8,8,8,2026,6711,2026-09-20
경기도_중기지방재정계획_2026-2030.pdf,중기지방재정계획,2026~2030,억원,현장지휘역량센터 운영(자체/직접),2026.1.~2030.12.,13,0,13,0,2,2,3,3,3,2026,6723,2026-09-20
경기도_중기지방재정계획_2026-2030.pdf,중기지방재정계획,2026~2030,억원,소방항공대 운영(자 체/직접),기간 : 2026.01~2030.12,201,0,201,0,36,38,40,42,44,2026,6735,2026-09-20
경기도_중기지방재정계획_2026-2030.pdf,중기지방재정계획,2026~2030,억원,소방헬기 교체(소방 안전/직접),기간 : 2026.01~2030.12,624,524,100,0,100,0,0,0,0,2026,6774,2026-09-20
경기도_중기지방재정계획_2026-2030.pdf,중기지방재정계획,2026~2030,억원,소방청사관리(자체/ 직접),기간:2022.01~2026.12,1,0,1,0,0,0,0,0,0,2026,6805,2026-09-20
경기도_중기지방재정계획_2026-2030.pdf,중기지방재정계획,2026~2030,억원,안전체험시설 설치 및 운영(자체/직접),2023.01. ~ 2027.12.,1,0,1,0,0,0,0,0,0,2026,6819,2026-09-20
경기도_중기지방재정계획_2026-2030.pdf,중기지방재정계획,2026~2030,억원,소방관서 증축(자체 /직접),2025. 1. ~ 2026. 12.,106,0,106,0,19,20,21,22,23,2026,6860,2026-09-20
경기도_중기지방재정계획_2026-2030.pdf,중기지방재정계획,2026~2030,억원,소방관서 증축(자체 /직접),2026.1.1~2030.12.31,11,0,11,0,2,2,2,2,2,2026,6873,2026-09-20
경기도_중기지방재정계획_2026-2030.pdf,중기지방재정계획,2026~2030,억원,자 소  계 2026 2027 2028 2029 2030 의용소방대 활성화( 자체/직접),2025. 1. 1. ~ 2029. 12.31,39,0,39,0,7,7,8,8,9,2026,6921,2026-09-20
경기도_중기지방재정계획_2026-2030.pdf,중기지방재정계획,2026~2030,억원,소방청사관리(소방 안전/직접),기간:2022.01~2026.12,15,0,15,0,3,3,3,3,3,2026,6938,2026-09-20
경기도_중기지방재정계획_2026-2030.pdf,중기지방재정계획,2026~2030,억원,소방청사관리(소방 안전/직접),기간:2026.01~2030.12,17,0,17,0,3,3,3,4,4,2026,6949,2026-09-20
경기도_중기지방재정계획_2026-2030.pdf,중기지방재정계획,2026~2030,억원,소방관서 증축(자체 /직접),2026.1.~2030.12.,105,0,105,0,19,20,21,22,23,2026,6964,2026-09-20
경기도_중기지방재정계획_2026-2030.pdf,중기지방재정계획,2026~2030,억원,소방청사관리(소방,안전/직접) 기간:2022.01~2026.12 Y 소,9,0,9,0,2,2,2,2,2,2026,7000,2026-09-20
경기도_중기지방재정계획_2026-2030.pdf,중기지방재정계획,2026~2030,억원,관사 및 생활관 운 영(자체/직접),2025.1.1.~2029.12.31,1,0,1,0,0,0,0,0,0,2026,7009,2026-09-20
경기도_중기지방재정계획_2026-2030.pdf,중기지방재정계획,2026~2030,억원,도-교육청 교육협력 사업(자체/직접),기간: 2026.1 ~ 2030.12,1402,0,1402,0,280,280,280,280,280,2026,7026,2026-09-20
경기도_중기지방재정계획_2026-2030.pdf,중기지방재정계획,2026~2030,억원,교육재정부담금(자 체/직접),기간:2026.1 ~ 2030.12,146476,0,146476,0,28239,28757,29285,29823,30371,2026,7078,2026-09-20
경기도_중기지방재정계획_2026-2030.pdf,중기지방재정계획,2026~2030,억원,고교 무상교육경비 부담금(자체/직접),기간:2026.1 ~ 2030.12,204,0,204,0,41,41,41,41,41,2026,7089,2026-09-20
경기도_중기지방재정계획_2026-2030.pdf,중기지방재정계획,2026~2030,억원,학교용지확보(자체/ 직접),기간:2026.1 ~ 2030.12,4651,0,4651,0,912,921,930,939,949,2026,7102,2026-09-20
경기도_중기지방재정계획_2026-2030.pdf,중기지방재정계획,2026~2030,억원,징수교부금(자체/직 접),기간:2026.1 ~ 2030.12,67,0,67,0,13,13,13,13,14,2026,7113,2026-09-20
경기도_중기지방재정계획_2026-2030.pdf,중기지방재정계획,2026~2030,억원,경기도평생교육진흥 원 운영 출연금(자 체/직접),기간:2026.1.~2030.12.,1014,0,1014,0,203,203,203,203,203,2026,7157,2026-09-20
경기도_중기지방재정계획_2026-2030.pdf,중기지방재정계획,2026~2030,억원,경기도평생학습포털 지식(GSEEK) 운영(자 체/직접),기간:2026.1.~2030.12.,124,0,124,0,22,24,25,26,27,2026,7172,2026-09-20
경기도_중기지방재정계획_2026-2030.pdf,중기지방재정계획,2026~2030,억원,드서버 및 콘텐츠전 송망(CDN) 운영(자 체/직접),기간:2026.1.~2030.12.,54,0,54,0,10,10,11,11,12,2026,7187,2026-09-20
경기도_중기지방재정계획_2026-2030.pdf,중기지방재정계획,2026~2030,억원,경기미래교육파주캠 퍼스 사업 추진(자 체/직접),기간:2026.1.~2030.12.,276,0,276,0,70,48,51,53,53,2026,7203,2026-09-20
경기도_중기지방재정계획_2026-2030.pdf,중기지방재정계획,2026~2030,억원,경기미래교육양평캠 퍼스 사업 추진(자 체/직접),기간:2026.1.~2030.12.,198,0,198,0,59,33,34,36,36,2026,7218,2026-09-20
경기도_중기지방재정계획_2026-2030.pdf,중기지방재정계획,2026~2030,억원,한류문화 거점 조성 (자체/직접),기간: 2026.1.~2030.12.,40,0,40,0,8,8,8,8,8,2026,7258,2026-09-20
경기도_중기지방재정계획_2026-2030.pdf,중기지방재정계획,2026~2030,억원,찾아가는 배움교실 운영(자체/직접),기간:2026.1.~2030.12.,100,0,100,0,20,20,20,20,20,2026,7274,2026-09-20
경기도_중기지방재정계획_2026-2030.pdf,중기지방재정계획,2026~2030,억원,청소년 학습코칭 및 온라인서비스 제공( 자체/직접),기간 : 2026.1.～2030.12,66,0,66,0,9,14,14,14,15,2026,7290,2026-09-20
경기도_중기지방재정계획_2026-2030.pdf,중기지방재정계획,2026~2030,억원,경기 청소년 사다리 (기금/직접),기간 : 2026.1.~2030.12.,64,0,64,0,12,12,13,13,14,2026,7301,2026-09-20
경기도_중기지방재정계획_2026-2030.pdf,중기지방재정계획,2026~2030,억원,장애인 평생교육 프 로그램 운영(자체/ 지원),기간:2026.1.~2030.12.,62,0,62,0,9,12,13,14,14,2026,7317,2026-09-20
경기도_중기지방재정계획_2026-2030.pdf,중기지방재정계획,2026~2030,억원,경기도 평생교육이 용권 지원금(국비/ 지원),기간:2026.1.1.~,369,0,369,0,74,74,74,74,74,2026,7359,2026-09-20
경기도_중기지방재정계획_2026-2030.pdf,중기지방재정계획,2026~2030,억원,청사시설 효율적 운 영 관리(자체/직접),기간:2026.1.~2030.12.,63,0,63,0,12,12,13,13,13,2026,7377,2026-09-20
경기도_중기지방재정계획_2026-2030.pdf,중기지방재정계획,2026~2030,억원,인재원 신관 교육시 설 조성공사(자체/ 직접),2026년 07월 ~ 2028년 06월,242,0,242,0,11,116,116,0,0,2026,7391,2026-09-20
경기도_중기지방재정계획_2026-2030.pdf,중기지방재정계획,2026~2030,억원,이러닝 교육과정 운 영(자체/직접),기간 : 2026.01~2030.12,115,0,115,0,22,23,23,23,24,2026,7406,2026-09-20
경기도_중기지방재정계획_2026-2030.pdf,중기지방재정계획,2026~2030,억원,집합교육과정 운영 경비(수입대체경비) (자체/직접),기간:2026.01~2030.12,205,0,205,0,41,41,41,41,41,2026,7452,2026-09-20
경기도_중기지방재정계획_2026-2030.pdf,중기지방재정계획,2026~2030,억원,공공도서관 건립 지 원(전환)(자체/지원 ),2026.01.~2030.12.,370,0,370,0,74,74,74,74,74,2026,7470,2026-09-20
경기도_중기지방재정계획_2026-2030.pdf,중기지방재정계획,2026~2030,억원,공공도서관 개관시 간 연장(균특/지원),2026.01.~2030.12.,437,0,437,0,81,85,88,91,91,2026,7484,2026-09-20
경기도_중기지방재정계획_2026-2030.pdf,중기지방재정계획,2026~2030,억원,노후공공도서관 환 경개선(자체/지원),2026.01.~2030.12.,42,0,42,0,14,7,7,7,7,2026,7540,2026-09-20
경기도_중기지방재정계획_2026-2030.pdf,중기지방재정계획,2026~2030,억원,경기도서관 건립(자 체/직접),2016. 4. ∼ 2026. 12.,1233,1210,24,0,24,0,0,0,0,2026,7552,2026-09-20
경기도_중기지방재정계획_2026-2030.pdf,중기지방재정계획,2026~2030,억원,평생교육 독서분야 진흥사업(자체/직접 ),2026.01.~2030.12.,152,0,152,0,12,35,35,35,35,2026,7566,2026-09-20
경기도_중기지방재정계획_2026-2030.pdf,중기지방재정계획,2026~2030,억원,경기도서관 운영(자 체/직접),2026.01.~2030.12.,42,0,42,0,11,11,11,11,0,2026,7580,2026-09-20
경기도_중기지방재정계획_2026-2030.pdf,중기지방재정계획,2026~2030,억원,경기도서관 프로그 램 운영(자체/직접),2026.01.~2030.12.,63,0,63,0,13,13,13,13,13,2026,7619,2026-09-20
경기도_중기지방재정계획_2026-2030.pdf,중기지방재정계획,2026~2030,억원,경기도서관 장서 확 충(자체/직접),2026.01.~2030.12.,54,0,54,0,9,11,11,11,11,2026,7632,2026-09-20
경기도_중기지방재정계획_2026-2030.pdf,중기지방재정계획,2026~2030,억원,문화거점형 경기도 서관 명소화(자체/ 직접),2026.01.~2030.12.,68,0,68,0,14,14,14,14,14,2026,7646,2026-09-20
경기도_중기지방재정계획_2026-2030.pdf,중기지방재정계획,2026~2030,억원,경기도서관 디지털 정보자원 운영관리( 자체/직접),2026.01. ~ 2030.12.,105,0,105,0,19,21,21,21,21,2026,7660,2026-09-20
경기도_중기지방재정계획_2026-2030.pdf,중기지방재정계획,2026~2030,억원,경기도서관 시설 관 리(자체/직접),2026.01.~2030.12.,171,0,171,0,32,35,35,35,35,2026,7673,2026-09-20
경기도_중기지방재정계획_2026-2030.pdf,중기지방재정계획,2026~2030,억원,작은도서관 운영 지 원(자체/지원),2026.01.~2030.12.,63,0,63,0,13,13,13,13,13,2026,7722,2026-09-20
경기도_중기지방재정계획_2026-2030.pdf,중기지방재정계획,2026~2030,억원,작은도서관 협력 지 원(자체/직접),2026.01. ~ 2030.12.,12,0,12,0,2,3,3,3,3,2026,7734,2026-09-20
경기도_중기지방재정계획_2026-2030.pdf,중기지방재정계획,2026~2030,억원,통합문화이용권(기 금/지원),2026.1.~2030.12.,3101,0,3101,0,588,604,620,637,654,2026,7748,2026-09-20
경기도_중기지방재정계획_2026-2030.pdf,중기지방재정계획,2026~2030,억원,경기도 문화예술지 원 프로그램(자체/ 직접),2026.1.~2030.12.,68,0,68,0,14,14,14,14,14,2026,7806,2026-09-20
경기도_중기지방재정계획_2026-2030.pdf,중기지방재정계획,2026~2030,억원,청년문화예술패스 지원(자체/지원),2026.1.~2030.12.,59,0,59,0,12,12,12,12,12,2026,7817,2026-09-20
경기도_중기지방재정계획_2026-2030.pdf,중기지방재정계획,2026~2030,억원,경기문화재단 운영( 자체/직접),2026.1.~2030.12.,1600,0,1600,0,307,314,320,326,333,2026,7835,2026-09-20
경기도_중기지방재정계획_2026-2030.pdf,중기지방재정계획,2026~2030,억원,지붕없는 박물관 운 영(전환)(자체/직접 ),2026.1.~2030.12.,56,0,56,0,8,12,12,12,12,2026,7848,2026-09-20
경기도_중기지방재정계획_2026-2030.pdf,중기지방재정계획,2026~2030,억원,박물관/미술관 지원 (전환)(자체/지원),2026.1.~2030.12.,94,0,94,0,18,19,19,19,19,2026,7860,2026-09-20
경기도_중기지방재정계획_2026-2030.pdf,중기지방재정계획,2026~2030,억원,도립 뮤지엄 콘텐츠 확충(자체/직접),2026.1.~2030.12.,179,0,179,0,21,40,40,40,40,2026,7901,2026-09-20
경기도_중기지방재정계획_2026-2030.pdf,중기지방재정계획,2026~2030,억원,경기도 문화사계 프 로그램 운영(자체/ 직접),2026.1.~2030.12.,63,0,63,0,11,13,13,13,13,2026,7914,2026-09-20
경기도_중기지방재정계획_2026-2030.pdf,중기지방재정계획,2026~2030,억원,문화도시 조성 지원 (균특/지원),2026.01~2027.12,45,0,45,0,30,15,0,0,0,2026,7926,2026-09-20
경기도_중기지방재정계획_2026-2030.pdf,중기지방재정계획,2026~2030,억원,대한민국 문화도시 조성 지원(균특/지 원),2026.01.~2027.12.,91,0,91,0,39,52,0,0,0,2026,7946,2026-09-20
경기도_중기지방재정계획_2026-2030.pdf,중기지방재정계획,2026~2030,억원,폐산업시설 등 유휴 공간 문화재생 사업 (균특/지원),2026.1.~2030.12.,63,0,63,0,13,13,13,13,13,2026,7994,2026-09-20
경기도_중기지방재정계획_2026-2030.pdf,중기지방재정계획,2026~2030,억원,도 문화시설 개보수 (전환)(자체/직접),2026.1.~2030.12.,175,0,175,0,35,35,35,35,35,2026,8009,2026-09-20
경기도_중기지방재정계획_2026-2030.pdf,중기지방재정계획,2026~2030,억원,공립박물관 건립 지 원(전환)(자체/지원 ),2026.1.~2030.12.,303,0,303,0,60,63,60,60,60,2026,8020,2026-09-20
경기도_중기지방재정계획_2026-2030.pdf,중기지방재정계획,2026~2030,억원,복합문화시설 건립 지원(전환)(자체/지 원),2026.1.~2030.12.,72,0,72,0,14,14,14,14,14,2026,8032,2026-09-20
경기도_중기지방재정계획_2026-2030.pdf,중기지방재정계획,2026~2030,억원,경기도 예술인 기회 소득(자체/지원),기간:2026.1.~2030.12.,488,0,488,0,98,98,98,98,98,2026,8085,2026-09-20
경기도_중기지방재정계획_2026-2030.pdf,중기지방재정계획,2026~2030,억원,예술인 기회소득 확 산사업(자체/직접),2026.1.~2030.12.,67,0,67,0,13,13,13,13,13,2026,8099,2026-09-20
경기도_중기지방재정계획_2026-2030.pdf,중기지방재정계획,2026~2030,억원,거리로 나온 예술( 전환)(자체/직접),2026.1~2030.12,150,0,150,0,30,30,30,30,30,2026,8112,2026-09-20
경기도_중기지방재정계획_2026-2030.pdf,중기지방재정계획,2026~2030,억원,장애(예술)인 전문 예술 활동 지원(자 체/직접),기간:2025.1~2029.12,44,0,44,0,8,8,8,10,10,2026,8125,2026-09-20
경기도_중기지방재정계획_2026-2030.pdf,중기지방재정계획,2026~2030,억원,도단위 예술단체 문 예진흥(자체/직접),기간:2025.1~2029.12,282,0,282,0,20,20,20,20,201,2026,8136,2026-09-20
경기도_중기지방재정계획_2026-2030.pdf,중기지방재정계획,2026~2030,억원,도단위 예술단체 법 정운영비 지원(자체 /직접),기간:2025.1~2029.12,14,0,14,0,3,3,3,3,3,2026,8177,2026-09-20
경기도_중기지방재정계획_2026-2030.pdf,중기지방재정계획,2026~2030,억원,지역문화예술특성화 지원(전환)(자체/직 접),기간:2026.1~2030.12,137,0,137,0,27,27,27,27,27,2026,8191,2026-09-20
경기도_중기지방재정계획_2026-2030.pdf,중기지방재정계획,2026~2030,억원,경기도 지역대표공 연예술제지원(전환) (자체/지원),2025.1~2029.12,40,0,40,0,8,8,8,8,8,2026,8204,2026-09-20
경기도_중기지방재정계획_2026-2030.pdf,중기지방재정계획,2026~2030,억원,K-아트 청년창작자 지원(자체/직접),2026.1~2030.12,14,0,14,0,14,0,0,0,0,2026,8215,2026-09-20
경기도_중기지방재정계획_2026-2030.pdf,중기지방재정계획,2026~2030,억원,아동·청소년 예술 기회 지원(자체/직 접),2026.1.~2030.12.,40,0,40,0,8,8,8,8,8,2026,8227,2026-09-20
경기도_중기지방재정계획_2026-2030.pdf,중기지방재정계획,2026~2030,억원,문화예술교육 기회 확산(전환)(자체/직 접),2026.01.~2030.12.,73,0,73,0,15,15,15,15,15,2026,8266,2026-09-20
경기도_중기지방재정계획_2026-2030.pdf,중기지방재정계획,2026~2030,억원,경기 미술품 유통 활성화 사업(아트경 기)(자체/직접),기간: 2026.1~2030.12,28,0,28,0,6,6,6,6,6,2026,8280,2026-09-20
경기도_중기지방재정계획_2026-2030.pdf,중기지방재정계획,2026~2030,억원,경기아트센터 운영( 자체/직접),2026~2030,2618,0,2618,0,474,498,522,549,576,2026,8294,2026-09-20
경기도_중기지방재정계획_2026-2030.pdf,중기지방재정계획,2026~2030,억원,경기도 뉴미디어 예 술방송국 운영(자체 /직접),기간:2026.1~2030.12,60,0,60,0,12,12,12,12,12,2026,8308,2026-09-20
경기도_중기지방재정계획_2026-2030.pdf,중기지방재정계획,2026~2030,억원,공연장 상주단체 육 성 지원(전환)(자체 /직접),기간:2026.1~2030.12,75,0,75,0,15,15,15,15,15,2026,8320,2026-09-20
경기도_중기지방재정계획_2026-2030.pdf,중기지방재정계획,2026~2030,억원,자 소  계 2026 2027 2028 2029 2030 문예회관건립지원( 전환)(자체/지원),기간:2025.1~2026.12,176,0,176,0,35,35,35,35,35,2026,8362,2026-09-20
경기도_중기지방재정계획_2026-2030.pdf,중기지방재정계획,2026~2030,억원,평택 평화예술의 전 당 건립(국비/지원),기간:2018.01~2025.12,801,801,0,0,0,0,0,0,0,2026,8376,2026-09-20
경기도_중기지방재정계획_2026-2030.pdf,중기지방재정계획,2026~2030,억원,한국도자재단 운영( 자체/직접),2026.1.~2030.12.,657,0,657,0,131,131,131,131,131,2026,8397,2026-09-20
경기도_중기지방재정계획_2026-2030.pdf,중기지방재정계획,2026~2030,억원,문화관광자원 개발( 전환)(자체/지원),2026.1~2030.12,213,0,213,0,43,43,43,43,43,2026,8449,2026-09-20
경기도_중기지방재정계획_2026-2030.pdf,중기지방재정계획,2026~2030,억원,경기둘레길 연결(전 환)(자체/직접),2026.1~2030.12,45,0,45,0,9,9,9,9,9,2026,8460,2026-09-20
경기도_중기지방재정계획_2026-2030.pdf,중기지방재정계획,2026~2030,억원,무장애 관광 연계성 강화(기금/지원),2025.1.~2027.12,60,23,38,0,23,15,0,0,0,2026,8470,2026-09-20
경기도_중기지방재정계획_2026-2030.pdf,중기지방재정계획,2026~2030,억원,경기관광공사 운영( 자체/직접),2026.1~2030.12,1205,0,1205,0,241,241,241,241,241,2026,8493,2026-09-20
경기도_중기지방재정계획_2026-2030.pdf,중기지방재정계획,2026~2030,억원,마이스산업 육성(자 체/직접),2026.1~2030.12,105,0,105,0,21,21,21,21,21,2026,8531,2026-09-20
경기도_중기지방재정계획_2026-2030.pdf,중기지방재정계획,2026~2030,억원,정조대왕 능행차 공 동재현(자체/지원),2026.1.~2030.12.,11,0,11,0,2,2,2,2,2,2026,8542,2026-09-20
경기도_중기지방재정계획_2026-2030.pdf,중기지방재정계획,2026~2030,억원,경기관광 통합이용 권(투어패스) 운영( 자체/직접),2026.1.~2030.12.,45,0,45,0,9,9,9,9,9,2026,8560,2026-09-20
경기도_중기지방재정계획_2026-2030.pdf,중기지방재정계획,2026~2030,억원,경기 컬처패스(자체 /직접),2026.1.~2030.12.,2100,0,2100,0,420,420,420,420,420,2026,8571,2026-09-20
경기도_중기지방재정계획_2026-2030.pdf,중기지방재정계획,2026~2030,억원,경기 로컬관광 지원 (전환)(자체/직접),2026.1.1.~2030.12.31.,105,0,105,0,21,21,21,21,21,2026,8582,2026-09-20
경기도_중기지방재정계획_2026-2030.pdf,중기지방재정계획,2026~2030,억원,문화관광축제 지원( 기금/지원),2025. 1. ~ 2029. 12.,12,0,12,0,2,2,2,2,2,2026,8633,2026-09-20
경기도_중기지방재정계획_2026-2030.pdf,중기지방재정계획,2026~2030,억원,경기 로컬 이벤트 지원(전환)(자체/직 접),2026.1.1.~2030.12.31,40,0,40,0,8,8,8,8,8,2026,8651,2026-09-20
경기도_중기지방재정계획_2026-2030.pdf,중기지방재정계획,2026~2030,억원,캠프그리브스 전시 관 운영(자체/직접),기간 : 2026.1.~2030.12.,59,0,59,0,12,12,12,12,12,2026,8664,2026-09-20
경기도_중기지방재정계획_2026-2030.pdf,중기지방재정계획,2026~2030,억원,캠프그리브스 유지 ·관리(자체/직접),기간: 2026.1~2030.12.,64,0,64,0,13,13,13,13,13,2026,8678,2026-09-20
경기도_중기지방재정계획_2026-2030.pdf,중기지방재정계획,2026~2030,억원,캠프그리브스 역사 공원 활성화 사업( 균특/직접),2025.1.1.~2027.12.31.,30,0,30,0,4,26,0,0,0,2026,8719,2026-09-20
경기도_중기지방재정계획_2026-2030.pdf,중기지방재정계획,2026~2030,억원,캠프그리브스 역사 공원 활성화 사업( 자체/직접),기간 : 2025.1.1.~,304,31,274,0,1,34,132,106,0,2026,8739,2026-09-20
경기도_중기지방재정계획_2026-2030.pdf,중기지방재정계획,2026~2030,억원,DMZ 에코관광 클러 스터 조성사업(자체 /직접),기간 : 2026.1.1.~2040.12.31.,237,0,238,145,4,13,25,25,26,2026,8755,2026-09-20
경기도_중기지방재정계획_2026-2030.pdf,중기지방재정계획,2026~2030,억원,임진각 관광지 유휴 부지 개발사업(균특 /직접),기간 : 2026. 04. 01. ~,114,0,114,0,7,67,31,9,0,2026,8769,2026-09-20
경기도_중기지방재정계획_2026-2030.pdf,중기지방재정계획,2026~2030,억원,임진각 관광지 유휴 부지 개발사업(자체 /직접),기간 : 2026. 04. 01. ~ 2029. 12.,415,58,357,0,17,7,171,138,23,2026,8788,2026-09-20
경기도_중기지방재정계획_2026-2030.pdf,중기지방재정계획,2026~2030,억원,경기도체육회 사무 처 운영(자체/직접),기간:2026년1월~2030년12월,568,0,568,0,99,106,113,121,129,2026,8831,2026-09-20
경기도_중기지방재정계획_2026-2030.pdf,중기지방재정계획,2026~2030,억원,도 직장운동경기부 육성(자체/직접),기간:2026년1월~2030년,744,0,744,0,116,131,147,165,186,2026,8844,2026-09-20
경기도_중기지방재정계획_2026-2030.pdf,중기지방재정계획,2026~2030,억원,지도자 및 선수육성 (자체/직접),기간:2026년1월~2030년12월,206,0,206,0,39,40,41,42,43,2026,8857,2026-09-20
경기도_중기지방재정계획_2026-2030.pdf,중기지방재정계획,2026~2030,억원,전국종합대회 및 국 제대회 참가 지원( 자체/직접),기간:2026년1월~2030년12월,864,0,864,0,143,156,171,188,206,2026,8873,2026-09-20
경기도_중기지방재정계획_2026-2030.pdf,중기지방재정계획,2026~2030,억원,도내종합대회 개최( 자체/직접),기간:2026년1월~2030년12월,88,0,88,0,15,16,17,19,20,2026,8890,2026-09-20
경기도_중기지방재정계획_2026-2030.pdf,중기지방재정계획,2026~2030,억원,도내종합대회 개최 지 지원(자체/지원),기간:2026년1월~2030년12월,40,0,40,0,8,8,8,8,8,2026,8931,2026-09-20
경기도_중기지방재정계획_2026-2030.pdf,중기지방재정계획,2026~2030,억원,경기스포츠클럽 육 성지원(자체/직접),기간:2026년1월~2030년12월,38,0,38,0,8,8,8,8,8,2026,8943,2026-09-20
경기도_중기지방재정계획_2026-2030.pdf,중기지방재정계획,2026~2030,억원,종목단체 대회개최 및 출전지원(자체/ 직접),2026. 1. ~ 2030. 12.,221,0,221,0,41,42,44,46,48,2026,8955,2026-09-20
경기도_중기지방재정계획_2026-2030.pdf,중기지방재정계획,2026~2030,억원,종목단체 운영지원( 자체/직접),2026. 1. ~ 2030. 12.,136,0,136,0,25,26,27,28,29,2026,8966,2026-09-20
경기도_중기지방재정계획_2026-2030.pdf,중기지방재정계획,2026~2030,억원,종목 및 지역체육 특화사업(자체/직접 ),2026. 1. ~ 2030. 12.,365,0,365,0,67,70,73,76,79,2026,8979,2026-09-20
경기도_중기지방재정계획_2026-2030.pdf,중기지방재정계획,2026~2030,억원,스포츠강좌 이용권 지원(기금/지원),기간 : 2026.1.~2030.12.,1127,0,1127,0,217,221,225,230,234,2026,8992,2026-09-20
경기도_중기지방재정계획_2026-2030.pdf,중기지방재정계획,2026~2030,억원,일반 생활체육지도 자 배치 지원(기금/ 지원),기간:2026년1월~2030년,232,0,232,0,45,46,46,47,48,2026,9039,2026-09-20
경기도_중기지방재정계획_2026-2030.pdf,중기지방재정계획,2026~2030,억원,어르신 생활체육지 도자 배치 지원(기 금/지원),기간:2026년1월~2030년,170,0,170,0,33,34,34,35,35,2026,9060,2026-09-20
경기도_중기지방재정계획_2026-2030.pdf,중기지방재정계획,2026~2030,억원,스포츠 취약계층 관 람 기회 확대(자체/ 직접),2026년 1월~2030년 12월,29,0,29,0,6,6,6,6,6,2026,9082,2026-09-20
경기도_중기지방재정계획_2026-2030.pdf,중기지방재정계획,2026~2030,억원,체육행정 일자리 지 원사업(자체/직접),2026년 1월~2030년 12월,40,0,40,0,8,8,8,8,8,2026,9096,2026-09-20
경기도_중기지방재정계획_2026-2030.pdf,중기지방재정계획,2026~2030,억원,경기도 체육인 기회 소득(자체/지원),기간 : 2026.1~2030.12,80,0,80,0,15,15,16,16,17,2026,9133,2026-09-20
경기도_중기지방재정계획_2026-2030.pdf,중기지방재정계획,2026~2030,억원,지역자율형 생활체 육활동 지원(기금/ 직접),2026년 1월~2030년 12월,38,0,38,0,8,8,8,8,8,2026,9147,2026-09-20
경기도_중기지방재정계획_2026-2030.pdf,중기지방재정계획,2026~2030,억원,경기도장애인체육회 사무처 운영(자체/ 직접),기간:2026.1월~2030.12,274,0,274,0,54,55,55,55,55,2026,9169,2026-09-20
경기도_중기지방재정계획_2026-2030.pdf,중기지방재정계획,2026~2030,억원,경기도장애인체육회 직장운동부 지원(자 체/직접),기간:2026.1월~2030.12월,180,0,180,0,34,35,36,37,38,2026,9183,2026-09-20
경기도_중기지방재정계획_2026-2030.pdf,중기지방재정계획,2026~2030,억원,원(경기도 장애인 생활체육대회 개최) (기금/직접),기간:2026.1월~2030.12월,17,0,17,0,3,3,3,3,4,2026,9197,2026-09-20
경기도_중기지방재정계획_2026-2030.pdf,중기지방재정계획,2026~2030,억원,장애인스포츠강좌이 용권 지원(기금/지 원),기간 : 2026.1.~2030.12.,321,0,321,0,62,63,64,65,67,2026,9243,2026-09-20
경기도_중기지방재정계획_2026-2030.pdf,중기지방재정계획,2026~2030,억원,장애인 생활체육지 도자 배치 지원(시 군)(기금/지원),기간 : 2026.1.~2030.12.,199,0,199,0,38,39,40,41,41,2026,9263,2026-09-20
경기도_중기지방재정계획_2026-2030.pdf,중기지방재정계획,2026~2030,억원,전국장애인종합체육 대회 참가지원(자체 /직접),기간:2026.1월~2030.12월,224,0,224,0,44,44,45,45,46,2026,9283,2026-09-20
경기도_중기지방재정계획_2026-2030.pdf,중기지방재정계획,2026~2030,억원,경기도장애인 종합 체육대회 개최 지원 (자체/직접),기간:2026.1월~2030.12월,32,0,32,0,5,6,7,7,7,2026,9298,2026-09-20
경기도_중기지방재정계획_2026-2030.pdf,중기지방재정계획,2026~2030,억원,자 소  계 2026 2027 2028 2029 2030 가맹단체 육성 지원 (자체/직접),기간 : 2026.1월~2030.12월,326,0,326,0,64,64,65,66,67,2026,9340,2026-09-20
경기도_중기지방재정계획_2026-2030.pdf,중기지방재정계획,2026~2030,억원,장애인 생활체육 육 성 지원(자체/직접),기간:2026.1월~2030.12월,165,0,165,0,31,32,33,34,35,2026,9354,2026-09-20
경기도_중기지방재정계획_2026-2030.pdf,중기지방재정계획,2026~2030,억원,공공체육시설 조성 지원(전환)(자체/지 원),기간:2026년1월~2030년,1283,0,1283,0,143,285,285,285,285,2026,9374,2026-09-20
경기도_중기지방재정계획_2026-2030.pdf,중기지방재정계획,2026~2030,억원,국민체육센터 건립 지원(생활밀착형)( 기금/지원),기간 : 2026.1.~2030.12.,230,0,230,0,46,46,46,46,46,2026,9389,2026-09-20
경기도_중기지방재정계획_2026-2030.pdf,중기지방재정계획,2026~2030,억원,국민체육센터 건립 지원(장애인 생활밀 착형)(기금/지원),기간 : 2026.1.~2030.12.,135,0,135,0,27,27,27,27,27,2026,9405,2026-09-20
경기도_중기지방재정계획_2026-2030.pdf,중기지방재정계획,2026~2030,억원,국민체육센터 건립 지원(유아친화형)( 기금/지원),기간 : 2026.1.~2030.12.,20,0,20,0,4,4,4,4,4,2026,9460,2026-09-20
경기도_중기지방재정계획_2026-2030.pdf,중기지방재정계획,2026~2030,억원,근린생활형 소규모 체육관 건립 지원( 균특/지원),기간 : 2026.1.~2030.12.,55,0,55,0,10,11,11,12,12,2026,9476,2026-09-20
경기도_중기지방재정계획_2026-2030.pdf,중기지방재정계획,2026~2030,억원,사동 복합문화체육 센터 건립 지원(균 특/지원),기간 : 2026.1 .~,120,0,120,0,10,30,30,50,0,2026,9493,2026-09-20
경기도_중기지방재정계획_2026-2030.pdf,중기지방재정계획,2026~2030,억원,공공체육시설 개보 수 지원(기금/지원),기간:2026.1월~2030.12,152,0,152,0,28,29,30,32,33,2026,9509,2026-09-20
경기도_중기지방재정계획_2026-2030.pdf,중기지방재정계획,2026~2030,억원,국민체력인증제 운 영 지원(기금/지원),기간:2026.1월~2030.12,66,0,66,0,13,13,13,13,13,2026,9527,2026-09-20
경기도_중기지방재정계획_2026-2030.pdf,중기지방재정계획,2026~2030,억원,전국체전 대비 시설 개보수(기금/직접),기간 : 2026.1. ~2026.12.,52,0,52,0,52,0,0,0,0,2026,9573,2026-09-20
경기도_중기지방재정계획_2026-2030.pdf,중기지방재정계획,2026~2030,억원,학교체육시설 개방 지원(기금/지원),2026. 1. 1. ~ 2030. 12.,65,0,65,0,13,13,13,13,13,2026,9591,2026-09-20
경기도_중기지방재정계획_2026-2030.pdf,중기지방재정계획,2026~2030,억원,경기도 선수촌 건립 추진(자체/직접),2026.1. ~ 2031. 12.,1204,0,1204,364,0,46,23,331,441,2026,9610,2026-09-20
경기도_중기지방재정계획_2026-2030.pdf,중기지방재정계획,2026~2030,억원,도립체육시설 운영 지원(자체/직접),기간:2026.1월~2030.12,281,0,281,0,52,54,56,58,61,2026,9626,2026-09-20
경기도_중기지방재정계획_2026-2030.pdf,중기지방재정계획,2026~2030,억원,배려계층 생활체육 지원(자체/직접),기간:2026.1월~2030.12월,45,0,45,0,9,9,9,9,9,2026,9677,2026-09-20
경기도_중기지방재정계획_2026-2030.pdf,중기지방재정계획,2026~2030,억원,경기도장애인체력인 증센터 운영지원(자 체/직접),기간:2026년1월~2030년12월,48,0,48,0,10,10,10,10,10,2026,9692,2026-09-20
경기도_중기지방재정계획_2026-2030.pdf,중기지방재정계획,2026~2030,억원,시민축구단 지원(자 체/지원),기간:2026.1월~2030.12,240,0,240,0,48,48,48,48,48,2026,9705,2026-09-20
경기도_중기지방재정계획_2026-2030.pdf,중기지방재정계획,2026~2030,억원,전국체전 시설 건립 및 개보수 지원(기 금/지원),기간 : 2025.1~2027.12.,300,89,211,0,177,34,0,0,0,2026,9723,2026-09-20
경기도_중기지방재정계획_2026-2030.pdf,중기지방재정계획,2026~2030,억원,전국체전 개최지원( 자체/직접),2026.1.1 ~ 2026.12.31,7,0,7,0,7,0,0,0,0,2026,9769,2026-09-20
경기도_중기지방재정계획_2026-2030.pdf,중기지방재정계획,2026~2030,억원,문화유산돌봄사업( 기금/직접),기간:2026~2030,141,0,141,0,28,28,28,28,28,2026,9785,2026-09-20
경기도_중기지방재정계획_2026-2030.pdf,중기지방재정계획,2026~2030,억원,국가지정유산 방재 시설 구축(기금/지 원),기간:2026-2030,44,0,44,0,9,9,9,9,9,2026,9799,2026-09-20
경기도_중기지방재정계획_2026-2030.pdf,중기지방재정계획,2026~2030,억원,국가지정유산 안전 경비원 배치 및 활 용(기금/지원),기간:2026~2030,42,0,42,0,8,8,8,8,8,2026,9814,2026-09-20
경기도_중기지방재정계획_2026-2030.pdf,중기지방재정계획,2026~2030,억원,매장유산 유존지역 정보 고도화,기간:2026~2030,117,4,113,0,23,23,23,23,23,2026,9856,2026-09-20
경기도_중기지방재정계획_2026-2030.pdf,중기지방재정계획,2026~2030,억원,매장유산 보존유적 관리(국비/지원),기간:2026~2030,117,0,117,0,23,23,23,23,23,2026,9873,2026-09-20
경기도_중기지방재정계획_2026-2030.pdf,중기지방재정계획,2026~2030,억원,매장유산 긴급발굴 조사,기간:2026~2030,67,0,67,0,13,13,13,13,13,2026,9890,2026-09-20
경기도_중기지방재정계획_2026-2030.pdf,중기지방재정계획,2026~2030,억원,경기도 디지털 문화 유산 플랫폼 구축( 자체/직접),기간:2026년 ~ 2030년,68,0,68,0,14,14,14,14,14,2026,9907,2026-09-20
경기도_중기지방재정계획_2026-2030.pdf,중기지방재정계획,2026~2030,억원,도 무형유산(개인) 전승(자체/직접),기간:2026~2030,80,0,80,0,16,16,16,16,16,2026,9945,2026-09-20
경기도_중기지방재정계획_2026-2030.pdf,중기지방재정계획,2026~2030,억원,전수교육관 건립(국 비/지원),기간:2026~2029,70,0,70,0,14,14,14,14,14,2026,9956,2026-09-20
경기도_중기지방재정계획_2026-2030.pdf,중기지방재정계획,2026~2030,억원,세계유산 보존관리 사업(수원화성)(국 비/지원),기간:2026~2030,46,0,46,0,9,9,9,9,9,2026,9973,2026-09-20
경기도_중기지방재정계획_2026-2030.pdf,중기지방재정계획,2026~2030,억원,국가지정유산 및 등 록문화유산 보수정 비지원(국비/지원),기간:2026~2030,1601,0,1601,0,320,320,320,320,320,2026,9989,2026-09-20
경기도_중기지방재정계획_2026-2030.pdf,중기지방재정계획,2026~2030,억원,도지정유산 보수정 비(전환)(자체/지원 ),기간:2026~2030,215,0,215,0,43,43,43,43,43,2026,10032,2026-09-20
경기도_중기지방재정계획_2026-2030.pdf,중기지방재정계획,2026~2030,억원,문화유산관광자원화 (전환)(자체/지원),기간:2026~2029,159,0,159,0,32,32,32,32,32,2026,10046,2026-09-20
경기도_중기지방재정계획_2026-2030.pdf,중기지방재정계획,2026~2030,억원,도지정유산 토지매 입(자체/지원),기간:2026~2030,62,0,62,0,1,15,15,15,15,2026,10057,2026-09-20
경기도_중기지방재정계획_2026-2030.pdf,중기지방재정계획,2026~2030,억원,국가지정유산 보존 기반 구축(국비/지 원),기간:2026~2030,223,0,223,0,45,45,45,45,45,2026,10069,2026-09-20
경기도_중기지방재정계획_2026-2030.pdf,중기지방재정계획,2026~2030,억원,남한산성 기간제노 동자 인건비(자체/ 직접),기간:2026.01~2030.12,69,0,69,0,14,14,14,14,14,2026,10129,2026-09-20
경기도_중기지방재정계획_2026-2030.pdf,중기지방재정계획,2026~2030,억원,전통사찰 보수 정비 (국비/지원),2026.1.~2030.12.,126,0,126,0,25,25,25,25,25,2026,10156,2026-09-20
경기도_중기지방재정계획_2026-2030.pdf,중기지방재정계획,2026~2030,억원,전통사찰 보수 정비 (자체/지원),2026.1.~2030.12.,69,0,69,0,13,13,14,14,15,2026,10201,2026-09-20
경기도_중기지방재정계획_2026-2030.pdf,중기지방재정계획,2026~2030,억원,전통사찰 방재시스 템 유지보수(국비/ 지원),2026.1.~2030.12.,32,0,32,0,6,6,6,6,6,2026,10215,2026-09-20
경기도_중기지방재정계획_2026-2030.pdf,중기지방재정계획,2026~2030,억원,종교문화시설건립 사업(국비/지원),2026.1.~2026.12.,179,116,63,0,63,0,0,0,0,2026,10233,2026-09-20
경기도_중기지방재정계획_2026-2030.pdf,중기지방재정계획,2026~2030,억원,경기콘텐츠진흥원 운영(자체/직접),기간:2026.1.~2030.12.,984,0,984,0,183,189,196,204,211,2026,10289,2026-09-20
경기도_중기지방재정계획_2026-2030.pdf,중기지방재정계획,2026~2030,억원,동부 경기문화창조 허브 운영(전환)(자 체/직접),기간:2026.1.~2030.12.,44,0,44,0,8,9,9,9,9,2026,10303,2026-09-20
경기도_중기지방재정계획_2026-2030.pdf,중기지방재정계획,2026~2030,억원,IP융·복합 콘텐츠 클러스터 조성(균특 /지원),기간:2021.1.~2027.12.,163,135,28,0,28,0,0,0,0,2026,10319,2026-09-20
경기도_중기지방재정계획_2026-2030.pdf,중기지방재정계획,2026~2030,억원,문화기술산업 육성 및 저변확대(전환)( 자체/직접),기간:2026.1.~2030.12.,125,0,125,0,25,25,25,25,25,2026,10339,2026-09-20
경기도_중기지방재정계획_2026-2030.pdf,중기지방재정계획,2026~2030,억원,웹툰 페어 개최(자 체/직접),기간:2026.1.~2030.12.,20,0,20,0,4,4,4,4,4,2026,10379,2026-09-20
경기도_중기지방재정계획_2026-2030.pdf,중기지방재정계획,2026~2030,억원,책 생태계 활성화 지원(자체/직접),기간:2026.1.~2030.12.,55,0,55,0,11,11,11,11,11,2026,10390,2026-09-20
경기도_중기지방재정계획_2026-2030.pdf,중기지방재정계획,2026~2030,억원,파주 페어 북앤컬처 지원(자체/지원),기간:2026.1.~2030.12.,26,0,26,0,5,5,5,5,5,2026,10402,2026-09-20
경기도_중기지방재정계획_2026-2030.pdf,중기지방재정계획,2026~2030,억원,DMZ국제다큐멘터리 영화제(전환)(자체/ 직접),기간:2026.1.~2030.12.,155,0,155,0,31,31,31,31,31,2026,10415,2026-09-20
경기도_중기지방재정계획_2026-2030.pdf,중기지방재정계획,2026~2030,억원,경기도 다양성 영화 저변확대(자체/직접 ),기간:2026.1.~2030.12.,68,0,68,0,14,14,14,14,14,2026,10430,2026-09-20
경기도_중기지방재정계획_2026-2030.pdf,중기지방재정계획,2026~2030,억원,방송영상미디어 전 문인력 인재양성(자 체/직접),기간:2026.1.~2030.12.,50,0,50,0,10,10,10,10,10,2026,10481,2026-09-20
경기도_중기지방재정계획_2026-2030.pdf,중기지방재정계획,2026~2030,억원,대한민국 AI 콘텐츠 어워즈(자체/직접),기간:2026.1.~2030.12.,40,0,40,0,8,8,8,8,8,2026,10495,2026-09-20
경기도_중기지방재정계획_2026-2030.pdf,중기지방재정계획,2026~2030,억원,컬처테크 혁신 투자 펀드(자체/직접),기간:2026.1.~2030.12.,750,0,750,0,150,150,150,150,150,2026,10508,2026-09-20
경기도_중기지방재정계획_2026-2030.pdf,중기지방재정계획,2026~2030,억원,지역영상미디어센터 조성(전환)(자체/지 원),기간:2026.1.~2030.12.,108,0,108,0,30,25,21,17,14,2026,10520,2026-09-20
경기도_중기지방재정계획_2026-2030.pdf,중기지방재정계획,2026~2030,억원,지역영상미디어센터 활성화 지원(자체/ 직접),기간:2026.1.~2030.12.,40,0,40,0,8,8,8,8,8,2026,10537,2026-09-20
경기도_중기지방재정계획_2026-2030.pdf,중기지방재정계획,2026~2030,억원,경기 인디뮤직페스 티벌(전환)(자체/직 접),기간:2026.1.~2030.12.,50,0,50,0,10,10,10,10,10,2026,10577,2026-09-20
경기도_중기지방재정계획_2026-2030.pdf,중기지방재정계획,2026~2030,억원,수계관리(자체/직접 ),기간:2025~2029년,41,0,41,0,8,8,8,8,8,2026,10594,2026-09-20
경기도_중기지방재정계획_2026-2030.pdf,중기지방재정계획,2026~2030,억원,소규모 개인하수처 리시설 관리(자체/ 지원),기간 : 2026.01~2030.12.,101,0,101,0,19,20,20,21,22,2026,10696,2026-09-20
경기도_중기지방재정계획_2026-2030.pdf,중기지방재정계획,2026~2030,억원,유출지하수 이용시 설 설치지원(국비/ 지원),2026.1.~2030.12.,100,0,100,0,20,20,20,20,20,2026,10772,2026-09-20
경기도_중기지방재정계획_2026-2030.pdf,중기지방재정계획,2026~2030,억원,지하수이용부담금 징수교부금(자체/직 접),2026.1.~2030.12.,102,0,102,0,34,17,17,17,17,2026,10791,2026-09-20
경기도_중기지방재정계획_2026-2030.pdf,중기지방재정계획,2026~2030,억원,수처리시설설치 지 원(전환)(자체/지원 ),2026.1.~2029.12.,1570,0,1570,0,242,274,309,350,395,2026,10809,2026-09-20
경기도_중기지방재정계획_2026-2030.pdf,중기지방재정계획,2026~2030,억원,농어촌생활용수개발 (전환)(자체/지원),2026.1.~ 2029.12.,3282,0,3282,0,196,320,522,852,1391,2026,10860,2026-09-20
경기도_중기지방재정계획_2026-2030.pdf,중기지방재정계획,2026~2030,억원,시설 개량 사업 지 원(전환)(자체/지원 ),2026.1.~2029.12.,1285,0,1285,0,64,111,193,335,583,2026,10874,2026-09-20
경기도_중기지방재정계획_2026-2030.pdf,중기지방재정계획,2026~2030,억원,급수취약지역 상수 도보급사업(전환)( 자체/지원),2026.1.~2029.12.,331,0,331,0,65,66,66,67,68,2026,10890,2026-09-20
경기도_중기지방재정계획_2026-2030.pdf,중기지방재정계획,2026~2030,억원,녹물 없는 우리집 수도관 개량사업(자 체/지원),2026.1.~2029.12.,125,0,125,0,25,25,25,25,25,2026,10903,2026-09-20
경기도_중기지방재정계획_2026-2030.pdf,중기지방재정계획,2026~2030,억원,"지방상수도 현대화 사업(상수관망, 정 수장)(균특/지원)",2025.1.~2029.12.,1481,0,1481,0,263,278,295,313,332,2026,10945,2026-09-20
경기도_중기지방재정계획_2026-2030.pdf,중기지방재정계획,2026~2030,억원,정수장 소형생물 대 응체계 구축사업(국 비/지원),2025.01.01~2029.12.31,218,0,218,0,39,42,44,47,47,2026,10964,2026-09-20
경기도_중기지방재정계획_2026-2030.pdf,중기지방재정계획,2026~2030,억원,하수처리장 설치(균 특/지원),2026.1.~2030.12.,9858,0,9858,0,1933,1952,1971,1991,2011,2026,10986,2026-09-20
경기도_중기지방재정계획_2026-2030.pdf,중기지방재정계획,2026~2030,억원,면단위하수처리장 설치(균특/지원),2026.1.~2030.12.,327,0,327,0,64,65,65,66,67,2026,11003,2026-09-20
경기도_중기지방재정계획_2026-2030.pdf,중기지방재정계획,2026~2030,억원,하수관로정비(균특/ 지원),2026.1.~2030.12.,16816,0,16816,0,3297,3330,3363,3397,3430,2026,11048,2026-09-20
경기도_중기지방재정계획_2026-2030.pdf,중기지방재정계획,2026~2030,억원,노후하수관로 정밀 조사(균특/지원),2026.01~2030.12,35,0,35,0,7,7,7,7,7,2026,11065,2026-09-20
경기도_중기지방재정계획_2026-2030.pdf,중기지방재정계획,2026~2030,억원,BTL사업임대료지급( 균특/지원),2026.1.~2030.12.,2229,0,2229,0,437,441,446,450,455,2026,11082,2026-09-20
경기도_중기지방재정계획_2026-2030.pdf,중기지방재정계획,2026~2030,억원,하수처리수재이용사 업(국비/지원),2026.1.~2030.12.,343,0,343,0,67,68,69,69,70,2026,11098,2026-09-20
경기도_중기지방재정계획_2026-2030.pdf,중기지방재정계획,2026~2030,억원,스마트하수도관리체 계구축운영(균특/지 원),2026.01~2030.12,30,0,30,0,6,6,6,6,6,2026,11144,2026-09-20
경기도_중기지방재정계획_2026-2030.pdf,중기지방재정계획,2026~2030,억원,유기성 폐자원 통합 바이오가스화시설 설치(국비/지원),2025.1.~2029.12.,173,0,173,0,34,34,35,35,35,2026,11161,2026-09-20
경기도_중기지방재정계획_2026-2030.pdf,중기지방재정계획,2026~2030,억원,물산업 신기술 실증 화 지원(자체/직접),2026. 1. ~ 2030. 12.,18,0,18,0,4,4,4,4,4,2026,11179,2026-09-20
경기도_중기지방재정계획_2026-2030.pdf,중기지방재정계획,2026~2030,억원,자 소  계 2026 2027 2028 2029 2030 생태하천복원사업( 전환)(자체/지원),2026.1.~ 2030.12.,1305,0,1305,0,180,498,321,166,140,2026,11220,2026-09-20
경기도_중기지방재정계획_2026-2030.pdf,중기지방재정계획,2026~2030,억원,보조시설 설치 지원 (비점오염저감사업) (국비/지원),2026.01.~ 2030.12.,377,0,377,0,66,72,76,79,84,2026,11236,2026-09-20
경기도_중기지방재정계획_2026-2030.pdf,중기지방재정계획,2026~2030,억원,비점오염저감시설 운영(비점오염저감 사업)(자체/지원),2025.01~2029.12,90,0,90,0,16,17,18,19,20,2026,11255,2026-09-20
경기도_중기지방재정계획_2026-2030.pdf,중기지방재정계획,2026~2030,억원,깨끗한 쓰레기 처리 감시원 운영(균특/ 지원),기간 : 2026.1.1.~,464,0,464,0,93,93,93,93,93,2026,11307,2026-09-20
경기도_중기지방재정계획_2026-2030.pdf,중기지방재정계획,2026~2030,억원,소각시설 설치(국비 /지원),기간 : 2026.1.1.~,3197,0,3197,0,627,633,639,646,652,2026,11328,2026-09-20
경기도_중기지방재정계획_2026-2030.pdf,중기지방재정계획,2026~2030,억원,매립시설 설치(국비 /지원),2026. 1. ~ 2030. 12.,70,0,70,0,14,14,14,14,14,2026,11348,2026-09-20
경기도_중기지방재정계획_2026-2030.pdf,중기지방재정계획,2026~2030,억원,생활자원회수센터 설치 지원(국비/지 원),기간 : 2026.01~2030.12,963,0,963,0,193,193,193,193,193,2026,11367,2026-09-20
경기도_중기지방재정계획_2026-2030.pdf,중기지방재정계획,2026~2030,억원,생활자원회수센터 현대화사업(국비/지 원),기간 : 2026.01~2030.12,199,0,199,0,40,40,40,40,40,2026,11412,2026-09-20
경기도_중기지방재정계획_2026-2030.pdf,중기지방재정계획,2026~2030,억원,탄소포인트제 운영( 기금/지원),기간 : 2026.01.~,67,0,67,0,13,13,13,13,13,2026,11433,2026-09-20
경기도_중기지방재정계획_2026-2030.pdf,중기지방재정계획,2026~2030,억원,탄소중립지원센터 운영 지원(기금/직 접),기간 : 2026.01.~,45,0,45,0,9,9,9,9,9,2026,11454,2026-09-20
경기도_중기지방재정계획_2026-2030.pdf,중기지방재정계획,2026~2030,억원,탄소중립지원센터 운영 지원(기금/지 원),기간 : 2026.01.~2030.12.,45,0,45,0,9,9,9,9,9,2026,11474,2026-09-20
경기도_중기지방재정계획_2026-2030.pdf,중기지방재정계획,2026~2030,억원,탄소중립 그린도시 사업(기금/지원),기간 : 2022.12~2026.12,242,139,103,0,103,0,0,0,0,2026,11520,2026-09-20
경기도_중기지방재정계획_2026-2030.pdf,중기지방재정계획,2026~2030,억원,굴뚝자동측정기기 설치·운영관리비 지원(국비/직접),2026년 1월 ~ 2030년 12,56,0,56,0,11,11,11,11,11,2026,11543,2026-09-20
경기도_중기지방재정계획_2026-2030.pdf,중기지방재정계획,2026~2030,억원,수질자동측정기기 설치·운영관리비 지원(국비/직접),2026년 1월 ~ 2030년,27,0,27,0,5,5,5,5,5,2026,11565,2026-09-20
경기도_중기지방재정계획_2026-2030.pdf,중기지방재정계획,2026~2030,억원,운행차 배출가스 저 감사업(국비/지원),기간: 2026.01~2030.12.,1429,0,1429,0,286,286,286,286,286,2026,11615,2026-09-20
경기도_중기지방재정계획_2026-2030.pdf,중기지방재정계획,2026~2030,억원,보증기간 경과장치 성능유지관리(국비/ 지원),기간:,79,0,79,0,16,16,16,16,16,2026,11634,2026-09-20
경기도_중기지방재정계획_2026-2030.pdf,중기지방재정계획,2026~2030,억원,성능유지관리(국비/ 지원) 기간:,2026.01~20230.12.,79,0,79,0,16,16,16,16,16,2026,11635,2026-09-20
경기도_중기지방재정계획_2026-2030.pdf,중기지방재정계획,2026~2030,억원,도로재비산먼지 저 감사업(국비/지원),기간: 2026.01~2030.12.,121,0,121,0,24,24,24,24,24,2026,11655,2026-09-20
경기도_중기지방재정계획_2026-2030.pdf,중기지방재정계획,2026~2030,억원,환경개선부담금 징 수비용교부(자체/직 접),기간: 2026.01~2030.12.,86,0,86,0,17,17,17,17,17,2026,11717,2026-09-20
경기도_중기지방재정계획_2026-2030.pdf,중기지방재정계획,2026~2030,억원,지자체 대기환경측 정망 구축·운영(국 비/지원),기간:2025.1.1.~,47,0,47,0,8,9,9,10,10,2026,11733,2026-09-20
경기도_중기지방재정계획_2026-2030.pdf,중기지방재정계획,2026~2030,억원,대기환경측정망 유 지관리(자체/지원),2025.1.1.-2029.12.31.,63,0,63,0,12,12,12,13,13,2026,11752,2026-09-20
경기도_중기지방재정계획_2026-2030.pdf,중기지방재정계획,2026~2030,억원,지속가능발전 추진( 자체/직접),기간 : 2026.01~2030.12,43,0,43,0,9,9,9,9,9,2026,11794,2026-09-20
경기도_중기지방재정계획_2026-2030.pdf,중기지방재정계획,2026~2030,억원,경기환경에너지진흥 원 운영 지원(자체/ 직접),기간 : 2026.01~2030.12,2463,0,2463,0,493,493,493,493,493,2026,11808,2026-09-20
경기도_중기지방재정계획_2026-2030.pdf,중기지방재정계획,2026~2030,억원,재생에너지 이익공 유제(자체/직접),기간 : 2026.01~2030.12,99,0,99,0,20,20,20,20,20,2026,11820,2026-09-20
경기도_중기지방재정계획_2026-2030.pdf,중기지방재정계획,2026~2030,억원,경기기후플랫폼 운 영(자체/직접),기간 : 2026. 1. ~ 2030.,55,0,55,0,11,11,11,11,11,2026,11833,2026-09-20
경기도_중기지방재정계획_2026-2030.pdf,중기지방재정계획,2026~2030,억원,경기도 중소기업 기 후위기 대응 특별보 증(자체/직접),기간 : 2026.01.~2030.12.,360,0,360,0,72,72,72,72,72,2026,11885,2026-09-20
경기도_중기지방재정계획_2026-2030.pdf,중기지방재정계획,2026~2030,억원,비영리민간단체 지 원(자체/직접),기간 : 2026.01. ~ 2030.12.,25,0,25,0,5,5,5,5,5,2026,11900,2026-09-20
경기도_중기지방재정계획_2026-2030.pdf,중기지방재정계획,2026~2030,억원,경기도환경교육센터 운영(자체/직접),기간 : 2026.01~2030.12,63,0,63,0,13,13,13,13,13,2026,11913,2026-09-20
경기도_중기지방재정계획_2026-2030.pdf,중기지방재정계획,2026~2030,억원,야생동물 피해예방 사업(균특/지원),기간 : 2026.01~2030.12,42,0,42,0,8,8,8,8,8,2026,11926,2026-09-20
경기도_중기지방재정계획_2026-2030.pdf,중기지방재정계획,2026~2030,억원,시설 설치(ASF 1·2 차 울타리 설치)(국 비/지원),기간 : 2025.01~2029.12.,6,0,6,0,1,1,1,1,1,2026,11987,2026-09-20
경기도_중기지방재정계획_2026-2030.pdf,중기지방재정계획,2026~2030,억원,국가생태탐방로 조 성(균특/지원),기간 : 2026.01.~,115,115,0,0,0,0,0,0,0,2026,12005,2026-09-20
경기도_중기지방재정계획_2026-2030.pdf,중기지방재정계획,2026~2030,억원,경기생물다양성센터 운영(자체/직접),기간 : 2025.01. ~ 2029.12.,41,0,41,0,8,8,8,8,8,2026,12026,2026-09-20
경기도_중기지방재정계획_2026-2030.pdf,중기지방재정계획,2026~2030,억원,에너지 융자지원사 업(자체/직접),기간 : 2026.01~2030.12.,118,0,118,0,24,24,24,24,24,2026,12079,2026-09-20
경기도_중기지방재정계획_2026-2030.pdf,중기지방재정계획,2026~2030,억원,경기 RE100 선도사 업(자체/지원),기간 : 2026.01~2030.12.,75,0,75,0,15,15,15,15,15,2026,12091,2026-09-20
경기도_중기지방재정계획_2026-2030.pdf,중기지방재정계획,2026~2030,억원,아파트 RE100 지원( 자체/지원),기간 : 2025.01~2030.12.,30,0,30,0,6,6,6,6,6,2026,12102,2026-09-20
경기도_중기지방재정계획_2026-2030.pdf,중기지방재정계획,2026~2030,억원,기후테크 스타트업 육성(자체/직접),기간 : 2026.01.~,148,0,148,0,30,30,30,30,30,2026,12118,2026-09-20
경기도_중기지방재정계획_2026-2030.pdf,중기지방재정계획,2026~2030,억원,경기도 기후테크센 터 설치·운영(자체 /직접),기간 : 2026. 1월 ~ 12월,63,0,63,0,13,13,13,13,13,2026,12160,2026-09-20
경기도_중기지방재정계획_2026-2030.pdf,중기지방재정계획,2026~2030,억원,사업장 대기오염방 지시설 유지관리 지 원(자체/지원),2026년 1월 ~ 2030년 12월,28,0,28,0,6,6,6,6,6,2026,12176,2026-09-20
경기도_중기지방재정계획_2026-2030.pdf,중기지방재정계획,2026~2030,억원,소규모 사업장 방지 시설 지원(국비/지 원),기간 : 2026.1.~2030.12.,1437,0,1437,0,287,287,287,287,287,2026,12191,2026-09-20
경기도_중기지방재정계획_2026-2030.pdf,중기지방재정계획,2026~2030,억원,공공폐수처리시설 설치 지원(국비/지 원),기간 : 2026.1.~2030.12.,166,0,166,0,33,33,33,33,33,2026,12212,2026-09-20
경기도_중기지방재정계획_2026-2030.pdf,중기지방재정계획,2026~2030,억원,중소기업 수질개선 지원 사업(자체/지 원),기간:2026.01~2030.12,19,0,19,0,4,4,4,4,4,2026,12258,2026-09-20
경기도_중기지방재정계획_2026-2030.pdf,중기지방재정계획,2026~2030,억원,경기 RE100 소득마 을(자체/직접),기간: 2026.01~2030.12.,212,0,212,0,42,42,42,42,42,2026,12272,2026-09-20
경기도_중기지방재정계획_2026-2030.pdf,중기지방재정계획,2026~2030,억원,전력 자립 10만가구 프로젝트(자체/직접 ),기간: 2026.01~2030.12.,478,0,478,0,52,107,107,107,107,2026,12288,2026-09-20
경기도_중기지방재정계획_2026-2030.pdf,중기지방재정계획,2026~2030,억원,경기도 에너지전환 확대 조성 사업(자 체/직접),기간: 2026.01~2030.12.,89,0,89,0,10,20,20,20,20,2026,12302,2026-09-20
경기도_중기지방재정계획_2026-2030.pdf,중기지방재정계획,2026~2030,억원,차세대 수소에너지 기술개발 지원사업( 자체/직접),기간: 2025.01~2029.12.,33,0,33,0,7,7,7,7,7,2026,12344,2026-09-20
경기도_중기지방재정계획_2026-2030.pdf,중기지방재정계획,2026~2030,억원,폭염대비 에너지복 지 지원사업(자체/ 지원),2025.1~2029.12,24,0,24,0,5,5,5,5,5,2026,12358,2026-09-20
경기도_중기지방재정계획_2026-2030.pdf,중기지방재정계획,2026~2030,억원,LPG소형저장탱크 보 급사업(자체/지원),기간: 2026.01~2030.12.,250,0,250,0,50,50,50,50,50,2026,12377,2026-09-20
경기도_중기지방재정계획_2026-2030.pdf,중기지방재정계획,2026~2030,억원,도시가스 배관망 지 원사업(자체/지원),2026.01~2030.12.,325,0,325,0,65,65,65,65,65,2026,12391,2026-09-20
경기도_중기지방재정계획_2026-2030.pdf,중기지방재정계획,2026~2030,억원,지원(LPG소형저장탱 크 보급사업)(균특/ 지원),기간: 2026.01~2030.12.,71,0,71,0,14,14,14,14,14,2026,12433,2026-09-20
경기도_중기지방재정계획_2026-2030.pdf,중기지방재정계획,2026~2030,억원,취약계층 에너지복 지(기금/지원),2026.01~2030.12.,34,0,34,0,7,7,7,7,7,2026,12453,2026-09-20
경기도_중기지방재정계획_2026-2030.pdf,중기지방재정계획,2026~2030,억원,경기 기후보험 지원 (자체/직접),2026.1.~2030.12.,165,0,165,0,33,33,33,33,33,2026,12473,2026-09-20
경기도_중기지방재정계획_2026-2030.pdf,중기지방재정계획,2026~2030,억원,리 음향영상카메라 설치·운영(주민참 여예산)(자체/직접),2026.1.~2030.12.,40,0,40,0,8,8,8,8,8,2026,12515,2026-09-20
경기도_중기지방재정계획_2026-2030.pdf,중기지방재정계획,2026~2030,억원,경기도 환경보건센 터 지원(국비/직접),기간 : 2026.1.~2030.12.,30,0,30,0,6,6,6,6,6,2026,12528,2026-09-20
경기도_중기지방재정계획_2026-2030.pdf,중기지방재정계획,2026~2030,억원,석면슬레이트 지붕 철거 및 개량 지원( 균특/지원),기간 : 2026.1.~2030.12.,230,0,230,0,47,47,47,47,42,2026,12548,2026-09-20
경기도_중기지방재정계획_2026-2030.pdf,중기지방재정계획,2026~2030,억원,경기도 업사이클플 라자 운영(자체/직 접),기간 : 2026.01~2030.12,49,0,49,0,10,10,10,10,10,2026,12571,2026-09-20
경기도_중기지방재정계획_2026-2030.pdf,중기지방재정계획,2026~2030,억원,자 소  계 2026 2027 2028 2029 2030 자원순환마을 만들 기(자체/직접),기간 : 2026.01~2030.12,30,0,30,0,6,6,6,6,6,2026,12612,2026-09-20
경기도_중기지방재정계획_2026-2030.pdf,중기지방재정계획,2026~2030,억원,재활용 및 업사이클 센터 설치 사업(균 특/지원),2026. 1. ~ 2030. 12.,100,0,100,0,20,20,20,20,20,2026,12626,2026-09-20
경기도_중기지방재정계획_2026-2030.pdf,중기지방재정계획,2026~2030,억원,다회용기 민간확산 지원 사업(균특/직 접),2026. 1. ~ 2030. 12.,55,0,55,0,11,11,11,11,11,2026,12645,2026-09-20
경기도_중기지방재정계획_2026-2030.pdf,중기지방재정계획,2026~2030,억원,다회용기 재사용 촉 진 지원 사업(균특/ 지원),2026. 1. ~ 2030. 12.,333,0,333,0,67,67,67,67,67,2026,12664,2026-09-20
경기도_중기지방재정계획_2026-2030.pdf,중기지방재정계획,2026~2030,억원,다회용기 재사용 촉 진 지원 사업(균특/ 직접),2026. 1. ~ 2030. 12.,7,0,7,0,1,1,1,1,1,2026,12682,2026-09-20
경기도_중기지방재정계획_2026-2030.pdf,중기지방재정계획,2026~2030,억원,경기정원문화박람회 개최(자체/직접),2025.1~2029.12,35,0,35,0,9,9,9,9,0,2026,12915,2026-09-20
경기도_중기지방재정계획_2026-2030.pdf,중기지방재정계획,2026~2030,억원,경기 아이누리 놀이 터 조성(자체/지원),2026.1~2030.12,174,0,174,0,8,13,13,13,128,2026,12943,2026-09-20
경기도_중기지방재정계획_2026-2030.pdf,중기지방재정계획,2026~2030,억원,경기도 마을정원 조 성(전환)(자체/지원 ),2026.1~2030.12,37,0,37,0,8,10,10,10,0,2026,12956,2026-09-20
경기도_중기지방재정계획_2026-2030.pdf,중기지방재정계획,2026~2030,억원,해외 경기정원 조성 (자체/직접),2026.1월~2027.6월,13,0,13,0,13,0,0,0,0,2026,12997,2026-09-20
경기도_중기지방재정계획_2026-2030.pdf,중기지방재정계획,2026~2030,억원,경기도 지방정원 조 성(자체/직접),기간 : 2025.1~2027.12,1486,0,1486,0,0,1486,0,0,0,2026,13008,2026-09-20
경기도_중기지방재정계획_2026-2030.pdf,중기지방재정계획,2026~2030,억원,지방정원 기반시설 정비(자체/직접),2026.1.~2027.12.,3,0,3,0,3,0,0,0,0,2026,13019,2026-09-20
경기도_중기지방재정계획_2026-2030.pdf,중기지방재정계획,2026~2030,억원,연인산도립공원 시 설 정비(자체/직접),2025.1~2029.12,23,0,23,0,5,6,6,6,0,2026,13032,2026-09-20
경기도_중기지방재정계획_2026-2030.pdf,중기지방재정계획,2026~2030,억원,연인산도립공원 운 영(자체/직접),2025.1~2029.12,27,0,27,0,7,6,6,6,0,2026,13044,2026-09-20
경기도_중기지방재정계획_2026-2030.pdf,중기지방재정계획,2026~2030,억원,주거급여(국비/지원 ),기간:2026.1.1.~,69607,25224,44383,0,8032,8434,8856,9298,9763,2026,13102,2026-09-20
경기도_중기지방재정계획_2026-2030.pdf,중기지방재정계획,2026~2030,억원,청년월세 한시 특별 지원(국비/지원),2026.1.1.~2030.12.31.,1036,0,1036,0,343,225,156,156,156,2026,13120,2026-09-20
경기도_중기지방재정계획_2026-2030.pdf,중기지방재정계획,2026~2030,억원,지역사회서비스 투 자사업(균특/지원),2026.1.~2030.12.,1908,0,1908,0,376,379,382,385,388,2026,13186,2026-09-20
경기도_중기지방재정계획_2026-2030.pdf,중기지방재정계획,2026~2030,억원,가사간병 방문 지원 사업(균특/지원),2026.1.~2030.12.,193,0,193,0,35,37,39,40,43,2026,13202,2026-09-20
경기도_중기지방재정계획_2026-2030.pdf,중기지방재정계획,2026~2030,억원,지역사회서비스지원 단 운영지원(균특/ 직접),2026.1.~2030.12.,41,0,41,0,8,8,8,8,8,2026,13218,2026-09-20
경기도_중기지방재정계획_2026-2030.pdf,중기지방재정계획,2026~2030,억원,지역사회서비스분야 청년사업단 지원(국 비/직접),2026.1.~2030.12,5,0,5,0,1,1,1,1,1,2026,13263,2026-09-20
경기도_중기지방재정계획_2026-2030.pdf,중기지방재정계획,2026~2030,억원,경기광역푸드뱅크 지원(자체/직접),2025.1.~2029.12.,43,0,43,0,8,8,8,9,9,2026,13280,2026-09-20
경기도_중기지방재정계획_2026-2030.pdf,중기지방재정계획,2026~2030,억원,기초 기부식품등 제 공사업장 지원(자체 /지원),2026.1.~2030.12.,56,0,56,0,10,11,11,12,12,2026,13294,2026-09-20
경기도_중기지방재정계획_2026-2030.pdf,중기지방재정계획,2026~2030,억원,생계급여(국비/지원 ),2026.1.~2030.12.,111821,0,111821,0,18316,20148,22162,24379,26817,2026,13307,2026-09-20
경기도_중기지방재정계획_2026-2030.pdf,중기지방재정계획,2026~2030,억원,교육급여(자체/직접 ),2026.1~2030.12.,78,0,78,0,14,15,16,16,17,2026,13350,2026-09-20
경기도_중기지방재정계획_2026-2030.pdf,중기지방재정계획,2026~2030,억원,해산장제급여(국비/ 지원),2026.1.~2030.12.,574,0,574,0,108,111,115,118,122,2026,13360,2026-09-20
경기도_중기지방재정계획_2026-2030.pdf,중기지방재정계획,2026~2030,억원,의료급여관리사 인 건비 지원(균특/지 원),2026.1.~2030.12.,204,0,204,0,38,39,41,42,44,2026,13376,2026-09-20
경기도_중기지방재정계획_2026-2030.pdf,중기지방재정계획,2026~2030,억원,자활근로 지원사업( 국비/지원),2026.1.~2030.12.,5260,0,5260,0,1025,1038,1052,1065,1079,2026,13395,2026-09-20
경기도_중기지방재정계획_2026-2030.pdf,중기지방재정계획,2026~2030,억원,경기광역자활센터 운영지원(국비/직접 ),2026.1.~2030.12.,50,0,50,0,9,10,10,11,11,2026,13441,2026-09-20
경기도_중기지방재정계획_2026-2030.pdf,중기지방재정계획,2026~2030,억원,지역자활센터 운영( 국비/지원),2025.1.~2029.12.,554,0,554,0,109,110,111,112,113,2026,13457,2026-09-20
경기도_중기지방재정계획_2026-2030.pdf,중기지방재정계획,2026~2030,억원,사례관리 전달체계 개선(균특/지원),2026.1.~2030.12.,43,0,43,0,8,9,9,9,9,2026,13472,2026-09-20
경기도_중기지방재정계획_2026-2030.pdf,중기지방재정계획,2026~2030,억원,노숙인 자활지원(자 체/지원),2026.1.~2030.12.,36,0,36,0,6,7,7,7,8,2026,13528,2026-09-20
경기도_중기지방재정계획_2026-2030.pdf,중기지방재정계획,2026~2030,억원,노숙인 보호 및 지 원(자체/지원),2026.1.~2030.12.,94,0,94,0,17,18,19,20,21,2026,13540,2026-09-20
경기도_중기지방재정계획_2026-2030.pdf,중기지방재정계획,2026~2030,억원,노숙인 재활·요양 시설 지원)(전환)( 자체/지원),2026.1.~2030.12.,340,0,340,0,62,65,68,71,75,2026,13555,2026-09-20
경기도_중기지방재정계획_2026-2030.pdf,중기지방재정계획,2026~2030,억원,강(노숙인시설 기능 보강 지원)(국비/지 원),2025.1.~2029.12.,59,0,59,0,11,11,12,12,13,2026,13569,2026-09-20
경기도_중기지방재정계획_2026-2030.pdf,중기지방재정계획,2026~2030,억원,의료급여(국비/직접 ),2026.1.~2030.12.,122409,0,122409,0,22153,23261,24424,25645,26927,2026,13615,2026-09-20
경기도_중기지방재정계획_2026-2030.pdf,중기지방재정계획,2026~2030,억원,의료급여(국비/지원 ),2026.1.~2030.12.,1469,0,1469,0,266,279,293,308,323,2026,13633,2026-09-20
경기도_중기지방재정계획_2026-2030.pdf,중기지방재정계획,2026~2030,억원,선감학원사건 피해 자 지원금(자체/직 접),기간 : 2026.01~2030.12,48,0,48,0,10,10,10,10,10,2026,13696,2026-09-20
경기도_중기지방재정계획_2026-2030.pdf,중기지방재정계획,2026~2030,억원,선감학원 옛터 역사 문화공간 조성(자체 /직접),2024 ~ 2028년,448,1,448,0,18,215,215,0,0,2026,13712,2026-09-20
경기도_중기지방재정계획_2026-2030.pdf,중기지방재정계획,2026~2030,억원,재해구호사업(자체/ 지원),기간 : 2026. 1. ~ 2030. 12.,2000,0,2000,0,300,350,400,450,500,2026,13726,2026-09-20
경기도_중기지방재정계획_2026-2030.pdf,중기지방재정계획,2026~2030,억원,재해구호사업(자체/ 직접),2026. 1. ~ 2030. 12.,111,0,111,0,21,22,22,23,24,2026,13737,2026-09-20
경기도_중기지방재정계획_2026-2030.pdf,중기지방재정계획,2026~2030,억원,사회복지시설 종사 자 보수교육비 지원 (자체/지원),2026.01.~2030.12.,43,0,43,0,8,8,9,9,9,2026,13788,2026-09-20
경기도_중기지방재정계획_2026-2030.pdf,중기지방재정계획,2026~2030,억원,사회복지종사자 역 량강화(자체/직접),2026.01.~2030.12.,6,0,6,0,1,1,1,1,1,2026,13799,2026-09-20
경기도_중기지방재정계획_2026-2030.pdf,중기지방재정계획,2026~2030,억원,경기도 사회복지종 사자 인권보호 지원 사업(자체/직접),2026.01.~2030.12.,12,0,12,0,2,3,3,3,3,2026,13811,2026-09-20
경기도_중기지방재정계획_2026-2030.pdf,중기지방재정계획,2026~2030,억원,사회복지협의회 운 영 및 사업지원(자 체/직접),2026.01.~2030.12.,30,0,30,0,6,6,6,6,7,2026,13825,2026-09-20
경기도_중기지방재정계획_2026-2030.pdf,중기지방재정계획,2026~2030,억원,종합사회복지관 종 사자 처우개선(자체 /지원),2026.01.~2030.12.,70,0,70,0,13,13,14,15,15,2026,13838,2026-09-20
경기도_중기지방재정계획_2026-2030.pdf,중기지방재정계획,2026~2030,억원,사회복지시설 종사 자 대체인력지원(국 비/직접),2026.01~2030.12,82,0,82,0,15,16,16,17,18,2026,13880,2026-09-20
경기도_중기지방재정계획_2026-2030.pdf,중기지방재정계획,2026~2030,억원,사회서비스원 설립 ·운영(국비/직접),2026.1.~2030.12.,85,0,85,0,17,17,17,17,17,2026,13897,2026-09-20
경기도_중기지방재정계획_2026-2030.pdf,중기지방재정계획,2026~2030,억원,경기도사회서비스원 운영 지원(자체/직 접),2026.1.~2030.12.,339,0,339,0,66,67,68,68,69,2026,13914,2026-09-20
경기도_중기지방재정계획_2026-2030.pdf,중기지방재정계획,2026~2030,억원,경기도 서민금융복 지지원센터 운영(자 체/직접),2026.01~2030.12.,206,0,206,0,39,39,41,43,45,2026,13926,2026-09-20
경기도_중기지방재정계획_2026-2030.pdf,중기지방재정계획,2026~2030,억원,자 소  계 2026 2027 2028 2029 2030 누구나 돌봄(자체/ 지원),2026.1.~2030.12.,398,0,398,0,70,81,82,82,83,2026,13967,2026-09-20
경기도_중기지방재정계획_2026-2030.pdf,중기지방재정계획,2026~2030,억원,누구나 돌봄(자체/ 직접),2026.1.~2030.12.,39,0,39,0,8,8,8,8,8,2026,13979,2026-09-20
경기도_중기지방재정계획_2026-2030.pdf,중기지방재정계획,2026~2030,억원,일상돌봄서비스 사 업(균특/지원),2026.1.1~2030.12.31,231,0,231,0,44,45,46,48,49,2026,13992,2026-09-20
경기도_중기지방재정계획_2026-2030.pdf,중기지방재정계획,2026~2030,억원,통합돌봄 시범사업( 자체/지원),2026.01.~2030.12.,50,0,50,0,10,10,10,10,10,2026,14011,2026-09-20
경기도_중기지방재정계획_2026-2030.pdf,중기지방재정계획,2026~2030,억원,취약지역 의료서비 스 등 확충(국비/지 원),2026.01.~2030.12.,60,0,60,0,30,7,7,8,8,2026,14023,2026-09-20
경기도_중기지방재정계획_2026-2030.pdf,중기지방재정계획,2026~2030,억원,자 소  계 2026 2027 2028 2029 2030 보훈대상자 지원(자 체/직접),2026.1.~2030.12.,51,0,51,0,10,10,10,10,10,2026,14067,2026-09-20
경기도_중기지방재정계획_2026-2030.pdf,중기지방재정계획,2026~2030,억원,보훈대상자 지원(자 체/지원),2026.1 ~ 2030.12,2042,0,2042,0,385,396,408,420,433,2026,14081,2026-09-20
경기도_중기지방재정계획_2026-2030.pdf,중기지방재정계획,2026~2030,억원,보훈단체 운영지원( 자체/직접),2026.1.~2030.12.,208,0,208,0,31,41,43,45,48,2026,14094,2026-09-20
경기도_중기지방재정계획_2026-2030.pdf,중기지방재정계획,2026~2030,억원,긴급복지(국비/지원 ),2026.1~2030.12,6930,0,6930,0,1181,1276,1378,1488,1607,2026,14111,2026-09-20
경기도_중기지방재정계획_2026-2030.pdf,중기지방재정계획,2026~2030,억원,경기도형 긴급복지( 자체/지원),2026.1~2030.12,549,0,549,0,90,99,109,120,132,2026,14126,2026-09-20
경기도_중기지방재정계획_2026-2030.pdf,중기지방재정계획,2026~2030,억원,무한돌봄센터 운영( 자체/지원),2026.1.~2030.12.,148,0,148,0,30,30,30,30,30,2026,14165,2026-09-20
경기도_중기지방재정계획_2026-2030.pdf,중기지방재정계획,2026~2030,억원,통합사례관리사 인 건비 지원(균특/지 원),2026.1.~2030.12.,191,0,191,0,38,38,38,38,38,2026,14179,2026-09-20
경기도_중기지방재정계획_2026-2030.pdf,중기지방재정계획,2026~2030,억원,읍면동 맞춤형 통합 서비스 지원(균특/ 지원),2026.1.~2030.12.,227,0,227,0,45,45,45,45,45,2026,14194,2026-09-20
경기도_중기지방재정계획_2026-2030.pdf,중기지방재정계획,2026~2030,억원,고독사 예방 및 관 리체계 구축 사업( 국비/지원),2026.1.~2030.12.,79,0,79,0,16,16,16,16,16,2026,14211,2026-09-20
경기도_중기지방재정계획_2026-2030.pdf,중기지방재정계획,2026~2030,억원,장애인복지 지원사 업,2026.01.01 ~ 2030.12.31,31,0,31,0,7,8,7,6,5,2026,14259,2026-09-20
경기도_중기지방재정계획_2026-2030.pdf,중기지방재정계획,2026~2030,억원,발달장애인 노년기 전환지원,2026.01.01.~2030.12.31,8,0,8,0,2,2,2,2,2,2026,14270,2026-09-20
경기도_중기지방재정계획_2026-2030.pdf,중기지방재정계획,2026~2030,억원,저소득장애인 진단 비 및 검사비 지원( 국비/지원),2026.01.01.~2030.12.31,7,0,7,0,1,1,1,1,2,2026,14288,2026-09-20
경기도_중기지방재정계획_2026-2030.pdf,중기지방재정계획,2026~2030,억원,경기도 장애인 누림 통장(자체/지원),2026.01.01.~2030.12.31.,75,0,75,0,14,15,15,15,16,2026,14345,2026-09-20
경기도_중기지방재정계획_2026-2030.pdf,중기지방재정계획,2026~2030,억원,경기도 장애인 기회 소득(자체/직접),2026.01.01.~2030.12.31,700,0,700,0,140,140,140,140,140,2026,14360,2026-09-20
경기도_중기지방재정계획_2026-2030.pdf,중기지방재정계획,2026~2030,억원,장애돌봄 야간휴일 프로그램 운영(자체 /직접),2026.01.01.~2030.12.31.,162,0,162,0,31,32,32,33,33,2026,14374,2026-09-20
경기도_중기지방재정계획_2026-2030.pdf,중기지방재정계획,2026~2030,억원,장애인 활동지원급 여 지원(국비/지원),2026.01.01.~2030.12.31,33459,0,33459,0,6177,6425,6682,6949,7227,2026,14388,2026-09-20
경기도_중기지방재정계획_2026-2030.pdf,중기지방재정계획,2026~2030,억원,장애인 활동지원급 여 추가 지원(자체/ 지원),2026.01.01.~2030.12.31,1150,0,1150,0,217,223,230,237,244,2026,14446,2026-09-20
경기도_중기지방재정계획_2026-2030.pdf,중기지방재정계획,2026~2030,억원,장애인 활동지원급 여 24시간 지원(자 체/지원),2026.1.1~2030.12.31.,398,0,398,0,75,77,80,82,84,2026,14461,2026-09-20
경기도_중기지방재정계획_2026-2030.pdf,중기지방재정계획,2026~2030,억원,장애인 활동지원 전 자바우처시스템 관 리운영(자체/직접),2026.01.01~2030.12.31,2,0,2,0,0,0,0,0,0,2026,14474,2026-09-20
경기도_중기지방재정계획_2026-2030.pdf,중기지방재정계획,2026~2030,억원,장애인 응급안전안 심서비스 지원(균특 /지원),2026.01.01.~2030.12.31,6,0,6,0,1,1,1,1,1,2026,14486,2026-09-20
경기도_중기지방재정계획_2026-2030.pdf,중기지방재정계획,2026~2030,억원,장애인연금 급여 지 급(국비/지원),2026.01.01.~2030.12.31,10155,0,10155,0,1991,2011,2031,2051,2072,2026,14531,2026-09-20
경기도_중기지방재정계획_2026-2030.pdf,중기지방재정계획,2026~2030,억원,장애수당(기초) 지 급(국비/지원),2026.01.01.~2030.12.31,1796,0,1796,0,345,352,359,366,373,2026,14548,2026-09-20
경기도_중기지방재정계획_2026-2030.pdf,중기지방재정계획,2026~2030,억원,장애수당(차상위등) 지급(국비/지원),2026.01.01.~2030.12.31,892,0,892,0,171,175,178,182,186,2026,14565,2026-09-20
경기도_중기지방재정계획_2026-2030.pdf,중기지방재정계획,2026~2030,억원,도비 장애수당(자체 /지원),2026.01.01.~2030.12.31,304,0,304,0,57,59,61,62,64,2026,14581,2026-09-20
경기도_중기지방재정계획_2026-2030.pdf,중기지방재정계획,2026~2030,억원,장애아가족 양육지 원(국비/직접),2026.01.01.~2030.12.31,567,0,567,0,109,111,113,116,118,2026,14622,2026-09-20
경기도_중기지방재정계획_2026-2030.pdf,중기지방재정계획,2026~2030,억원,발달재활서비스 바 우처 지원(국비/지 원),2026.01.01.~2030.12.31,1736,0,1736,0,347,347,347,347,347,2026,14639,2026-09-20
경기도_중기지방재정계획_2026-2030.pdf,중기지방재정계획,2026~2030,억원,언어발달지원 바우 처 지원(국비/지원),2026.01.01.~2030.12.31,6,0,6,0,1,1,1,1,1,2026,14655,2026-09-20
경기도_중기지방재정계획_2026-2030.pdf,중기지방재정계획,2026~2030,억원,시군 장애아동 발달 재활지원센터 운영( 자체/지원),2026.01.01.~2030.12.31,11,0,11,0,2,2,2,2,2,2026,14674,2026-09-20
경기도_중기지방재정계획_2026-2030.pdf,중기지방재정계획,2026~2030,억원,여성장애인 출산비 용 지원(국비/지원),2026.01.01.~2030.12.31,12,0,12,0,2,2,2,2,3,2026,14716,2026-09-20
경기도_중기지방재정계획_2026-2030.pdf,중기지방재정계획,2026~2030,억원,장애인의료비 지원( 국비/지원),2026.01.01.~2030.12.31,269,0,269,0,52,53,54,55,56,2026,14734,2026-09-20
경기도_중기지방재정계획_2026-2030.pdf,중기지방재정계획,2026~2030,억원,저소득장애인 의료 비(자체/지원),2026.01.01.~2030.12.31,6,0,6,0,1,1,1,1,1,2026,14751,2026-09-20
경기도_중기지방재정계획_2026-2030.pdf,중기지방재정계획,2026~2030,억원,저소득장애인 보조 기기 지원(자체/지 원),2026.01.01.~2030.12.31.,6,0,6,0,1,1,1,1,1,2026,14766,2026-09-20
경기도_중기지방재정계획_2026-2030.pdf,중기지방재정계획,2026~2030,억원,장애인가구 냉난방 비(자체/지원),2026.01.01.~2030.12.31,138,0,138,0,25,26,28,29,30,2026,14808,2026-09-20
경기도_중기지방재정계획_2026-2030.pdf,중기지방재정계획,2026~2030,억원,청각장애인 인공달 팽이관 수술지원(자 체/지원),2026.01.01.~2030.12.31,1,0,1,0,0,0,0,0,0,2026,14822,2026-09-20
경기도_중기지방재정계획_2026-2030.pdf,중기지방재정계획,2026~2030,억원,청각장애인 재활지 원(자체/지원),2026.01.01.~2030.12.31,2,0,2,0,0,0,0,0,0,2026,14834,2026-09-20
경기도_중기지방재정계획_2026-2030.pdf,중기지방재정계획,2026~2030,억원,장애인 행사 및 축 제 지원(자체/직접),2026.01.01.~2030.12.31.,27,0,27,0,5,5,5,6,6,2026,14849,2026-09-20
경기도_중기지방재정계획_2026-2030.pdf,중기지방재정계획,2026~2030,억원,장애인단체 육성 및 지원(자체/직접),2026.01.01.~2030.12.31,313,0,313,0,58,60,62,65,68,2026,14862,2026-09-20
경기도_중기지방재정계획_2026-2030.pdf,중기지방재정계획,2026~2030,억원,자 소  계 2026 2027 2028 2029 2030 여성장애인 교육지 원(국비/직접),2026.01.01.~2030.12.31,12,0,12,0,2,2,2,2,3,2026,14900,2026-09-20
경기도_중기지방재정계획_2026-2030.pdf,중기지방재정계획,2026~2030,억원,여성장애인 교육지 원(자체/직접),2026.01.01.~2030.12.31,1,0,1,0,0,0,0,0,0,2026,14916,2026-09-20
경기도_중기지방재정계획_2026-2030.pdf,중기지방재정계획,2026~2030,억원,장애인 보조기기 지 원(교부사업)(국비/ 지원),2026.01.01.~2030.12.31,21,0,21,0,4,4,4,4,4,2026,14929,2026-09-20
경기도_중기지방재정계획_2026-2030.pdf,중기지방재정계획,2026~2030,억원,장애인 보조기기 지 원(사례관리)(국비/ 직접),2026.01.01.~2030.12.31.,12,0,12,0,2,2,2,2,3,2026,14947,2026-09-20
경기도_중기지방재정계획_2026-2030.pdf,중기지방재정계획,2026~2030,억원,재활공학서비스연구 지원센터 운영(자체 /직접),2026.01.01.~2030.12.31,77,0,77,0,14,15,15,16,16,2026,14968,2026-09-20
경기도_중기지방재정계획_2026-2030.pdf,중기지방재정계획,2026~2030,억원,경기도 보조기기 북 부센터 운영(자체/ 직접),2026.01.01.~2030.12.31.,13,0,13,0,2,2,3,3,3,2026,15007,2026-09-20
경기도_중기지방재정계획_2026-2030.pdf,중기지방재정계획,2026~2030,억원,장애인 가족지원센 터 지원(자체/직접),2026.01.01.~2030.12.31,72,0,72,0,13,14,14,15,15,2026,15021,2026-09-20
경기도_중기지방재정계획_2026-2030.pdf,중기지방재정계획,2026~2030,억원,시군 장애인 가족지 원센터 지원(자체/ 지원),2026.01.01.~2030.12.31,74,0,74,0,14,15,15,15,15,2026,15034,2026-09-20
경기도_중기지방재정계획_2026-2030.pdf,중기지방재정계획,2026~2030,억원,장애인 복지신문 보 급(자체/지원),2026.01.01.~2030.12.31,17,0,17,0,3,3,3,3,3,2026,15049,2026-09-20
경기도_중기지방재정계획_2026-2030.pdf,중기지방재정계획,2026~2030,억원,장애인 개인예산제 운영(국비/지원),2026.01.01.~2030.12.31,9,0,9,0,2,2,2,2,2,2026,15062,2026-09-20
경기도_중기지방재정계획_2026-2030.pdf,중기지방재정계획,2026~2030,억원,지역장애아동지원센 터(국비/직접),2026.1.1. ~ 2030.12.31.,54,0,54,0,11,11,11,11,11,2026,15108,2026-09-20
경기도_중기지방재정계획_2026-2030.pdf,중기지방재정계획,2026~2030,억원,장애인편의시설 설 치 지원(자체/직접),2026.01.01.~2030.12.31,52,0,52,0,10,10,10,11,11,2026,15125,2026-09-20
경기도_중기지방재정계획_2026-2030.pdf,중기지방재정계획,2026~2030,억원,시군 장애인편의시 설 설치 지원(자체/ 지원),2026.01.01.~2030.12.31,46,0,46,0,9,9,9,9,10,2026,15137,2026-09-20
경기도_중기지방재정계획_2026-2030.pdf,중기지방재정계획,2026~2030,억원,시군 장애인 편의시 설 현장조사요원 운 영(자체/지원),2026.01.01.~2030.12.31.,21,0,21,0,4,4,4,4,5,2026,15150,2026-09-20
경기도_중기지방재정계획_2026-2030.pdf,중기지방재정계획,2026~2030,억원,수어통역센터 지역 지원본부 운영(자체 /직접),2026.01.01.~2030.12.31,27,0,27,0,5,5,5,6,6,2026,15194,2026-09-20
경기도_중기지방재정계획_2026-2030.pdf,중기지방재정계획,2026~2030,억원,생활지원센터 및 수 어통역센터 운영 지 원(자체/지원),2026.01.01.~2030.12.31.,138,0,138,0,26,27,27,28,29,2026,15209,2026-09-20
경기도_중기지방재정계획_2026-2030.pdf,중기지방재정계획,2026~2030,억원,합지원센터(누림센 터) 운영(자체/직접 ),2026.01.01.~2030.12.31,257,0,257,0,47,49,51,53,55,2026,15224,2026-09-20
경기도_중기지방재정계획_2026-2030.pdf,중기지방재정계획,2026~2030,억원,장애어르신 쉼마루 지원(자체/지원),2026.1.1.~2030.12.31.,36,0,36,0,7,7,7,8,8,2026,15237,2026-09-20
경기도_중기지방재정계획_2026-2030.pdf,중기지방재정계획,2026~2030,억원,영지원(인권침해 피 해장애인 쉼터운영) (국비/직접),2026.01.01.~2030.12.31,20,0,20,0,4,4,4,4,4,2026,15253,2026-09-20
경기도_중기지방재정계획_2026-2030.pdf,중기지방재정계획,2026~2030,억원,영지원(인권침해 피 해장애아동 쉼터 운 영)(국비/직접),2026.01.01.~2030.12.31,27,0,27,0,5,5,5,5,6,2026,15308,2026-09-20
경기도_중기지방재정계획_2026-2030.pdf,중기지방재정계획,2026~2030,억원,영지원(인권침해 피 해장애아동 쉼터 운 영)(자체/직접),2026.1.1.~2030.12.31.,27,0,27,0,5,5,5,6,6,2026,15326,2026-09-20
경기도_중기지방재정계획_2026-2030.pdf,중기지방재정계획,2026~2030,억원,장애인지역사회재활 시설 지원(자체/지 원),2026.01.01.~2030.12.31,679,0,679,0,128,132,136,140,144,2026,15337,2026-09-20
경기도_중기지방재정계획_2026-2030.pdf,중기지방재정계획,2026~2030,억원,시각장애인 복지관 운영(자체/직접),2026.01.01.~2030.12.31,102,0,102,0,19,20,20,21,22,2026,15350,2026-09-20
경기도_중기지방재정계획_2026-2030.pdf,중기지방재정계획,2026~2030,억원,장애인생산품판매시 설 지원(운영비)(국 비/직접),2026.01.01.~2030.12.31.,10,0,10,0,2,2,2,2,2,2026,15363,2026-09-20
경기도_중기지방재정계획_2026-2030.pdf,중기지방재정계획,2026~2030,억원,장애인생산품판매시 설 지원(자체/직접),2026.1.1.~2030.12.31.,86,0,86,0,16,17,17,18,18,2026,15407,2026-09-20
경기도_중기지방재정계획_2026-2030.pdf,중기지방재정계획,2026~2030,억원,시군 장애인복지시 설 종사자 처우개선 비(자체/지원),2026.1.1.~2030.12.31.,250,0,250,0,48,49,50,51,52,2026,15420,2026-09-20
경기도_중기지방재정계획_2026-2030.pdf,중기지방재정계획,2026~2030,억원,장애인복지시설 재 활프로그램 지원(자 체/지원),2026.1.1.~2030.12.31.,15,0,15,0,3,3,3,3,3,2026,15431,2026-09-20
경기도_중기지방재정계획_2026-2030.pdf,중기지방재정계획,2026~2030,억원,장애인복지시설 종 사자 역량강화교육 사업(자체/직접),2026.1.1.~2030.12.31.,4,0,4,0,1,1,1,1,1,2026,15447,2026-09-20
경기도_중기지방재정계획_2026-2030.pdf,중기지방재정계획,2026~2030,억원,장애인거주시설 운 영 지원(국비/지원),2026.1.1.~2030.12.31.,6876,0,6876,0,1287,1330,1374,1419,1466,2026,15458,2026-09-20
경기도_중기지방재정계획_2026-2030.pdf,중기지방재정계획,2026~2030,억원,영 지원(공기청정기 렌탈 지원)(국비/지 원),2026.1.1.~2030.12.31.,6,0,6,0,1,1,1,1,1,2026,15503,2026-09-20
경기도_중기지방재정계획_2026-2030.pdf,중기지방재정계획,2026~2030,억원,영 지원(실비입소이 용료지원)(국비/지 원),2026.1.1.~2030.12.31.,10,0,10,0,2,2,2,2,2,2026,15521,2026-09-20
경기도_중기지방재정계획_2026-2030.pdf,중기지방재정계획,2026~2030,억원,장애인 365쉼터 운 영 지원(자체/지원),2026.1.1.~2030.12.31.,21,0,21,0,4,4,4,4,4,2026,15537,2026-09-20
경기도_중기지방재정계획_2026-2030.pdf,중기지방재정계획,2026~2030,억원,장애인거주시설 운 영 지원(자체/지원),2026.1.1.~2030.12.31.,242,0,242,0,47,48,48,49,50,2026,15547,2026-09-20
경기도_중기지방재정계획_2026-2030.pdf,중기지방재정계획,2026~2030,억원,장애인거주시설 지 원(자체/지원),2026.1.1.~2030.12.31.,223,0,223,0,41,43,45,46,48,2026,15585,2026-09-20
경기도_중기지방재정계획_2026-2030.pdf,중기지방재정계획,2026~2030,억원,장애인거주시설 기 능보강(국비/지원),2026.1.1.~2030.12.31.,84,0,84,0,17,17,17,17,17,2026,15597,2026-09-20
경기도_중기지방재정계획_2026-2030.pdf,중기지방재정계획,2026~2030,억원,장애인직업재활시설 기능보강(국비/지원 ),2026.1.1.~2030.12.31.,107,0,107,0,21,21,21,21,21,2026,15613,2026-09-20
경기도_중기지방재정계획_2026-2030.pdf,중기지방재정계획,2026~2030,억원,장애인주간이용시설 기능보강(국비/지원 ),2026.1.1.~2030.12.31.,14,0,14,0,3,3,3,3,3,2026,15629,2026-09-20
경기도_중기지방재정계획_2026-2030.pdf,중기지방재정계획,2026~2030,억원,지역 장애인권익옹 호기관 운영지원(국 비/직접),2026.1.1.~2030.12.31.,28,0,28,0,5,5,6,6,6,2026,15676,2026-09-20
경기도_중기지방재정계획_2026-2030.pdf,중기지방재정계획,2026~2030,억원,지역 장애인권익옹 호기관 운영지원(자 체/직접),2026.1.1.~2030.12.31.,58,0,58,0,11,11,12,12,12,2026,15693,2026-09-20
경기도_중기지방재정계획_2026-2030.pdf,중기지방재정계획,2026~2030,억원,경기북부 장애인권 익옹호기관 운영(자 체/직접),2026.1.1.~2030.12.31.,38,0,38,0,7,7,8,8,8,2026,15705,2026-09-20
경기도_중기지방재정계획_2026-2030.pdf,중기지방재정계획,2026~2030,억원,장애인자립생활지원 센터 지원(자체/지 원),기간:2026.1.~2030.12.,173,0,173,0,33,35,35,35,36,2026,15721,2026-09-20
경기도_중기지방재정계획_2026-2030.pdf,중기지방재정계획,2026~2030,억원,장애인 자립생활 체 험홈 설치운영 지원 (자체/지원),2026.1.~2030.12.,68,0,68,0,13,13,14,14,14,2026,15762,2026-09-20
경기도_중기지방재정계획_2026-2030.pdf,중기지방재정계획,2026~2030,억원,장애인 자립주택 지 원(균특/지원),2026.1.1.~2030.12.31.,64,0,64,0,12,13,13,13,13,2026,15774,2026-09-20
경기도_중기지방재정계획_2026-2030.pdf,중기지방재정계획,2026~2030,억원,장애인직업재활시설 지원(자체/지원),기간:2026.1.~2030.12.,80,0,80,0,15,15,16,16,17,2026,15794,2026-09-20
경기도_중기지방재정계획_2026-2030.pdf,중기지방재정계획,2026~2030,억원,장애인직업재활시설 운영 지원(자체/지 원),기간:2026.1.~2030.12.,637,0,637,0,120,124,127,131,135,2026,15807,2026-09-20
경기도_중기지방재정계획_2026-2030.pdf,중기지방재정계획,2026~2030,억원,시군 장애인직업재 활시설 종사자 처우 개선비(자체/지원),기간:2026.1.~2030.12.,56,0,56,0,11,11,11,12,12,2026,15847,2026-09-20
경기도_중기지방재정계획_2026-2030.pdf,중기지방재정계획,2026~2030,억원,장애인직업재활시설 훈련장애인 기회수 당(자체/지원),기간:2026.1.~2030.12.,50,0,50,0,9,10,10,10,11,2026,15859,2026-09-20
경기도_중기지방재정계획_2026-2030.pdf,중기지방재정계획,2026~2030,억원,시각장애인안마사 파견사업(국비/직접 ),기간:2026.1.~2030.12.,164,0,164,0,31,32,33,34,34,2026,15873,2026-09-20
경기도_중기지방재정계획_2026-2030.pdf,중기지방재정계획,2026~2030,억원,장애인일자리지원( 일반형일자리)(국비 /직접),기간:2026.1.~2030.12.,108,0,108,0,21,21,22,22,23,2026,15889,2026-09-20
경기도_중기지방재정계획_2026-2030.pdf,중기지방재정계획,2026~2030,억원,장애인일자리지원( 복지일자리)(국비/ 지원),기간:2026.1.~2030.12.,684,0,684,0,124,130,136,143,150,2026,15946,2026-09-20
경기도_중기지방재정계획_2026-2030.pdf,중기지방재정계획,2026~2030,억원,장애인일자리지원( 시간제일자리)(국비 /지원),기간:2026.1.~2030.12.,289,0,289,0,56,57,58,59,60,2026,15962,2026-09-20
경기도_중기지방재정계획_2026-2030.pdf,중기지방재정계획,2026~2030,억원,장애인 맞춤형 일자 리 공모사업(자체/ 직접),기간:2026.1.~2030.12.,628,0,628,0,118,120,125,130,135,2026,15978,2026-09-20
경기도_중기지방재정계획_2026-2030.pdf,중기지방재정계획,2026~2030,억원,발달장애인요양보호 사 보조사업(국비/ 지원),기간:2026.1.~2030.12.,61,0,61,0,11,12,12,12,13,2026,16030,2026-09-20
경기도_중기지방재정계획_2026-2030.pdf,중기지방재정계획,2026~2030,억원,발달장애인 가족휴 식지원(국비/직접),2026.01.01.~2030.12.31,57,0,57,0,11,11,11,11,11,2026,16046,2026-09-20
경기도_중기지방재정계획_2026-2030.pdf,중기지방재정계획,2026~2030,억원,발달장애인 주간활 동서비스 (국비/지 원),2026. 1. ~ 2030. 12.,3583,0,3583,0,695,706,716,727,738,2026,16062,2026-09-20
경기도_중기지방재정계획_2026-2030.pdf,중기지방재정계획,2026~2030,억원,청소년 발달장애인 방과후활동서비스( 국비/지원),2026.1.~2030.12.,1324,0,1324,0,257,261,265,269,273,2026,16106,2026-09-20
경기도_중기지방재정계획_2026-2030.pdf,중기지방재정계획,2026~2030,억원,최중증 발달장애인 주간 개별 1:1 지원 (국비/지원),2026.1.1.~2030.12.31.,173,0,173,0,33,34,35,36,37,2026,16124,2026-09-20
경기도_중기지방재정계획_2026-2030.pdf,중기지방재정계획,2026~2030,억원,최중증 발달장애인 주간 그룹 1:1 지원 (국비/지원),2026.1.1.~2030.12.31.,503,0,503,0,95,98,100,104,107,2026,16142,2026-09-20
경기도_중기지방재정계획_2026-2030.pdf,중기지방재정계획,2026~2030,억원,최중증 발달장애인 24시간 개별 1:1 지 원(국비/직접),2026.1.1.~2030.12.31.,250,0,250,0,47,48,50,51,53,2026,16161,2026-09-20
경기도_중기지방재정계획_2026-2030.pdf,중기지방재정계획,2026~2030,억원,경기도 최중증 발달 장애인 맞춤돌봄(자 체/직접),2026.1.~2030.12.,90,0,90,0,17,17,18,18,19,2026,16205,2026-09-20
경기도_중기지방재정계획_2026-2030.pdf,중기지방재정계획,2026~2030,억원,경기도 최중증 발달 장애인 가족돌봄(자 체/직접),2026.1.~2030.12.,64,0,64,0,12,12,13,13,14,2026,16217,2026-09-20
경기도_중기지방재정계획_2026-2030.pdf,중기지방재정계획,2026~2030,억원,아동수당 지급(국비 /지원),기간:2026.1.~2030.12.,42576,0,42576,0,8515,8515,8515,8515,8515,2026,16232,2026-09-20
경기도_중기지방재정계획_2026-2030.pdf,중기지방재정계획,2026~2030,억원,결식아동 급식지원( 자체/지원),기간:2026.1.~2030.12.,1841,0,1841,0,210,269,346,445,571,2026,16248,2026-09-20
경기도_중기지방재정계획_2026-2030.pdf,중기지방재정계획,2026~2030,억원,결식아동 급식지원( 교육비특별회계전입 금)(자체/지원),기간:2026.1.~2030.12.,606,0,606,0,112,116,121,126,131,2026,16290,2026-09-20
경기도_중기지방재정계획_2026-2030.pdf,중기지방재정계획,2026~2030,억원,아동급식지원 플랫 폼 운영·유지(자체 /직접),기간:2026.1.~2030.12.,53,0,53,0,6,12,12,12,12,2026,16303,2026-09-20
경기도_중기지방재정계획_2026-2030.pdf,중기지방재정계획,2026~2030,억원,아동보호전담요원 지원(균특/지원),기간:2026.1.~2030.12.,200,0,200,0,40,40,40,40,40,2026,16315,2026-09-20
경기도_중기지방재정계획_2026-2030.pdf,중기지방재정계획,2026~2030,억원,취약계층 아동통합 서비스 지원(균특/ 지원),기간:2026.1.~2030.12.,580,0,580,0,116,116,116,116,116,2026,16334,2026-09-20
경기도_중기지방재정계획_2026-2030.pdf,중기지방재정계획,2026~2030,억원,아동보호전문기관 운영(자체/직접),기간:2026.1.~2030.12.,42,0,42,0,8,8,8,9,9,2026,16391,2026-09-20
경기도_중기지방재정계획_2026-2030.pdf,중기지방재정계획,2026~2030,억원,아동보호전문기관 운영(국비/지원),기간:2026.1.~2030.12.,747,0,747,0,143,146,149,152,155,2026,16404,2026-09-20
경기도_중기지방재정계획_2026-2030.pdf,중기지방재정계획,2026~2030,억원,아동보호전문기관 운영(자체/지원),기간:2026.1.~2030.12.,57,0,57,0,11,11,11,12,12,2026,16422,2026-09-20
경기도_중기지방재정계획_2026-2030.pdf,중기지방재정계획,2026~2030,억원,거점심리지원팀 운 영(국비/직접),기간:2026.1.~2030.12.,11,0,11,0,2,2,2,2,2,2026,16438,2026-09-20
경기도_중기지방재정계획_2026-2030.pdf,중기지방재정계획,2026~2030,억원,학대피해아동쉼터 운영 지원(국비/지 원),기간:2026.1.~2030.12.,470,0,470,0,94,94,94,94,94,2026,16485,2026-09-20
경기도_중기지방재정계획_2026-2030.pdf,중기지방재정계획,2026~2030,억원,아동학대전담의료기 관 활성화 사업(국 비/직접),기간:2026.1.~2030.12.,5,0,5,0,1,1,1,1,1,2026,16504,2026-09-20
경기도_중기지방재정계획_2026-2030.pdf,중기지방재정계획,2026~2030,억원,입양아동 가족지원( 입양아동 양육수당) (기금/지원),기간:2026.1.~2030.12.,288,0,288,0,58,58,58,58,58,2026,16525,2026-09-20
경기도_중기지방재정계획_2026-2030.pdf,중기지방재정계획,2026~2030,억원,입양의날 기념행사( 자체/직접),기간:2026.1.~2030.12.,3,0,3,0,1,1,1,1,1,2026,16540,2026-09-20
경기도_중기지방재정계획_2026-2030.pdf,중기지방재정계획,2026~2030,억원,아동복지시설 운영( 자체/직접),기간:2026.1.~2030.12.,101,0,101,0,20,20,20,20,21,2026,16580,2026-09-20
경기도_중기지방재정계획_2026-2030.pdf,중기지방재정계획,2026~2030,억원,아동복지시설 지원( 자체/지원),기간:2026.1.~2030.12.,417,0,417,0,83,83,83,83,83,2026,16593,2026-09-20
경기도_중기지방재정계획_2026-2030.pdf,중기지방재정계획,2026~2030,억원,생계급여(아동일시 보호소)(국비/직접),기간:2026.1.~2030.12.,14,0,14,0,3,3,3,3,3,2026,16606,2026-09-20
경기도_중기지방재정계획_2026-2030.pdf,중기지방재정계획,2026~2030,억원,아동일시보호소 지 원(자체/직접),기간:2026.1.~2030.12.,441,0,441,0,88,88,88,88,88,2026,16623,2026-09-20
경기도_중기지방재정계획_2026-2030.pdf,중기지방재정계획,2026~2030,억원,아동복지시설 기능 보강(기금/직접),기간:2026.1.~2030.12.,5,0,5,0,1,1,1,1,1,2026,16634,2026-09-20
경기도_중기지방재정계획_2026-2030.pdf,중기지방재정계획,2026~2030,억원,아동복지시설 기능 보강(기금/지원),기간:2026.1.~2030.12.,90,0,90,0,18,18,18,18,18,2026,16678,2026-09-20
경기도_중기지방재정계획_2026-2030.pdf,중기지방재정계획,2026~2030,억원,요보호아동 그룹홈 운영(국비/지원),기간:2026.1.~2030.12.,946,0,946,0,189,189,189,189,189,2026,16692,2026-09-20
경기도_중기지방재정계획_2026-2030.pdf,중기지방재정계획,2026~2030,억원,아동 그룹홈 인건비 추가 지원(자체/지 원),기간:2026.1.~2030.12.,55,0,55,0,11,11,11,11,11,2026,16711,2026-09-20
경기도_중기지방재정계획_2026-2030.pdf,중기지방재정계획,2026~2030,억원,그룹홈 지원센터 운 영(자체/직접),기간:2026.1.~2030.12.,18,0,18,0,4,4,4,4,4,2026,16724,2026-09-20
경기도_중기지방재정계획_2026-2030.pdf,중기지방재정계획,2026~2030,억원,아동발달지원계좌 지원(국비/지원),기간:2026.1.~2030.12.,1572,0,1572,0,314,314,314,314,314,2026,16764,2026-09-20
경기도_중기지방재정계획_2026-2030.pdf,중기지방재정계획,2026~2030,억원,자립준비청년 자립 지원정착금 지원(자 체/지원),기간:2026.1.~2030.12.,52,0,52,0,11,11,10,10,10,2026,16784,2026-09-20
경기도_중기지방재정계획_2026-2030.pdf,중기지방재정계획,2026~2030,억원,자립준비청년 자립 수당 지원(국비/지 원),기간:2026.1.~2030.12.,360,0,360,0,72,72,72,72,72,2026,16798,2026-09-20
경기도_중기지방재정계획_2026-2030.pdf,중기지방재정계획,2026~2030,억원,지원 체계 구축_자 립지원 사업비(국비 /직접),기간:2026.1.~2030.12.,135,0,135,0,27,27,27,27,27,2026,16816,2026-09-20
경기도_중기지방재정계획_2026-2030.pdf,중기지방재정계획,2026~2030,억원,지원 체계 구축_자 립지원 전담인력 배 치(국비/직접),기간:2026.1.~2030.12.,100,0,100,0,20,20,20,20,20,2026,16862,2026-09-20
경기도_중기지방재정계획_2026-2030.pdf,중기지방재정계획,2026~2030,억원,자립지원전담기관 운영(자체/직접),기간:2026.1.~2030.12.,100,0,100,0,20,20,20,20,20,2026,16878,2026-09-20
경기도_중기지방재정계획_2026-2030.pdf,중기지방재정계획,2026~2030,억원,아동돌봄 기회소득 운영(자체/직접),2026.1.~2030.12.,72,0,72,0,14,14,14,14,14,2026,16894,2026-09-20
경기도_중기지방재정계획_2026-2030.pdf,중기지방재정계획,2026~2030,억원,경기도형 아동돌봄 공동체 지원사업(자 체/지원),2026.1.1.~2030.12.31.,5,0,5,0,1,1,1,1,1,2026,16907,2026-09-20
경기도_중기지방재정계획_2026-2030.pdf,중기지방재정계획,2026~2030,억원,경기도형 아동돌봄 공동체 역량강화 지 원사업(자체/직접),2026.1.~2030.12.,2,0,2,0,0,0,0,0,0,2026,16947,2026-09-20
경기도_중기지방재정계획_2026-2030.pdf,중기지방재정계획,2026~2030,억원,경기도 종합 노동복 지회관 시설개선 지 원(자체/직접),2026.1.1.~2026.12.31.,9,0,9,0,9,0,0,0,0,2026,16975,2026-09-20
경기도_중기지방재정계획_2026-2030.pdf,중기지방재정계획,2026~2030,억원,도 취약노동자 휴가 비 지원(자체/직접),2026.1.1.~2030.12.31.,43,0,43,0,8,8,9,9,9,2026,16988,2026-09-20
경기도_중기지방재정계획_2026-2030.pdf,중기지방재정계획,2026~2030,억원,노동자의 사기진작 및 복지증진사업(자 체/직접),2026.1.1. ~ 2030.12.31.,137,0,137,0,26,27,27,28,28,2026,17029,2026-09-20
경기도_중기지방재정계획_2026-2030.pdf,중기지방재정계획,2026~2030,억원,경기이동노동자쉼터 운영 지원(자체/지 원),기간 : 2026~2030년,41,0,41,0,8,8,8,8,8,2026,17043,2026-09-20
경기도_중기지방재정계획_2026-2030.pdf,중기지방재정계획,2026~2030,억원,노동안전지킴이 운 영(자체/지원),2025.01~2029.12,69,0,69,0,14,14,14,14,14,2026,17057,2026-09-20
경기도_중기지방재정계획_2026-2030.pdf,중기지방재정계획,2026~2030,억원,경기도 건설안전 관 리 시스템 구축(자 체/직접),2024.1.~2028.12.,30,22,8,0,0,4,4,0,0,2026,17070,2026-09-20
경기도_중기지방재정계획_2026-2030.pdf,중기지방재정계획,2026~2030,억원,경기도이민사회통합 지원센터 운영(자체 /직접),기간:2025.01~2029.12.,114,14,100,0,20,20,20,20,20,2026,17116,2026-09-20
경기도_중기지방재정계획_2026-2030.pdf,중기지방재정계획,2026~2030,억원,지역참여형 이주노 동자 권익 증진(자 체/직접),2025.1.~2029.12.,5,0,5,0,1,1,1,1,1,2026,17129,2026-09-20
경기도_중기지방재정계획_2026-2030.pdf,중기지방재정계획,2026~2030,억원,유학생지원센터 운 영지원(자체/직접),기간 : 2026.1.~2030.12.,45,0,45,0,9,9,9,9,9,2026,17145,2026-09-20
경기도_중기지방재정계획_2026-2030.pdf,중기지방재정계획,2026~2030,억원,시군 일자리센터 운 영지원(자체/지원),2026.01~2030.12.,293,0,293,0,55,57,59,60,62,2026,17159,2026-09-20
경기도_중기지방재정계획_2026-2030.pdf,중기지방재정계획,2026~2030,억원,지역산업맞춤형 일 자리창출 지원사업( 균특/직접),2026.01.~2030.12.,280,0,280,0,63,65,67,69,14,2026,17199,2026-09-20
경기도_중기지방재정계획_2026-2030.pdf,중기지방재정계획,2026~2030,억원,경기도일자리재단 운영 지원(자체/직 접),2026.01~2030.12.,1749,0,1749,0,322,331,348,365,383,2026,17217,2026-09-20
경기도_중기지방재정계획_2026-2030.pdf,중기지방재정계획,2026~2030,억원,지역산업맞춤형 자 치단체 지원사업(전 환)(자체/지원),2026.01~2030.12.,109,0,109,0,21,21,22,23,23,2026,17229,2026-09-20
경기도_중기지방재정계획_2026-2030.pdf,중기지방재정계획,2026~2030,억원,지역공동체 일자리 사업(전환)(자체/지 원),2026.01~2030.12.,292,0,292,0,55,57,58,60,62,2026,17242,2026-09-20
경기도_중기지방재정계획_2026-2030.pdf,중기지방재정계획,2026~2030,억원,미래성장산업 취업 전환(자체/직접),2026.01~2030.12.,75,0,75,0,15,15,15,15,15,2026,17256,2026-09-20
경기도_중기지방재정계획_2026-2030.pdf,중기지방재정계획,2026~2030,억원,경기청년 일자리 매 치업 플러스(자체/ 직접),2026.01~2030.12.,51,0,51,0,10,10,10,10,10,2026,17297,2026-09-20
경기도_중기지방재정계획_2026-2030.pdf,중기지방재정계획,2026~2030,억원,도 및 전국기능경기 대회 지원(자체/직 접),2026.01~2030.12.,84,0,84,0,17,17,17,17,17,2026,17311,2026-09-20
경기도_중기지방재정계획_2026-2030.pdf,중기지방재정계획,2026~2030,억원,미래기술학교 운영 지원(자체/지원),2026.01~2030.12.,63,0,63,0,13,13,13,13,13,2026,17322,2026-09-20
경기도_중기지방재정계획_2026-2030.pdf,중기지방재정계획,2026~2030,억원,숙련건설기능인력 교육훈련 및 취업지 원(자체/직접),2026.01~2030.12.,45,0,45,0,9,9,9,9,10,2026,17337,2026-09-20
경기도_중기지방재정계획_2026-2030.pdf,중기지방재정계획,2026~2030,억원,도민대상 폭력예방 교육 운영(자체/지 원),기간:2026.01~2030.12,16,0,16,0,3,3,3,3,3,2026,17380,2026-09-20
경기도_중기지방재정계획_2026-2030.pdf,중기지방재정계획,2026~2030,억원,경기도 청년기본소 득(자체/지원),기간 : 2026.01.~,4038,0,4038,0,808,808,808,808,808,2026,17394,2026-09-20
경기도_중기지방재정계획_2026-2030.pdf,중기지방재정계획,2026~2030,억원,경기도미래세대재단 운영(자체/직접),기간 : 2026.01.~2030.12.,720,0,720,0,144,144,144,144,144,2026,17408,2026-09-20
경기도_중기지방재정계획_2026-2030.pdf,중기지방재정계획,2026~2030,억원,경기청년 갭이어 프 로그램(자체/직접),기간 : 2026.01.~2030.12.,224,0,224,0,45,45,45,45,45,2026,17419,2026-09-20
경기도_중기지방재정계획_2026-2030.pdf,중기지방재정계획,2026~2030,억원,경기청년 사다리 프 로그램 운영(자체/ 직접),기간 : 2026.01.~2030.12.,159,0,159,0,30,31,32,32,33,2026,17432,2026-09-20
경기도_중기지방재정계획_2026-2030.pdf,중기지방재정계획,2026~2030,억원,경기청년 사다리 프 로그램 운영(자체/ 지원),기간 : 2026.01.~,20,0,20,0,4,4,4,4,4,2026,17472,2026-09-20
경기도_중기지방재정계획_2026-2030.pdf,중기지방재정계획,2026~2030,억원,근로능력있는 수급 자의 탈수급 지원( 국비/지원),기간 : 2026.01.~,2530,0,2530,0,506,506,506,506,506,2026,17487,2026-09-20
경기도_중기지방재정계획_2026-2030.pdf,중기지방재정계획,2026~2030,억원,군복무 경기청년 상 해보험 가입 지원( 자체/직접),기간 : 2026.01.~,156,0,156,0,31,31,31,31,31,2026,17507,2026-09-20
경기도_중기지방재정계획_2026-2030.pdf,중기지방재정계획,2026~2030,억원,경기도 청년 면접수 당(자체/직접),기간 : 2026.01.~2030.12.,343,0,343,0,67,68,69,70,71,2026,17521,2026-09-20
경기도_중기지방재정계획_2026-2030.pdf,중기지방재정계획,2026~2030,억원,청년 노동자 지원사 업(자체/직접),기간 : 2026.01.~,2027,0,2027,0,393,399,405,411,418,2026,17569,2026-09-20
경기도_중기지방재정계획_2026-2030.pdf,중기지방재정계획,2026~2030,억원,경기청년 역량강화 기회지원(자체/지원 ),기간 : 2026.01.~,93,0,93,0,18,18,19,19,19,2026,17584,2026-09-20
경기도_중기지방재정계획_2026-2030.pdf,중기지방재정계획,2026~2030,억원,경기 청년공간 조성 (자체/지원),기간 : 2026.01.~,55,0,55,0,11,11,11,11,11,2026,17599,2026-09-20
경기도_중기지방재정계획_2026-2030.pdf,중기지방재정계획,2026~2030,억원,경기 고립은둔청년 지원(자체/직접),기간 : 2026.01.~2030.12.,68,0,68,0,14,14,14,14,14,2026,17615,2026-09-20
경기도_중기지방재정계획_2026-2030.pdf,중기지방재정계획,2026~2030,억원,대학일자리플러스센 터 사업 지원(자체/ 직접),기간 : 2026.01.~,25,0,25,0,5,5,5,5,5,2026,17657,2026-09-20
경기도_중기지방재정계획_2026-2030.pdf,중기지방재정계획,2026~2030,억원,경기도 대학생 드림 링크 직무실습(자체 /직접),기간 : 2026.01.~2030.12.,41,0,41,0,8,8,8,8,8,2026,17671,2026-09-20
경기도_중기지방재정계획_2026-2030.pdf,중기지방재정계획,2026~2030,억원,경기도 대학생 학자 금 대출이자 지원( 자체/직접),기간 : 2026.01.~2030.12.,163,0,163,0,32,32,33,33,33,2026,17685,2026-09-20
경기도_중기지방재정계획_2026-2030.pdf,중기지방재정계획,2026~2030,억원,경기도기숙사 운영( 자체/직접),기간 : 2026.01.~2030.12.,85,0,85,0,16,17,17,17,18,2026,17699,2026-09-20
경기도_중기지방재정계획_2026-2030.pdf,중기지방재정계획,2026~2030,억원,보육교직원 인건비 지원(국비/지원),기간 : 2026.1 ~ 2030.12,20025,0,20025,0,4005,4005,4005,4005,4005,2026,17717,2026-09-20
경기도_중기지방재정계획_2026-2030.pdf,중기지방재정계획,2026~2030,억원,보육교직원 처우개 선 지원(국비/지원),기간 : 2026.1~2030.12,5838,0,5838,0,1168,1168,1168,1168,1168,2026,17760,2026-09-20
경기도_중기지방재정계획_2026-2030.pdf,중기지방재정계획,2026~2030,억원,보조교사 및 대체교 사 지원(국비/지원),기간 : 2026.1~2030.12,12539,0,12539,0,2508,2508,2508,2508,2508,2026,17774,2026-09-20
경기도_중기지방재정계획_2026-2030.pdf,중기지방재정계획,2026~2030,억원,어린이집 교직원 처 우개선 지원(자체/ 지원),기간 : 2026.1~2030.12,2311,0,2311,0,462,462,462,462,462,2026,17790,2026-09-20
경기도_중기지방재정계획_2026-2030.pdf,중기지방재정계획,2026~2030,억원,영유아보육료 지원( 국비/지원),기간 : 2026.1~2030.12,70901,0,70901,0,14180,14180,14180,14180,14180,2026,17801,2026-09-20
경기도_중기지방재정계획_2026-2030.pdf,중기지방재정계획,2026~2030,억원,가정양육수당 지원 사업(국비/지원),기간 : 2026.1~2030.12,1737,0,1737,0,347,347,347,347,347,2026,17843,2026-09-20
경기도_중기지방재정계획_2026-2030.pdf,중기지방재정계획,2026~2030,억원,부모급여 지원(국비 /지원),기간 : 2026.01~2030.12,43152,0,43152,0,8630,8630,8630,8630,8630,2026,17859,2026-09-20
경기도_중기지방재정계획_2026-2030.pdf,중기지방재정계획,2026~2030,억원,누리과정 운영 지원 (자체/지원),기간 : 2026.1~2030.12,23489,0,23489,0,4698,4698,4698,4698,4698,2026,17876,2026-09-20
경기도_중기지방재정계획_2026-2030.pdf,중기지방재정계획,2026~2030,억원,누리과정 차액보육 료 지원(자체/지원),기간 : 2026.1~2030.12,857,0,857,0,171,171,171,171,171,2026,17890,2026-09-20
경기도_중기지방재정계획_2026-2030.pdf,중기지방재정계획,2026~2030,억원,어린이집 운영지원( 국비/지원),기간 : 2026.1~2030.12,586,0,586,0,117,117,117,117,117,2026,17931,2026-09-20
경기도_중기지방재정계획_2026-2030.pdf,중기지방재정계획,2026~2030,억원,어린이집 교원 보수 교육(국비/지원),기간 : 2026.1. ~,46,0,46,0,9,9,9,9,9,2026,17945,2026-09-20
경기도_중기지방재정계획_2026-2030.pdf,중기지방재정계획,2026~2030,억원,공공형 어린이집 운 영비(전환)(자체/지 원),기간 : 2026.1~2030.12,904,0,904,0,226,226,226,226,0,2026,17963,2026-09-20
경기도_중기지방재정계획_2026-2030.pdf,중기지방재정계획,2026~2030,억원,누리과정 3~5세 추 가지원(자체/지원),기간 : 2026.1~2030.12,2211,0,2211,0,442,442,442,442,442,2026,17974,2026-09-20
경기도_중기지방재정계획_2026-2030.pdf,중기지방재정계획,2026~2030,억원,무상보육 4~5세 지 원(자체/지원),기간 : 2026.1~2030.12,2502,0,2502,0,500,500,500,500,500,2026,18012,2026-09-20
경기도_중기지방재정계획_2026-2030.pdf,중기지방재정계획,2026~2030,억원,맘대로 A+ 놀이터 설치 지원(자체/지 원),기간 : 2026.1~2030.12,75,0,75,0,15,15,15,15,15,2026,18028,2026-09-20
경기도_중기지방재정계획_2026-2030.pdf,중기지방재정계획,2026~2030,억원,공공형어린이집 운 영활성화 지원(전환 )(자체/지원),기간 : 2026.1~2030.12,169,0,169,0,34,34,34,34,34,2026,18042,2026-09-20
경기도_중기지방재정계획_2026-2030.pdf,중기지방재정계획,2026~2030,억원,공공형어린이집 조 리원인건비 지원(전 환)(자체/지원),기간 : 2026.1~2030.12,99,0,99,0,20,20,20,20,20,2026,18055,2026-09-20
경기도_중기지방재정계획_2026-2030.pdf,중기지방재정계획,2026~2030,억원,외국인 자녀 보육 지원(자체/지원),기간 : 2026.1~2030.12,216,0,216,0,43,43,43,43,43,2026,18105,2026-09-20
경기도_중기지방재정계획_2026-2030.pdf,중기지방재정계획,2026~2030,억원,0세아 전용 어린이 집 운영 지원(자체/ 지원),기간 : 2026.1.1~,468,0,468,0,94,94,94,94,94,2026,18119,2026-09-20
경기도_중기지방재정계획_2026-2030.pdf,중기지방재정계획,2026~2030,억원,야간연장 어린이집 운영 지원(자체/지 원),기간 : 2026.1~2030.12,109,0,109,0,22,22,22,22,22,2026,18133,2026-09-20
경기도_중기지방재정계획_2026-2030.pdf,중기지방재정계획,2026~2030,억원,가정·민간 등 어린 이집 조리원 인건비 지원(자체/지원),기간 : 2026.1~2030.12,251,0,251,0,53,52,50,49,47,2026,18147,2026-09-20
경기도_중기지방재정계획_2026-2030.pdf,중기지방재정계획,2026~2030,억원,어린이집 운영 지원 (자체/지원),기간 : 2026.1~2030.12,743,0,743,0,149,149,149,149,149,2026,18187,2026-09-20
경기도_중기지방재정계획_2026-2030.pdf,중기지방재정계획,2026~2030,억원,언제나 어린이집 운 영 지원(자체/지원),기간 : 2026.1~2030.12,71,0,71,0,14,14,14,14,14,2026,18200,2026-09-20
경기도_중기지방재정계획_2026-2030.pdf,중기지방재정계획,2026~2030,억원,어린이집 유아 급식 비 지원(경기도교육 청)(자체/지원),기간 : 2026.1~2030.12,3210,0,3210,0,642,642,642,642,642,2026,18214,2026-09-20
경기도_중기지방재정계획_2026-2030.pdf,중기지방재정계획,2026~2030,억원,어린이집 운영비 지 원(0~2세)(자체/지 원),기간 : 2026.1~2030.12,640,0,640,0,130,129,128,127,125,2026,18226,2026-09-20
경기도_중기지방재정계획_2026-2030.pdf,중기지방재정계획,2026~2030,억원,육아종합지원센터 운영(전환)(자체/직 접),기간 : 2026.1~2030.12,96,0,96,0,19,19,19,19,19,2026,18242,2026-09-20
경기도_중기지방재정계획_2026-2030.pdf,중기지방재정계획,2026~2030,억원,센터 놀이지도사 배 치(전환)(자체/지원 ),기간 : 2026.1~2030.12,76,0,76,0,15,15,15,15,15,2026,18283,2026-09-20
경기도_중기지방재정계획_2026-2030.pdf,중기지방재정계획,2026~2030,억원,센터 영유아발달지 원전문요원 배치(자 체/지원),기간 : 2026.1~2030.12,47,0,47,0,9,9,9,9,9,2026,18297,2026-09-20
경기도_중기지방재정계획_2026-2030.pdf,중기지방재정계획,2026~2030,억원,센터「경기도형 보 육 컨설턴트」인건 비 지원(자체/지원),기간 : 2026.1~2030.12,63,0,63,0,13,13,13,13,13,2026,18312,2026-09-20
경기도_중기지방재정계획_2026-2030.pdf,중기지방재정계획,2026~2030,억원,시간제보육서비스 제공지원(국비/지원 ),기간 : 2025.1~2030.12,269,0,269,0,54,54,54,54,54,2026,18327,2026-09-20
경기도_중기지방재정계획_2026-2030.pdf,중기지방재정계획,2026~2030,억원,자 소  계 2026 2027 2028 2029 2030 어린이집 확충(균특 /지원),기간 : 2026.1~2030.12,336,0,336,0,67,67,67,67,67,2026,18369,2026-09-20
경기도_중기지방재정계획_2026-2030.pdf,중기지방재정계획,2026~2030,억원,어린이집 환경개선( 균특/지원),기간 : 2026.1~2030.12,66,0,66,0,13,13,13,13,13,2026,18383,2026-09-20
경기도_중기지방재정계획_2026-2030.pdf,중기지방재정계획,2026~2030,억원,어린이집 공기청정 기 유지관리 지원( 자체/지원),기간 : 2026.1~2030.12,79,0,79,0,16,16,16,16,16,2026,18401,2026-09-20
경기도_중기지방재정계획_2026-2030.pdf,중기지방재정계획,2026~2030,억원,국공립어린이집 확 충사업(자체/지원),기간 : 2026.1~2030.12,41,0,41,0,8,8,8,8,8,2026,18413,2026-09-20
경기도_중기지방재정계획_2026-2030.pdf,중기지방재정계획,2026~2030,억원,보육품질 제고를 위 한 교육 운영(자체/ 직접),기간 : 2026.1 ~ 2030.12,4,0,4,0,1,1,1,1,1,2026,18453,2026-09-20
경기도_중기지방재정계획_2026-2030.pdf,중기지방재정계획,2026~2030,억원,가족돌봄수당 지원( 자체/지원),기간:2026.1.~2030.12.,257,0,257,0,51,51,51,51,51,2026,18470,2026-09-20
경기도_중기지방재정계획_2026-2030.pdf,중기지방재정계획,2026~2030,억원,아동언제나돌봄광역 센터 운영(자체/직 접),기간:2026.1.~2030.12.,98,0,98,0,20,20,20,20,20,2026,18486,2026-09-20
경기도_중기지방재정계획_2026-2030.pdf,중기지방재정계획,2026~2030,억원,다함께돌봄센터 인 건비 지원(균특/지 원),기간:2026.1.~2030.12.,1632,0,1632,0,307,317,326,336,346,2026,18501,2026-09-20
경기도_중기지방재정계획_2026-2030.pdf,중기지방재정계획,2026~2030,억원,다함께돌봄센터 설 치비 지원(균특/지 원),기간:2026.1.~2030.12.,269,0,269,0,51,52,54,55,57,2026,18557,2026-09-20
경기도_중기지방재정계획_2026-2030.pdf,중기지방재정계획,2026~2030,억원,다함께돌봄센터 지 원(자체/지원),기간:2026.1.~2030.12.,243,0,243,0,46,47,49,50,52,2026,18572,2026-09-20
경기도_중기지방재정계획_2026-2030.pdf,중기지방재정계획,2026~2030,억원,지원(교육비특별회 계전입금)(자체/지 원),기간:2026.1.~2030.12.,52,0,52,0,10,10,10,11,11,2026,18587,2026-09-20
경기도_중기지방재정계획_2026-2030.pdf,중기지방재정계획,2026~2030,억원,지역아동센터 인건 비 지원(균특/지원),기간:2026.1.~2030.12.,5359,0,5359,0,672,672,672,672,2669,2026,18638,2026-09-20
경기도_중기지방재정계획_2026-2030.pdf,중기지방재정계획,2026~2030,억원,지역아동센터 시도 지원단 운영 지원( 균특/직접),기간:2026.1.~2030.12.,23,0,23,0,5,5,5,5,5,2026,18655,2026-09-20
경기도_중기지방재정계획_2026-2030.pdf,중기지방재정계획,2026~2030,억원,지역아동센터 지원( 자체/지원),기간:2026.1.~2030.12.,576,0,576,0,115,115,115,115,115,2026,18671,2026-09-20
경기도_중기지방재정계획_2026-2030.pdf,중기지방재정계획,2026~2030,억원,아동복지교사 파견( 균특/지원),기간:2026.1.~2030.12.,312,0,312,0,78,78,78,78,0,2026,18723,2026-09-20
경기도_중기지방재정계획_2026-2030.pdf,중기지방재정계획,2026~2030,억원,성평등 공모사업 추 진(자체/직접),기간: 2025.1.~2029.12,30,0,30,0,6,6,6,6,6,2026,18744,2026-09-20
경기도_중기지방재정계획_2026-2030.pdf,중기지방재정계획,2026~2030,억원,일본군위안부 피해 자 기념사업 지원( 자체/직접),기간: 2025.1.~2029.12,4,0,4,0,1,1,1,1,1,2026,18757,2026-09-20
경기도_중기지방재정계획_2026-2030.pdf,중기지방재정계획,2026~2030,억원,자 소  계 2026 2027 2028 2029 2030 경기도여성가족재단 운영(자체/직접),기간: 2026.1.~2030.12.,429,0,429,0,82,84,86,88,88,2026,18795,2026-09-20
경기도_중기지방재정계획_2026-2030.pdf,중기지방재정계획,2026~2030,억원,경기도 젠더폭력 통 합대응단 운영(자체 /직접),기간: 2026.1.~2030.12.,237,0,237,0,47,47,47,47,47,2026,18809,2026-09-20
경기도_중기지방재정계획_2026-2030.pdf,중기지방재정계획,2026~2030,억원,여성긴급전화 1366 센터 운영지원(기금 /직접),기간: 2026.1.~2030.12.,100,0,100,0,20,20,20,20,20,2026,18821,2026-09-20
경기도_중기지방재정계획_2026-2030.pdf,중기지방재정계획,2026~2030,억원,여성긴급전화 1366 센터 운영(자체/직 접),기간: 2025.1.~2029.12,7,0,7,0,1,1,1,1,1,2026,18839,2026-09-20
경기도_중기지방재정계획_2026-2030.pdf,중기지방재정계획,2026~2030,억원,성착취피해아동청소 년 통합지원(기금/ 직접),기간: 2025.1.~2029.12.,7,0,7,0,1,1,1,1,1,2026,18854,2026-09-20
경기도_중기지방재정계획_2026-2030.pdf,중기지방재정계획,2026~2030,억원,가정폭력·성폭력 공동대응 체계 구축 지원(자체/지원),기간: 2026.1.~2030.12.,59,0,59,0,5,11,13,14,16,2026,18900,2026-09-20
경기도_중기지방재정계획_2026-2030.pdf,중기지방재정계획,2026~2030,억원,가정폭력 상담소 운 영지원(기금/지원),기간: 2026.1.~2030.12.,157,0,157,0,31,31,31,31,31,2026,18916,2026-09-20
경기도_중기지방재정계획_2026-2030.pdf,중기지방재정계획,2026~2030,억원,가정폭력피해자 보 호시설 운영지원(기 금/지원),기간: 2026.1.~2030.12.,127,0,127,0,25,25,25,25,25,2026,18933,2026-09-20
경기도_중기지방재정계획_2026-2030.pdf,중기지방재정계획,2026~2030,억원,가정폭력피해자 보 호지원(자체/지원),2026.1~2030.12.,31,0,31,0,6,6,6,6,6,2026,18951,2026-09-20
경기도_중기지방재정계획_2026-2030.pdf,중기지방재정계획,2026~2030,억원,해바라기센터 운영 지원(기금/직접),기간: 2026.1.~2030.12.,252,0,252,0,50,50,50,50,50,2026,18964,2026-09-20
경기도_중기지방재정계획_2026-2030.pdf,중기지방재정계획,2026~2030,억원,성폭력 상담소 운영 지원(기금/지원),기간:,97,0,97,0,19,19,19,19,19,2026,19004,2026-09-20
경기도_중기지방재정계획_2026-2030.pdf,중기지방재정계획,2026~2030,억원,성폭력 상담소 운영 지원(기금/지원) 기간:,2026.01.~2030.12.,97,0,97,0,19,19,19,19,19,2026,19005,2026-09-20
경기도_중기지방재정계획_2026-2030.pdf,중기지방재정계획,2026~2030,억원,성폭력피해자 보호 시설 운영지원(기금 /지원),기간: 2025.01.~2029.12.,47,0,47,0,9,9,9,9,9,2026,19021,2026-09-20
경기도_중기지방재정계획_2026-2030.pdf,중기지방재정계획,2026~2030,억원,성매매피해자 지원 시설 및 상담소 운 영(기금/지원),기간: 2026.1.~2030.12.,155,0,155,0,31,31,31,31,31,2026,19040,2026-09-20
경기도_중기지방재정계획_2026-2030.pdf,중기지방재정계획,2026~2030,억원,여성폭력피해자 지 원시설 인건비 지원 (자체/직접),기간: 2025.1.~2029.12.,23,0,23,0,5,5,5,5,5,2026,19059,2026-09-20
경기도_중기지방재정계획_2026-2030.pdf,중기지방재정계획,2026~2030,억원,여성권익시설 지원( 자체/지원),기간: 2026.1.~2030.12.,56,0,56,0,11,11,11,11,11,2026,19073,2026-09-20
경기도_중기지방재정계획_2026-2030.pdf,중기지방재정계획,2026~2030,억원,가족센터 운영(기금 /지원),기간:2026.1.~2030.12.,437,0,437,0,82,85,87,90,93,2026,19114,2026-09-20
경기도_중기지방재정계획_2026-2030.pdf,중기지방재정계획,2026~2030,억원,건강가정 및 가족센 터 운영 지원(자체/ 지원),기간:2025.1.~2029.12.,126,0,126,0,24,24,25,26,27,2026,19130,2026-09-20
경기도_중기지방재정계획_2026-2030.pdf,중기지방재정계획,2026~2030,억원,공동육아나눔터 운 영(기금/지원),기간:2025.1.~2029.12.,118,0,118,0,22,23,24,24,25,2026,19142,2026-09-20
경기도_중기지방재정계획_2026-2030.pdf,중기지방재정계획,2026~2030,억원,아이돌봄 지원(국비 /지원),기간: 2025.1.~2029.12.,8044,0,8044,0,1515,1561,1607,1656,1705,2026,19158,2026-09-20
경기도_중기지방재정계획_2026-2030.pdf,중기지방재정계획,2026~2030,억원,아이돌봄서비스 본 인부담금 지원(자체 /지원),기간:2025.1.~2029.12.,97,0,97,0,37,15,15,15,15,2026,19214,2026-09-20
경기도_중기지방재정계획_2026-2030.pdf,중기지방재정계획,2026~2030,억원,아이돌보미 처우개 선 지원(자체/지원),기간:2025.1.~2029.12.,66,0,66,0,12,14,14,14,14,2026,19227,2026-09-20
경기도_중기지방재정계획_2026-2030.pdf,중기지방재정계획,2026~2030,억원,경기 아이듬뿍 지원 (자체/직접),기간:2025.1.~2029.12.,50,0,50,0,10,10,10,10,10,2026,19238,2026-09-20
경기도_중기지방재정계획_2026-2030.pdf,중기지방재정계획,2026~2030,억원,경기 가사서비스 지 원사업(자체/지원),기간:2025.1.~2029.12.,66,11,55,0,11,11,11,11,11,2026,19250,2026-09-20
경기도_중기지방재정계획_2026-2030.pdf,중기지방재정계획,2026~2030,억원,첫만남이용권(국비/ 지원),기간:2025.01.~2029.12.,7765,0,7765,0,1470,1511,1552,1594,1638,2026,19262,2026-09-20
경기도_중기지방재정계획_2026-2030.pdf,중기지방재정계획,2026~2030,억원,경기도 아이돌봄 광 역지원센터 이전비( 자체/직접),2026.1.1. ~ 2026. 12. 31.,6,0,6,0,1,1,1,1,1,2026,19305,2026-09-20
경기도_중기지방재정계획_2026-2030.pdf,중기지방재정계획,2026~2030,억원,저소득 한부모가족 지원(기금/지원),기간:2025.1.~2029.12.,7342,0,7342,0,1464,1416,1458,1502,1502,2026,19320,2026-09-20
경기도_중기지방재정계획_2026-2030.pdf,중기지방재정계획,2026~2030,억원,저소득 한부모가족 지원(자체/지원),기간:2025.1.~2029.12.,222,0,222,0,39,43,45,47,47,2026,19337,2026-09-20
경기도_중기지방재정계획_2026-2030.pdf,중기지방재정계획,2026~2030,억원,청소년 한부모 자립 지원(기금/지원),기간:2025.1.~2029.12.,30,0,30,0,6,6,6,6,6,2026,19349,2026-09-20
경기도_중기지방재정계획_2026-2030.pdf,중기지방재정계획,2026~2030,억원,청소년부모 아동양 육비 지원(국비/지 원),기간:2025.1.~2029.12.,35,0,35,0,4,7,8,8,8,2026,19366,2026-09-20
경기도_중기지방재정계획_2026-2030.pdf,중기지방재정계획,2026~2030,억원,한부모가족 복지시 설 지원(자체/지원),기간:2025.1.~2029.12.,36,0,36,0,7,7,7,7,8,2026,19410,2026-09-20
경기도_중기지방재정계획_2026-2030.pdf,중기지방재정계획,2026~2030,억원,권역별 한부모 지원 거점기관 운영(자체 /직접),기간:2025.1.~2029.12.,36,0,36,0,7,7,7,7,8,2026,19423,2026-09-20
경기도_중기지방재정계획_2026-2030.pdf,중기지방재정계획,2026~2030,억원,가족친화 사회환경 조성(자체/직접),2026.01~2030.12,48,0,48,0,10,10,10,10,10,2026,19439,2026-09-20
경기도_중기지방재정계획_2026-2030.pdf,중기지방재정계획,2026~2030,억원,경기도 아빠육아휴 직 장려금 지원(자 체/지원),2026.1.~2030.12.,38,0,38,0,0,10,10,10,10,2026,19454,2026-09-20
경기도_중기지방재정계획_2026-2030.pdf,중기지방재정계획,2026~2030,억원,여성창업지원(자체/ 지원),2026.01~2030.12,36,0,36,0,0,8,9,9,10,2026,19508,2026-09-20
경기도_중기지방재정계획_2026-2030.pdf,중기지방재정계획,2026~2030,억원,여성인력개발센터 운영지원(자체/지원 ),2026.1~2030.12,24,0,24,0,4,4,5,5,5,2026,19522,2026-09-20
경기도_중기지방재정계획_2026-2030.pdf,중기지방재정계획,2026~2030,억원,새일센터 지정운영( 균특/직접),2026.01~2030.12,181,0,181,0,36,36,36,36,36,2026,19535,2026-09-20
경기도_중기지방재정계획_2026-2030.pdf,중기지방재정계획,2026~2030,억원,새일센터 지정운영( 균특/지원),2026.1~2030.12,593,0,593,0,148,148,148,148,0,2026,19554,2026-09-20
경기도_중기지방재정계획_2026-2030.pdf,중기지방재정계획,2026~2030,억원,경력보유여성취업지 원(균특/지원),2026.1~2030.12,103,0,103,0,21,21,21,21,21,2026,19601,2026-09-20
경기도_중기지방재정계획_2026-2030.pdf,중기지방재정계획,2026~2030,억원,경력보유여성 디딤 돌 취업지원(자체/ 지원),기간:2026.1~2030.12,29,0,29,0,0,7,7,7,7,2026,19615,2026-09-20
경기도_중기지방재정계획_2026-2030.pdf,중기지방재정계획,2026~2030,억원,경기여성 취업지원 금(자체/직접),기간:2026.01~2030.12,100,0,100,0,0,25,25,25,25,2026,19629,2026-09-20
경기도_중기지방재정계획_2026-2030.pdf,중기지방재정계획,2026~2030,억원,다문화가족지원센터 운영(기금/지원),기간 : 2026.1.~2030.12.,122,0,122,0,24,24,24,24,24,2026,19643,2026-09-20
경기도_중기지방재정계획_2026-2030.pdf,중기지방재정계획,2026~2030,억원,가족센터 운영(다문 화)(기금/지원),기간 : 2026.1.~2030.12.,194,0,194,0,39,39,39,39,39,2026,19699,2026-09-20
경기도_중기지방재정계획_2026-2030.pdf,중기지방재정계획,2026~2030,억원,미등록이주배경아동 보육지원금(자체/지 원),기간 : 2026.1.~2030.12.,41,0,41,0,8,8,8,8,8,2026,19715,2026-09-20
경기도_중기지방재정계획_2026-2030.pdf,중기지방재정계획,2026~2030,억원,대한노인회 경기도 연합회 지원(자체/ 직접),2026.1.~2030.12.,56,0,56,0,9,10,11,12,14,2026,19731,2026-09-20
경기도_중기지방재정계획_2026-2030.pdf,중기지방재정계획,2026~2030,억원,노인 관련 행사 지 원(자체/직접),기간: 2026.1.~2030.12.,10,0,10,0,2,2,2,2,2,2026,19741,2026-09-20
경기도_중기지방재정계획_2026-2030.pdf,중기지방재정계획,2026~2030,억원,자 소  계 2026 2027 2028 2029 2030 기초연금 지급(국비 /지원),기간:'26.1.~'30.12.,275864,0,275864,0,47494,51056,54885,59002,63427,2026,19780,2026-09-20
경기도_중기지방재정계획_2026-2030.pdf,중기지방재정계획,2026~2030,억원,노인일자리 및 사회 활동 지원(균특/지 원)(자율),기간:'26.1.~'30.12.,18439,0,18439,0,3337,3504,3679,3863,4056,2026,19796,2026-09-20
경기도_중기지방재정계획_2026-2030.pdf,중기지방재정계획,2026~2030,억원,노인일자리 및 사회 활동 기회 확대(자 체/직접),기간:'26.1.~'30.12.,66,0,66,0,11,12,13,14,16,2026,19812,2026-09-20
경기도_중기지방재정계획_2026-2030.pdf,중기지방재정계획,2026~2030,억원,경기도 노인일자리 지원센터 운영(자체 /직접),기간:'26.1.~'30.12.,47,0,47,0,9,9,9,10,10,2026,19824,2026-09-20
경기도_중기지방재정계획_2026-2030.pdf,중기지방재정계획,2026~2030,억원,노인일자리 수행기 관 및 종사자 지원( 자체/지원),기간:'26.1.~'30.12.,236,0,236,0,39,43,47,52,57,2026,19839,2026-09-20
경기도_중기지방재정계획_2026-2030.pdf,중기지방재정계획,2026~2030,억원,지역노인보호전문기 관 운영 지원(국비/ 직접),기간:'26.1.~'30.12.,143,0,143,0,26,27,29,30,32,2026,19887,2026-09-20
경기도_중기지방재정계획_2026-2030.pdf,중기지방재정계획,2026~2030,억원,지역노인보호전문기 관 등 운영 지원(자 체/직접),기간:'26.1.~'30.12.,108,0,108,0,22,22,22,22,22,2026,19902,2026-09-20
경기도_중기지방재정계획_2026-2030.pdf,중기지방재정계획,2026~2030,억원,경기도노인종합상담 센터 지원(자체/직 접),기간:'26.1.~'30.12.,75,0,75,0,14,14,15,16,16,2026,19913,2026-09-20
경기도_중기지방재정계획_2026-2030.pdf,중기지방재정계획,2026~2030,억원,경로당 냉·난방비 및 양곡비 지원(균 특/지원)(자율),기간:'26.1.~'30.12.,814,0,814,0,156,160,163,166,169,2026,19952,2026-09-20
경기도_중기지방재정계획_2026-2030.pdf,중기지방재정계획,2026~2030,억원,경로당 활성화 지원 (자체/지원),기간:'26.1.~'30.12.,211,0,211,0,41,41,42,43,44,2026,19967,2026-09-20
경기도_중기지방재정계획_2026-2030.pdf,중기지방재정계획,2026~2030,억원,노인복지관 지원(자 체/지원),기간:'26.1.~'30.12.,51,0,51,0,10,10,10,10,11,2026,19978,2026-09-20
경기도_중기지방재정계획_2026-2030.pdf,중기지방재정계획,2026~2030,억원,노인 무료급식 지원 (자체/지원),기간:'26.1.~'30.12.,287,0,287,0,52,55,57,60,63,2026,19991,2026-09-20
경기도_중기지방재정계획_2026-2030.pdf,중기지방재정계획,2026~2030,억원,독거노인 응급안전 안심서비스 지원(균 특/지원),기간:'26.1.~'30.12.,218,0,218,0,42,43,44,44,45,2026,20043,2026-09-20
경기도_중기지방재정계획_2026-2030.pdf,중기지방재정계획,2026~2030,억원,재가노인 복지시설 지원(자체/지원),기간:'26.1.~'30.12.,68,0,68,0,13,13,14,14,14,2026,20059,2026-09-20
경기도_중기지방재정계획_2026-2030.pdf,중기지방재정계획,2026~2030,억원,노인월동난방비 등 지원(자체/지원),기간:'26.1.~'30.12.,243,0,243,0,43,47,49,51,53,2026,20071,2026-09-20
경기도_중기지방재정계획_2026-2030.pdf,중기지방재정계획,2026~2030,억원,경기도 간병 SOS 프 로젝트(자체/지원),기간 : '26.1. ~ '30.12.,107,0,107,0,21,21,21,21,21,2026,20088,2026-09-20
경기도_중기지방재정계획_2026-2030.pdf,중기지방재정계획,2026~2030,억원,공설 장사시설 설치 (균특/지원),기간:'26.1.~'30.12.,228,0,228,0,41,43,46,48,50,2026,20128,2026-09-20
경기도_중기지방재정계획_2026-2030.pdf,중기지방재정계획,2026~2030,억원,노인장기요양 재가 급여 지원(자체/지 원),기간:'26.1.~'30.12.,1099,0,1099,0,195,207,219,232,246,2026,20147,2026-09-20
경기도_중기지방재정계획_2026-2030.pdf,중기지방재정계획,2026~2030,억원,노인장기요양 시설 급여 지원(자체/지 원),기간:'26.1.~'30.12.,5980,0,5980,0,1061,1124,1192,1263,1339,2026,20159,2026-09-20
경기도_중기지방재정계획_2026-2030.pdf,중기지방재정계획,2026~2030,억원,노인요양시설확충( 기능보강)사업(균특 /지원),기간:'26.1.~'30.12.,96,0,96,0,17,18,19,20,21,2026,20171,2026-09-20
경기도_중기지방재정계획_2026-2030.pdf,중기지방재정계획,2026~2030,억원,양로시설 운영비 지 원(전환)(자체/지원 ),기간:'26.1.~'30.12.,444,0,444,0,82,85,89,92,96,2026,20215,2026-09-20
경기도_중기지방재정계획_2026-2030.pdf,중기지방재정계획,2026~2030,억원,베이비부머 라이트 잡(자체/직접),기간:'25.1.~'29.12.,337,0,337,0,83,84,85,86,0,2026,20231,2026-09-20
경기도_중기지방재정계획_2026-2030.pdf,중기지방재정계획,2026~2030,억원,중장년 계속고용 지 원금(자체/직접),기간 : '26.1.~'26.12.,262,0,262,0,30,58,58,58,58,2026,20242,2026-09-20
경기도_중기지방재정계획_2026-2030.pdf,중기지방재정계획,2026~2030,억원,자 소  계 2026 2027 2028 2029 2030 중장년 인턴십(자체 /직접),기간:'25.1.~'29.12.,232,0,232,0,47,47,48,42,48,2026,20295,2026-09-20
경기도_중기지방재정계획_2026-2030.pdf,중기지방재정계획,2026~2030,억원,베이비부머 사회공 헌활동(전환)(자체/ 직접),기간:'25.1.~'26.12.,89,0,89,0,18,18,18,18,18,2026,20308,2026-09-20
경기도_중기지방재정계획_2026-2030.pdf,중기지방재정계획,2026~2030,억원,중장년 인턴(人 -Turn)캠프(자체/직 접),기간:'25. 1. ~ '29. 12.,61,0,61,0,12,12,12,12,12,2026,20320,2026-09-20
경기도_중기지방재정계획_2026-2030.pdf,중기지방재정계획,2026~2030,억원,위기청소년 특별지 원(기금/지원),기간 : 2026.01.~,50,0,50,0,10,10,10,10,10,2026,20335,2026-09-20
경기도_중기지방재정계획_2026-2030.pdf,중기지방재정계획,2026~2030,억원,경기도 청소년안전 망 구축(기금/직접),기간:2026.01~2030.12,57,0,57,0,10,11,11,12,12,2026,20389,2026-09-20
경기도_중기지방재정계획_2026-2030.pdf,중기지방재정계획,2026~2030,억원,시군 청소년안전망 구축(기금/지원),기간:2026.01~2030.12,107,0,107,0,20,21,21,22,23,2026,20404,2026-09-20
경기도_중기지방재정계획_2026-2030.pdf,중기지방재정계획,2026~2030,억원,시군 청소년동반자 프로그램 운영(기금 /지원),기간:2026.01~2030.12,182,0,182,0,35,36,36,37,38,2026,20422,2026-09-20
경기도_중기지방재정계획_2026-2030.pdf,중기지방재정계획,2026~2030,억원,경기도 청소년 생활 장학금(기금/지원),기간:2026.01~2030.12,470,0,470,0,94,94,94,94,94,2026,20439,2026-09-20
경기도_중기지방재정계획_2026-2030.pdf,중기지방재정계획,2026~2030,억원,자 소  계 2026 2027 2028 2029 2030 여성청소년 생리용 품 지원(국비/지원),기간:2026.01~2030.12,267,0,267,0,52,53,53,54,54,2026,20481,2026-09-20
경기도_중기지방재정계획_2026-2030.pdf,중기지방재정계획,2026~2030,억원,경기도 여성청소년 생리용품 보편지원( 자체/지원),기간:2026.01~2030.12,449,0,449,0,82,86,90,94,98,2026,20500,2026-09-20
경기도_중기지방재정계획_2026-2030.pdf,중기지방재정계획,2026~2030,억원,시군 청소년시설 종 사자 처우개선(자체 /지원),2026.1.~2030.12.,41,0,41,0,8,8,8,8,9,2026,20515,2026-09-20
경기도_중기지방재정계획_2026-2030.pdf,중기지방재정계획,2026~2030,억원,청소년 방과후 아카 데미 운영(균특/지 원),기간:2026.01. ~,474,0,474,0,95,95,95,95,95,2026,20532,2026-09-20
경기도_중기지방재정계획_2026-2030.pdf,중기지방재정계획,2026~2030,억원,경기도 학교 밖 청 소년 지원센터 운영 (기금/직접),기간:2026.01~2030.12,44,0,44,0,8,8,9,9,9,2026,20580,2026-09-20
경기도_중기지방재정계획_2026-2030.pdf,중기지방재정계획,2026~2030,억원,시군 학교 밖 청소 년 지원센터 운영지 원(기금/지원),2026.1.1.~2030.12.31.,200,0,200,0,38,39,40,41,42,2026,20600,2026-09-20
경기도_중기지방재정계획_2026-2030.pdf,중기지방재정계획,2026~2030,억원,시군 학교 밖 청소 년 프로그램 운영지 원(자체/지원),2026.1.1.~2030.12.31,84,0,84,0,17,17,17,17,17,2026,20618,2026-09-20
경기도_중기지방재정계획_2026-2030.pdf,중기지방재정계획,2026~2030,억원,학교 밖 청소년 급 식 지원(기금/지원),2026.1.1.~2030.12.31.,26,0,26,0,5,5,5,5,5,2026,20632,2026-09-20
경기도_중기지방재정계획_2026-2030.pdf,중기지방재정계획,2026~2030,억원,경기도 청소년자립 지원관 운영(기금/ 직접),기간:2026.01~2030.12,57,0,57,0,10,11,11,12,12,2026,20688,2026-09-20
경기도_중기지방재정계획_2026-2030.pdf,중기지방재정계획,2026~2030,억원,기능특화형 청소년 복지시설 지원(자체 /지원),기간 : 2026.01.~2030.12.,100,0,100,0,20,20,20,20,20,2026,20708,2026-09-20
경기도_중기지방재정계획_2026-2030.pdf,중기지방재정계획,2026~2030,억원,청소년복지시설 야 간근무자 배치지원( 자체/지원),2026.1.1. ~ 2030.12.31.,59,0,59,0,12,12,12,12,12,2026,20723,2026-09-20
경기도_중기지방재정계획_2026-2030.pdf,중기지방재정계획,2026~2030,억원,시설 퇴소청소년 자 립지원수당(기금/직 접),2026.1.1.~2030.12.31.,42,0,42,0,8,8,8,8,8,2026,20737,2026-09-20
경기도_중기지방재정계획_2026-2030.pdf,중기지방재정계획,2026~2030,억원,시군 청소년복지시 설 운영지원(기금/ 지원),2026.1.1. ~ 2026.12.31.,371,0,371,0,74,74,74,74,74,2026,20783,2026-09-20
경기도_중기지방재정계획_2026-2030.pdf,중기지방재정계획,2026~2030,억원,경기도 청소년수련 원 시설개선(전환)( 자체/직접),기간:2025.01~2029.12,56,0,56,0,11,11,11,11,11,2026,20806,2026-09-20
경기도_중기지방재정계획_2026-2030.pdf,중기지방재정계획,2026~2030,억원,경기도청소년야영장 체육관 리모델링(자 체/직접),2026.01.~2026.12.,61,0,61,0,61,0,0,0,0,2026,20819,2026-09-20
경기도_중기지방재정계획_2026-2030.pdf,중기지방재정계획,2026~2030,억원,시군 청소년수련시 설 건립지원(전환)( 자체/지원),기간:2026.01~2030.12,302,0,302,0,34,67,67,67,67,2026,20834,2026-09-20
경기도_중기지방재정계획_2026-2030.pdf,중기지방재정계획,2026~2030,억원,시군 청소년지도사 배치지원(균특/지원 ),기간:2026.01~2030.12,39,0,39,0,8,8,8,8,8,2026,20874,2026-09-20
경기도_중기지방재정계획_2026-2030.pdf,중기지방재정계획,2026~2030,억원,경기도 청소년성문 화센터 운영(기금/ 직접),기간:2026.01.~2030.12.,89,0,89,0,17,17,18,18,19,2026,20892,2026-09-20
경기도_중기지방재정계획_2026-2030.pdf,중기지방재정계획,2026~2030,억원,경기도 청소년활동 진흥센터 운영(전환 )(자체/직접),기간:2026.01~2030.12,90,0,90,0,17,17,18,19,19,2026,20910,2026-09-20
경기도_중기지방재정계획_2026-2030.pdf,중기지방재정계획,2026~2030,억원,청소년수련시설 협 력 강화,2026.1.1.~2030.12.31.,3,0,3,0,1,1,1,1,1,2026,20923,2026-09-20
경기도_중기지방재정계획_2026-2030.pdf,중기지방재정계획,2026~2030,억원,경기도 공공보건의 료지원단 운영(자체 /직접),기간:2026.01.~ 2030.12.,41,0,41,0,8,8,8,8,8,2026,20969,2026-09-20
경기도_중기지방재정계획_2026-2030.pdf,중기지방재정계획,2026~2030,억원,경기도의료원 돌봄 의료센터 운영(자체 /직접),기간:2026.01.~2030.12.,165,0,165,0,33,33,33,33,33,2026,20983,2026-09-20
경기도_중기지방재정계획_2026-2030.pdf,중기지방재정계획,2026~2030,억원,돌봄의료센터 운영 지원(자체/지원),2026.1.1 ~ 2030.12.31.,28,0,28,0,6,6,6,6,6,2026,20997,2026-09-20
경기도_중기지방재정계획_2026-2030.pdf,중기지방재정계획,2026~2030,억원,무료이동진료사업( 자체/직접),2026.01. ~ 2030.12.,94,0,94,0,19,19,19,19,19,2026,21012,2026-09-20
경기도_중기지방재정계획_2026-2030.pdf,중기지방재정계획,2026~2030,억원,공공보건의료기관 지원(자체/지원),기간:2026.1.1~,75,0,75,0,15,15,15,15,15,2026,21065,2026-09-20
경기도_중기지방재정계획_2026-2030.pdf,중기지방재정계획,2026~2030,억원,광역치매센터 운영( 기금/직접),기간:2026.1.~2030.12.,51,0,51,0,10,10,10,10,10,2026,21081,2026-09-20
경기도_중기지방재정계획_2026-2030.pdf,중기지방재정계획,2026~2030,억원,치매안심센터 운영( 기금/지원),기간:2026.1.1.~,1526,0,1526,0,305,305,305,305,305,2026,21097,2026-09-20
경기도_중기지방재정계획_2026-2030.pdf,중기지방재정계획,2026~2030,억원,치매치료관리비 지 원(전환)(자체/지원 ),기간:2026.1.~2030.12.,294,0,294,0,59,59,59,59,59,2026,21143,2026-09-20
경기도_중기지방재정계획_2026-2030.pdf,중기지방재정계획,2026~2030,억원,심뇌혈관질환예방관 리사업(기금/지원),2026-01-01~2030-12-31,157,0,157,0,31,31,31,31,31,2026,21157,2026-09-20
경기도_중기지방재정계획_2026-2030.pdf,중기지방재정계획,2026~2030,억원,국가암관리(기금/지 원),2026.01.~2030.12.,1033,0,1033,0,251,227,204,184,166,2026,21171,2026-09-20
경기도_중기지방재정계획_2026-2030.pdf,중기지방재정계획,2026~2030,억원,암환자 의료비 및 재가암관리 지원(전 환)(자체/지원),2026.1.~2030.12.,202,0,202,0,36,38,40,43,45,2026,21188,2026-09-20
경기도_중기지방재정계획_2026-2030.pdf,중기지방재정계획,2026~2030,억원,자 소  계 2026 2027 2028 2029 2030 우리 회사 건강주치 의 사업(자체/직접),2026-01-01~2030-12-31,159,0,159,0,29,30,32,33,35,2026,21227,2026-09-20
경기도_중기지방재정계획_2026-2030.pdf,중기지방재정계획,2026~2030,억원,지역사회건강조사 조사분석 위탁운영( 기금/지원),2026.1.~2030.12.,94,0,94,0,17,18,19,20,21,2026,21238,2026-09-20
경기도_중기지방재정계획_2026-2030.pdf,중기지방재정계획,2026~2030,억원,AI 유방암 무료 검 진 사업(자체/직접),2026. 1. 1.~2030. 12.,300,0,300,0,60,60,60,60,60,2026,21255,2026-09-20
경기도_중기지방재정계획_2026-2030.pdf,중기지방재정계획,2026~2030,억원,안마봉사단 지원(자 체/직접),기간 : 2026~2030,14,0,14,0,3,3,3,3,3,2026,21269,2026-09-20
경기도_중기지방재정계획_2026-2030.pdf,중기지방재정계획,2026~2030,억원,마약류 및 약물오남 용 예방사업(자체/ 직접),기간 : 2026~2030,25,0,25,0,5,5,5,5,5,2026,21284,2026-09-20
경기도_중기지방재정계획_2026-2030.pdf,중기지방재정계획,2026~2030,억원,공공 야간·심야 약 국 운영지원(국비/ 지원),기간 : 2026~2030,65,0,65,0,13,13,13,13,13,2026,21324,2026-09-20
경기도_중기지방재정계획_2026-2030.pdf,중기지방재정계획,2026~2030,억원,경기도 공공심야약 국 운영(자체/지원),기간 : 2026~2030,17,0,17,0,3,3,3,3,3,2026,21340,2026-09-20
경기도_중기지방재정계획_2026-2030.pdf,중기지방재정계획,2026~2030,억원,한방난임사업 지원( 자체/직접),기간 : 2026~2030,40,0,40,0,8,8,8,8,8,2026,21353,2026-09-20
경기도_중기지방재정계획_2026-2030.pdf,중기지방재정계획,2026~2030,억원,공공보건의료 협력 체계 운영(균특/직 접),기간 : 2026~2030,278,0,278,0,56,56,56,56,56,2026,21366,2026-09-20
경기도_중기지방재정계획_2026-2030.pdf,중기지방재정계획,2026~2030,억원,경기도의료원 공익 적 운영 지원(자체/ 직접),기간 : 2026~2030,354,0,354,0,71,71,71,71,71,2026,21423,2026-09-20
경기도_중기지방재정계획_2026-2030.pdf,중기지방재정계획,2026~2030,억원,지방의료원 파견 의 료인력 인건비 지원 사업(균특/직접),기간 : 2026~2030,130,0,130,0,26,26,26,26,26,2026,21435,2026-09-20
경기도_중기지방재정계획_2026-2030.pdf,중기지방재정계획,2026~2030,억원,경기도의료원 공공 보건의료사업 지원( 자체/직접),기간 : 2026~2030,114,0,114,0,23,23,23,23,23,2026,21451,2026-09-20
경기도_중기지방재정계획_2026-2030.pdf,중기지방재정계획,2026~2030,억원,지원(기능특성화 및 감염병대응)(국비/ 직접),기간 : 2025.01.~12.,176,0,176,0,176,0,0,0,0,2026,21464,2026-09-20
경기도_중기지방재정계획_2026-2030.pdf,중기지방재정계획,2026~2030,억원,권역 책임의료기관 최종치료 역량 강화 사업(국비/직접),기간 : 2025~2026년,148,64,84,0,84,0,0,0,0,2026,21481,2026-09-20
경기도_중기지방재정계획_2026-2030.pdf,중기지방재정계획,2026~2030,억원,시니어의사 채용지,원금(국비/지원) 기간 : 2026~2030,5,0,5,0,1,1,1,1,1,2026,21523,2026-09-20
경기도_중기지방재정계획_2026-2030.pdf,중기지방재정계획,2026~2030,억원,시니어의사 채용지 원금(국비/직접),기간 : 2026~2030,122,0,122,0,24,24,24,24,24,2026,21534,2026-09-20
경기도_중기지방재정계획_2026-2030.pdf,중기지방재정계획,2026~2030,억원,지방의료원 기능보 강사업(BTL 임대료) (균특/직접),기간 : 2026~2030년,469,0,469,0,94,94,94,94,94,2026,21553,2026-09-20
경기도_중기지방재정계획_2026-2030.pdf,중기지방재정계획,2026~2030,억원,수도권 감염병 전문 병원 구축(국비/직 접),2026.1.~2030.12.,173,0,173,0,35,35,35,35,35,2026,21610,2026-09-20
경기도_중기지방재정계획_2026-2030.pdf,중기지방재정계획,2026~2030,억원,국가예방접종 실시( 기금/지원),2026.01.01.~2030.12.31,7934,0,7934,0,1587,1587,1587,1587,1587,2026,21625,2026-09-20
경기도_중기지방재정계획_2026-2030.pdf,중기지방재정계획,2026~2030,억원,예방접종등록센터 운영(인건비)(기금/ 지원),2026.01.01.~2030.12.31,45,0,45,0,9,9,9,9,9,2026,21642,2026-09-20
경기도_중기지방재정계획_2026-2030.pdf,중기지방재정계획,2026~2030,억원,보건소결핵관리사업 (기금/지원),2026.01.01.~2030.12.31,243,0,243,0,49,49,49,49,49,2026,21702,2026-09-20
경기도_중기지방재정계획_2026-2030.pdf,중기지방재정계획,2026~2030,억원,의료기관 결핵환자 관리지원(기금/지원 ),2026.01.01.~2030.12.31,114,0,114,0,23,23,23,23,23,2026,21719,2026-09-20
경기도_중기지방재정계획_2026-2030.pdf,중기지방재정계획,2026~2030,억원,에이즈 및 성병예방 지자체보조(기금/지 원),2026.01.01.~2030.12.31,127,0,127,0,25,25,25,25,25,2026,21734,2026-09-20
경기도_중기지방재정계획_2026-2030.pdf,중기지방재정계획,2026~2030,억원,자 소  계 2026 2027 2028 2029 2030 말라리아 퇴치사업( 기금/지원),2026.01.01.~,46,0,46,0,9,9,9,9,9,2026,21779,2026-09-20
경기도_중기지방재정계획_2026-2030.pdf,중기지방재정계획,2026~2030,억원,말라리아 퇴치사업 지원(자체/지원),2026.01.01.~2030.12.31,34,0,34,0,7,7,7,7,7,2026,21796,2026-09-20
경기도_중기지방재정계획_2026-2030.pdf,중기지방재정계획,2026~2030,억원,한센병환자관리지원 (경상)(국비/지원),2026.01.01.~2030.12.31,58,0,58,0,12,12,12,12,12,2026,21811,2026-09-20
경기도_중기지방재정계획_2026-2030.pdf,중기지방재정계획,2026~2030,억원,권역장애인구강진료 센터 운영(국비/직 접),기간 : 2026.1.~2030.12.,66,0,66,0,12,13,13,14,14,2026,21831,2026-09-20
경기도_중기지방재정계획_2026-2030.pdf,중기지방재정계획,2026~2030,억원,경기도 장애인구강 진료센터 운영(자체 /직접),기간 : 2026.1.~2030.12.,41,0,41,0,8,8,8,8,8,2026,21874,2026-09-20
경기도_중기지방재정계획_2026-2030.pdf,중기지방재정계획,2026~2030,억원,경기도 초등학생 치 과주치의사업(자체/ 지원),기간 : 2026.1.~2030.12.,150,0,150,0,30,30,30,30,30,2026,21886,2026-09-20
경기도_중기지방재정계획_2026-2030.pdf,중기지방재정계획,2026~2030,억원,경기도 공공어린이 재활병원 인건비 지 원(기금/직접),기간 : 2026.1.~2030.12.,47,0,47,0,9,9,9,9,9,2026,21898,2026-09-20
경기도_중기지방재정계획_2026-2030.pdf,중기지방재정계획,2026~2030,억원,통합건강증진사업( 기금/지원),기간 : 2026.1.~2030.12.,273,0,273,0,55,55,55,55,55,2026,21913,2026-09-20
경기도_중기지방재정계획_2026-2030.pdf,중기지방재정계획,2026~2030,억원,지역사회중심 금연 지원서비스(기금/지 원),기간 : 2026.1.~2030.12.,236,0,236,0,47,47,47,47,47,2026,21930,2026-09-20
경기도_중기지방재정계획_2026-2030.pdf,중기지방재정계획,2026~2030,억원,저소득층 금연치료 지원사업(기금/직접 ),기간 : 2026.1.~2030.12.,38,0,38,0,8,8,8,8,8,2026,21976,2026-09-20
경기도_중기지방재정계획_2026-2030.pdf,중기지방재정계획,2026~2030,억원,장애인건강보건 전 달체계(국비/직접),기간 : 2026.1.~,61,0,61,0,11,12,12,13,13,2026,21991,2026-09-20
경기도_중기지방재정계획_2026-2030.pdf,중기지방재정계획,2026~2030,억원,장애인건강보건 전 달체계(국비/지원),기간 : 2026.1.~,63,0,63,0,12,12,13,13,14,2026,22008,2026-09-20
경기도_중기지방재정계획_2026-2030.pdf,중기지방재정계획,2026~2030,억원,방문건강관리사업( 균특/지원),기간 : 2026.1.~2030.12.,454,0,454,0,85,88,91,93,96,2026,22024,2026-09-20
경기도_중기지방재정계획_2026-2030.pdf,중기지방재정계획,2026~2030,억원,광역 아토피천식 교 육정보센터 운영(기 금/직접),기간 : 2026.1.~2030.12.,40,0,40,0,8,8,8,8,8,2026,22069,2026-09-20
경기도_중기지방재정계획_2026-2030.pdf,중기지방재정계획,2026~2030,억원,의료급여수급권자 일반건강검진 지원( 기금/지원),기간 : 2026.1.~2030.12.,110,0,110,0,22,22,22,22,22,2026,22085,2026-09-20
경기도_중기지방재정계획_2026-2030.pdf,중기지방재정계획,2026~2030,억원,희귀질환자 의료비 지원사업(기금/지원 ),기간 : 2026.1.~2030.12.,346,0,346,0,65,67,69,71,73,2026,22108,2026-09-20
경기도_중기지방재정계획_2026-2030.pdf,중기지방재정계획,2026~2030,억원,산모신생아 건강관 리 지원(전환)(자체 /지원),기간 : 2026.1.~2030.12.,2135,0,2135,0,427,427,427,427,427,2026,22125,2026-09-20
경기도_중기지방재정계획_2026-2030.pdf,중기지방재정계획,2026~2030,억원,산모신생아 건강관 리 지원(추가형)(자 체/지원),기간 : 2026.1.~2030.12.,344,0,344,0,69,69,69,69,69,2026,22166,2026-09-20
경기도_중기지방재정계획_2026-2030.pdf,중기지방재정계획,2026~2030,억원,저소득층 기저귀 조 제분유 지원(국비/ 지원),기간 : 2026.1.~2030.12.,820,0,820,0,164,164,164,164,164,2026,22180,2026-09-20
경기도_중기지방재정계획_2026-2030.pdf,중기지방재정계획,2026~2030,억원,난임부부 시술비 지 원(전환)(자체/지원 ),기간 : 2026.1.~2030.12.,3150,0,3150,0,630,630,630,630,630,2026,22198,2026-09-20
경기도_중기지방재정계획_2026-2030.pdf,중기지방재정계획,2026~2030,억원,난임시술 중단 의료 비 지원(자체/지원),기간 : 2026.1.~2030.12.,131,0,131,0,25,25,26,27,28,2026,22209,2026-09-20
경기도_중기지방재정계획_2026-2030.pdf,중기지방재정계획,2026~2030,억원,고위험임산부 의료 비 지원(기금/지원),기간 : 2026.1.~2030.12.,125,0,125,0,25,25,25,25,25,2026,22250,2026-09-20
경기도_중기지방재정계획_2026-2030.pdf,중기지방재정계획,2026~2030,억원,임신 사전건강관리 지원사업(기금/지원 ),기간 : 2026.1.~2030.12.,373,0,373,0,75,75,75,75,75,2026,22268,2026-09-20
경기도_중기지방재정계획_2026-2030.pdf,중기지방재정계획,2026~2030,억원,미숙아 및 선천성이 상아 의료비 지원( 기금/지원),기간 : 2026.1.~2030.12.,110,0,110,0,22,22,22,22,22,2026,22286,2026-09-20
경기도_중기지방재정계획_2026-2030.pdf,중기지방재정계획,2026~2030,억원,선천성대사이상 검 사 및 환아관리(기 금/지원),기간 : 2026.1.~2030.12.,61,0,61,0,12,12,12,12,12,2026,22304,2026-09-20
경기도_중기지방재정계획_2026-2030.pdf,중기지방재정계획,2026~2030,억원,경기도 산후조리비 지원 사업(자체/지 원),기간 : 2026.1.~2030.12.,1547,0,1547,0,291,300,309,318,328,2026,22350,2026-09-20
경기도_중기지방재정계획_2026-2030.pdf,중기지방재정계획,2026~2030,억원,공공산후조리원 운 영 지원(자체/지원),기간 : 2026.1.~2030.12.,98,0,98,0,18,19,20,20,21,2026,22364,2026-09-20
경기도_중기지방재정계획_2026-2030.pdf,중기지방재정계획,2026~2030,억원,공공산후조리원 건 립 지원(자체/지원),2026.1. ~2027.12.,41,0,41,0,16,25,0,0,0,2026,22378,2026-09-20
경기도_중기지방재정계획_2026-2030.pdf,중기지방재정계획,2026~2030,억원,달빛어린이병원 운 영지원(기금/지원),2026.1.1.~2030.12.31.,223,0,223,0,45,45,45,45,45,2026,22431,2026-09-20
경기도_중기지방재정계획_2026-2030.pdf,중기지방재정계획,2026~2030,억원,소아응급 책임의료 기관 육성(자체/직 접),2026.1.1.~2030.12.31.,140,0,140,0,28,28,28,28,28,2026,22447,2026-09-20
경기도_중기지방재정계획_2026-2030.pdf,중기지방재정계획,2026~2030,억원,취약지 소아 야간 휴일 진료기관 육성 (자체/지원),2026.1.1.~2030.12.31.,25,0,25,0,5,5,5,5,5,2026,22459,2026-09-20
경기도_중기지방재정계획_2026-2030.pdf,중기지방재정계획,2026~2030,억원,권역응급의료센터 평가결과 보조금(기 금/지원),기간:2026.01.01.~,103,0,103,0,21,21,21,21,21,2026,22472,2026-09-20
경기도_중기지방재정계획_2026-2030.pdf,중기지방재정계획,2026~2030,억원,지역응급의료센터 평가결과 보조금(기 금/지원),기간:2026.01.01.~,177,0,177,0,35,35,35,35,35,2026,22488,2026-09-20
경기도_중기지방재정계획_2026-2030.pdf,중기지방재정계획,2026~2030,억원,지역응급의료기관 평가결과 보조금(기 금/지원),기간:2026.01.01.~,57,0,57,0,11,11,11,11,11,2026,22533,2026-09-20
경기도_중기지방재정계획_2026-2030.pdf,중기지방재정계획,2026~2030,억원,고위험 산모신생아 통합치료센터 지원( 기금/직접),2026.01.01.~2030.12.31,145,0,145,0,29,29,29,29,29,2026,22550,2026-09-20
경기도_중기지방재정계획_2026-2030.pdf,중기지방재정계획,2026~2030,억원,고위험 산모신생아 통합치료센터 지원( 자체/직접),기간: 2026.01.01.~,85,0,85,0,17,17,17,17,17,2026,22568,2026-09-20
경기도_중기지방재정계획_2026-2030.pdf,중기지방재정계획,2026~2030,억원,신생아집중치료지역 센터 지원(기금/직 접),2026.01.01.~2030.12.31,29,0,29,0,6,6,6,6,6,2026,22581,2026-09-20
경기도_중기지방재정계획_2026-2030.pdf,중기지방재정계획,2026~2030,억원,취약지역 거점의료 기관 지원(자체/지 원),2026.01.01.~2030.12.31,37,0,37,0,9,9,7,7,7,2026,22636,2026-09-20
경기도_중기지방재정계획_2026-2030.pdf,중기지방재정계획,2026~2030,억원,중증환자 병원 간 이송체계 구축(기금 /직접),2026.01.01.~2020.12.31,48,0,48,0,10,10,10,10,10,2026,22650,2026-09-20
경기도_중기지방재정계획_2026-2030.pdf,중기지방재정계획,2026~2030,억원,응급의료전용헬기 운영 지원(기금/직 접),기간:2026.01.01.~,222,0,222,0,44,44,44,44,44,2026,22668,2026-09-20
경기도_중기지방재정계획_2026-2030.pdf,중기지방재정계획,2026~2030,억원,응급의료전용헬기 운영 의료인력 지원 (자체/직접),기간:2026.01.01.~2030.12.31.,50,0,50,0,10,10,10,10,10,2026,22685,2026-09-20
경기도_중기지방재정계획_2026-2030.pdf,중기지방재정계획,2026~2030,억원,응급의료 전용헬기 격납고 신축(자체/ 직접),기간: 2026.01.01.~,47,0,47,0,2,46,0,0,0,2026,22724,2026-09-20
경기도_중기지방재정계획_2026-2030.pdf,중기지방재정계획,2026~2030,억원,권역외상센터 운영 지원(기금/직접),기간: 2026.01.01.~,534,0,534,0,107,107,107,107,107,2026,22737,2026-09-20
경기도_중기지방재정계획_2026-2030.pdf,중기지방재정계획,2026~2030,억원,취약지 헬기 착륙장 건설지원(기금/직접 ),2026.1.1.~2027.12.31.,40,6,34,0,1,32,0,0,0,2026,22752,2026-09-20
경기도_중기지방재정계획_2026-2030.pdf,중기지방재정계획,2026~2030,억원,재난의료관리자 운 영지원(기금/직접),2026.1.1.~2030.12.31.,31,0,31,0,6,6,6,6,6,2026,22768,2026-09-20
경기도_중기지방재정계획_2026-2030.pdf,중기지방재정계획,2026~2030,억원,자 소  계 2026 2027 2028 2029 2030 기초정신건강복지센 터 지원(기금/지원),2026.01~2030.12,98,0,98,0,19,19,20,20,20,2026,22813,2026-09-20
경기도_중기지방재정계획_2026-2030.pdf,중기지방재정계획,2026~2030,억원,광역정신건강복지센 터 인력지원(기금/ 직접),2026.01~2030.12,128,0,128,0,25,25,26,26,26,2026,22829,2026-09-20
경기도_중기지방재정계획_2026-2030.pdf,중기지방재정계획,2026~2030,억원,기초정신건강복지센 터 인력지원(기금/ 지원),2026.01~2030.12,1149,0,1149,0,224,227,230,233,235,2026,22844,2026-09-20
경기도_중기지방재정계획_2026-2030.pdf,중기지방재정계획,2026~2030,억원,터 등 종사자 처우 개선비 지원(자체/ 지원),기간: 2025.01~2029.12,38,0,38,0,8,8,8,8,8,2026,22862,2026-09-20
경기도_중기지방재정계획_2026-2030.pdf,중기지방재정계획,2026~2030,억원,정신질환자 치료지 원(자체/지원),2026.01~2030.12,49,0,49,0,10,10,10,10,10,2026,22914,2026-09-20
경기도_중기지방재정계획_2026-2030.pdf,중기지방재정계획,2026~2030,억원,경기도자살예방센터 운영(자체/직접),기간:2026.1~2030.12,88,0,88,0,17,17,18,18,18,2026,22927,2026-09-20
경기도_중기지방재정계획_2026-2030.pdf,중기지방재정계획,2026~2030,억원,기초자살예방센터 운영(자체/지원),기간:2026.1.~2030.12.,138,0,138,0,28,28,28,28,28,2026,22938,2026-09-20
경기도_중기지방재정계획_2026-2030.pdf,중기지방재정계획,2026~2030,억원,정신건강복지센터) 자살예방사업 인력 지원(기금/지원),기간:2026.01~2030.12,88,0,88,0,18,18,18,18,18,2026,22991,2026-09-20
경기도_중기지방재정계획_2026-2030.pdf,중기지방재정계획,2026~2030,억원,자살유족 원스톱서 비스 지원사업(기금 /지원),기간: 2026.1.~2030.12.,27,0,27,0,5,5,5,5,6,2026,23006,2026-09-20
경기도_중기지방재정계획_2026-2030.pdf,중기지방재정계획,2026~2030,억원,통합정신건강증진사 업(기금/직접),기간:2025.01~2029.12,207,0,207,0,41,41,41,41,41,2026,23023,2026-09-20
경기도_중기지방재정계획_2026-2030.pdf,중기지방재정계획,2026~2030,억원,심리상담 바우처사 업(국비/지원),기간:2026.1.~2030.12,392,0,392,0,78,78,78,78,78,2026,23078,2026-09-20
경기도_중기지방재정계획_2026-2030.pdf,중기지방재정계획,2026~2030,억원,위기개입팀 운영(기 금/직접),기간:2025.01~2029.12,47,0,47,0,9,9,9,9,9,2026,23093,2026-09-20
경기도_중기지방재정계획_2026-2030.pdf,중기지방재정계획,2026~2030,억원,위기개입팀 운영(기 금/지원),기간:2025.01~2029.12,9,0,9,0,2,2,2,2,2,2026,23110,2026-09-20
경기도_중기지방재정계획_2026-2030.pdf,중기지방재정계획,2026~2030,억원,민간정신응급의료기 관 지정 운영(기금/ 직접),기간:2025.1.~2029.12.,45,0,45,0,9,9,9,9,9,2026,23153,2026-09-20
경기도_중기지방재정계획_2026-2030.pdf,중기지방재정계획,2026~2030,억원,권역정신응급의료센 터 지정운영(기금/ 직접),기간:2025.01.01.~,64,0,64,0,13,13,13,13,13,2026,23171,2026-09-20
경기도_중기지방재정계획_2026-2030.pdf,중기지방재정계획,2026~2030,억원,경기도립정신병원 위탁 운영(자체/직 접),기간:2025.01.~2029.12.,154,0,154,0,30,30,31,31,31,2026,23192,2026-09-20
경기도_중기지방재정계획_2026-2030.pdf,중기지방재정계획,2026~2030,억원,안산마음건강센터 지원(기금/직접),기간:2025.01.~2029.12,328,0,328,0,66,66,66,66,66,2026,23203,2026-09-20
경기도_중기지방재정계획_2026-2030.pdf,중기지방재정계획,2026~2030,억원,자 소  계 2026 2027 2028 2029 2030 정신요양시설 운영 지원(국비/지원),기간:2025.01~2029.12,1091,0,1091,0,213,216,218,221,223,2026,23247,2026-09-20
경기도_중기지방재정계획_2026-2030.pdf,중기지방재정계획,2026~2030,억원,정신건강증진시설 운영(자체/지원),기간:2025.1~2029.12,89,0,89,0,17,18,18,18,18,2026,23261,2026-09-20
경기도_중기지방재정계획_2026-2030.pdf,중기지방재정계획,2026~2030,억원,지역사회전환시설 운영지원(자체/직접 ),기간:2025.1~2029.12,148,0,148,0,29,29,30,30,30,2026,23273,2026-09-20
경기도_중기지방재정계획_2026-2030.pdf,중기지방재정계획,2026~2030,억원,정신질환자 회복지 원(기금/지원),기간: 2025.1~2029.12,22,0,22,0,4,4,4,4,4,2026,23283,2026-09-20
경기도_중기지방재정계획_2026-2030.pdf,중기지방재정계획,2026~2030,억원,중독관리통합지원센 터 지원(국비/지원),기간: 2025.1~2029.12,49,0,49,0,10,10,10,10,10,2026,23296,2026-09-20
경기도_중기지방재정계획_2026-2030.pdf,중기지방재정계획,2026~2030,억원,청사유지관리(자체/ 직접),2026.1.~2030.12.,92,0,92,0,17,18,18,19,20,2026,23340,2026-09-20
경기도_중기지방재정계획_2026-2030.pdf,중기지방재정계획,2026~2030,억원,감염병 병원체 검사 (자체/직접),2026.1.~2030.12.,49,0,49,0,10,10,10,10,10,2026,23355,2026-09-20
경기도_중기지방재정계획_2026-2030.pdf,중기지방재정계획,2026~2030,억원,감염병 병원체 및 위생 세균 검사(자 체/직접),기간: 2026.1.1.~2030.12.31.,33,0,33,0,7,7,7,7,7,2026,23369,2026-09-20
경기도_중기지방재정계획_2026-2030.pdf,중기지방재정계획,2026~2030,억원,지역급식관리지원센 터 설치 운영(균특/ 지원),2026.1.1.~2030.12.31,831,0,831,0,166,166,166,166,166,2026,23414,2026-09-20
경기도_중기지방재정계획_2026-2030.pdf,중기지방재정계획,2026~2030,억원,식품위생업소 시설 개선자금 등 융자사 업(직접),2026.1.1-2030.12.31,210,0,210,0,42,42,42,42,42,2026,23436,2026-09-20
경기도_중기지방재정계획_2026-2030.pdf,중기지방재정계획,2026~2030,억원,어린이 식생활 안전 관리(지원),2026.1.~2030.12.,92,0,92,0,18,18,18,18,18,2026,23448,2026-09-20
경기도_중기지방재정계획_2026-2030.pdf,중기지방재정계획,2026~2030,억원,음식문화개선 활성 화 사업(직접),2026.1.1.~2030.12.31.,15,0,15,0,3,3,3,3,3,2026,23502,2026-09-20
경기도_중기지방재정계획_2026-2030.pdf,중기지방재정계획,2026~2030,억원,농업마이스터 운영 지원(국비/직접),2026.1~2030.12,41,0,41,0,8,8,8,8,8,2026,23519,2026-09-20
경기도_중기지방재정계획_2026-2030.pdf,중기지방재정계획,2026~2030,억원,청년 농업인 영농정 착 지원(균특/지원),2026.1~2030.12.,596,0,596,0,119,119,119,119,119,2026,23536,2026-09-20
경기도_중기지방재정계획_2026-2030.pdf,중기지방재정계획,2026~2030,억원,전문농업인육성(자 체/직접),2026.1. ~ 2030.12.,40,0,40,0,8,8,8,8,8,2026,23579,2026-09-20
경기도_중기지방재정계획_2026-2030.pdf,중기지방재정계획,2026~2030,억원,농업계학교 실습장 지원 사업(국비/지 원),2026.1~2026.12.,92,0,92,0,18,18,18,18,18,2026,23590,2026-09-20
경기도_중기지방재정계획_2026-2030.pdf,중기지방재정계획,2026~2030,억원,귀농귀촌 활성화 지 원(자체/직접),2026.1. ~ 2030.12.,74,0,74,0,14,14,14,14,19,2026,23608,2026-09-20
경기도_중기지방재정계획_2026-2030.pdf,중기지방재정계획,2026~2030,억원,농어업소득 333 프 로젝트(자체/직접),2026.1.~2030.12.,50,20,30,0,14,4,4,4,4,2026,23622,2026-09-20
경기도_중기지방재정계획_2026-2030.pdf,중기지방재정계획,2026~2030,억원,농어업소득 333 프 로젝트(자체/지원),2026.1.~2030.12.,53,25,29,0,9,5,5,5,5,2026,23636,2026-09-20
경기도_중기지방재정계획_2026-2030.pdf,중기지방재정계획,2026~2030,억원,농촌형보육서비스지 원(국비/직접),2026.1.~2030.12,14,0,14,0,3,3,3,3,3,2026,23679,2026-09-20
경기도_중기지방재정계획_2026-2030.pdf,중기지방재정계획,2026~2030,억원,여성농업인 특수건 강검진(국비/지원),2026.1.~2030.12.,55,0,55,0,11,11,11,11,11,2026,23697,2026-09-20
경기도_중기지방재정계획_2026-2030.pdf,중기지방재정계획,2026~2030,억원,농촌인력중개센터 운영 지원(국비/지 원),2026.1.~2030.12.,25,0,25,0,5,5,5,5,5,2026,23714,2026-09-20
경기도_중기지방재정계획_2026-2030.pdf,중기지방재정계획,2026~2030,억원,경기도 농어민기회 소득 지원(자체/지 원),2026.1.1 ~ 2030.12.31.,3842,0,3842,0,768,768,768,768,768,2026,23731,2026-09-20
경기도_중기지방재정계획_2026-2030.pdf,중기지방재정계획,2026~2030,억원,경기도 농촌기본소 득 시범사업(자체/ 지원),2026.01.~2030.12.,236,188,48,0,48,0,0,0,0,2026,23774,2026-09-20
경기도_중기지방재정계획_2026-2030.pdf,중기지방재정계획,2026~2030,억원,농어촌 기본소득 시 범사업 지원(국비/ 지원),2026.01~2027.12.,1115,0,1115,0,561,554,0,0,0,2026,23786,2026-09-20
경기도_중기지방재정계획_2026-2030.pdf,중기지방재정계획,2026~2030,억원,농촌중심지활성화( 균특/지원),2026.1~2030.12,532,0,532,0,96,97,106,117,117,2026,23821,2026-09-20
경기도_중기지방재정계획_2026-2030.pdf,중기지방재정계획,2026~2030,억원,기초생활거점조성( 균특/지원),2026.1~2030.12,643,0,643,0,102,120,132,145,145,2026,23865,2026-09-20
경기도_중기지방재정계획_2026-2030.pdf,중기지방재정계획,2026~2030,억원,농촌공간계획 수립 체계 지원사업(국비 /직접),2026.1.~2030.12.,21,0,21,0,4,4,4,4,4,2026,23881,2026-09-20
경기도_중기지방재정계획_2026-2030.pdf,중기지방재정계획,2026~2030,억원,농촌공간정비(국비/ 지원),2025.10 ~ 2029.12.31.,84,0,84,0,5,11,26,37,4,2026,23898,2026-09-20
경기도_중기지방재정계획_2026-2030.pdf,중기지방재정계획,2026~2030,억원,농촌자원복합산업화 지원(전환)(자체/지 원),2026.1.1 ~ 2030.12.31.,94,0,94,0,14,20,20,20,20,2026,23917,2026-09-20
경기도_중기지방재정계획_2026-2030.pdf,중기지방재정계획,2026~2030,억원,지역단위 농촌융복 합산업 활성화 지원 (균특/직접),2026.1.1 ~ 2030.12.31.,36,0,36,0,7,7,7,7,7,2026,23956,2026-09-20
경기도_중기지방재정계획_2026-2030.pdf,중기지방재정계획,2026~2030,억원,농촌체험휴양마을 활성화 지원사업(자 체/직접),2026.1.~2030.12.,5,0,5,0,1,1,1,1,1,2026,23975,2026-09-20
경기도_중기지방재정계획_2026-2030.pdf,중기지방재정계획,2026~2030,억원,농식품 바우처(국비 /지원),2026.1.~2030.12.,733,0,733,0,147,147,147,147,147,2026,23988,2026-09-20
경기도_중기지방재정계획_2026-2030.pdf,중기지방재정계획,2026~2030,억원,농지이용실태조사 지원(기금/지원),2026.1~2030.12,92,0,92,0,18,18,18,18,18,2026,24009,2026-09-20
경기도_중기지방재정계획_2026-2030.pdf,중기지방재정계획,2026~2030,억원,농림수산식품산업 활성화 지원(자체/ 직접),2026.1.1.~2030.12.31.,3500,0,3500,0,700,700,700,700,700,2026,24055,2026-09-20
경기도_중기지방재정계획_2026-2030.pdf,중기지방재정계획,2026~2030,억원,농림수산식품산업 활성화 지원(자체/ 지원),2026.1.~2030.12.,45,0,45,0,9,9,9,9,9,2026,24067,2026-09-20
경기도_중기지방재정계획_2026-2030.pdf,중기지방재정계획,2026~2030,억원,경기도농수산진흥원 지원(자체/직접),2025.1.~2029.12.,535,0,535,0,101,104,107,110,114,2026,24085,2026-09-20
경기도_중기지방재정계획_2026-2030.pdf,중기지방재정계획,2026~2030,억원,G마크 등 경쟁력 제 고(자체/지원),2026.1.~2030.12.,16,0,16,0,3,3,3,3,3,2026,24098,2026-09-20
경기도_중기지방재정계획_2026-2030.pdf,중기지방재정계획,2026~2030,억원,푸드테크기업 등 시 설개선 지원(전환)( 자체/지원),2025.01~2029.12,47,0,47,0,8,9,9,10,10,2026,24143,2026-09-20
경기도_중기지방재정계획_2026-2030.pdf,중기지방재정계획,2026~2030,억원,경기 농식품 체험 페스타(전환)(자체/ 직접),2025.1월~12월,38,0,38,0,8,8,8,8,8,2026,24155,2026-09-20
경기도_중기지방재정계획_2026-2030.pdf,중기지방재정계획,2026~2030,억원,식품기업 AI 시스템 도입 지원(자체/지 원),2026.01~2030.12,6,0,6,0,1,1,1,1,1,2026,24170,2026-09-20
경기도_중기지방재정계획_2026-2030.pdf,중기지방재정계획,2026~2030,억원,푸드테크 연구지원 센터 구축(국비/지 원),2026.01~2030.12,33,0,33,0,9,25,0,0,0,2026,24183,2026-09-20
경기도_중기지방재정계획_2026-2030.pdf,중기지방재정계획,2026~2030,억원,경기미 구매차액 지 원(자체/지원),2026.1.~2030.12.,7,0,7,0,1,1,1,1,1,2026,24200,2026-09-20
경기도_중기지방재정계획_2026-2030.pdf,중기지방재정계획,2026~2030,억원,나만의 김치를 알려 라(자체/직접),2025. 1.~2029.12.,10,0,10,0,2,2,2,2,2,2026,24240,2026-09-20
경기도_중기지방재정계획_2026-2030.pdf,중기지방재정계획,2026~2030,억원,전통식품 박람회(자 체/직접),2026.1.~2030.12.,20,0,20,0,4,4,4,4,4,2026,24254,2026-09-20
경기도_중기지방재정계획_2026-2030.pdf,중기지방재정계획,2026~2030,억원,전통식품 문화체험 기반조성(자체/지원 ),2026.1.~2030.12.,4,0,4,0,1,1,1,1,1,2026,24268,2026-09-20
경기도_중기지방재정계획_2026-2030.pdf,중기지방재정계획,2026~2030,억원,경기미 전통주 페스 타(자체/직접),2026.1.~2030.12.,10,0,10,0,2,2,2,2,2,2026,24282,2026-09-20
경기도_중기지방재정계획_2026-2030.pdf,중기지방재정계획,2026~2030,억원,찾아가는 양조장(균 특/지원),2026.1.~2030.12.,3,0,3,0,1,1,1,1,1,2026,24295,2026-09-20
경기도_중기지방재정계획_2026-2030.pdf,중기지방재정계획,2026~2030,억원,농산물산지유통센터 (APC)(기금/지원),2026.1.~2030.12,75,0,75,0,14,15,15,15,16,2026,24356,2026-09-20
경기도_중기지방재정계획_2026-2030.pdf,중기지방재정계획,2026~2030,억원,물류기기 공동이용 지원사업(국비/지원 ),2026.01.01.~2030.12.31,190,0,190,0,38,38,38,38,38,2026,24376,2026-09-20
경기도_중기지방재정계획_2026-2030.pdf,중기지방재정계획,2026~2030,억원,농식품 국제시장 진 출 지원(자체/지원),2025. 1. ~ 2029. 12.,26,0,26,0,5,5,5,5,5,2026,24436,2026-09-20
경기도_중기지방재정계획_2026-2030.pdf,중기지방재정계획,2026~2030,억원,경기도 농수산물 할 인쿠폰 지원(자체/ 직접),2026. 1.~2030. 12.,2500,0,2500,0,500,500,500,500,500,2026,24451,2026-09-20
경기도_중기지방재정계획_2026-2030.pdf,중기지방재정계획,2026~2030,억원,로컬푸드 활성화 기 반 조성(전환)(자체 /지원),2025.1. ~ 2029.12.,40,0,40,0,8,8,8,8,8,2026,24465,2026-09-20
경기도_중기지방재정계획_2026-2030.pdf,중기지방재정계획,2026~2030,억원,로컬푸드 유통 확대 지원(자체/지원),2025.1. ~ 2029.12.,14,0,14,0,3,3,3,3,3,2026,24481,2026-09-20
경기도_중기지방재정계획_2026-2030.pdf,중기지방재정계획,2026~2030,억원,로컬푸드 직매장 판 촉 지원(자체/직접),2025.1.~2029.12.,5,0,5,0,1,1,1,1,1,2026,24523,2026-09-20
경기도_중기지방재정계획_2026-2030.pdf,중기지방재정계획,2026~2030,억원,로컬푸드 라이브 직 거래 판매지원(자체 /직접),2026. 1.~2030. 12.,3,0,3,0,1,1,1,1,1,2026,24534,2026-09-20
경기도_중기지방재정계획_2026-2030.pdf,중기지방재정계획,2026~2030,억원,친환경농업직불(기 금/지원),기간:2026.1.~ 2030.12.,63,0,63,0,12,12,13,13,13,2026,24550,2026-09-20
경기도_중기지방재정계획_2026-2030.pdf,중기지방재정계획,2026~2030,억원,토양개량제 지원(균 특/지원),기간:2026.1.~ 2030.12.,268,0,268,0,50,52,53,55,57,2026,24566,2026-09-20
경기도_중기지방재정계획_2026-2030.pdf,중기지방재정계획,2026~2030,억원,경기 임산부 친환경 농산물 지원(자체/ 지원),기간 : 2026.01.~2030.12.,230,0,230,0,46,46,46,46,46,2026,24623,2026-09-20
경기도_중기지방재정계획_2026-2030.pdf,중기지방재정계획,2026~2030,억원,친환경 벼 복합생태 농업 실천단지 조성 (자체/지원),기간 : 2026.1.~2030.12.,166,0,166,0,32,33,33,33,33,2026,24639,2026-09-20
경기도_중기지방재정계획_2026-2030.pdf,중기지방재정계획,2026~2030,억원,무기질비료 가격보 조 및 수급안정 지 원(국비/지원),2026.1.1~2030.12.31,131,0,131,0,25,25,26,27,28,2026,24653,2026-09-20
경기도_중기지방재정계획_2026-2030.pdf,중기지방재정계획,2026~2030,억원,친환경 유기농업자 재 지원(자체/지원),2026.1.1.~2030.12.31.,50,0,50,0,10,10,10,10,10,2026,24671,2026-09-20
경기도_중기지방재정계획_2026-2030.pdf,중기지방재정계획,2026~2030,억원,고품질쌀 유통활성 화(벼 건조저장시설 지원)(국비/지원),2025.1.~2029.12.,58,0,58,0,12,12,12,12,12,2026,24713,2026-09-20
경기도_중기지방재정계획_2026-2030.pdf,중기지방재정계획,2026~2030,억원,경기미 가공저장시 설 스마트화 지원( 전환)(자체/지원),2026.01.~2030.12.,60,0,60,0,12,12,12,12,12,2026,24731,2026-09-20
경기도_중기지방재정계획_2026-2030.pdf,중기지방재정계획,2026~2030,억원,기본형 공익직불금( 기금/지원),기간:2026.01~2030.12.,10576,0,10576,0,2115,2115,2115,2115,2115,2026,24746,2026-09-20
경기도_중기지방재정계획_2026-2030.pdf,중기지방재정계획,2026~2030,억원,공익형직불금 행정 경비 지원(기금/지 원),기간:2026.1.~2030.12.,44,0,44,0,9,9,9,9,9,2026,24765,2026-09-20
경기도_중기지방재정계획_2026-2030.pdf,중기지방재정계획,2026~2030,억원,밭작물 생산·재배 단지 기반조성(전환 )(자체/지원),2026.1.~2030.12.,40,0,40,0,8,8,8,8,8,2026,24810,2026-09-20
경기도_중기지방재정계획_2026-2030.pdf,중기지방재정계획,2026~2030,억원,전략작물직불금(기 금/지원),기간 : 2026.1.~2030.12.,308,0,308,0,62,62,62,62,62,2026,24823,2026-09-20
경기도_중기지방재정계획_2026-2030.pdf,중기지방재정계획,2026~2030,억원,대학생 천원의 아침 밥(자체/직접),2026.1~2030.12.,40,0,40,0,8,8,8,8,8,2026,24841,2026-09-20
경기도_중기지방재정계획_2026-2030.pdf,중기지방재정계획,2026~2030,억원,농업인안전재해보험 가입 지원(자체/지 원),기간:2026.1.~ 2030.12.,130,0,130,0,26,26,26,26,26,2026,24852,2026-09-20
경기도_중기지방재정계획_2026-2030.pdf,중기지방재정계획,2026~2030,억원,노후농기계 대체 지 원(균특/지원),기간: 2026.1.~2030.12.,68,0,68,0,14,14,14,14,14,2026,24865,2026-09-20
경기도_중기지방재정계획_2026-2030.pdf,중기지방재정계획,2026~2030,억원,농업용관리기 등 소 형농기계 지원(자체 /지원),기간 : 2026.1.~2030.12.,70,0,70,0,14,14,14,14,14,2026,24912,2026-09-20
경기도_중기지방재정계획_2026-2030.pdf,중기지방재정계획,2026~2030,억원,저탄소농업 프로그 램 시범사업(경종분 야)(기금/지원),2026.1.~ 2030.12.,67,0,67,0,13,13,13,13,13,2026,24927,2026-09-20
경기도_중기지방재정계획_2026-2030.pdf,중기지방재정계획,2026~2030,억원,지역특화작목 육성 지원(자체/지원),2026.01.~2030.12.,153,0,153,0,31,31,31,31,31,2026,24945,2026-09-20
경기도_중기지방재정계획_2026-2030.pdf,중기지방재정계획,2026~2030,억원,농업에너지이용효율 화(지열냉난방시설) (국비/지원),2026.1.~ 2030.12.,62,0,62,0,12,12,12,12,12,2026,24961,2026-09-20
경기도_중기지방재정계획_2026-2030.pdf,중기지방재정계획,2026~2030,억원,농업에너지이용효율 화(공기열냉난방시 설)(국비/지원),2026.1.~ 2030.12.,71,0,71,0,14,14,14,14,14,2026,25006,2026-09-20
경기도_중기지방재정계획_2026-2030.pdf,중기지방재정계획,2026~2030,억원,경기도 어린이 건강 과일 공급사업(자체 /지원),2026.1~2030.12.,385,0,385,0,77,77,77,77,77,2026,25023,2026-09-20
경기도_중기지방재정계획_2026-2030.pdf,중기지방재정계획,2026~2030,억원,농작물재해보험 가 입지원(자체/지원),2026.1.~ 2030.12.,325,0,325,0,65,65,65,65,65,2026,25035,2026-09-20
경기도_중기지방재정계획_2026-2030.pdf,중기지방재정계획,2026~2030,억원,종자산업기반구축사 업(기금/지원),2026.1.~2030.12.,19,0,19,0,4,4,4,4,4,2026,25046,2026-09-20
경기도_중기지방재정계획_2026-2030.pdf,중기지방재정계획,2026~2030,억원,자 소  계 2026 2027 2028 2029 2030 어린이 과일간식 사 업(국비/지원),2026.1.1. ~ 2030.12.31.,106,0,106,0,21,21,21,21,21,2026,25089,2026-09-20
경기도_중기지방재정계획_2026-2030.pdf,중기지방재정계획,2026~2030,억원,수급조절지원(기금/ 지원),2026.1.1.~2030.12.31.,47,0,47,0,9,9,9,9,9,2026,25104,2026-09-20
경기도_중기지방재정계획_2026-2030.pdf,중기지방재정계획,2026~2030,억원,스마트팜ICT융복합 확산(시설원예현대 화지원)(기금/지원),2026.1.~ 2030.12.,50,0,50,0,10,10,10,10,10,2026,25125,2026-09-20
경기도_중기지방재정계획_2026-2030.pdf,중기지방재정계획,2026~2030,억원,선택형맞춤농정(전 환)(자체/지원),기간:2026.1.~ 2030.12.,285,0,285,0,55,56,57,58,59,2026,25141,2026-09-20
경기도_중기지방재정계획_2026-2030.pdf,중기지방재정계획,2026~2030,억원,체류형 농촌 스마트 팜 구축(자체/지원),2026.1.~2030.12.,50,0,50,0,10,10,10,10,10,2026,25180,2026-09-20
경기도_중기지방재정계획_2026-2030.pdf,중기지방재정계획,2026~2030,억원,배수개선(지자체)( 국비/직접),기간 : 2026.1.~2030.12.,1327,0,1327,0,250,258,265,273,281,2026,25194,2026-09-20
경기도_중기지방재정계획_2026-2030.pdf,중기지방재정계획,2026~2030,억원,국가관리방조제개보 수(국비/직접),기간 : 2026.1.~2030.12.,372,0,372,0,70,72,74,76,79,2026,25209,2026-09-20
경기도_중기지방재정계획_2026-2030.pdf,중기지방재정계획,2026~2030,억원,농업기반정비(대구 획경지정리)(전환)( 자체/지원),기간 : 2026.1.~2030.12.,116,0,116,0,23,23,23,23,23,2026,25224,2026-09-20
경기도_중기지방재정계획_2026-2030.pdf,중기지방재정계획,2026~2030,억원,농업기반정비(소규 모배수개선)(전환)( 자체/지원),기간 : 2026. 1. ~ 2030. 12.,80,0,80,0,15,15,16,16,17,2026,25239,2026-09-20
경기도_중기지방재정계획_2026-2030.pdf,중기지방재정계획,2026~2030,억원,수리시설정비(전환) (자체/지원),기간 : 2026.1.~2030.12.,297,0,297,0,56,58,59,61,63,2026,25280,2026-09-20
경기도_중기지방재정계획_2026-2030.pdf,중기지방재정계획,2026~2030,억원,영농 한해 특별대책 지원(자체/지원),기간 : 2026.01~2030.12.,85,0,85,0,16,17,17,18,18,2026,25292,2026-09-20
경기도_중기지방재정계획_2026-2030.pdf,중기지방재정계획,2026~2030,억원,도교육청 유·초· 중·고등학교 급식 비 지원(자체/직접),2025. 1.~2030. 12.,13108,0,13108,0,2420,2517,2617,2722,2831,2026,25309,2026-09-20
경기도_중기지방재정계획_2026-2030.pdf,중기지방재정계획,2026~2030,억원,친환경 등 우수 농 축산물 학교급식 지 원(자체/지원),2026.1.~2030.12.,2068,0,2068,0,414,414,414,414,414,2026,25322,2026-09-20
경기도_중기지방재정계획_2026-2030.pdf,중기지방재정계획,2026~2030,억원,친환경 등 우수농산 물 영유아 공공급식 지원(자체/지원),2026. 1.~2030. 12.,65,0,65,0,13,13,13,13,13,2026,25365,2026-09-20
경기도_중기지방재정계획_2026-2030.pdf,중기지방재정계획,2026~2030,억원,학교급식 친환경농 산물 등 유통(자체/ 직접),2026. 1.~2030. 12.,115,0,115,0,23,23,23,23,23,2026,25383,2026-09-20
경기도_중기지방재정계획_2026-2030.pdf,중기지방재정계획,2026~2030,억원,접경지역 친환경농 산물 군급식 유통( 자체/직접),2026. 1.~2030. 12.,71,0,71,0,14,14,14,14,14,2026,25398,2026-09-20
경기도_중기지방재정계획_2026-2030.pdf,중기지방재정계획,2026~2030,억원,가축행복농장 지원( 자체/지원),2026.1.~2030.12.,125,0,125,0,25,25,25,25,25,2026,25414,2026-09-20
경기도_중기지방재정계획_2026-2030.pdf,중기지방재정계획,2026~2030,억원,자 소  계 2026 2027 2028 2029 2030 축산환경개선(자체/ 지원),2026.1.~2030.12.,140,0,140,0,28,28,28,28,28,2026,25453,2026-09-20
경기도_중기지방재정계획_2026-2030.pdf,중기지방재정계획,2026~2030,억원,축산악취저감 시설 지원(자체/지원),2026.1.~2030.12.,111,0,111,0,22,22,22,22,22,2026,25464,2026-09-20
경기도_중기지방재정계획_2026-2030.pdf,중기지방재정계획,2026~2030,억원,공동자원화시설 신 규 지원(기금/지원),2026.1.~2030.12.,220,0,220,0,51,51,12,53,53,2026,25475,2026-09-20
경기도_중기지방재정계획_2026-2030.pdf,중기지방재정계획,2026~2030,억원,가축재해보험 가입 지원(자체/지원),2026.1.~2030.12.,136,0,136,0,27,27,27,27,27,2026,25492,2026-09-20
경기도_중기지방재정계획_2026-2030.pdf,중기지방재정계획,2026~2030,억원,자 소  계 2026 2027 2028 2029 2030 축산 ICT 융복합 확 산(기금/지원),2026.1~2030.12,216,0,216,0,43,43,43,43,43,2026,25531,2026-09-20
경기도_중기지방재정계획_2026-2030.pdf,중기지방재정계획,2026~2030,억원,스마트축산 패키지 보급 사업(기금/지 원),2026.1~2030.12,55,0,55,0,11,11,11,11,11,2026,25547,2026-09-20
경기도_중기지방재정계획_2026-2030.pdf,중기지방재정계획,2026~2030,억원,학교우유급식 지원( 기금/지원),2026.1.~2030.12.,780,0,780,0,156,156,156,156,156,2026,25563,2026-09-20
경기도_중기지방재정계획_2026-2030.pdf,중기지방재정계획,2026~2030,억원,맘튼튼 축산물 꾸러 미 지원(자체/지원),2026.1.~2030.12.,116,0,116,0,23,23,23,23,23,2026,25578,2026-09-20
경기도_중기지방재정계획_2026-2030.pdf,중기지방재정계획,2026~2030,억원,개사육농장주 폐업 ·전업 지원(국비/ 지원),2026.1.~2030.12.,390,0,390,0,78,78,78,78,78,2026,25590,2026-09-20
경기도_중기지방재정계획_2026-2030.pdf,중기지방재정계획,2026~2030,억원,조사료 생산기반 확 충(기금/지원),2026.1.~2030.12.,140,0,140,0,28,28,28,28,28,2026,25635,2026-09-20
경기도_중기지방재정계획_2026-2030.pdf,중기지방재정계획,2026~2030,억원,학교우유급식지원( 이월예산)(기금/지 원),2024.12~2025.2.,1082,1082,0,0,0,0,0,0,0,2026,25652,2026-09-20
경기도_중기지방재정계획_2026-2030.pdf,중기지방재정계획,2026~2030,억원,축산 패키지 보급 시범사업 (기금/지 원),2025. 7.~12.,17,17,0,0,0,0,0,0,0,2026,25675,2026-09-20
경기도_중기지방재정계획_2026-2030.pdf,중기지방재정계획,2026~2030,억원,자 소  계 2026 2027 2028 2029 2030 학생승마체험 지원( 기금/지원),2026.1.~2030.12.,64,0,64,0,13,13,13,13,13,2026,25724,2026-09-20
경기도_중기지방재정계획_2026-2030.pdf,중기지방재정계획,2026~2030,억원,가축위생방역지원본 부 방역직 인건비 지원(기금/직접),2026.01. ~ 2030.12.,132,0,132,0,26,26,26,26,26,2026,25742,2026-09-20
경기도_중기지방재정계획_2026-2030.pdf,중기지방재정계획,2026~2030,억원,살처분보상금(국비/ 지원),2026.01.~ 2030.12.,844,0,844,0,169,169,169,169,169,2026,25757,2026-09-20
경기도_중기지방재정계획_2026-2030.pdf,중기지방재정계획,2026~2030,억원,선제적 거점소독· 통제초소 운영비 지 원(자체/지원),2026.01.~2030.12.,57,0,57,0,11,11,11,11,11,2026,25776,2026-09-20
경기도_중기지방재정계획_2026-2030.pdf,중기지방재정계획,2026~2030,억원,긴급 가축방역비(자 체/직접),2026.01.~2030.12.,45,0,45,0,9,9,9,9,9,2026,25818,2026-09-20
경기도_중기지방재정계획_2026-2030.pdf,중기지방재정계획,2026~2030,억원,공동방제단 운영(기 금/지원),2026.01.~2030.12.,54,0,54,0,11,11,11,11,11,2026,25829,2026-09-20
경기도_중기지방재정계획_2026-2030.pdf,중기지방재정계획,2026~2030,억원,예방약품 등 지원( 가축전염병 예방접 종)(국비/지원),2026.01.~2030.12.,339,0,339,0,68,68,68,68,68,2026,25846,2026-09-20
경기도_중기지방재정계획_2026-2030.pdf,중기지방재정계획,2026~2030,억원,예방약품 등 지원( 통제초소 운영 및 소독)(국비/지원),2026.01.~2030.12.,98,0,98,0,20,20,20,20,20,2026,25865,2026-09-20
경기도_중기지방재정계획_2026-2030.pdf,중기지방재정계획,2026~2030,억원,럼피스킨 예방약 등 지원(국비/지원),2025.01.~2029.12.,9,0,9,0,2,2,2,2,2,2026,25910,2026-09-20
경기도_중기지방재정계획_2026-2030.pdf,중기지방재정계획,2026~2030,억원,구제역 예방접종 지 원(예방백신)(국비/ 지원),2026.01.~2030.12.,242,0,242,0,48,48,48,48,48,2026,25929,2026-09-20
경기도_중기지방재정계획_2026-2030.pdf,중기지방재정계획,2026~2030,억원,구제역 예방접종 지 원(백신접종)(국비/ 지원),2026.01.~2030.12.,59,0,59,0,12,12,12,12,12,2026,25946,2026-09-20
경기도_중기지방재정계획_2026-2030.pdf,중기지방재정계획,2026~2030,억원,구제역 방역관리 지 원(자체/지원),2026.01.~2030.12.,49,0,49,0,10,10,10,10,10,2026,25964,2026-09-20
경기도_중기지방재정계획_2026-2030.pdf,중기지방재정계획,2026~2030,억원,자 소  계 2026 2027 2028 2029 2030 가축질병 예방약품 지원(자체/지원),2026.01.~2030.12.,47,0,47,0,9,9,9,9,9,2026,26002,2026-09-20
경기도_중기지방재정계획_2026-2030.pdf,중기지방재정계획,2026~2030,억원,도축검사원 인건비 지원(기금/직접),2026.01.~2030.12.,160,0,160,0,32,32,32,32,32,2026,26016,2026-09-20
경기도_중기지방재정계획_2026-2030.pdf,중기지방재정계획,2026~2030,억원,계란공판장 활성화 지원(기금/직접),2026.01.~2030.12.,180,0,180,0,36,36,36,36,36,2026,26056,2026-09-20
경기도_중기지방재정계획_2026-2030.pdf,중기지방재정계획,2026~2030,억원,유실·유기동물 관 리수준 개선 지원( 국비/지원),2026.01.01 ~ 2030.12.31.,19,0,19,0,4,4,4,4,4,2026,26104,2026-09-20
경기도_중기지방재정계획_2026-2030.pdf,중기지방재정계획,2026~2030,억원,동물구조 등 인건비 지원(자체/지원),2026.01.01~2030.12.31.,22,0,22,0,4,4,4,4,4,2026,26124,2026-09-20
경기도_중기지방재정계획_2026-2030.pdf,중기지방재정계획,2026~2030,억원,실외사육견 중성화 수술 지원(국비/지 원),2026.01.01. ~,8,0,8,0,2,2,2,2,2,2026,26139,2026-09-20
경기도_중기지방재정계획_2026-2030.pdf,중기지방재정계획,2026~2030,억원,동물보호관리(자체/ 지원),2026. 01. 01. ~ 2030.,73,0,73,0,15,15,15,15,15,2026,26158,2026-09-20
경기도_중기지방재정계획_2026-2030.pdf,중기지방재정계획,2026~2030,억원,길고양이 중성화수 술비 지원(국비/지 원),2026.01.01 ~ 2030.12.31,106,0,106,0,21,21,21,21,21,2026,26201,2026-09-20
경기도_중기지방재정계획_2026-2030.pdf,중기지방재정계획,2026~2030,억원,동물보호센터 설치 지원(균특/지원),2026.01.01~2030.12.31.,15,0,15,0,3,3,3,3,3,2026,26219,2026-09-20
경기도_중기지방재정계획_2026-2030.pdf,중기지방재정계획,2026~2030,억원,북부 야생동물구조 관리센터 조류재활 장 증축(국비/직접),2026.01.01. ~,50,0,50,0,10,10,10,10,10,2026,26239,2026-09-20
경기도_중기지방재정계획_2026-2030.pdf,중기지방재정계획,2026~2030,억원,반려동물 동반 여가 시설 조성 지원(자 체/지원),2025.1. ~ 2026.12.,18,9,9,0,9,0,0,0,0,2026,26299,2026-09-20
경기도_중기지방재정계획_2026-2030.pdf,중기지방재정계획,2026~2030,억원,반려마루 운영(자체 /직접),2025.1. ~ 2030.12.,243,0,243,0,46,47,48,50,51,2026,26312,2026-09-20
경기도_중기지방재정계획_2026-2030.pdf,중기지방재정계획,2026~2030,억원,반려동물 문화교실 운영(자체/지원),2025.1. ~ 2030.12.,10,0,10,0,2,2,2,2,2,2026,26322,2026-09-20
경기도_중기지방재정계획_2026-2030.pdf,중기지방재정계획,2026~2030,억원,방역장비 등 지원( 남부)(국비/직접),2026.1.~2030.12.,62,0,62,0,12,12,12,13,13,2026,26376,2026-09-20
경기도_중기지방재정계획_2026-2030.pdf,중기지방재정계획,2026~2030,억원,가축전염병 근절기 반 조성(남부)(자체 /직접),2026.1.~2030.12.,41,0,41,0,8,8,8,9,9,2026,26392,2026-09-20
경기도_중기지방재정계획_2026-2030.pdf,중기지방재정계획,2026~2030,억원,동물위생업무지원( 남부)(자체/직접),2026.1~2030.12.,68,0,68,0,13,13,14,14,14,2026,26403,2026-09-20
경기도_중기지방재정계획_2026-2030.pdf,중기지방재정계획,2026~2030,억원,민간기관 구제역백 신 항체검사(국비/ 직접),2026.1.~2030.12.,53,0,53,0,10,10,11,11,11,2026,26414,2026-09-20
경기도_중기지방재정계획_2026-2030.pdf,중기지방재정계획,2026~2030,억원,축산물 위생검사기 관 운영비 지원(남 부)(기금/직접),2026.1~2030.12.,47,0,47,0,9,9,9,10,10,2026,26458,2026-09-20
경기도_중기지방재정계획_2026-2030.pdf,중기지방재정계획,2026~2030,억원,예방약품 등 지원( 북부)(국비/직접),2026.01~2030.12,79,0,79,0,15,15,16,17,17,2026,26477,2026-09-20
경기도_중기지방재정계획_2026-2030.pdf,중기지방재정계획,2026~2030,억원,동물위생업무지원( 북부)(자체/직접),2026.01~2030.12,92,0,92,0,17,18,18,19,20,2026,26492,2026-09-20
경기도_중기지방재정계획_2026-2030.pdf,중기지방재정계획,2026~2030,억원,아프리카돼지열병 정밀검사시설 건립( 국비/직접),2021.09~2025.06.,52,52,0,0,0,0,0,0,0,2026,26502,2026-09-20
경기도_중기지방재정계획_2026-2030.pdf,중기지방재정계획,2026~2030,억원,축산물위생검사기관 운영비 지원(북부)( 기금/직접),2026.01.~2030.12.,30,0,30,0,6,6,6,6,7,2026,26546,2026-09-20
경기도_중기지방재정계획_2026-2030.pdf,중기지방재정계획,2026~2030,억원,가축개량 기반조성( 자체/직접),2026.1. ~ 2030. 12.,69,0,69,0,13,13,14,14,15,2026,26567,2026-09-20
경기도_중기지방재정계획_2026-2030.pdf,중기지방재정계획,2026~2030,억원,청사시설 관리 · 유지(자체/직접),기간:2026.1.~ 2030.12.,167,0,167,0,33,33,33,33,33,2026,26580,2026-09-20
경기도_중기지방재정계획_2026-2030.pdf,중기지방재정계획,2026~2030,억원,디지털농업 기반구 축 및 활성화 지원( 자체/직접),기간:2026.01~2030.12,56,0,56,0,11,11,11,11,11,2026,26594,2026-09-20
경기도_중기지방재정계획_2026-2030.pdf,중기지방재정계획,2026~2030,억원,식량작물 신품종 육 성(자체/직접),기간:2026.01.~2030.12.,61,0,61,0,11,12,12,12,13,2026,26635,2026-09-20
경기도_중기지방재정계획_2026-2030.pdf,중기지방재정계획,2026~2030,억원,원예작물신품종 및 품질고급화 연구(자 체/직접),기간:2026.01.~2030.12.,101,0,101,0,18,19,20,21,22,2026,26651,2026-09-20
경기도_중기지방재정계획_2026-2030.pdf,중기지방재정계획,2026~2030,억원,농업과학 종합분석 실험동 신축공사(자 체/직접),2026.1.1~2029.12.31,199,0,199,0,19,86,43,52,0,2026,26664,2026-09-20
경기도_중기지방재정계획_2026-2030.pdf,중기지방재정계획,2026~2030,억원,공적방제 손실보상 금(국비/직접),2026.01~2030.12,94,0,94,0,19,19,19,19,19,2026,26722,2026-09-20
경기도_중기지방재정계획_2026-2030.pdf,중기지방재정계획,2026~2030,억원,과수화상병 전염원 사전 제거(국비/직 접),2026.01~2030.12,44,0,44,0,9,9,9,9,9,2026,26737,2026-09-20
경기도_중기지방재정계획_2026-2030.pdf,중기지방재정계획,2026~2030,억원,농업 신기술 시범( 균특/지원),2026.01~2030.12,181,0,181,0,36,36,36,36,36,2026,26751,2026-09-20
경기도_중기지방재정계획_2026-2030.pdf,중기지방재정계획,2026~2030,억원,농작물병해충 방제 비 지원(국비/지원),2026.01~2030.12,85,0,85,0,17,17,17,17,17,2026,26764,2026-09-20
경기도_중기지방재정계획_2026-2030.pdf,중기지방재정계획,2026~2030,억원,병해충 예찰방제단 운영(국비/지원),2026.01~2030.12,57,0,57,0,11,11,11,11,11,2026,26805,2026-09-20
경기도_중기지방재정계획_2026-2030.pdf,중기지방재정계획,2026~2030,억원,지역 활력화 작목 기반조성(전환)(자 체/지원),2026.01~2030.12,64,0,64,0,13,13,13,13,13,2026,26822,2026-09-20
경기도_중기지방재정계획_2026-2030.pdf,중기지방재정계획,2026~2030,억원,치유농업 활성화 지 원(자체/지원),2026. 1. ~ 2030. 12.,52,0,52,0,6,11,12,12,12,2026,26834,2026-09-20
경기도_중기지방재정계획_2026-2030.pdf,중기지방재정계획,2026~2030,억원,도시농업 활성화 지 원(자체/지원),2026. 1. ~ 2030. 12.,46,0,46,0,5,10,10,10,10,2026,26845,2026-09-20
경기도_중기지방재정계획_2026-2030.pdf,중기지방재정계획,2026~2030,억원,농업경영체 육성(자 체/지원),2026. 1. ~ 2030. 12.,11,0,11,0,2,2,2,2,2,2026,26885,2026-09-20
경기도_중기지방재정계획_2026-2030.pdf,중기지방재정계획,2026~2030,억원,백두대간(정맥) 생 태축 복원(자본)(국 비/지원),2026.01.~2030.12.,42,0,42,0,8,8,8,8,8,2026,26901,2026-09-20
경기도_중기지방재정계획_2026-2030.pdf,중기지방재정계획,2026~2030,억원,산림재해일자리(산 림재난대응단 운영) (국비/지원),2026.01.~2030.12,842,0,842,0,168,168,168,168,168,2026,26915,2026-09-20
경기도_중기지방재정계획_2026-2030.pdf,중기지방재정계획,2026~2030,억원,산불방지대책(자체/ 지원),기간 : 2026.1~2030.12.,254,0,254,0,51,51,51,51,51,2026,26931,2026-09-20
경기도_중기지방재정계획_2026-2030.pdf,중기지방재정계획,2026~2030,억원,임도시설(자본)(균 특/지원),기간 : 2026.1~2030.12.,101,0,101,0,20,20,20,20,20,2026,26972,2026-09-20
경기도_중기지방재정계획_2026-2030.pdf,중기지방재정계획,2026~2030,억원,임도시설(전환)(자 체/지원),기간 : 2026.1~2030.12.,129,0,129,0,26,26,26,26,26,2026,26986,2026-09-20
경기도_중기지방재정계획_2026-2030.pdf,중기지방재정계획,2026~2030,억원,사방시설 조성 및 유지관리(국비/지원 ),기간 : 2026.1~2030.12.,608,0,608,0,150,115,115,115,115,2026,27003,2026-09-20
경기도_중기지방재정계획_2026-2030.pdf,중기지방재정계획,2026~2030,억원,소나무재선충병 방 제(경상)(국비/지원 ),기간 : 2026.1~2030.12.,251,0,251,0,50,51,50,50,50,2026,27023,2026-09-20
경기도_중기지방재정계획_2026-2030.pdf,중기지방재정계획,2026~2030,억원,소나무재선충병 예 방사업(자체/지원),기간 : 2026.1~2030.12.,65,0,65,0,7,12,13,15,18,2026,27069,2026-09-20
경기도_중기지방재정계획_2026-2030.pdf,중기지방재정계획,2026~2030,억원,일반병해충 방제(국 비/지원),기간 : 2026.1~2030.12.,110,0,110,0,21,22,22,22,22,2026,27083,2026-09-20
경기도_중기지방재정계획_2026-2030.pdf,중기지방재정계획,2026~2030,억원,7.16.~7.20. 집중호 우 산림피해복구(국 비/지원),2026. 1. ~ 12.,110,0,110,0,110,0,0,0,0,2026,27105,2026-09-20
경기도_중기지방재정계획_2026-2030.pdf,중기지방재정계획,2026~2030,억원,경제림조성(균특/직 접),기간: 2026.1.~2030.12.,52,0,52,0,10,10,10,11,11,2026,27121,2026-09-20
경기도_중기지방재정계획_2026-2030.pdf,중기지방재정계획,2026~2030,억원,경제림조성(균특/지 원),기간: 2026.1.~2030.12.,49,0,49,0,9,10,10,10,10,2026,27162,2026-09-20
경기도_중기지방재정계획_2026-2030.pdf,중기지방재정계획,2026~2030,억원,큰나무조림(균특/직 접),기간: 2026.1.~2030.12.,22,0,22,0,4,4,4,5,5,2026,27176,2026-09-20
경기도_중기지방재정계획_2026-2030.pdf,중기지방재정계획,2026~2030,억원,큰나무조림(균특/지 원),2026.1월~2030.12월,16,0,16,0,3,3,3,3,3,2026,27192,2026-09-20
경기도_중기지방재정계획_2026-2030.pdf,중기지방재정계획,2026~2030,억원,공공산림가꾸기(균 특/지원),기간: 2026.1.~2030.12.,91,0,91,0,18,18,18,18,18,2026,27205,2026-09-20
경기도_중기지방재정계획_2026-2030.pdf,중기지방재정계획,2026~2030,억원,산림작물 생산단지( 국비/지원),기간: 2026.1.~2030.12.,35,0,35,0,7,7,7,7,7,2026,27263,2026-09-20
경기도_중기지방재정계획_2026-2030.pdf,중기지방재정계획,2026~2030,억원,임업·산림 공익직 접지불금 지급(국비 /지원),기간: 2026.1.~2030.12.,43,0,43,0,9,9,9,9,9,2026,27280,2026-09-20
경기도_중기지방재정계획_2026-2030.pdf,중기지방재정계획,2026~2030,억원,국산목재 목조건축 실연사업(균특/지원 ),기간: 2026.1.~2030.12.,78,0,78,0,26,13,13,13,13,2026,27295,2026-09-20
경기도_중기지방재정계획_2026-2030.pdf,중기지방재정계획,2026~2030,억원,유아숲교육 운영(균 특/지원),기간 : 2026.1~2030.12.,84,0,84,0,17,17,17,17,17,2026,27350,2026-09-20
경기도_중기지방재정계획_2026-2030.pdf,중기지방재정계획,2026~2030,억원,지자체 자연휴양림( 전환)(자체/지원),기간 : 2026.1~2030.12.,105,0,105,0,21,21,21,21,21,2026,27364,2026-09-20
경기도_중기지방재정계획_2026-2030.pdf,중기지방재정계획,2026~2030,억원,숲길조성관리(전환) (자체/지원),기간: 2026.1.~2030.12.,231,0,231,0,46,46,46,46,46,2026,27378,2026-09-20
경기도_중기지방재정계획_2026-2030.pdf,중기지방재정계획,2026~2030,억원,유아숲체험원 조성( 전환)(자체/지원),기간: 2026.1.~2030.12.,33,0,33,0,4,7,7,7,7,2026,27390,2026-09-20
경기도_중기지방재정계획_2026-2030.pdf,중기지방재정계획,2026~2030,억원,정책숲가꾸기(균특/ 직접),2025.01. ~ 2029.12.,21,0,21,0,4,4,4,4,4,2026,27433,2026-09-20
경기도_중기지방재정계획_2026-2030.pdf,중기지방재정계획,2026~2030,억원,축령산자연휴양림운 영(자체/직접),2025.01. ~ 2029.12.,32,0,32,0,6,6,6,6,6,2026,27449,2026-09-20
경기도_중기지방재정계획_2026-2030.pdf,중기지방재정계획,2026~2030,억원,강씨봉자연휴양림 운영(자체/직접),2025.01~2029.12,27,0,27,0,5,5,5,5,5,2026,27462,2026-09-20
경기도_중기지방재정계획_2026-2030.pdf,중기지방재정계획,2026~2030,억원,물향기수목원 운영( 자체/직접),2025.01.~2029.12.,36,0,36,0,7,7,7,7,7,2026,27476,2026-09-20
경기도_중기지방재정계획_2026-2030.pdf,중기지방재정계획,2026~2030,억원,물향기수목원 보완 사업(전환)(자체/직 접),2025.01.~2029.12,26,0,26,0,5,5,5,5,5,2026,27514,2026-09-20
경기도_중기지방재정계획_2026-2030.pdf,중기지방재정계획,2026~2030,억원,바다향기수목원 운 영(자체/직접),2025.01~2029.12.,32,0,32,0,6,6,6,6,6,2026,27527,2026-09-20
경기도_중기지방재정계획_2026-2030.pdf,중기지방재정계획,2026~2030,억원,바다향기수목원 보 완사업(전환)(자체/ 직접),2025.01~2029.12.,52,0,52,0,10,10,10,10,10,2026,27541,2026-09-20
경기도_중기지방재정계획_2026-2030.pdf,중기지방재정계획,2026~2030,억원,연안정비(균특/지원 ),2023~2027년,113,59,54,0,7,47,0,0,0,2026,27556,2026-09-20
경기도_중기지방재정계획_2026-2030.pdf,중기지방재정계획,2026~2030,억원,기초생활기반확충( 제부도 공원조성)( 균특/지원),2021~2026년,88,61,27,0,27,0,0,0,0,2026,27600,2026-09-20
경기도_중기지방재정계획_2026-2030.pdf,중기지방재정계획,2026~2030,억원,지방어항건설(전환) (자체/직접),2026~2030년,164,0,164,0,4,40,40,40,40,2026,27619,2026-09-20
경기도_중기지방재정계획_2026-2030.pdf,중기지방재정계획,2026~2030,억원,지자체관리(지방) 어항건설(전환)(자 체/지원),2026~2030년,363,0,363,0,73,73,73,73,73,2026,27630,2026-09-20
경기도_중기지방재정계획_2026-2030.pdf,중기지방재정계획,2026~2030,억원,2026 어촌신활력증 진사업(균특/지원),2026~2029년,79,0,79,0,4,25,25,25,0,2026,27641,2026-09-20
경기도_중기지방재정계획_2026-2030.pdf,중기지방재정계획,2026~2030,억원,해양보호구역관리( 자본적사업)(국비/ 지원),2026~2030년,41,0,41,0,0,41,0,0,0,2026,27686,2026-09-20
경기도_중기지방재정계획_2026-2030.pdf,중기지방재정계획,2026~2030,억원,해양쓰레기 정화(균 특/지원),2026~2030년,62,0,62,0,12,12,12,12,12,2026,27703,2026-09-20
경기도_중기지방재정계획_2026-2030.pdf,중기지방재정계획,2026~2030,억원,인공어초사업(전환) (자체/직접),2026~2030년,35,0,35,0,7,7,7,7,7,2026,27720,2026-09-20
경기도_중기지방재정계획_2026-2030.pdf,중기지방재정계획,2026~2030,억원,관상어산업박람회 개최(자체/직접),2026.1~12월,6,0,6,0,1,1,1,1,1,2026,27733,2026-09-20
경기도_중기지방재정계획_2026-2030.pdf,중기지방재정계획,2026~2030,억원,수산물 유통 시설 지원(국비/지원),2026~2030년,250,0,250,0,50,50,50,50,50,2026,27774,2026-09-20
경기도_중기지방재정계획_2026-2030.pdf,중기지방재정계획,2026~2030,억원,해양안전체험관 운 영 지원(국비/직접),2026~2030년,207,0,207,0,39,40,41,43,44,2026,27793,2026-09-20
경기도_중기지방재정계획_2026-2030.pdf,중기지방재정계획,2026~2030,억원,해양안전체험관 운 영 지원(자체/직접),2026~2030년,9,0,9,0,2,2,2,2,2,2026,27809,2026-09-20
경기도_중기지방재정계획_2026-2030.pdf,중기지방재정계획,2026~2030,억원,제부마리나 방파제 보강(자체/직접),2026~2028년(3년),192,0,192,0,49,70,73,0,0,2026,27820,2026-09-20
경기도_중기지방재정계획_2026-2030.pdf,중기지방재정계획,2026~2030,억원,해양레저 인력양성( 자체/직접),2026~2030년,37,0,37,0,7,7,7,8,8,2026,27860,2026-09-20
경기도_중기지방재정계획_2026-2030.pdf,중기지방재정계획,2026~2030,억원,경기국제보트쇼 개 최(자체/직접),2026~2030년,82,0,82,0,15,16,16,17,18,2026,27874,2026-09-20
경기도_중기지방재정계획_2026-2030.pdf,중기지방재정계획,2026~2030,억원,경기바다 해양레저 관광 활성화(자체/ 직접),2026~2030년,36,0,36,0,4,8,8,8,8,2026,27887,2026-09-20
경기도_중기지방재정계획_2026-2030.pdf,중기지방재정계획,2026~2030,억원,시화호 활성화 지원 (자체/직접),2026~2030년,25,0,25,0,5,5,5,5,5,2026,27899,2026-09-20
경기도_중기지방재정계획_2026-2030.pdf,중기지방재정계획,2026~2030,억원,경기도지사배 낚시 대회(자체/직접),2026~2030년,10,0,10,0,2,2,2,2,2,2026,27913,2026-09-20
경기도_중기지방재정계획_2026-2030.pdf,중기지방재정계획,2026~2030,억원,연구소 시설관리 운 영(자체/직접),2025.1.1~2029.12.31,58,0,58,0,11,11,12,12,12,2026,27957,2026-09-20
경기도_중기지방재정계획_2026-2030.pdf,중기지방재정계획,2026~2030,억원,경기신용보증재단 출연금(손실보전금) (자체/직접),기간 : 2026.1월~2030.12월,818,0,818,0,164,164,164,164,164,2026,27973,2026-09-20
경기도_중기지방재정계획_2026-2030.pdf,중기지방재정계획,2026~2030,억원,중소기업 운전자금 지원,기간: 2026.1월~2030.12,7760,0,7760,0,1552,1552,1552,1552,1552,2026,27986,2026-09-20
경기도_중기지방재정계획_2026-2030.pdf,중기지방재정계획,2026~2030,억원,청년기회금융 지원,기간 : 2026.1월~2030.12월,299,0,299,0,39,50,60,70,80,2026,28039,2026-09-20
경기도_중기지방재정계획_2026-2030.pdf,중기지방재정계획,2026~2030,억원,FTA통상지원(자체/ 직접),2026.01~2030.12,96,0,96,0,18,19,19,20,20,2026,28054,2026-09-20
경기도_중기지방재정계획_2026-2030.pdf,중기지방재정계획,2026~2030,억원,수출기업 육성 강화 (자체/직접),2026.01~2030.12,78,0,78,0,16,16,16,16,16,2026,28067,2026-09-20
경기도_중기지방재정계획_2026-2030.pdf,중기지방재정계획,2026~2030,억원,수출기업 글로벌 경 쟁력 강화(자체/직 접),2026.01~2030.12,73,0,73,0,15,15,15,15,15,2026,28079,2026-09-20
경기도_중기지방재정계획_2026-2030.pdf,중기지방재정계획,2026~2030,억원,경기비즈니스센터( GBC)운영(자체/직접 ),2026.01~2030.12,450,0,450,0,85,87,90,93,95,2026,28118,2026-09-20
경기도_중기지방재정계획_2026-2030.pdf,중기지방재정계획,2026~2030,억원,경기청년 해외 취· 창업 기회 확충(자 체/직접),2026.1.~2030.12.,68,0,68,0,14,14,14,14,14,2026,28130,2026-09-20
경기도_중기지방재정계획_2026-2030.pdf,중기지방재정계획,2026~2030,억원,무역 위기 대응 패 키지 지원(자체/직 접),2026.1.~2030.12.,250,0,250,0,50,50,50,50,50,2026,28145,2026-09-20
경기도_중기지방재정계획_2026-2030.pdf,중기지방재정계획,2026~2030,억원,사회적경제조직 육 성 및 지원,기간:2026.01.~2030.12.,173,0,173,0,47,36,37,26,27,2026,28159,2026-09-20
경기도_중기지방재정계획_2026-2030.pdf,중기지방재정계획,2026~2030,억원,지방산업단지 공업 용수도 건설(전환)( 자체/지원),기간:2013.1.~2026.12.,809,809,0,0,0,0,0,0,0,2026,28217,2026-09-20
경기도_중기지방재정계획_2026-2030.pdf,중기지방재정계획,2026~2030,억원,동두천 국가산업단 지 확대개발 조성 지원(국비/지원),기간: 2027.1.~2028.12.,200,0,200,0,0,100,100,0,0,2026,28230,2026-09-20
경기도_중기지방재정계획_2026-2030.pdf,중기지방재정계획,2026~2030,억원,반도체 산업 전문인 력 양성사업(자체/ 직접),2026.1.~2028.12.,138,48,90,0,30,30,30,0,0,2026,28289,2026-09-20
경기도_중기지방재정계획_2026-2030.pdf,중기지방재정계획,2026~2030,억원,첨단반도체 양산연 계형 미니팹 기반구 축사업(자체/직접),2026.1.~2030.12.,190,0,190,0,4,11,47,61,67,2026,28305,2026-09-20
경기도_중기지방재정계획_2026-2030.pdf,중기지방재정계획,2026~2030,억원,경기도 반도체 기술 센터 운영(자체/직 접),2026.1.~2030.12.,150,0,150,0,30,30,30,30,30,2026,28322,2026-09-20
경기도_중기지방재정계획_2026-2030.pdf,중기지방재정계획,2026~2030,억원,경기도 팹리스 수요 연계 양산지원 사업 (자체/직접),2026. 1. ~ 2030. 12.,165,0,165,0,33,33,33,33,33,2026,28337,2026-09-20
경기도_중기지방재정계획_2026-2030.pdf,중기지방재정계획,2026~2030,억원,경기도 양자-반도체 융합산업 경쟁력 강 화 추진(자체/직접),2026.1.1~2030.12.31,75,0,75,0,15,15,15,15,15,2026,28390,2026-09-20
경기도_중기지방재정계획_2026-2030.pdf,중기지방재정계획,2026~2030,억원,프라 확대 및 융합 산업 전문인력 양성 (자체/직접),2026.1.1~2030.12.31,75,0,75,0,15,15,15,15,15,2026,28404,2026-09-20
경기도_중기지방재정계획_2026-2030.pdf,중기지방재정계획,2026~2030,억원,자동차 부품기업 친 환경차 진입 지원( 자체/직접),2024.1.~2030.12.,88,0,88,0,18,18,18,18,18,2026,28421,2026-09-20
경기도_중기지방재정계획_2026-2030.pdf,중기지방재정계획,2026~2030,억원,한국배터리아카데미 경기도 교육장 지원 사업(자체/직접),2026. 1. 1. ~ 2030.,8,0,8,0,3,3,3,0,0,2026,28436,2026-09-20
경기도_중기지방재정계획_2026-2030.pdf,중기지방재정계획,2026~2030,억원,자 소  계 2026 2027 2028 2029 2030 수소전기차 보급사 업(국비/지원),2025.1.~2029.12.,5656,0,5656,0,1131,1131,1131,1131,1131,2026,28475,2026-09-20
경기도_중기지방재정계획_2026-2030.pdf,중기지방재정계획,2026~2030,억원,전기자동차 충전인 프라 구축(자체/직 접),2026.1.~2030.12.,50,0,50,0,10,10,10,10,10,2026,28493,2026-09-20
경기도_중기지방재정계획_2026-2030.pdf,중기지방재정계획,2026~2030,억원,전기자동차 구매지 원(국비/지원),2026.1.~2030. 2.,15942,0,15942,0,3188,3188,3188,3188,3188,2026,28505,2026-09-20
경기도_중기지방재정계획_2026-2030.pdf,중기지방재정계획,2026~2030,억원,전기이륜차 보급사 업(국비/지원),2026.1.~2030.12.,74,0,74,0,15,15,15,15,15,2026,28522,2026-09-20
경기도_중기지방재정계획_2026-2030.pdf,중기지방재정계획,2026~2030,억원,무공해 건설현장 지 원사업(국비/지원),2025.1.~2030.12.,8,0,8,0,2,2,2,2,2,2026,28579,2026-09-20
경기도_중기지방재정계획_2026-2030.pdf,중기지방재정계획,2026~2030,억원,수소도시 조성사업( 균특/지원),2023-01-01~2028-12-31,688,224,464,0,164,179,121,0,0,2026,28598,2026-09-20
경기도_중기지방재정계획_2026-2030.pdf,중기지방재정계획,2026~2030,억원,미니 수소도시 조성 사업(자체/지원),2023. 1. ~ 2027. 12.,130,67,63,0,39,25,0,0,0,2026,28616,2026-09-20
경기도_중기지방재정계획_2026-2030.pdf,중기지방재정계획,2026~2030,억원,청정수소 시험평가 및 실증화지원 기반 구축(자체/지원),2025~2026,23,0,23,0,23,0,0,0,0,2026,28658,2026-09-20
경기도_중기지방재정계획_2026-2030.pdf,중기지방재정계획,2026~2030,억원,판교제1TV관리(자체 /직접),2026. 1. 1. ~ 2030. 12. 31.,278,0,278,0,55,56,56,55,55,2026,28673,2026-09-20
경기도_중기지방재정계획_2026-2030.pdf,중기지방재정계획,2026~2030,억원,판교제2TV산업단지 관리(자체/직접),2026. 1. 1. ~ 2030. 12. 31.,59,0,59,0,12,12,12,12,12,2026,28686,2026-09-20
경기도_중기지방재정계획_2026-2030.pdf,중기지방재정계획,2026~2030,억원,경기도 미래모빌리 티센터 운영(자체/ 직접),2026. 1. 1. ~ 2030. 12. 31.,301,0,301,0,60,60,61,60,60,2026,28700,2026-09-20
경기도_중기지방재정계획_2026-2030.pdf,중기지방재정계획,2026~2030,억원,경기도 4차산업혁명 센터 운영(자체/직 접),2026.1.1~2030.12.,125,0,125,0,25,25,25,25,25,2026,28715,2026-09-20
경기도_중기지방재정계획_2026-2030.pdf,중기지방재정계획,2026~2030,억원,스마트모빌리티 실 증허브 조성(자체/ 직접),2026. 1. 1. ~ 2030. 12.,275,0,275,0,55,55,55,55,55,2026,28757,2026-09-20
경기도_중기지방재정계획_2026-2030.pdf,중기지방재정계획,2026~2030,억원,지역화폐 발행지원( 균특/지원),기간 : 2026.1월~,13325,0,13325,0,2665,2665,2665,2665,2665,2026,28774,2026-09-20
경기도_중기지방재정계획_2026-2030.pdf,중기지방재정계획,2026~2030,억원,경기도경제과학진흥 원 운영지원(자체/ 직접),기간: 2026.1.~2030.12.,1746,0,1746,0,349,349,349,349,349,2026,28793,2026-09-20
경기도_중기지방재정계획_2026-2030.pdf,중기지방재정계획,2026~2030,억원,경기도경제과학진흥 원 사업지원(자체/ 직접),기간: 2026.1.~2030.12.,37,0,37,0,7,7,7,7,7,2026,28807,2026-09-20
경기도_중기지방재정계획_2026-2030.pdf,중기지방재정계획,2026~2030,억원,여성기업지원센터 입주기업 지원(자체 /직접),기간: 2026.1.~2030.12.,8,0,8,0,2,2,2,2,2,2026,28848,2026-09-20
경기도_중기지방재정계획_2026-2030.pdf,중기지방재정계획,2026~2030,억원,유망중소기업 선정 및 역량강화 지원( 자체/직접),기간: 2026.1.~2030.12.,30,0,30,0,6,6,6,6,6,2026,28860,2026-09-20
경기도_중기지방재정계획_2026-2030.pdf,중기지방재정계획,2026~2030,억원,중소기업 개발생산 판로 맞춤형 지원( 전환)(자체/직접),기간: 2026.1.~2030.12.,73,0,73,0,15,15,15,15,15,2026,28874,2026-09-20
경기도_중기지방재정계획_2026-2030.pdf,중기지방재정계획,2026~2030,억원,기업환경 개선사업( 전환)(자체/지원),기간: 2026.1.~2030.12.,375,0,375,0,75,75,75,75,75,2026,28891,2026-09-20
경기도_중기지방재정계획_2026-2030.pdf,중기지방재정계획,2026~2030,억원,중소기업협동조합 활성화 지원(자체/ 직접),기간: 2026.1.~2030.12.,25,0,25,0,5,5,5,5,5,2026,28946,2026-09-20
경기도_중기지방재정계획_2026-2030.pdf,중기지방재정계획,2026~2030,억원,소부장 기업 육성 지원(자체/직접),기간: 2026.1.~2030.12.,60,0,60,0,12,12,12,12,12,2026,28957,2026-09-20
경기도_중기지방재정계획_2026-2030.pdf,중기지방재정계획,2026~2030,억원,매출채권보험료 지 원(자체/직접),기간: 2026.1.~2030.12.,70,0,70,0,14,14,14,14,14,2026,28968,2026-09-20
경기도_중기지방재정계획_2026-2030.pdf,중기지방재정계획,2026~2030,억원,중소기업 디지털전 환 컨설팅 지원(자 체/직접),2026.01~2030.12.,15,0,15,0,3,3,3,3,3,2026,28981,2026-09-20
경기도_중기지방재정계획_2026-2030.pdf,중기지방재정계획,2026~2030,억원,제조혁신을 통한 첨 단화 지원(국가직접 지원)(자체/직접),기간: 2026.1.~2030.12.,8,0,8,0,2,2,2,2,2,2026,28996,2026-09-20
경기도_중기지방재정계획_2026-2030.pdf,중기지방재정계획,2026~2030,억원,자 소  계 2026 2027 2028 2029 2030 섬유산업 육성 지원 (자체/직접),기간: 2026.1.~2030.12.,133,0,133,0,27,27,27,27,27,2026,29037,2026-09-20
경기도_중기지방재정계획_2026-2030.pdf,중기지방재정계획,2026~2030,억원,섬유기업 활성화 지,원(자체/직접) 기간: 2026.1.~2030.12. N N N N N N,85,0,85,0,17,17,17,17,17,2026,29046,2026-09-20
경기도_중기지방재정계획_2026-2030.pdf,중기지방재정계획,2026~2030,억원,섬유산업 육성 지원,(자체/지원) 기간: 2026.1.~2030.12. N N N N N N,64,0,64,0,13,13,13,13,13,2026,29051,2026-09-20
경기도_중기지방재정계획_2026-2030.pdf,중기지방재정계획,2026~2030,억원,가구산업 육성 지원,(자체/직접) 기간: 2026.1.~2030.12. N N N N N N,73,0,73,0,15,15,15,15,15,2026,29057,2026-09-20
경기도_중기지방재정계획_2026-2030.pdf,중기지방재정계획,2026~2030,억원,가구산업 육성 지원,(자체/지원) 기간: 2026.1.~2030.12. N N N N N N,47,0,47,0,9,9,9,9,9,2026,29062,2026-09-20
경기도_중기지방재정계획_2026-2030.pdf,중기지방재정계획,2026~2030,억원,자 소  계 2026 2027 2028 2029 2030 경기행복샵 입점 지 원(자체/직접),기간: 2026.1.~2030.12.,15,0,15,0,3,3,3,3,3,2026,29097,2026-09-20
경기도_중기지방재정계획_2026-2030.pdf,중기지방재정계획,2026~2030,억원,중소기업 마케팅 지 원(자체/직접),기간:2026.01~2030.12,230,0,230,0,46,46,46,46,46,2026,29109,2026-09-20
경기도_중기지방재정계획_2026-2030.pdf,중기지방재정계획,2026~2030,억원,코리아 나라장터 엑 스포 참가지원(자체 /직접),기간: 2026.1.~2030.12.,9,0,9,0,2,2,2,2,2,2026,29122,2026-09-20
경기도_중기지방재정계획_2026-2030.pdf,중기지방재정계획,2026~2030,억원,경기도 공공 디지털 SOC 구축사업(자체/ 직접),기간: 2026.1.~2030.12.,248,0,248,0,62,62,62,62,0,2026,29136,2026-09-20
경기도_중기지방재정계획_2026-2030.pdf,중기지방재정계획,2026~2030,억원,사회적가치 생산품 홍보 및 판로지원( 자체/직접),기간: 2026.1.~2030.12.,52,0,52,0,10,10,10,10,10,2026,29149,2026-09-20
경기도_중기지방재정계획_2026-2030.pdf,중기지방재정계획,2026~2030,억원,경기도시장상권진흥 원 운영지원(자체/ 직접),기간: 2026.01 ~ 2030.12,2744,0,2744,0,538,543,549,554,560,2026,29204,2026-09-20
경기도_중기지방재정계획_2026-2030.pdf,중기지방재정계획,2026~2030,억원,경기도 상권 친화형 도시 조성(자체/직 접),기간 : 2025~2027년,216,0,216,0,108,108,0,0,0,2026,29229,2026-09-20
경기도_중기지방재정계획_2026-2030.pdf,중기지방재정계획,2026~2030,억원,영세 소상공인 노란 우산 가입지원(자체 /직접),기간: '26.1월 ~ '30.12월,279,0,279,0,55,55,56,56,57,2026,29257,2026-09-20
경기도_중기지방재정계획_2026-2030.pdf,중기지방재정계획,2026~2030,억원,경기도형 혁신시장 육성(자체/직접),2026.01.~ 2030.12.,180,0,180,0,30,100,30,10,10,2026,29323,2026-09-20
경기도_중기지방재정계획_2026-2030.pdf,중기지방재정계획,2026~2030,억원,전통시장 공영주차 장 건립(균특/지원),기간: 2026.1.~ 2030.12.,128,0,128,0,25,25,26,26,27,2026,29338,2026-09-20
경기도_중기지방재정계획_2026-2030.pdf,중기지방재정계획,2026~2030,억원,전통시장 시설현대 화 지원(전환)(자체 /지원),기간: 2026.1.~ 2030.12.,325,0,325,0,60,62,65,67,70,2026,29357,2026-09-20
경기도_중기지방재정계획_2026-2030.pdf,중기지방재정계획,2026~2030,억원,(안산반월국가산단 재생사업)(균특/지 원),기간:'15.2~'25.12,96,96,0,0,0,0,0,0,0,2026,29413,2026-09-20
경기도_중기지방재정계획_2026-2030.pdf,중기지방재정계획,2026~2030,억원,노후공단재정비지원 (성남일반산단재생 사업)(균특/지원),기간:2016.04~2026.12,153,104,49,0,22,27,0,0,0,2026,29430,2026-09-20
경기도_중기지방재정계획_2026-2030.pdf,중기지방재정계획,2026~2030,억원,(시흥시화국가산단 재생사업)(균특/지 원),기간:'18.02~'27.12,280,193,88,0,33,55,0,0,0,2026,29450,2026-09-20
경기도_중기지방재정계획_2026-2030.pdf,중기지방재정계획,2026~2030,억원,해외전시회 단체참 가 지원(전환)(자체 /직접),2026.1.~2030.12.,55,0,55,0,10,11,11,12,12,2026,29497,2026-09-20
경기도_중기지방재정계획_2026-2030.pdf,중기지방재정계획,2026~2030,억원,전시회 참가기업 지 원(자체/직접),2026.1.~2030.12.,55,0,55,0,10,11,11,12,12,2026,29507,2026-09-20
경기도_중기지방재정계획_2026-2030.pdf,중기지방재정계획,2026~2030,억원,대한민국 우수상품 전시회(G-FAIR) (자 체/직접),2026.01.~2030.12.,108,0,108,0,20,21,22,22,23,2026,29519,2026-09-20
경기도_중기지방재정계획_2026-2030.pdf,중기지방재정계획,2026~2030,억원,킨텍스 제3전시장 건립(자체/직접),2021.01~2028.12.,1822,255,1567,0,450,585,532,0,0,2026,29530,2026-09-20
경기도_중기지방재정계획_2026-2030.pdf,중기지방재정계획,2026~2030,억원,경기스타트업플랫폼 운영(자체/직접),기간 : 2026. 1. ~2030. 12.,20,0,20,0,4,4,4,4,4,2026,29573,2026-09-20
경기도_중기지방재정계획_2026-2030.pdf,중기지방재정계획,2026~2030,억원,경기 스타트업 서밋 개최(자체/직접),기간 : 2026.1.~2030.12.,100,0,100,0,20,20,20,20,20,2026,29585,2026-09-20
경기도_중기지방재정계획_2026-2030.pdf,중기지방재정계획,2026~2030,억원,경기 창업 공모(자 체/직접),기간 : 2026.1.~2030.12.,9,0,9,0,2,2,2,2,2,2026,29597,2026-09-20
경기도_중기지방재정계획_2026-2030.pdf,중기지방재정계획,2026~2030,억원,기술기반 로컬크리 에이터 육성 및 지 원(자체/직접),2026.1~2030.12.,15,0,15,0,3,3,3,3,3,2026,29611,2026-09-20
경기도_중기지방재정계획_2026-2030.pdf,중기지방재정계획,2026~2030,억원,1인 창조기업 활성 화 지원(자체/직접),2026.1.1.~2030.12.31.,16,0,16,0,3,3,3,3,3,2026,29622,2026-09-20
경기도_중기지방재정계획_2026-2030.pdf,중기지방재정계획,2026~2030,억원,경기창업혁신공간 운영(자체/직접),기간 : 2026.1.~2030.12.,290,0,290,0,55,56,58,60,61,2026,29673,2026-09-20
경기도_중기지방재정계획_2026-2030.pdf,중기지방재정계획,2026~2030,억원,경기 스타트업 글로 벌 성장 지원(자체/ 직접),기간 : 2026.1. ~ 2030.12.,42,0,42,0,8,8,8,9,9,2026,29688,2026-09-20
경기도_중기지방재정계획_2026-2030.pdf,중기지방재정계획,2026~2030,억원,경기 스타트업 아카 데미 운영(자체/직 접),기간:2026.1.~2030.12.,42,0,42,0,8,8,8,9,9,2026,29702,2026-09-20
경기도_중기지방재정계획_2026-2030.pdf,중기지방재정계획,2026~2030,억원,판교+20 벤처스타트 업 클러스터 활성화 (자체/직접),기간 : 2026.1.~,19,0,19,0,4,4,4,4,4,2026,29714,2026-09-20
경기도_중기지방재정계획_2026-2030.pdf,중기지방재정계획,2026~2030,억원,경기도 대학생 융합 기술 창업지원(자체 /직접),기간:2026.1.~2030.12.,31,0,31,0,6,6,6,6,7,2026,29728,2026-09-20
경기도_중기지방재정계획_2026-2030.pdf,중기지방재정계획,2026~2030,억원,기술창업 재도전 지 원(자체/직접),기간:2026.1.~2030.12.,16,0,16,0,3,3,3,3,3,2026,29778,2026-09-20
경기도_중기지방재정계획_2026-2030.pdf,중기지방재정계획,2026~2030,억원,민간투자연계형 기 술창업지원(전환)( 자체/직접),기간:2026.1.~2030.12.,63,0,63,0,12,12,13,13,13,2026,29791,2026-09-20
경기도_중기지방재정계획_2026-2030.pdf,중기지방재정계획,2026~2030,억원,예비·초기 기술창 업지원(자체/직접),기간: 2026.1.~ 2030.12.,51,0,51,0,10,10,10,10,11,2026,29802,2026-09-20
경기도_중기지방재정계획_2026-2030.pdf,중기지방재정계획,2026~2030,억원,기술이전 창업지원( 자체/직접),기간:2026.1.~2030.12.,9,0,9,0,2,2,2,2,2,2026,29815,2026-09-20
경기도_중기지방재정계획_2026-2030.pdf,중기지방재정계획,2026~2030,억원,창업중심대학 사업 지원(자체/직접),기간 : 2026.1.~2027.12.,5,3,2,0,1,1,0,0,0,2026,29826,2026-09-20
경기도_중기지방재정계획_2026-2030.pdf,중기지방재정계획,2026~2030,억원,사회혁신 기반 조성 (자체/직접),2026. 1. ~ 2030. 12.,10,0,10,0,2,2,2,2,2,2026,29867,2026-09-20
경기도_중기지방재정계획_2026-2030.pdf,중기지방재정계획,2026~2030,억원,경기도사회적경제원 운영지원(자체/직접 ),2026.1.~2030.12,827,147,679,0,136,136,136,136,136,2026,29882,2026-09-20
경기도_중기지방재정계획_2026-2030.pdf,중기지방재정계획,2026~2030,억원,회·투명(ESG) 경영 활성화 지원(자체/ 직접),기간:2026.01~2030.12,100,0,100,0,20,20,20,20,20,2026,29896,2026-09-20
경기도_중기지방재정계획_2026-2030.pdf,중기지방재정계획,2026~2030,억원,사회적경제 특례보 증 및 이차보전 출 연금(자체/직접),기간:2026.01~2030.12,179,0,179,0,36,36,36,36,36,2026,29908,2026-09-20
경기도_중기지방재정계획_2026-2030.pdf,중기지방재정계획,2026~2030,억원,경기임팩트펀드 조 성(자체/직접),2026.1.~2030.12.,15,0,15,0,15,0,0,0,0,2026,29920,2026-09-20
경기도_중기지방재정계획_2026-2030.pdf,중기지방재정계획,2026~2030,억원,공유기업 발굴육성( 자체/직접),2026.1.~2030.12.,15,0,15,0,3,3,3,3,3,2026,29934,2026-09-20
경기도_중기지방재정계획_2026-2030.pdf,중기지방재정계획,2026~2030,억원,사회혁신공간 관리 ·운영(자체/직접),2026.1. ~ 2030.12.,65,0,65,0,13,13,13,13,13,2026,29973,2026-09-20
경기도_중기지방재정계획_2026-2030.pdf,중기지방재정계획,2026~2030,억원,사회적가치 확산 콘 텐츠 개발 및 행사( 자체/직접),2026.1. ~ 2030.12,13,0,13,0,3,3,3,3,3,2026,29986,2026-09-20
경기도_중기지방재정계획_2026-2030.pdf,중기지방재정계획,2026~2030,억원,마을기업 육성(중간 지원기관 운영)(전 환)(자체/직접),2026.1.~2026.12.,41,0,41,0,8,8,8,8,8,2026,30002,2026-09-20
경기도_중기지방재정계획_2026-2030.pdf,중기지방재정계획,2026~2030,억원,사회적기업 일자리 창출 지원(균특/지 원),2026.01.~2030.12.,396,0,396,0,79,79,79,79,79,2026,30016,2026-09-20
경기도_중기지방재정계획_2026-2030.pdf,중기지방재정계획,2026~2030,억원,자 소  계 2026 2027 2028 2029 2030 사회적가치 창출 활 성화(국비/직접),2026.01.~2030.12.,113,0,113,0,12,12,12,66,12,2026,30057,2026-09-20
경기도_중기지방재정계획_2026-2030.pdf,중기지방재정계획,2026~2030,억원,사회적기업 사회보 험료 지원(자체/지 원),2026.01.~2030.12.,93,0,93,0,19,19,19,19,19,2026,30077,2026-09-20
경기도_중기지방재정계획_2026-2030.pdf,중기지방재정계획,2026~2030,억원,지표투과레이더(GPR ) 지반탐사 지원사 업(국비/지원),2026.1.~2030.12.,70,0,70,0,14,14,14,14,14,2026,30094,2026-09-20
경기도_중기지방재정계획_2026-2030.pdf,중기지방재정계획,2026~2030,억원,실촌-만선 국지도건 설(광주)(균특/직접 ),2026.1. ~ 2030.12.,558,508,50,0,50,0,0,0,0,2026,30139,2026-09-20
경기도_중기지방재정계획_2026-2030.pdf,중기지방재정계획,2026~2030,억원,실촌-만선 국지도건 설(광주)(자체/직접 ),2026.1. ~ 2030.12.,1080,982,98,0,98,0,0,0,0,2026,30155,2026-09-20
경기도_중기지방재정계획_2026-2030.pdf,중기지방재정계획,2026~2030,억원,도척-실촌 국지도건 설(광주)(균특/직접 ),2026.1. ~ 2030.12.,674,640,34,0,34,0,0,0,0,2026,30171,2026-09-20
경기도_중기지방재정계획_2026-2030.pdf,중기지방재정계획,2026~2030,억원,도척-실촌 국지도건 설(광주)(자체/직접 ),2026.1. ~ 2030.12.,971,941,30,0,30,0,0,0,0,2026,30188,2026-09-20
경기도_중기지방재정계획_2026-2030.pdf,중기지방재정계획,2026~2030,억원,"갈천-가수 국지도건 설(화성,오산)(균특 /직접)",2026.1. ~ 2030.12.,752,503,249,0,71,177,0,0,0,2026,30233,2026-09-20
경기도_중기지방재정계획_2026-2030.pdf,중기지방재정계획,2026~2030,억원,"갈천-가수 국지도건 설(화성,오산)(자체 /직접)",2026.1. ~ 2030.12.,2100,2100,0,0,0,0,0,0,0,2026,30250,2026-09-20
경기도_중기지방재정계획_2026-2030.pdf,중기지방재정계획,2026~2030,억원,와부-화도 국지도건 설(남양주)(균특/직 접),2026.1.~2030.12.,254,254,0,0,0,0,0,0,0,2026,30268,2026-09-20
경기도_중기지방재정계획_2026-2030.pdf,중기지방재정계획,2026~2030,억원,와부-화도 국지도건 설(남양주)(자체/직 접),2026.1.~2030.12.,673,620,53,0,53,0,0,0,0,2026,30285,2026-09-20
경기도_중기지방재정계획_2026-2030.pdf,중기지방재정계획,2026~2030,억원,가납-상수 국지도건 설(양주)(균특/직접 ),2026.1.~2030.12.,496,496,0,0,0,0,0,0,0,2026,30329,2026-09-20
경기도_중기지방재정계획_2026-2030.pdf,중기지방재정계획,2026~2030,억원,가납-상수 국지도건 설(양주)(자체/직접 ),2026.1.~2030.12.,700,700,0,0,0,0,0,0,0,2026,30345,2026-09-20
경기도_중기지방재정계획_2026-2030.pdf,중기지방재정계획,2026~2030,억원,오남-수동 국지도건 설(남양주)(균특/직 접),2026.1.~2030.12.,1937,1864,73,0,9,32,32,0,0,2026,30363,2026-09-20
경기도_중기지방재정계획_2026-2030.pdf,중기지방재정계획,2026~2030,억원,오남-수동 국지도건 설(남양주)(자체/직 접),2026.1.~2030.12.,632,558,74,0,15,30,30,0,0,2026,30380,2026-09-20
경기도_중기지방재정계획_2026-2030.pdf,중기지방재정계획,2026~2030,억원,초지-인천1 국지도 건설(김포)(균특/직 접),2026.1.~2030.12.,1036,1036,0,0,0,0,0,0,0,2026,30423,2026-09-20
경기도_중기지방재정계획_2026-2030.pdf,중기지방재정계획,2026~2030,억원,초지-인천1 국지도 건설(김포)(자체/직 접),2026.1.~2030.12.,1030,1030,0,0,0,0,0,0,0,2026,30439,2026-09-20
경기도_중기지방재정계획_2026-2030.pdf,중기지방재정계획,2026~2030,억원,장흥-광적 국지도건 설(양주)(균특/직접 ),2026.1.~2030.12.,751,374,377,0,127,250,0,0,0,2026,30457,2026-09-20
경기도_중기지방재정계획_2026-2030.pdf,중기지방재정계획,2026~2030,억원,장흥-광적 국지도건 설(양주)(자체/직접 ),2026.1.~2030.12.,407,315,92,0,92,0,0,0,0,2026,30474,2026-09-20
경기도_중기지방재정계획_2026-2030.pdf,중기지방재정계획,2026~2030,억원,"오포-포곡(2) 국지 도건설(광주,용인)( 균특/직접)",2026.1.~2030.12.,977,977,0,0,0,0,0,0,0,2026,30517,2026-09-20
경기도_중기지방재정계획_2026-2030.pdf,중기지방재정계획,2026~2030,억원,"오포-포곡(2) 국지 도건설(광주,용인)( 자체/직접)",2026.1.~2030.12.,1090,1090,0,0,0,0,0,0,0,2026,30533,2026-09-20
경기도_중기지방재정계획_2026-2030.pdf,중기지방재정계획,2026~2030,억원,군내-내촌 국지도건 설(포천)(균특/직접 ),2026.1.~2030.12.,942,326,616,0,129,207,281,0,0,2026,30548,2026-09-20
경기도_중기지방재정계획_2026-2030.pdf,중기지방재정계획,2026~2030,억원,군내-내촌 국지도건 설(포천)(자체/직접 ),2026.1.~2030.12.,328,215,113,0,113,0,0,0,0,2026,30564,2026-09-20
경기도_중기지방재정계획_2026-2030.pdf,중기지방재정계획,2026~2030,억원,우정-향남 국지도건 설(화성)(자체/직접 ),2026.1.~2030.12.,859,859,0,0,0,0,0,0,0,2026,30619,2026-09-20
경기도_중기지방재정계획_2026-2030.pdf,중기지방재정계획,2026~2030,억원,"건업-상품 국지도건 설(광주,여주)(균특 /직접)",2026.1.~2030.12.,416,25,392,124,0,43,43,86,96,2026,30634,2026-09-20
경기도_중기지방재정계획_2026-2030.pdf,중기지방재정계획,2026~2030,억원,"건업-상품 국지도건 설(광주,여주)(자체 /직접)",2026.1.~2030.12.,187,17,170,0,0,100,70,0,0,2026,30650,2026-09-20
경기도_중기지방재정계획_2026-2030.pdf,중기지방재정계획,2026~2030,억원,양평 양근대교 국지 도건설(양평)(균특/ 직접),2026.1.~2030.12.,463,25,438,124,0,78,78,78,78,2026,30664,2026-09-20
경기도_중기지방재정계획_2026-2030.pdf,중기지방재정계획,2026~2030,억원,강하-강상 국지도건 설(양평)(균특/직접 ),2026.1.~2030.12.,400,33,366,110,35,55,55,55,57,2026,30706,2026-09-20
경기도_중기지방재정계획_2026-2030.pdf,중기지방재정계획,2026~2030,억원,강하-강상 국지도건 설(양평)(자체/직접 ),2026.1.~2030.12.,154,5,149,0,51,98,0,0,0,2026,30723,2026-09-20
경기도_중기지방재정계획_2026-2030.pdf,중기지방재정계획,2026~2030,억원,"광주-양평 국지도건 설(광주,양평)(균특 /직접)",2026.1.~2030.12.,791,56,735,306,86,84,84,84,92,2026,30739,2026-09-20
경기도_중기지방재정계획_2026-2030.pdf,중기지방재정계획,2026~2030,억원,"광주-양평 국지도건 설(광주,양평)(자체 /직접)",2026.1.~2030.12.,256,256,0,0,0,0,0,0,0,2026,30756,2026-09-20
경기도_중기지방재정계획_2026-2030.pdf,중기지방재정계획,2026~2030,억원,"장지-남사 국지도건 설(화성,용인)(균특 /직접)",2026.1.~2030.12.,433,23,411,103,0,103,103,103,0,2026,30799,2026-09-20
경기도_중기지방재정계획_2026-2030.pdf,중기지방재정계획,2026~2030,억원,"장지-남사 국지도건 설(화성,용인)(자체 /직접)",2026.1.~2030.12.,322,2,320,0,226,95,0,0,0,2026,30816,2026-09-20
경기도_중기지방재정계획_2026-2030.pdf,중기지방재정계획,2026~2030,억원,옥계~상리  국지도 건설(연천)(균특/직 접),2026.1.~2030.12.,174,3,172,57,0,27,27,30,30,2026,30832,2026-09-20
경기도_중기지방재정계획_2026-2030.pdf,중기지방재정계획,2026~2030,억원,옥계~상리  국지도 건설(연천)(자체/직 접),2026.1.~2030.12.,50,25,25,0,25,0,0,0,0,2026,30847,2026-09-20
경기도_중기지방재정계획_2026-2030.pdf,중기지방재정계획,2026~2030,억원,운양-하성 국지도건 설(김포)(균특/직접 ),2026.1.~2030.12.,413,13,400,153,0,3,39,84,122,2026,30861,2026-09-20
경기도_중기지방재정계획_2026-2030.pdf,중기지방재정계획,2026~2030,억원,운양-하성 국지도건 설(김포)(자체/직접 ),2026.1.~2030.12.,53,19,34,0,34,0,0,0,0,2026,30905,2026-09-20
경기도_중기지방재정계획_2026-2030.pdf,중기지방재정계획,2026~2030,억원,부곡-부곡 국지도건 설(양주)(균특/직접 ),2026.1.~2030.12.,233,9,224,157,0,3,34,21,9,2026,30919,2026-09-20
경기도_중기지방재정계획_2026-2030.pdf,중기지방재정계획,2026~2030,억원,부곡-부곡 국지도건 설(양주)(자체/직접 ),2026.1.~2030.12.,353,3,350,0,200,75,75,0,0,2026,30935,2026-09-20
경기도_중기지방재정계획_2026-2030.pdf,중기지방재정계획,2026~2030,억원,"백사-흥천 국지도건 설(이천,여주)(균특 /직접)",2026.1.~2030.12.,418,7,411,66,3,66,99,57,120,2026,30951,2026-09-20
경기도_중기지방재정계획_2026-2030.pdf,중기지방재정계획,2026~2030,억원,금릉-조리 국지도건 설(파주)(균특/직접 ),2026.1.~2030.12.,224,5,220,54,0,32,48,32,54,2026,31005,2026-09-20
경기도_중기지방재정계획_2026-2030.pdf,중기지방재정계획,2026~2030,억원,금릉-조리 국지도건 설(파주)(자체/직접 ),2026.1.~2030.12.,40,0,40,0,40,0,0,0,0,2026,31021,2026-09-20
경기도_중기지방재정계획_2026-2030.pdf,중기지방재정계획,2026~2030,억원,성환-입장 국지도건 설(안성)(자체/직접 ),2026.1.~2030.12.,236,102,134,0,97,12,12,12,0,2026,31036,2026-09-20
경기도_중기지방재정계획_2026-2030.pdf,중기지방재정계획,2026~2030,억원,"서종-설악 국지도건 설(양평,가평)(균특 /직접)",2026.1.~2030.12.,873,0,873,711,0,6,40,58,58,2026,31052,2026-09-20
경기도_중기지방재정계획_2026-2030.pdf,중기지방재정계획,2026~2030,억원,"서종-설악 국지도건 설(양평,가평)(자체 /직접)",2026.1.~2030.12.,272,0,272,0,0,80,150,42,0,2026,31094,2026-09-20
경기도_중기지방재정계획_2026-2030.pdf,중기지방재정계획,2026~2030,억원,남양주 화도-운수 도로확포장공사(자 체/직접),2026.1.~2030.12.,1781,1546,235,0,107,43,43,43,0,2026,31110,2026-09-20
경기도_중기지방재정계획_2026-2030.pdf,중기지방재정계획,2026~2030,억원,포천 하송우-마산 도로확포장공사(자 체/직접),2026.1.~2030.12.,754,557,197,0,108,37,37,15,0,2026,31123,2026-09-20
경기도_중기지방재정계획_2026-2030.pdf,중기지방재정계획,2026~2030,억원,이천 덕평-매곡 도 로확포장공사(자체/ 직접),2026.1.~2030.12.,728,301,427,30,50,47,100,100,100,2026,31136,2026-09-20
경기도_중기지방재정계획_2026-2030.pdf,중기지방재정계획,2026~2030,억원,안성 공도-양성(1) 도로확포장공사(자 체/직접),2026.1.~2030.12.,665,571,94,0,94,0,0,0,0,2026,31190,2026-09-20
경기도_중기지방재정계획_2026-2030.pdf,중기지방재정계획,2026~2030,억원,안성 고삼-삼죽 도 로확포장공사(자체/ 직접),2026.1.~2030.12.,472,319,153,0,115,38,0,0,0,2026,31204,2026-09-20
경기도_중기지방재정계획_2026-2030.pdf,중기지방재정계획,2026~2030,억원,평택 안중-화성 조 암(2) 도로확포장공 사(자체/직접),2026.1.~2030.1.,931,504,427,0,0,107,107,107,107,2026,31217,2026-09-20
경기도_중기지방재정계획_2026-2030.pdf,중기지방재정계획,2026~2030,억원,용인 매산-일산 도 로확포장공사(자체/ 직접),2026.1.~2030.12.,558,558,0,0,0,0,0,0,0,2026,31257,2026-09-20
경기도_중기지방재정계획_2026-2030.pdf,중기지방재정계획,2026~2030,억원,파주 문산-내포 도 로확포장공사(자체/ 직접),2026.1.~2030.12.,368,368,0,0,0,0,0,0,0,2026,31271,2026-09-20
경기도_중기지방재정계획_2026-2030.pdf,중기지방재정계획,2026~2030,억원,양평 문호-수입 도 로확포장공사(자체/ 직접),2026.1.~2030.12.,300,6,294,42,9,61,61,61,61,2026,31286,2026-09-20
경기도_중기지방재정계획_2026-2030.pdf,중기지방재정계획,2026~2030,억원,양주 연곡-방성 도 로확포장공사(자체/ 직접),2026.1.~2030.12.,681,14,667,182,20,100,100,176,90,2026,31300,2026-09-20
경기도_중기지방재정계획_2026-2030.pdf,중기지방재정계획,2026~2030,억원,파주 축현-내포 도 로확포장공사(자체/ 직접),기간:2022.1.~2030.12.,450,9,441,91,8,60,100,91,91,2026,31341,2026-09-20
경기도_중기지방재정계획_2026-2030.pdf,중기지방재정계획,2026~2030,억원,광주 산이-무갑 도 로확포장공사(자체/ 직접),2026.1.~2030.12.,295,7,288,79,9,50,50,50,50,2026,31355,2026-09-20
경기도_중기지방재정계획_2026-2030.pdf,중기지방재정계획,2026~2030,억원,양주 효촌-신산 도 로확포장공사(자체/ 직접),2026.1.~2030.12.,583,115,468,40,102,99,80,80,67,2026,31369,2026-09-20
경기도_중기지방재정계획_2026-2030.pdf,중기지방재정계획,2026~2030,억원,포천 신평-심곡 도 로확포장공사(자체/ 직접),2026.1.~2030.12.,563,126,436,0,49,129,129,129,0,2026,31383,2026-09-20
경기도_중기지방재정계획_2026-2030.pdf,중기지방재정계획,2026~2030,억원,안성 일죽-이천 대 포(2) 도로확포장공 사(자체/직접),2026.1.~2030.12.,1296,606,690,137,5,137,137,137,137,2026,31434,2026-09-20
경기도_중기지방재정계획_2026-2030.pdf,중기지방재정계획,2026~2030,억원,파주 월롱-광탄(1) 도로확포장공사(자 체/직접),2026.1.~2030.12.,1065,461,604,101,100,101,101,101,101,2026,31447,2026-09-20
경기도_중기지방재정계획_2026-2030.pdf,중기지방재정계획,2026~2030,억원,화성 자안-분천(2) 도로확포장공사(자 체/직접),2026.1.~2030.12.,349,126,223,0,27,49,49,49,49,2026,31461,2026-09-20
경기도_중기지방재정계획_2026-2030.pdf,중기지방재정계획,2026~2030,억원,양평 문호-도장 도 로확포장공사(자체/ 직접),2026.1.~2030.12.,441,7,434,93,0,62,93,93,93,2026,31474,2026-09-20
경기도_중기지방재정계획_2026-2030.pdf,중기지방재정계획,2026~2030,억원,연천 두일-석장 도 로확포장공사(자체/ 직접),2026.1.~2030.12.,100,86,14,0,14,0,0,0,0,2026,31514,2026-09-20
경기도_중기지방재정계획_2026-2030.pdf,중기지방재정계획,2026~2030,억원,여주 처리-우만 도 로확포장공사(자체/ 직접),2026.1.~2030.12.,159,47,112,0,43,34,34,0,0,2026,31529,2026-09-20
경기도_중기지방재정계획_2026-2030.pdf,중기지방재정계획,2026~2030,억원,남양주 내방-가평 연하 도로확포장공 사(자체/직접),2026.1.~2030.12.,656,5,651,217,10,24,130,141,129,2026,31543,2026-09-20
경기도_중기지방재정계획_2026-2030.pdf,중기지방재정계획,2026~2030,억원,포천 덕둔-계류 도 로확포장공사(자체/ 직접),2026.1.~2030.12.,904,5,899,169,14,38,126,256,296,2026,31558,2026-09-20
경기도_중기지방재정계획_2026-2030.pdf,중기지방재정계획,2026~2030,억원,광주 무갑-광동 도 로확포장공사(자체/ 직접),2026.1.~2030.12.,479,10,469,80,70,80,80,80,80,2026,31599,2026-09-20
경기도_중기지방재정계획_2026-2030.pdf,중기지방재정계획,2026~2030,억원,안성 대갈-봉산 도 로확포장공사(자체/ 직접),2026.1.~2030.12.,702,0,702,527,0,5,10,80,80,2026,31614,2026-09-20
경기도_중기지방재정계획_2026-2030.pdf,중기지방재정계획,2026~2030,억원,용인 완장-서리 도 로확포장공사(자체/ 직접),2026.1.~2030.12.,711,1,710,149,15,100,149,149,149,2026,31628,2026-09-20
경기도_중기지방재정계획_2026-2030.pdf,중기지방재정계획,2026~2030,억원,화성 발산-수면 도 로확포장공사(자체/ 직접),2026.1.~2030.12.,1146,1,1146,716,10,20,100,150,150,2026,31642,2026-09-20
경기도_중기지방재정계획_2026-2030.pdf,중기지방재정계획,2026~2030,억원,평택 사리-견산 도 로확포장공사(자체/ 직접),2026.1.~2030.12.,915,0,915,704,0,8,10,120,73,2026,31694,2026-09-20
경기도_중기지방재정계획_2026-2030.pdf,중기지방재정계획,2026~2030,억원,이천 금당-선읍 도 로확포장공사(자체/ 직접),2026.1.~2030.12.,238,11,227,37,10,60,40,40,40,2026,31708,2026-09-20
경기도_중기지방재정계획_2026-2030.pdf,중기지방재정계획,2026~2030,억원,안성 양기-양지 도 로확포장공사(자체/ 직접),2026.1.~2030.12.,211,5,206,46,10,30,40,40,40,2026,31722,2026-09-20
경기도_중기지방재정계획_2026-2030.pdf,중기지방재정계획,2026~2030,억원,김포 대명-양곡 도 로확포장공사(자체/ 직접),2026.1.~2030.12.,621,0,621,215,0,2,4,195,205,2026,31736,2026-09-20
경기도_중기지방재정계획_2026-2030.pdf,중기지방재정계획,2026~2030,억원,용인 유운-매산 도 로확포장공사(자체/ 직접),2026.1.~2030.12.,346,1,345,78,10,40,70,74,74,2026,31777,2026-09-20
경기도_중기지방재정계획_2026-2030.pdf,중기지방재정계획,2026~2030,억원,남양주 오남-금곡 도로확포장공사(자 체/직접),2026.1.~2030.12.,653,0,653,455,0,6,12,100,80,2026,31791,2026-09-20
경기도_중기지방재정계획_2026-2030.pdf,중기지방재정계획,2026~2030,억원,파주 방축-양주 비 암 도로확포장공사( 자체/직접),2026.1.~2030.12.,199,0,199,49,10,20,40,60,20,2026,31805,2026-09-20
경기도_중기지방재정계획_2026-2030.pdf,중기지방재정계획,2026~2030,억원,안성 일죽-도계 도 로확포장공사(자체/ 직접),2026.1.~2030.12.,122,6,116,0,10,30,20,28,28,2026,31819,2026-09-20
경기도_중기지방재정계획_2026-2030.pdf,중기지방재정계획,2026~2030,억원,파주 야동-금승 도 로확포장공사(자체/ 지원),2026.1.~2030.12.,660,10,650,0,200,200,150,100,0,2026,31869,2026-09-20
경기도_중기지방재정계획_2026-2030.pdf,중기지방재정계획,2026~2030,억원,지방도 310호선 화 성 발산 도로확포장 공사(자체/직접),2025.1. ~ 2031.12.,544,1,543,203,90,100,100,50,0,2026,31883,2026-09-20
경기도_중기지방재정계획_2026-2030.pdf,중기지방재정계획,2026~2030,억원,파주 방축-양주 비 암2 도로확포장공사 (자체/직접),2026.1.~2030.12.,759,4,755,0,0,31,143,581,0,2026,31897,2026-09-20
경기도_중기지방재정계획_2026-2030.pdf,중기지방재정계획,2026~2030,억원,가평-현리 도로확포 장공사(자체/직접),2026.1.~2030.12.,1486,0,1486,564,0,12,30,280,600,2026,31909,2026-09-20
경기도_중기지방재정계획_2026-2030.pdf,중기지방재정계획,2026~2030,억원,동두천 탑동-포천 금동 도로확포장공 사(자체/직접),2026.1.~2030.12.,639,0,639,309,0,10,80,120,120,2026,31959,2026-09-20
경기도_중기지방재정계획_2026-2030.pdf,중기지방재정계획,2026~2030,억원,포천 기지-길명 도 로확포장공사(자체/ 직접),2026.1.~2030.12.,636,0,636,386,0,20,30,100,100,2026,31971,2026-09-20
경기도_중기지방재정계획_2026-2030.pdf,중기지방재정계획,2026~2030,억원,가평 상판-적목 도 로확포장공사(자체/ 직접),2026.1.~2030.12.,1562,0,1562,623,0,14,35,290,600,2026,31983,2026-09-20
경기도_중기지방재정계획_2026-2030.pdf,중기지방재정계획,2026~2030,억원,민간투자사업 운영 수입 지원(자체/직 접),기간:2026.01~2030.12.,594,0,594,0,114,120,120,120,120,2026,31996,2026-09-20
경기도_중기지방재정계획_2026-2030.pdf,중기지방재정계획,2026~2030,억원,일산대교 무료화 통 행료 지원(자체/직 접),기간:2026.01.~2030.12.,1200,0,1200,0,200,250,250,250,250,2026,32037,2026-09-20
경기도_중기지방재정계획_2026-2030.pdf,중기지방재정계획,2026~2030,억원,갈현~축현 도로확포 장공사(자체/직접),2026.1.~2030.12.,843,362,481,0,0,120,120,120,120,2026,32050,2026-09-20
경기도_중기지방재정계획_2026-2030.pdf,중기지방재정계획,2026~2030,억원,야동-금승 도로확포 장공사(자체/지원),2026.1.~2030.12.,355,60,295,0,0,74,74,74,74,2026,32062,2026-09-20
경기도_중기지방재정계획_2026-2030.pdf,중기지방재정계획,2026~2030,억원,성남-광주 도로확포 장공사(2공구)(자체 /지원),2026.1.~2030.12.,66,66,0,0,0,0,0,0,0,2026,32075,2026-09-20
경기도_중기지방재정계획_2026-2030.pdf,중기지방재정계획,2026~2030,억원,태릉~구리IC 광역도 로 확장공사(자체/ 지원),2026.1.~2030.12.,42,42,0,0,0,0,0,0,0,2026,32089,2026-09-20
경기도_중기지방재정계획_2026-2030.pdf,중기지방재정계획,2026~2030,억원,대부황금로 도로확 포장공사(자체/지원 ),2026.1.~2030.12.,35,35,0,0,0,0,0,0,0,2026,32134,2026-09-20
경기도_중기지방재정계획_2026-2030.pdf,중기지방재정계획,2026~2030,억원,지방도 미지급용지( 자체/직접),2026.1.~2030.12.,250,0,250,0,50,50,50,50,50,2026,32149,2026-09-20
경기도_중기지방재정계획_2026-2030.pdf,중기지방재정계획,2026~2030,억원,지방도 터널 방재시 설 보강사업(자체/ 직접),2026.1.1.~2030.12.31.,273,0,273,0,55,55,55,55,55,2026,32164,2026-09-20
경기도_중기지방재정계획_2026-2030.pdf,중기지방재정계획,2026~2030,억원,경기도 관리 노후 교량 유지관리(자체 /직접),2026.1.1.~2030.12.31.,61,0,61,0,12,12,12,12,12,2026,32214,2026-09-20
경기도_중기지방재정계획_2026-2030.pdf,중기지방재정계획,2026~2030,억원,도로점용료 징수교 부(자체/직접),2026.1.1.~2030.12.31.,175,0,175,0,34,35,35,35,35,2026,32368,2026-09-20
경기도_중기지방재정계획_2026-2030.pdf,중기지방재정계획,2026~2030,억원,어린이보호구역 개 선사업(전환)(자체/ 지원),2026.1.1.~2030.12.31.,1385,0,1385,0,185,300,300,300,300,2026,32406,2026-09-20
경기도_중기지방재정계획_2026-2030.pdf,중기지방재정계획,2026~2030,억원,노인보호구역 개선 사업(전환)(자체/지 원),2026.1.1.~2030.12.31.,235,0,235,0,35,50,50,50,50,2026,32420,2026-09-20
경기도_중기지방재정계획_2026-2030.pdf,중기지방재정계획,2026~2030,억원,교통사고잦은곳 개 선사업(전환)(자체/ 지원),2026.1.1.~2030.12.31.,110,0,110,0,22,22,22,22,22,2026,32433,2026-09-20
경기도_중기지방재정계획_2026-2030.pdf,중기지방재정계획,2026~2030,억원,지방도 제설제 지원 (자체/지원),2026.1.1.~2030.12.31.,160,0,160,0,10,30,35,40,45,2026,32446,2026-09-20
경기도_중기지방재정계획_2026-2030.pdf,중기지방재정계획,2026~2030,억원,자전거도로 정비사 업(자체/직접),2026.1.1.~2030.12.31.,128,0,128,0,26,26,26,26,26,2026,32543,2026-09-20
경기도_중기지방재정계획_2026-2030.pdf,중기지방재정계획,2026~2030,억원,경기남부 터널관리 용역(자체/직접),2025.01.01~2030.12.31,74,0,74,0,15,15,15,15,15,2026,32586,2026-09-20
경기도_중기지방재정계획_2026-2030.pdf,중기지방재정계획,2026~2030,억원,도로 구조물 유지관 리(자체/직접),기간:2025.01.01~,1374,0,1374,0,243,258,274,291,309,2026,32597,2026-09-20
경기도_중기지방재정계획_2026-2030.pdf,중기지방재정계획,2026~2030,억원,도로 포장 유지관리 (자체/직접),기간:2026.01.01~,3326,0,3326,0,439,531,643,778,934,2026,32610,2026-09-20
경기도_중기지방재정계획_2026-2030.pdf,중기지방재정계획,2026~2030,억원,도로 포장 유지관리 (자체/직접),2026.01. ~ 2030.12.,956,0,956,0,180,185,191,197,203,2026,32625,2026-09-20
경기도_중기지방재정계획_2026-2030.pdf,중기지방재정계획,2026~2030,억원,도로 구조물 유지관 리(자체/직접),2026.01. ~ 2030.12.,457,0,457,0,86,89,91,94,97,2026,32639,2026-09-20
경기도_중기지방재정계획_2026-2030.pdf,중기지방재정계획,2026~2030,억원,자 소  계 2026 2027 2028 2029 2030 경기북부 터널관리 용역(자체/직접),2026.01.01~2030.12.31,75,0,75,0,14,15,15,15,16,2026,32680,2026-09-20
경기도_중기지방재정계획_2026-2030.pdf,중기지방재정계획,2026~2030,억원,광역급행철도 GTX-A (삼성~동탄) 분담금 (자체/직접),2014.01~2028.12,2304,2226,78,0,0,26,26,26,0,2026,32696,2026-09-20
경기도_중기지방재정계획_2026-2030.pdf,중기지방재정계획,2026~2030,억원,광역급행철도 GTX-A (파주~삼성) 분담금 (자체/직접),기간:2020.01~2025.12,1078,1078,0,0,0,0,0,0,0,2026,32713,2026-09-20
경기도_중기지방재정계획_2026-2030.pdf,중기지방재정계획,2026~2030,억원,광역급행철도 GTX-B (용산~상봉) 분담금 (자체/직접),2022~2030,624,0,624,0,201,106,106,106,106,2026,32730,2026-09-20
경기도_중기지방재정계획_2026-2030.pdf,중기지방재정계획,2026~2030,억원,"(인천대입구~용산, 상봉~마석) 분담금( 자체/직접)",2027~2030,1657,0,1657,0,0,328,234,494,601,2026,32747,2026-09-20
경기도_중기지방재정계획_2026-2030.pdf,중기지방재정계획,2026~2030,억원,신안산선 복선전철 분담금(자체/직접),기간:2026~2030,3759,3341,417,0,417,0,0,0,0,2026,32788,2026-09-20
경기도_중기지방재정계획_2026-2030.pdf,중기지방재정계획,2026~2030,억원,신분당선(광교~호매 실) 복선전철 분담 금(자체/직접),2026~2030,1839,468,1371,0,52,440,440,440,0,2026,32805,2026-09-20
경기도_중기지방재정계획_2026-2030.pdf,중기지방재정계획,2026~2030,억원,대장~홍대 광역철도 분담금(자체/직접),2025~2030,955,75,880,0,118,191,191,191,191,2026,32819,2026-09-20
경기도_중기지방재정계획_2026-2030.pdf,중기지방재정계획,2026~2030,억원,옥정-포천 광역철도 (국비/직접),기간:2020.01.~2030.12.,15068,1141,13927,0,923,2500,3600,3500,3404,2026,32915,2026-09-20
경기도_중기지방재정계획_2026-2030.pdf,중기지방재정계획,2026~2030,억원,도봉산-옥정 광역철 도(국비/직접),기간:,7747,4995,2753,0,615,2138,0,0,0,2026,32961,2026-09-20
경기도_중기지방재정계획_2026-2030.pdf,중기지방재정계획,2026~2030,억원,도봉산-옥정 광역철 도(국비/직접) 기간:,2017.01.~2027.12.,7747,4995,2753,0,615,2138,0,0,0,2026,32962,2026-09-20
경기도_중기지방재정계획_2026-2030.pdf,중기지방재정계획,2026~2030,억원,고양은평선 광역철 도(자체/직접),2021.09~2031.12,17314,53,17262,3435,88,3435,3435,3435,3435,2026,32981,2026-09-20
경기도_중기지방재정계획_2026-2030.pdf,중기지방재정계획,2026~2030,억원,송파하남선 광역철 도(자체/직접),2022~2032,15144,27,15117,5092,25,2000,2000,3000,3000,2026,32995,2026-09-20
경기도_중기지방재정계획_2026-2030.pdf,중기지방재정계획,2026~2030,억원,강동하남남양주선 광역철도(자체/직접 ),2022~2031,27446,38,27408,7190,103,1275,4740,4550,9550,2026,33011,2026-09-20
경기도_중기지방재정계획_2026-2030.pdf,중기지방재정계획,2026~2030,억원,별내선 복선전철(국 비/직접),기간: 2015.01.~2024.12.,11104,11104,0,0,0,0,0,0,0,2026,33026,2026-09-20
경기도_중기지방재정계획_2026-2030.pdf,중기지방재정계획,2026~2030,억원,별내선 복선전철(5 공구 광장조성)(자 체/직접),2023.5. ~ 2026.10,114,114,0,0,0,0,0,0,0,2026,33071,2026-09-20
경기도_중기지방재정계획_2026-2030.pdf,중기지방재정계획,2026~2030,억원,경전철 환승할인 지 원(자체/지원),2026.1.~2030.12.,183,0,183,0,37,37,37,37,37,2026,33090,2026-09-20
경기도_중기지방재정계획_2026-2030.pdf,중기지방재정계획,2026~2030,억원,구리역 환승센터 건 립(균특/지원),2025.01~2025.12.,54,54,0,0,0,0,0,0,0,2026,33148,2026-09-20
경기도_중기지방재정계획_2026-2030.pdf,중기지방재정계획,2026~2030,억원,초지역 환승주차장 조성사업(자체/지원 ),2025.01~2025.12.,35,35,0,0,0,0,0,0,0,2026,33164,2026-09-20
경기도_중기지방재정계획_2026-2030.pdf,중기지방재정계획,2026~2030,억원,유치 인센티브(장려 혜택) 지원(자체/직 접),기간:2025.1.~2029.12.,48,0,48,0,7,10,10,11,11,2026,33183,2026-09-20
경기도_중기지방재정계획_2026-2030.pdf,중기지방재정계획,2026~2030,억원,교통연수원 지원(자 체/직접),기간:2025.01~2029.12,244,0,244,0,80,39,40,42,43,2026,33224,2026-09-20
경기도_중기지방재정계획_2026-2030.pdf,중기지방재정계획,2026~2030,억원,The 경기패스(국비/ 지원),기간:2026.1.1.~,7991,0,7991,0,1505,1550,1597,1645,1694,2026,33237,2026-09-20
경기도_중기지방재정계획_2026-2030.pdf,중기지방재정계획,2026~2030,억원,The 경기패스(자체/ 직접),2025.1.1.~2029.12.31.,186,37,149,0,37,37,37,37,0,2026,33254,2026-09-20
경기도_중기지방재정계획_2026-2030.pdf,중기지방재정계획,2026~2030,억원,어린이·청소년 교 통비 지원 사업(자 체/직접),2026.1.1.~2030.12.31.,2123,0,2123,0,425,425,425,425,425,2026,33266,2026-09-20
경기도_중기지방재정계획_2026-2030.pdf,중기지방재정계획,2026~2030,억원,어르신 교통비 지원 시범사업(자체/직접 ),기간 : 25. 10. ~ 26.,22,0,22,0,18,4,0,0,0,2026,33306,2026-09-20
경기도_중기지방재정계획_2026-2030.pdf,중기지방재정계획,2026~2030,억원,수요응답형 버스( DRT) 운영 지원(자 체/지원),기간:2026.01~2030.12,835,0,835,0,209,209,209,209,0,2026,33321,2026-09-20
경기도_중기지방재정계획_2026-2030.pdf,중기지방재정계획,2026~2030,억원,수요응답형 버스( DRT) 활성화 지원( 자체/직접),기간:2026.1~2030.12,101,0,101,0,25,25,25,25,0,2026,33334,2026-09-20
경기도_중기지방재정계획_2026-2030.pdf,중기지방재정계획,2026~2030,억원,특별교통수단(차량) 도입(국비/지원),기간:2026.01~2030.12,118,0,118,0,24,24,24,24,24,2026,33347,2026-09-20
경기도_중기지방재정계획_2026-2030.pdf,중기지방재정계획,2026~2030,억원,특별교통수단(차량) 도입 지원(자체/지 원),기간:2026.01~2030.12.,68,0,68,0,14,14,14,14,14,2026,33362,2026-09-20
경기도_중기지방재정계획_2026-2030.pdf,중기지방재정계획,2026~2030,억원,특별교통수단외 차 량 도입 지원(자체/ 지원),2026.01~2030.12,6,0,6,0,1,1,1,1,1,2026,33403,2026-09-20
경기도_중기지방재정계획_2026-2030.pdf,중기지방재정계획,2026~2030,억원,특별교통수단 운영( 국비/지원),기간:2026.01~2030.12,628,0,628,0,125,125,126,126,126,2026,33416,2026-09-20
경기도_중기지방재정계획_2026-2030.pdf,중기지방재정계획,2026~2030,억원,이동지원센터 운영 지원(자체/지원),기간:2026.01~2030.12,2427,0,2427,0,485,485,485,486,486,2026,33430,2026-09-20
경기도_중기지방재정계획_2026-2030.pdf,중기지방재정계획,2026~2030,억원,광역이동지원센터 운영(국비/직접),기간:2025.01~2029.12,67,13,53,0,13,13,13,13,0,2026,33443,2026-09-20
경기도_중기지방재정계획_2026-2030.pdf,중기지방재정계획,2026~2030,억원,광역이동지원센터 운영 지원(자체/직 접),기간:26.1.1.~30.12.31.,430,0,430,0,86,86,86,86,86,2026,33458,2026-09-20
경기도_중기지방재정계획_2026-2030.pdf,중기지방재정계획,2026~2030,억원,이동편의시설 기술 지원센터 운영(도)( 자체/직접),기간:2025.1.~2029.12.,35,0,35,0,7,7,7,7,7,2026,33497,2026-09-20
경기도_중기지방재정계획_2026-2030.pdf,중기지방재정계획,2026~2030,억원,교통약자 교통안전 교육(자체/직접),2026.1.1.~2030.12.31.,28,0,28,0,6,6,6,6,6,2026,33510,2026-09-20
경기도_중기지방재정계획_2026-2030.pdf,중기지방재정계획,2026~2030,억원,고령운전자 운전면 허 자진반납 지원사 업(국비/지원),기간:2026.01.~2030.12.,72,0,72,0,14,14,14,14,14,2026,33521,2026-09-20
경기도_중기지방재정계획_2026-2030.pdf,중기지방재정계획,2026~2030,억원,고령운전자 운전면 허 자진반납 지원사 업(자체/지원),기간:2026.01.~2030.12.,38,0,38,0,8,8,8,8,8,2026,33540,2026-09-20
경기도_중기지방재정계획_2026-2030.pdf,중기지방재정계획,2026~2030,억원,자 소  계 2026 2027 2028 2029 2030 광역교통시설부담금 운영(자체/직접),기간:2025.01~2029.12,2500,0,2500,0,522,494,494,494,494,2026,33583,2026-09-20
경기도_중기지방재정계획_2026-2030.pdf,중기지방재정계획,2026~2030,억원,시내버스 공공관리 제 운영(자체/직접),2026.1. ~ 2030.12.,26000,0,26000,0,3978,4483,5106,5816,6618,2026,33597,2026-09-20
경기도_중기지방재정계획_2026-2030.pdf,중기지방재정계획,2026~2030,억원,시내버스 공공관리 제 운영 지원(자체/ 지원),2026.1. ~ 2030.12.,8474,0,8474,0,841,1825,1880,1936,1992,2026,33609,2026-09-20
경기도_중기지방재정계획_2026-2030.pdf,중기지방재정계획,2026~2030,억원,시내버스 운송업체 경영 및 서비스 개 선지원(자체/직접),2026. 1. ~ 2028. 12.,233,0,233,0,120,75,38,0,0,2026,33623,2026-09-20
경기도_중기지방재정계획_2026-2030.pdf,중기지방재정계획,2026~2030,억원,대광위 광역버스 준 공영제 사업(국비/ 직접),2026.1.~2030.12.,22584,0,22584,0,4254,4381,4513,4648,4788,2026,33635,2026-09-20
경기도_중기지방재정계획_2026-2030.pdf,중기지방재정계획,2026~2030,억원,광역버스 공공관리 제 운영(자체/직접),2026.1.~2030.12.,6566,0,6566,0,1060,1278,1342,1409,1479,2026,33676,2026-09-20
경기도_중기지방재정계획_2026-2030.pdf,중기지방재정계획,2026~2030,억원,교통소외지역 맞춤 형버스 사업(자체/ 지원),2026.1.1.~2027.12.31.,22,0,22,0,13,9,0,0,0,2026,33688,2026-09-20
경기도_중기지방재정계획_2026-2030.pdf,중기지방재정계획,2026~2030,억원,공영버스 운영 손실 보상(자체/지원),2026.1.1.~2030.12.31.,74,0,74,0,32,22,7,7,7,2026,33701,2026-09-20
경기도_중기지방재정계획_2026-2030.pdf,중기지방재정계획,2026~2030,억원,출퇴근시간대 증차 운행 지원(국비/지 원),2026.1.1~2027.12.31,5,0,5,0,1,4,0,0,0,2026,33715,2026-09-20
경기도_중기지방재정계획_2026-2030.pdf,중기지방재정계획,2026~2030,억원,수도권 환승할인 지 원(자체/직접),2026. 1. ~ 2030. 12.,12250,0,12250,0,2450,2450,2450,2450,2450,2026,33771,2026-09-20
경기도_중기지방재정계획_2026-2030.pdf,중기지방재정계획,2026~2030,억원,시외버스 청소년요 금할인 지원(자체/ 직접),2026. 1. ~ 2030. 12.,77,0,77,0,15,15,15,15,15,2026,33785,2026-09-20
경기도_중기지방재정계획_2026-2030.pdf,중기지방재정계획,2026~2030,억원,시내 및 마을버스 청소년요금할인 지 원(자체/직접),2026. 1. ~ 2030. 12.,677,0,677,0,135,135,135,135,135,2026,33799,2026-09-20
경기도_중기지방재정계획_2026-2030.pdf,중기지방재정계획,2026~2030,억원,시내버스 운송업체 재정지원(자체/직접 ),2026.1~2030.12,861,0,861,0,150,178,178,178,178,2026,33816,2026-09-20
경기도_중기지방재정계획_2026-2030.pdf,중기지방재정계획,2026~2030,억원,시외버스 운송업체 재정지원(자체/직접 ),2026.1.~2030.12.,1029,0,1029,0,185,211,211,211,211,2026,33855,2026-09-20
경기도_중기지방재정계획_2026-2030.pdf,중기지방재정계획,2026~2030,억원,경기도 버스 운수종 사자 양성(자체/직 접),2026.1.~2030.12.,126,0,126,0,25,25,25,25,25,2026,33866,2026-09-20
경기도_중기지방재정계획_2026-2030.pdf,중기지방재정계획,2026~2030,억원,심야공항버스 지원( 자체/직접),2026.1.~2030.12.,39,0,39,0,8,8,8,8,8,2026,33878,2026-09-20
경기도_중기지방재정계획_2026-2030.pdf,중기지방재정계획,2026~2030,억원,친환경 대용량 2층 전기버스 보급 지원 (국비/지원),2026.1.1.~2030.12.31.,662,0,662,0,121,127,132,138,144,2026,33890,2026-09-20
경기도_중기지방재정계획_2026-2030.pdf,중기지방재정계획,2026~2030,억원,2층 저상버스 보급 지원(국비/지원),2026.1.1.~2030.12.31.,212,0,212,0,34,38,42,47,52,2026,33906,2026-09-20
경기도_중기지방재정계획_2026-2030.pdf,중기지방재정계획,2026~2030,억원,저상버스 도입보조( 국비/지원),2026.1.1.~2030.12.31.,3460,0,3460,0,641,705,705,705,705,2026,33949,2026-09-20
경기도_중기지방재정계획_2026-2030.pdf,중기지방재정계획,2026~2030,억원,저상버스 운영비 지 원(자체/지원),2025.1.1.~2030.12.31.,34,0,34,0,5,7,7,7,7,2026,33964,2026-09-20
경기도_중기지방재정계획_2026-2030.pdf,중기지방재정계획,2026~2030,억원,시내버스 시설개선 지원사업(자체/지원 ),2026.1.1.~2030.12.31.,70,0,70,0,14,14,14,14,14,2026,33977,2026-09-20
경기도_중기지방재정계획_2026-2030.pdf,중기지방재정계획,2026~2030,억원,버스공영차고지 지 원(균특/지원),2026.1.1.~2030.12.31.,529,0,529,0,33,38,38,382,38,2026,33989,2026-09-20
경기도_중기지방재정계획_2026-2030.pdf,중기지방재정계획,2026~2030,억원,버스 인프라 시설개 선 사업(전환)(자체 /지원),2026.1.1.~2030.12.31.,24,0,24,0,5,5,5,5,5,2026,34032,2026-09-20
경기도_중기지방재정계획_2026-2030.pdf,중기지방재정계획,2026~2030,억원,버스 정류소 개선사 업(전환)(자체/지원 ),2026.1.1.~2030.12.31.,155,0,155,0,31,31,31,31,31,2026,34047,2026-09-20
경기도_중기지방재정계획_2026-2030.pdf,중기지방재정계획,2026~2030,억원,도시형 교통모델(균 특/지원),2026.1.1.~2030.12.31.,692,0,692,0,136,137,138,139,141,2026,34059,2026-09-20
경기도_중기지방재정계획_2026-2030.pdf,중기지방재정계획,2026~2030,억원,농촌형 교통모델(균 특/지원),2026.1.1.~2030.12.31.,66,0,66,0,11,12,13,14,15,2026,34075,2026-09-20
경기도_중기지방재정계획_2026-2030.pdf,중기지방재정계획,2026~2030,억원,마을버스 처우개선 지원(자체/지원),2026.1.1.~2030.12.31.,150,0,150,0,30,30,30,30,30,2026,34130,2026-09-20
경기도_중기지방재정계획_2026-2030.pdf,중기지방재정계획,2026~2030,억원,경기복지택시 사업( 자체/지원),2025.01~2030.12,22,0,22,0,4,4,4,4,4,2026,34143,2026-09-20
경기도_중기지방재정계획_2026-2030.pdf,중기지방재정계획,2026~2030,억원,공공형 택시 지원( 균특/지원),2026.01~2030.12,207,0,207,0,39,40,41,43,44,2026,34154,2026-09-20
경기도_중기지방재정계획_2026-2030.pdf,중기지방재정계획,2026~2030,억원,택시 카드결제 수수 료 지원(자체/지원),2026.1~2030.12.,204,0,204,0,41,41,41,41,41,2026,34207,2026-09-20
경기도_중기지방재정계획_2026-2030.pdf,중기지방재정계획,2026~2030,억원,택시 카드단말기 통 신료 지원(자체/지 원),2026.01~2030.12,38,0,38,0,8,8,8,8,8,2026,34219,2026-09-20
경기도_중기지방재정계획_2026-2030.pdf,중기지방재정계획,2026~2030,억원,법인택시 운전자 단 체보험료 지원(자체 /지원),2025.1.~2029.12.,17,0,17,0,3,3,3,3,3,2026,34232,2026-09-20
경기도_중기지방재정계획_2026-2030.pdf,중기지방재정계획,2026~2030,억원,택시 경영 및 서비 스 평가 인센티브 지원(자체/직접),2026.1~2030.12.,75,0,75,0,15,15,15,15,15,2026,34243,2026-09-20
경기도_중기지방재정계획_2026-2030.pdf,중기지방재정계획,2026~2030,억원,법인택시 운수종사 자 처우개선(자체/ 지원),2026.01~2030.12,564,0,564,0,106,109,113,116,120,2026,34284,2026-09-20
경기도_중기지방재정계획_2026-2030.pdf,중기지방재정계획,2026~2030,억원,주차환경 개선지원( 전환)(자체/지원),2026.01~2030.12,789,0,789,0,158,158,158,158,158,2026,34298,2026-09-20
경기도_중기지방재정계획_2026-2030.pdf,중기지방재정계획,2026~2030,억원,주차환경 개선사업( 자체/지원),2026.01~2030.12,214,0,214,0,43,43,43,43,43,2026,34314,2026-09-20
경기도_중기지방재정계획_2026-2030.pdf,중기지방재정계획,2026~2030,억원,교통정보센터 운영 관리 용역(자체/직 접),2026~2030,147,0,147,0,28,29,29,30,30,2026,34367,2026-09-20
경기도_중기지방재정계획_2026-2030.pdf,중기지방재정계획,2026~2030,억원,교통정보센터 공공 운영경비(자체/직접 ),2025~2029,46,0,46,0,9,9,9,9,9,2026,34378,2026-09-20
경기도_중기지방재정계획_2026-2030.pdf,중기지방재정계획,2026~2030,억원,버스 운행정보 수집 (자체/직접),2026~2030,195,0,195,0,36,37,39,40,42,2026,34389,2026-09-20
경기도_중기지방재정계획_2026-2030.pdf,중기지방재정계획,2026~2030,억원,하천기본계획수립( 자체/직접),기간:2026.1.~2027.2.,150,0,150,0,30,30,30,30,30,2026,34403,2026-09-20
경기도_중기지방재정계획_2026-2030.pdf,중기지방재정계획,2026~2030,억원,하천·계곡 지킴이 운영(자체/지원),기간: 2026.1.~2030.12.,90,0,90,0,14,19,19,19,19,2026,34441,2026-09-20
경기도_중기지방재정계획_2026-2030.pdf,중기지방재정계획,2026~2030,억원,지방하천 미지급용 지 보상(자체/직접),기간: 2026.1.~2030.12.,177,0,177,0,17,40,40,40,40,2026,34455,2026-09-20
경기도_중기지방재정계획_2026-2030.pdf,중기지방재정계획,2026~2030,억원,하천점용사용료징수 교부금(자체/직접),기간:2026.1.~2030.12.,150,0,150,0,30,30,30,30,30,2026,34468,2026-09-20
경기도_중기지방재정계획_2026-2030.pdf,중기지방재정계획,2026~2030,억원,금어천 수해상습지 개선사업)(전환)(자 체/직접),기간:2016.2.~2027.12.,297,140,158,0,60,98,0,0,0,2026,34484,2026-09-20
경기도_중기지방재정계획_2026-2030.pdf,중기지방재정계획,2026~2030,억원,가마지천 수해상습 지개선사업)(전환)( 자체/직접),기간:2015.1.~2026.5.,380,303,78,0,78,0,0,0,0,2026,34527,2026-09-20
경기도_중기지방재정계획_2026-2030.pdf,중기지방재정계획,2026~2030,억원,계양천 수해상습지 개선사업)(전환)(자 체/직접),기간:2020.10.~2029.12.,1418,624,793,0,210,194,194,194,0,2026,34545,2026-09-20
경기도_중기지방재정계획_2026-2030.pdf,중기지방재정계획,2026~2030,억원,청룡천 수해상습지 개선사업)(전환)(자 체/직접),기간:2016.2.~2030.12.,380,73,307,0,10,74,74,74,74,2026,34563,2026-09-20
경기도_중기지방재정계획_2026-2030.pdf,중기지방재정계획,2026~2030,억원,왕숙천 수해상습지 개선사업)(전환)(자 체/직접),기간:2015.9.~2027.9.,412,256,157,0,64,93,0,0,0,2026,34606,2026-09-20
경기도_중기지방재정계획_2026-2030.pdf,중기지방재정계획,2026~2030,억원,흑천 수해상습지개 선사업)(전환)(자체 /직접),기간:2014.7.~2026.1.,567,515,52,0,52,0,0,0,0,2026,34623,2026-09-20
경기도_중기지방재정계획_2026-2030.pdf,중기지방재정계획,2026~2030,억원,중원천 수해상습지 개선사업)(전환)(자 체/직접),기간:2018.3.~2029.12.,255,38,217,0,34,61,61,61,0,2026,34641,2026-09-20
경기도_중기지방재정계획_2026-2030.pdf,중기지방재정계획,2026~2030,억원,계양천 수해상습지 개선사업)(자체/직 접),기간:2020.10.~2029.12.,1418,624,793,0,210,194,194,194,0,2026,34685,2026-09-20
경기도_중기지방재정계획_2026-2030.pdf,중기지방재정계획,2026~2030,억원,왕숙천 수해상습지 개선사업)(자체/직 접),기간:2015.9.~2027.9.,412,256,157,0,64,93,0,0,0,2026,34703,2026-09-20
경기도_중기지방재정계획_2026-2030.pdf,중기지방재정계획,2026~2030,억원,중원천 수해상습지 개선사업)(자체/직 접),기간:2018.3.~2029.12.,255,38,217,0,34,61,61,61,0,2026,34721,2026-09-20
경기도_중기지방재정계획_2026-2030.pdf,중기지방재정계획,2026~2030,억원,나진포천 하천환경 조성사업)(전환)(자 체/직접),기간:2009.1.~2027.12.,807,371,436,0,131,305,0,0,0,2026,34766,2026-09-20
경기도_중기지방재정계획_2026-2030.pdf,중기지방재정계획,2026~2030,억원,나진포천 하천환경 조성사업)(자체/직 접),기간:2009.1.~2027.12.,793,371,422,0,131,291,0,0,0,2026,34782,2026-09-20
경기도_중기지방재정계획_2026-2030.pdf,중기지방재정계획,2026~2030,억원,조종천 고향의 강 사업)(전환)(자체/ 직접),기간:2020.5.~2027.5.,253,144,109,0,63,46,0,0,0,2026,34799,2026-09-20
경기도_중기지방재정계획_2026-2030.pdf,중기지방재정계획,2026~2030,억원,지방하천정비(고양 공릉천)(전환)(자체 /직접),기간:2018.8.~2028.12.,404,152,252,0,97,78,78,0,0,2026,34852,2026-09-20
경기도_중기지방재정계획_2026-2030.pdf,중기지방재정계획,2026~2030,억원,지방하천정비(용인 매산천)(전환)(자체 /직접),기간:2018.8.~2028.12.,272,103,169,0,10,80,80,0,0,2026,34866,2026-09-20
경기도_중기지방재정계획_2026-2030.pdf,중기지방재정계획,2026~2030,억원,지방하천정비(평택 대반천)(전환)(자체 /직접),기간:2018.8.~2029.12.,392,99,293,0,9,95,95,95,0,2026,34880,2026-09-20
경기도_중기지방재정계획_2026-2030.pdf,중기지방재정계획,2026~2030,억원,지방하천정비(파주 동문천)(전환)(자체 /직접),기간:2017.12.~2029.12.,485,68,416,0,108,103,103,103,0,2026,34922,2026-09-20
경기도_중기지방재정계획_2026-2030.pdf,중기지방재정계획,2026~2030,억원,지방하천정비(파주 문산천)(전환)(자체 /직접),기간:2018.8.~2029.12.,495,48,447,0,95,117,117,117,0,2026,34937,2026-09-20
경기도_중기지방재정계획_2026-2030.pdf,중기지방재정계획,2026~2030,억원,지방하천정비(양주 청담천)(전환)(자체 /직접),기간:2012.1.~2027.4.,232,118,114,0,65,49,0,0,0,2026,34952,2026-09-20
경기도_중기지방재정계획_2026-2030.pdf,중기지방재정계획,2026~2030,억원,지방하천정비(양주 청담천(2지구))(전 환)(자체/직접),기간:2021.3.~2028.3.,208,24,185,0,54,65,65,0,0,2026,34993,2026-09-20
경기도_중기지방재정계획_2026-2030.pdf,중기지방재정계획,2026~2030,억원,지방하천정비(수원 원천리천(2지구))( 전환)(자체/직접),기간:2019.6.~2026.6.,137,65,72,0,72,0,0,0,0,2026,35007,2026-09-20
경기도_중기지방재정계획_2026-2030.pdf,중기지방재정계획,2026~2030,억원,지방하천정비(군포 반월천)(전환)(자체 /직접),기간:2019.1.~2029.12.,349,143,206,0,10,65,65,65,0,2026,35021,2026-09-20
경기도_중기지방재정계획_2026-2030.pdf,중기지방재정계획,2026~2030,억원,지방하천정비(수원 서호천)(전환)(자체 /직접),기간:2019.6~2028.12.,397,230,167,0,3,82,82,0,0,2026,35035,2026-09-20
경기도_중기지방재정계획_2026-2030.pdf,중기지방재정계획,2026~2030,억원,지방하천정비(여주 내사천)(전환)(자체 /직접),기간:2019.5.~2028.10.,85,22,63,0,23,20,20,0,0,2026,35076,2026-09-20
경기도_중기지방재정계획_2026-2030.pdf,중기지방재정계획,2026~2030,억원,지방하천정비(시흥 은행천(2지구))(전 환)(자체/직접),기간:2020.5.~2030.12.,889,14,875,0,50,206,206,206,206,2026,35090,2026-09-20
경기도_중기지방재정계획_2026-2030.pdf,중기지방재정계획,2026~2030,억원,지방하천정비(하남 초이천)(전환)(자체 /직접),기간:2022.2.~2028.12.,328,90,239,0,130,54,54,0,0,2026,35103,2026-09-20
경기도_중기지방재정계획_2026-2030.pdf,중기지방재정계획,2026~2030,억원,지방하천정비(하남 감이천)(전환)(자체 /직접),기간:2022.2.~2028.12.,132,44,89,0,20,34,34,0,0,2026,35116,2026-09-20
경기도_중기지방재정계획_2026-2030.pdf,중기지방재정계획,2026~2030,억원,지방하천정비(시흥 장현천)(전환)(자체 /직접),기간:2020.5.~2030.12.,243,11,232,0,30,51,51,51,51,2026,35156,2026-09-20
경기도_중기지방재정계획_2026-2030.pdf,중기지방재정계획,2026~2030,억원,지방하천정비(양주 공릉천)(전환)(자체 /직접),기간:2022.2.~2028.10.,403,13,390,0,5,193,193,0,0,2026,35169,2026-09-20
경기도_중기지방재정계획_2026-2030.pdf,중기지방재정계획,2026~2030,억원,지방하천정비(파주 금촌천)(전환)(자체 /직접),기간:2022.2.~2028.10.,377,30,347,0,66,141,141,0,0,2026,35182,2026-09-20
경기도_중기지방재정계획_2026-2030.pdf,중기지방재정계획,2026~2030,억원,지방하천정비(포천 금현천)(전환)(자체 /직접),기간:2022.2.~2028.12.,284,20,264,0,20,122,122,0,0,2026,35195,2026-09-20
경기도_중기지방재정계획_2026-2030.pdf,중기지방재정계획,2026~2030,억원,지방하천정비(안성 한천)(전환)(자체/ 직접),기간:2022.12.~2028.12.,333,33,301,0,30,135,135,0,0,2026,35208,2026-09-20
경기도_중기지방재정계획_2026-2030.pdf,중기지방재정계획,2026~2030,억원,지방하천정비(용인 동막천)(전환)(자체 /직접),기간:2022.12.~2028.12.,566,14,552,0,392,80,80,0,0,2026,35249,2026-09-20
경기도_중기지방재정계획_2026-2030.pdf,중기지방재정계획,2026~2030,억원,지방하천정비(성남 운중천)(전환)(자체 /직접),기간:2022.12.~2027.12.,137,12,125,0,53,72,0,0,0,2026,35262,2026-09-20
경기도_중기지방재정계획_2026-2030.pdf,중기지방재정계획,2026~2030,억원,지방하천정비(광주 신현천)(전환)(자체 /직접),기간:2022.12.~2028.12.,228,35,193,0,22,85,85,0,0,2026,35275,2026-09-20
경기도_중기지방재정계획_2026-2030.pdf,중기지방재정계획,2026~2030,억원,지방하천정비(포천 추동천)(전환)(자체 /직접),기간:2022.12.~2027.12.,89,18,71,0,44,27,0,0,0,2026,35289,2026-09-20
경기도_중기지방재정계획_2026-2030.pdf,중기지방재정계획,2026~2030,억원,지방하천정비(양주 상패천)(전환)(자체 /직접),기간:2022.12.~2028.12.,249,13,236,0,37,100,100,0,0,2026,35329,2026-09-20
경기도_중기지방재정계획_2026-2030.pdf,중기지방재정계획,2026~2030,억원,지방하천정비 시군 대행사업(전환)(자 체/직접),기간:2026.1.~2030.12.,1718,0,1718,0,344,344,344,344,344,2026,35342,2026-09-20
경기도_중기지방재정계획_2026-2030.pdf,중기지방재정계획,2026~2030,억원,지방하천정비(수원 황구지천)(전환)(자 체/직접),기간: 2022.8.~2028.12.,200,11,189,0,2,94,93,0,0,2026,35356,2026-09-20
경기도_중기지방재정계획_2026-2030.pdf,중기지방재정계획,2026~2030,억원,지방하천정비(포천 고모천)(전환)(자체 /직접),기간:2022.1.~2028.12.,133,33,100,0,47,26,26,0,0,2026,35370,2026-09-20
경기도_중기지방재정계획_2026-2030.pdf,중기지방재정계획,2026~2030,억원,지방하천정비(양주 입암천)(전환)(자체 /직접),기간:2022.8.~2028.12.,120,15,105,0,27,39,39,0,0,2026,35384,2026-09-20
경기도_중기지방재정계획_2026-2030.pdf,중기지방재정계획,2026~2030,억원,주 구운천 송천1지 구)(전환)(자체/직 접),기간:2022.9.~2026.6.,111,88,23,0,23,0,0,0,0,2026,35426,2026-09-20
경기도_중기지방재정계획_2026-2030.pdf,중기지방재정계획,2026~2030,억원,지방하천정비(평택 통복천)(전환)(자체 /직접),기간:2024.1.~2032.12.,250,6,244,77,7,40,40,40,40,2026,35439,2026-09-20
경기도_중기지방재정계획_2026-2030.pdf,중기지방재정계획,2026~2030,억원,지방하천정비(안산 반월천)(전환)(자체 /직접),기간:2024.8.~2032.12.,391,18,374,124,3,62,62,62,62,2026,35452,2026-09-20
경기도_중기지방재정계획_2026-2030.pdf,중기지방재정계획,2026~2030,억원,지방하천정비(양평 흑천(2지구))(전환) (자체/직접),기간:2024.8.~2032.12.,376,15,361,120,1,60,60,60,60,2026,35465,2026-09-20
경기도_중기지방재정계획_2026-2030.pdf,중기지방재정계획,2026~2030,억원,지방하천정비(김포 봉성포천)(전환)(자 체/직접),기간:2024.8.~2032.12.,308,18,289,94,7,47,47,47,47,2026,35505,2026-09-20
경기도_중기지방재정계획_2026-2030.pdf,중기지방재정계획,2026~2030,억원,지방하천정비(남양 주 묵현천)(전환)( 자체/직접),기간:2024.8.~2032.12.,352,7,345,114,3,57,57,57,57,2026,35518,2026-09-20
경기도_중기지방재정계획_2026-2030.pdf,중기지방재정계획,2026~2030,억원,지방하천정비(남양 주 마석우천)(전환) (자체/직접),기간:2025. 1. ~,337,2,335,0,11,108,108,108,0,2026,35531,2026-09-20
경기도_중기지방재정계획_2026-2030.pdf,중기지방재정계획,2026~2030,억원,지방하천정비(의정 부 중랑천)(전환)( 자체/직접),기간:2026. 1. ~ 2032.,270,0,270,102,2,13,51,51,51,2026,35546,2026-09-20
경기도_중기지방재정계획_2026-2030.pdf,중기지방재정계획,2026~2030,억원,지방하천정비(의정 부 백석천)(전환)( 자체/직접),기간:2026. 1. ~ 2032.,139,0,138,71,2,3,21,21,21,2026,35558,2026-09-20
경기도_중기지방재정계획_2026-2030.pdf,중기지방재정계획,2026~2030,억원,지방하천정비(안성 금석천)(전환)(자체 /직접),기간:2026. 1. ~ 2032.,370,0,370,141,2,15,70,70,70,2026,35597,2026-09-20
경기도_중기지방재정계획_2026-2030.pdf,중기지방재정계획,2026~2030,억원,지방하천정비(고양 향동천)(전환)(자체 /직접),기간:2026. 1. ~ 2032.,78,0,78,30,2,1,15,15,15,2026,35609,2026-09-20
경기도_중기지방재정계획_2026-2030.pdf,중기지방재정계획,2026~2030,억원,지방하천정비(이천 복하천)(전환)(자체 /직접),기간:2026. 1. ~ 2032.,382,0,382,146,2,16,73,73,73,2026,35621,2026-09-20
경기도_중기지방재정계획_2026-2030.pdf,중기지방재정계획,2026~2030,억원,지방하천정비(고양 문봉천)(전환)(자체 /직접),기간:2026. 1. ~ 2032.,67,0,68,26,2,1,13,13,13,2026,35633,2026-09-20
경기도_중기지방재정계획_2026-2030.pdf,중기지방재정계획,2026~2030,억원,지방하천정비(시흥 신천)(전환)(자체/ 직접),기간:2026. 1. ~ 2032.,258,0,259,99,2,9,49,49,49,2026,35645,2026-09-20
경기도_중기지방재정계획_2026-2030.pdf,중기지방재정계획,2026~2030,억원,지방하천정비(성남 탄천)(전환)(자체/ 직접),기간:2026. 1. ~ 2032.,199,0,198,77,2,3,39,39,39,2026,35656,2026-09-20
경기도_중기지방재정계획_2026-2030.pdf,중기지방재정계획,2026~2030,억원,지방하천정비(고양 오금천)(전환)(자체 /직접),기간:2026. 1. ~ 2032.,51,0,51,15,2,9,9,9,9,2026,35695,2026-09-20
경기도_중기지방재정계획_2026-2030.pdf,중기지방재정계획,2026~2030,억원,지방하천정비(연천 죽대천)(전환)(자체 /직접),기간:2026. 1. ~ 2032.,49,0,48,18,2,1,9,9,9,2026,35707,2026-09-20
경기도_중기지방재정계획_2026-2030.pdf,중기지방재정계획,2026~2030,억원,지방하천정비(고양 공릉천)(자체/직접),기간:2018.8.~2028.12.,404,152,252,0,97,78,78,0,0,2026,35718,2026-09-20
경기도_중기지방재정계획_2026-2030.pdf,중기지방재정계획,2026~2030,억원,지방하천정비(용인 매산천)(자체/직접),기간:2018.8.~2028.12.,272,103,169,0,10,80,80,0,0,2026,35731,2026-09-20
경기도_중기지방재정계획_2026-2030.pdf,중기지방재정계획,2026~2030,억원,지방하천정비(파주 동문천)(자체/직접),기간:2017.12.~2029.12.,485,68,416,0,108,103,103,103,0,2026,35744,2026-09-20
경기도_중기지방재정계획_2026-2030.pdf,중기지방재정계획,2026~2030,억원,지방하천정비(파주 문산천)(자체/직접),기간:2018.8.~2029.12.,495,48,447,0,95,117,117,117,0,2026,35785,2026-09-20
경기도_중기지방재정계획_2026-2030.pdf,중기지방재정계획,2026~2030,억원,지방하천정비(군포 반월천)(자체/직접),기간:2019.1.~2029.12.,352,143,209,0,13,65,65,65,0,2026,35799,2026-09-20
경기도_중기지방재정계획_2026-2030.pdf,중기지방재정계획,2026~2030,억원,지방하천정비(수원 서호천)(자체/직접),기간:2019.6.~2028.12.,397,230,167,0,3,82,82,0,0,2026,35813,2026-09-20
경기도_중기지방재정계획_2026-2030.pdf,중기지방재정계획,2026~2030,억원,지방하천정비(여주 내사천)(자체/직접),기간:2019.5.~2028.10.,85,22,63,0,23,20,20,0,0,2026,35853,2026-09-20
경기도_중기지방재정계획_2026-2030.pdf,중기지방재정계획,2026~2030,억원,지방하천정비(시흥 은행천(2지구))(자 체/직접),기간:2020.5.~2030.12.,889,14,875,0,50,206,206,206,206,2026,35867,2026-09-20
경기도_중기지방재정계획_2026-2030.pdf,중기지방재정계획,2026~2030,억원,지방하천정비(하남 초이천)(자체/직접),기간:2022.2.~2028.12.,328,90,239,0,130,54,54,0,0,2026,35878,2026-09-20
경기도_중기지방재정계획_2026-2030.pdf,중기지방재정계획,2026~2030,억원,지방하천정비(하남 감이천)(자체/직접),기간:2022.2.~2028.12.,132,44,89,0,20,34,34,0,0,2026,35890,2026-09-20
경기도_중기지방재정계획_2026-2030.pdf,중기지방재정계획,2026~2030,억원,자 소  계 2026 2027 2028 2029 2030 지방하천정비(시흥 장현천)(자체/직접),기간:2020.5.~2030.12.,243,11,232,0,30,51,51,51,51,2026,35929,2026-09-20
경기도_중기지방재정계획_2026-2030.pdf,중기지방재정계획,2026~2030,억원,지방하천정비(파주 금촌천)(자체/직접),기간:2022.2.~2028.10.,377,30,347,0,66,141,141,0,0,2026,35941,2026-09-20
경기도_중기지방재정계획_2026-2030.pdf,중기지방재정계획,2026~2030,억원,지방하천정비(포천 금현천)(자체/직접),기간:2022.2.~2028.12.,284,20,264,0,20,122,122,0,0,2026,35953,2026-09-20
경기도_중기지방재정계획_2026-2030.pdf,중기지방재정계획,2026~2030,억원,지방하천정비(안성 한천)(자체/직접),기간:2022.12.~2028.12.,333,33,301,0,30,135,135,0,0,2026,35966,2026-09-20
경기도_중기지방재정계획_2026-2030.pdf,중기지방재정계획,2026~2030,억원,지방하천정비(용인 동막천)(자체/직접),기간:2022.12.~2028.12.,566,14,552,0,392,80,80,0,0,2026,35978,2026-09-20
경기도_중기지방재정계획_2026-2030.pdf,중기지방재정계획,2026~2030,억원,지방하천정비(성남 운중천)(자체/직접),기간:2022.12.~2027.12.,137,12,125,0,53,72,0,0,0,2026,36019,2026-09-20
경기도_중기지방재정계획_2026-2030.pdf,중기지방재정계획,2026~2030,억원,지방하천정비(광주 신현천)(자체/직접),기간:2022.12.~2028.12.,228,35,193,0,22,85,85,0,0,2026,36031,2026-09-20
경기도_중기지방재정계획_2026-2030.pdf,중기지방재정계획,2026~2030,억원,지방하천정비(포천 추동천)(자체/직접),기간:2022.12.~2027.12.,89,18,71,0,44,27,0,0,0,2026,36044,2026-09-20
경기도_중기지방재정계획_2026-2030.pdf,중기지방재정계획,2026~2030,억원,지방하천정비(양주 상패천)(자체/직접),기간:2022.12.~2028.12.,249,13,236,0,37,100,100,0,0,2026,36056,2026-09-20
경기도_중기지방재정계획_2026-2030.pdf,중기지방재정계획,2026~2030,억원,자 소  계 2026 2027 2028 2029 2030 지방하천정비(포천 고모천)(자체/직접),기간:2022.1.~2028.12.,133,33,100,0,47,26,26,0,0,2026,36096,2026-09-20
경기도_중기지방재정계획_2026-2030.pdf,중기지방재정계획,2026~2030,억원,지방하천정비(양주 입암천)(자체/직접),기간:2022.8.~2028.12.,120,15,105,0,27,39,39,0,0,2026,36109,2026-09-20
경기도_중기지방재정계획_2026-2030.pdf,중기지방재정계획,2026~2030,억원,지방하천정비(남양 주 마석우천)(자체/ 직접),기간:2025.1.~2029.12.,337,2,335,0,11,108,108,108,0,2026,36122,2026-09-20
경기도_중기지방재정계획_2026-2030.pdf,중기지방재정계획,2026~2030,억원,여주 부평천 지방하 천개수사업(전환)( 자체/직접),기간:2018.3.~2028.12.,177,34,143,0,29,57,57,0,0,2026,36137,2026-09-20
경기도_중기지방재정계획_2026-2030.pdf,중기지방재정계획,2026~2030,억원,자 소  계 2026 2027 2028 2029 2030 국가하천 유지보수( 국비/지원),기간:2026.1~2030.12,729,0,729,0,146,146,146,146,146,2026,36177,2026-09-20
경기도_중기지방재정계획_2026-2030.pdf,중기지방재정계획,2026~2030,억원,지방하천 유지관리( 자체/직접),기간:2026.1.~2030.12,710,0,710,0,130,145,145,145,145,2026,36196,2026-09-20
경기도_중기지방재정계획_2026-2030.pdf,중기지방재정계획,2026~2030,억원,개발제한구역 주민 지원사업(균특/지원 ),기간:2025.01~2029.12,843,0,843,0,141,155,171,188,188,2026,36212,2026-09-20
경기도_중기지방재정계획_2026-2030.pdf,중기지방재정계획,2026~2030,억원,개별공시지가 조사 산정(국비/지원),2026.1.~2030.12.,76,0,76,0,15,15,15,15,15,2026,36231,2026-09-20
경기도_중기지방재정계획_2026-2030.pdf,중기지방재정계획,2026~2030,억원,지적재조사사업 추 진(국비/지원),2026.1.~2030.1.,196,0,196,0,39,39,39,39,39,2026,36275,2026-09-20
경기도_중기지방재정계획_2026-2030.pdf,중기지방재정계획,2026~2030,억원,기존주택 매입임대 지원사업(자체/직접 ),2026.01~2030.12,600,0,600,0,120,120,120,120,120,2026,36292,2026-09-20
경기도_중기지방재정계획_2026-2030.pdf,중기지방재정계획,2026~2030,억원,기존주택 매입임대 사업 지원(기금/직 접),2026.01 ~ 2030.12,2324,153,2171,0,434,434,434,434,434,2026,36304,2026-09-20
경기도_중기지방재정계획_2026-2030.pdf,중기지방재정계획,2026~2030,억원,기존주택 전세임대 사업 지원(기금/직 접),2026.01 ~ 2030.12,674,94,580,0,116,116,116,116,116,2026,36319,2026-09-20
경기도_중기지방재정계획_2026-2030.pdf,중기지방재정계획,2026~2030,억원,행복주택 건설사업 지원(기금/직접),2015.1.~2030.12.,3079,2916,163,0,33,33,33,33,33,2026,36333,2026-09-20
경기도_중기지방재정계획_2026-2030.pdf,중기지방재정계획,2026~2030,억원,자 소  계 2026 2027 2028 2029 2030 행복주택 건설사업 지원(기금/지원),2015.1.~2030.12.,244,0,244,0,49,49,49,49,49,2026,36375,2026-09-20
경기도_중기지방재정계획_2026-2030.pdf,중기지방재정계획,2026~2030,억원,국민임대주택 건설 사업 지원(기금/직 접),2018-01-01~2024-12-31,936,936,0,0,0,0,0,0,0,2026,36390,2026-09-20
경기도_중기지방재정계획_2026-2030.pdf,중기지방재정계획,2026~2030,억원,영구임대주택 건설 사업 지원(기금/직 접),기간:2018.1.~2024.12.,1314,1314,0,0,0,0,0,0,0,2026,36405,2026-09-20
경기도_중기지방재정계획_2026-2030.pdf,중기지방재정계획,2026~2030,억원,통합공공임대주택 건설사업 지원(기금 /직접),2025.1.~2030.12.,1193,0,1193,0,239,239,239,239,239,2026,36420,2026-09-20
경기도_중기지방재정계획_2026-2030.pdf,중기지방재정계획,2026~2030,억원,아동주거빈곤가구 클린서비스 지원(기 금/직접),2026.1.1.~2030.12.31.,42,0,42,0,8,8,8,8,8,2026,36437,2026-09-20
경기도_중기지방재정계획_2026-2030.pdf,중기지방재정계획,2026~2030,억원,햇살하우징사업(자 체/직접),2026.1. ~ 2030.12.,77,0,77,0,15,15,15,15,15,2026,36454,2026-09-20
경기도_중기지방재정계획_2026-2030.pdf,중기지방재정계획,2026~2030,억원,자 소  계 2026 2027 2028 2029 2030 어르신 안전 하우징 (자체/직접),2026.01.~2030.12.,95,0,95,0,19,19,19,19,19,2026,36493,2026-09-20
경기도_중기지방재정계획_2026-2030.pdf,중기지방재정계획,2026~2030,억원,경기도 주거복지센 터 운영(자체/직접),기간:2026.01 ~ 2030.12,325,0,325,0,65,65,65,65,65,2026,36506,2026-09-20
경기도_중기지방재정계획_2026-2030.pdf,중기지방재정계획,2026~2030,억원,저소득층 전세금 대 출보증 및 이자지원 사업(자체/직접),기간:2026.01~2030.12,150,0,150,0,30,30,30,30,30,2026,36517,2026-09-20
경기도_중기지방재정계획_2026-2030.pdf,중기지방재정계획,2026~2030,억원,주거취약계층 주거 상향 지원사업(국비 /지원),2026.1.~2030.12.,76,0,76,0,15,15,15,15,15,2026,36528,2026-09-20
경기도_중기지방재정계획_2026-2030.pdf,중기지방재정계획,2026~2030,억원,경기건축문화제(자 체/직접),기간 : 2026.1.~2030.12.,6,0,6,0,1,1,1,1,1,2026,36546,2026-09-20
경기도_중기지방재정계획_2026-2030.pdf,중기지방재정계획,2026~2030,억원,교통약자를 위한 유 니버설디자인 사업( 자체/지원),기간 : 2026.1.~2030.12.,38,0,38,0,8,8,8,8,8,2026,36589,2026-09-20
경기도_중기지방재정계획_2026-2030.pdf,중기지방재정계획,2026~2030,억원,노후 승강기 등 공 동주택  주거환경개 선 지원(자체/지원),2026.1.~2030.12.,284,97,188,0,38,38,38,38,38,2026,36608,2026-09-20
경기도_중기지방재정계획_2026-2030.pdf,중기지방재정계획,2026~2030,억원,도시취약지역생활여 건개조(국토부)(균 특/지원),2021.01~2030.12,112,67,45,0,8,10,9,9,9,2026,36626,2026-09-20
경기도_중기지방재정계획_2026-2030.pdf,중기지방재정계획,2026~2030,억원,도시재생사업(근린 재생형)(균특/지원),기간 : 2026.01~2030.12,1663,0,1663,0,277,388,333,333,333,2026,36671,2026-09-20
경기도_중기지방재정계획_2026-2030.pdf,중기지방재정계획,2026~2030,억원,도시재생사업(우리 동네살리기)(균특/ 지원),기간 : 2026.01~2030.12,108,0,108,0,18,25,22,22,22,2026,36687,2026-09-20
경기도_중기지방재정계획_2026-2030.pdf,중기지방재정계획,2026~2030,억원,경기도형 도시재생 사업(자체/지원),2023.01~2029.12,399,88,311,21,0,177,75,38,0,2026,36702,2026-09-20
경기도_중기지방재정계획_2026-2030.pdf,중기지방재정계획,2026~2030,억원,공공건설지원센터 운영(자체/직접),기간: 2026.1.1.~2030.12.31.,66,0,66,0,11,13,14,14,15,2026,36759,2026-09-20
경기도_중기지방재정계획_2026-2030.pdf,중기지방재정계획,2026~2030,억원,고덕국제화계획지구 조성,기간:2008.5.~2025.12.,401,53,347,0,77,112,78,49,32,2026,36776,2026-09-20
경기도_중기지방재정계획_2026-2030.pdf,중기지방재정계획,2026~2030,억원,경기도 공동주택 재 정비 컨설팅 지원사 업(자체/지원),2025.01.01. ~,15,0,15,0,3,3,3,3,3,2026,36792,2026-09-20
경기도_중기지방재정계획_2026-2030.pdf,중기지방재정계획,2026~2030,억원,도시재정비사업 경 비지원(자체/지원),기간:2025년~2029년,50,0,50,0,10,10,10,10,10,2026,36845,2026-09-20
경기도_중기지방재정계획_2026-2030.pdf,중기지방재정계획,2026~2030,억원,특수상황지역개발사 업(접경지역 지원)( 균특/ 지원),2026. 1. ~ 2030. 12.,2885,0,2885,0,565,571,577,582,590,2026,36859,2026-09-20
경기도_중기지방재정계획_2026-2030.pdf,중기지방재정계획,2026~2030,억원,접경지역 주민자생 적 마을활력 사업( 자체/지원),2026. 1. ~ 2030. 12.,75,0,75,0,15,15,15,15,15,2026,36874,2026-09-20
경기도_중기지방재정계획_2026-2030.pdf,중기지방재정계획,2026~2030,억원,접경권 발전지원사 업(균특/지원),2026.1. ~ 2030.12.,412,0,412,0,75,78,82,86,91,2026,36886,2026-09-20
경기도_중기지방재정계획_2026-2030.pdf,중기지방재정계획,2026~2030,억원,지역균형발전사업( 자체/지원),2026.1.~2030.12.,3827,0,3827,0,977,705,710,715,720,2026,36933,2026-09-20
경기도_중기지방재정계획_2026-2030.pdf,중기지방재정계획,2026~2030,억원,2026 디지털퓨처쇼( 자체/직접),기간:2026.01~2030.12,55,0,55,0,11,11,11,11,11,2026,36949,2026-09-20
경기도_중기지방재정계획_2026-2030.pdf,중기지방재정계획,2026~2030,억원,테크노파크 운영지 원(자체/직접),기간:2025.01.~2029.12.,88,0,88,0,18,18,18,18,18,2026,36963,2026-09-20
경기도_중기지방재정계획_2026-2030.pdf,중기지방재정계획,2026~2030,억원,경기도형 스마트공 장  종합지원(자체/ 직접),2026.01~2030.12,152,0,152,0,30,30,30,30,30,2026,37002,2026-09-20
경기도_중기지방재정계획_2026-2030.pdf,중기지방재정계획,2026~2030,억원,경기도형 스마트공 장 구축 및 컨설팅 지원(자체/지원),2026.01.01.~2030.12.31,105,0,105,0,21,21,21,21,21,2026,37019,2026-09-20
경기도_중기지방재정계획_2026-2030.pdf,중기지방재정계획,2026~2030,억원,산업 밸류체인 디지 털전환 지원센터 조 성(자체/직접),2022.5. ~ 2026.12.,30,24,6,0,6,0,0,0,0,2026,37034,2026-09-20
경기도_중기지방재정계획_2026-2030.pdf,중기지방재정계획,2026~2030,억원,산업데이터 표준 확 산 기반구축(자체/ 직접),2024. 8. ~ 2028. 12.,30,12,18,0,12,3,3,0,0,2026,37049,2026-09-20
경기도_중기지방재정계획_2026-2030.pdf,중기지방재정계획,2026~2030,억원,메이커스페이스 전 문랩 구축운영(자체 /직접),2022. 4. ~ 2026. 12.,19,15,4,0,4,0,0,0,0,2026,37067,2026-09-20
경기도_중기지방재정계획_2026-2030.pdf,중기지방재정계획,2026~2030,억원,3D프린팅 기술 지원 (자체/직접),2024. 5. ~ 2028. 12.,10,4,6,0,2,2,2,0,0,2026,37085,2026-09-20
경기도_중기지방재정계획_2026-2030.pdf,중기지방재정계획,2026~2030,억원,자 소  계 2026 2027 2028 2029 2030 경기도 로봇산업 육 성지원(자체/직접),기간:2026.01~2030.12,225,0,225,0,45,45,45,45,45,2026,37128,2026-09-20
경기도_중기지방재정계획_2026-2030.pdf,중기지방재정계획,2026~2030,억원,로봇직업교육센터 구축사업(자체/직접 ),2025.7.~2028.12.,22,0,22,0,7,7,8,0,0,2026,37143,2026-09-20
경기도_중기지방재정계획_2026-2030.pdf,중기지방재정계획,2026~2030,억원,경기도 안산시 강소 형 스마트도시 조성 사업(균특/지원),2025.6.~2027.12.,80,20,60,0,20,40,0,0,0,2026,37178,2026-09-20
경기도_중기지방재정계획_2026-2030.pdf,중기지방재정계획,2026~2030,억원,운영(미래성장산업 국 소관)(자체/직접 ),2026.01~2030.12,135,0,135,0,27,27,27,27,27,2026,37197,2026-09-20
경기도_중기지방재정계획_2026-2030.pdf,중기지방재정계획,2026~2030,억원,자 소  계 2026 2027 2028 2029 2030 게임산업육성(자체/ 직접),기간:2026.01~2030.12,144,0,144,0,27,28,29,30,31,2026,37237,2026-09-20
경기도_중기지방재정계획_2026-2030.pdf,중기지방재정계획,2026~2030,억원,건전게임문화 조성( 자체/직접),기간:2026.01~2030.12,92,0,92,0,17,18,18,19,20,2026,37251,2026-09-20
경기도_중기지방재정계획_2026-2030.pdf,중기지방재정계획,2026~2030,억원,플레이엑스포 개최( 자체/직접),기간:2025.01~2029.12,125,0,125,0,25,25,25,25,25,2026,37266,2026-09-20
경기도_중기지방재정계획_2026-2030.pdf,중기지방재정계획,2026~2030,억원,경기 e스포츠 육성( 자체/직접),2026.01~2030.12,48,0,48,0,12,12,12,12,0,2026,37279,2026-09-20
경기도_중기지방재정계획_2026-2030.pdf,중기지방재정계획,2026~2030,억원,가상융합 산업육성( 자체/직접),기간:2026.01~2030.12,250,0,250,0,50,50,50,50,50,2026,37293,2026-09-20
경기도_중기지방재정계획_2026-2030.pdf,중기지방재정계획,2026~2030,억원,기업 종합지원 거점 센터 운영(자체/직 접),기간:2026.01~2030.12.,40,0,40,0,8,8,8,8,8,2026,37306,2026-09-20
경기도_중기지방재정계획_2026-2030.pdf,중기지방재정계획,2026~2030,억원,심 대학지원체계( RISE) 구축·지원( 국비/직접),2026.1.~2030.12.,6599,0,6599,0,1320,1320,1320,1320,1320,2026,37357,2026-09-20
경기도_중기지방재정계획_2026-2030.pdf,중기지방재정계획,2026~2030,억원,경기도지역협력연구 센터(GRRC) 지원(자 체/직접),2026.01.~2030.12.,21,0,21,0,4,4,4,4,4,2026,37372,2026-09-20
경기도_중기지방재정계획_2026-2030.pdf,중기지방재정계획,2026~2030,억원,경기도지역협력연구 센터(GRRC) 지원(자 체/지원),2026.01. ~ 2030.12.,100,0,100,0,20,20,20,20,20,2026,37383,2026-09-20
경기도_중기지방재정계획_2026-2030.pdf,중기지방재정계획,2026~2030,억원,경기도 대학혁신플 랫폼 지원(자체/직 접),2026.08. ~ 2030.12.,105,0,105,0,21,21,21,21,21,2026,37396,2026-09-20
경기도_중기지방재정계획_2026-2030.pdf,중기지방재정계획,2026~2030,억원,기술개발사업(자체/ 직접),2026.1.~2030.12.,300,0,300,0,60,60,60,60,60,2026,37408,2026-09-20
경기도_중기지방재정계획_2026-2030.pdf,중기지방재정계획,2026~2030,억원,R&D 첫걸음 기업연 구소 지원(자체/직 접),2026.1.~2030.12.,170,0,170,0,34,34,34,34,34,2026,37448,2026-09-20
경기도_중기지방재정계획_2026-2030.pdf,중기지방재정계획,2026~2030,억원,경기도 R&D 과제관 리시스템(G-PMS) 운 영(자체/직접),기간 : 2026 ~ 2030,25,0,25,0,5,5,5,5,5,2026,37459,2026-09-20
경기도_중기지방재정계획_2026-2030.pdf,중기지방재정계획,2026~2030,억원,경기도 여성과학기 술인 연구개발 지원 (자체/직접),2026.1.~2030.12.,85,0,85,0,10,15,20,20,20,2026,37470,2026-09-20
경기도_중기지방재정계획_2026-2030.pdf,중기지방재정계획,2026~2030,억원,경기산학융합지구 성과활용지원(자체/ 직접),2026.1.~2030.12.,43,0,43,0,9,9,9,9,9,2026,37481,2026-09-20
경기도_중기지방재정계획_2026-2030.pdf,중기지방재정계획,2026~2030,억원,대학-기업 연계형 Open-Lab 육성지원 사업(균특/직접),2026년 1월~12월,16,0,16,0,16,0,0,0,0,2026,37496,2026-09-20
경기도_중기지방재정계획_2026-2030.pdf,중기지방재정계획,2026~2030,억원,자 소  계 2026 2027 2028 2029 2030 기술닥터(자체/직접 ),2026. 1. ~ 2030. 12.,30,0,30,0,6,6,6,6,6,2026,37544,2026-09-20
경기도_중기지방재정계획_2026-2030.pdf,중기지방재정계획,2026~2030,억원,기술닥터(자체/지원 ),기간:2026.01~2030.12,93,0,93,0,19,19,19,19,19,2026,37557,2026-09-20
경기도_중기지방재정계획_2026-2030.pdf,중기지방재정계획,2026~2030,억원,지식재산 창출 및 창업지원(자체/직접 ),기간:2025.01 ~ 2029.12,175,35,140,0,35,35,35,35,0,2026,37574,2026-09-20
경기도_중기지방재정계획_2026-2030.pdf,중기지방재정계획,2026~2030,억원,바이오 전문인력양 성(자체/직접),2026. 1 ~ 2030. 12,85,0,85,0,17,17,17,17,17,2026,37592,2026-09-20
경기도_중기지방재정계획_2026-2030.pdf,중기지방재정계획,2026~2030,억원,글로벌 바이오 네트 워크 캠퍼스 인력양 성(자체/지원),2026.1.~2030.12.,40,0,40,0,8,8,8,8,8,2026,37605,2026-09-20
경기도_중기지방재정계획_2026-2030.pdf,중기지방재정계획,2026~2030,억원,경기도 바이오기업 R&DB 종합지원(자체 /직접),2025.01~2029.12,60,0,60,0,12,12,12,12,12,2026,37649,2026-09-20
경기도_중기지방재정계획_2026-2030.pdf,중기지방재정계획,2026~2030,억원,디지털 합성바이오 연구장비 고도화(자 체/직접),기간:2026.01~2029.12,66,30,36,0,12,12,12,0,0,2026,37664,2026-09-20
경기도_중기지방재정계획_2026-2030.pdf,중기지방재정계획,2026~2030,억원,뷰티기업 마케팅 지 원(자체/직접),기간:2026.1.~2030.12.,50,0,50,0,10,10,10,10,10,2026,37678,2026-09-20
화성시_중기지방재정계획_2026-2030.pdf,중기지방재정계획,2026~2030,백만원,의정활동 역량 강화,기간: 연례반복,2278,0,2278,0,456,456,456,456,456,2026,1754,2026-09-20
화성시_중기지방재정계획_2026-2030.pdf,중기지방재정계획,2026~2030,백만원,의정활동 역량 강화,기간: 연례반복,2278,0,2278,0,456,456,456,456,456,2026,1807,2026-09-20
화성시_중기지방재정계획_2026-2030.pdf,중기지방재정계획,2026~2030,백만원,언론 및 간행물을 통한 의정활동 홍보,기간:연례반복,2515,0,2515,0,503,503,503,503,503,2026,1852,2026-09-20
화성시_중기지방재정계획_2026-2030.pdf,중기지방재정계획,2026~2030,백만원,다양한 미디어를 통 한 의정활동 홍보,기간: 연중상시,4165,0,4165,0,833,833,833,833,833,2026,1862,2026-09-20
화성시_중기지방재정계획_2026-2030.pdf,중기지방재정계획,2026~2030,백만원,지방선거 의무경비 지원,기간:2026.1.~6.,7277,0,7277,0,7277,0,0,0,0,2026,1875,2026-09-20
화성시_중기지방재정계획_2026-2030.pdf,중기지방재정계획,2026~2030,백만원,화성도시공사 3기 신도시 사업 지원,기간:2025.1.~2026.12.,100000,0,100000,0,30000,0,0,30000,40000,2026,1931,2026-09-20
화성시_중기지방재정계획_2026-2030.pdf,중기지방재정계획,2026~2030,백만원,납세고지서 송달,기간: 연례 반복,93,0,93,0,18,19,19,19,19,2026,1942,2026-09-20
화성시_중기지방재정계획_2026-2030.pdf,중기지방재정계획,2026~2030,백만원,납세고지서 송달(만 세구 세무1과),기간: 연례반복,1141,0,1141,0,228,228,228,228,228,2026,1956,2026-09-20
화성시_중기지방재정계획_2026-2030.pdf,중기지방재정계획,2026~2030,백만원,화성도시공사 3기 신도시 사업 지원,기간:2025.1.~2026.12.,100000,0,100000,0,30000,0,0,30000,40000,2026,2006,2026-09-20
화성시_중기지방재정계획_2026-2030.pdf,중기지방재정계획,2026~2030,백만원,납세고지서 송달,기간: 연례 반복,93,0,93,0,18,19,19,19,19,2026,2017,2026-09-20
화성시_중기지방재정계획_2026-2030.pdf,중기지방재정계획,2026~2030,백만원,납세고지서 송달(만 세구 세무1과),기간: 연례반복,1141,0,1141,0,228,228,228,228,228,2026,2031,2026-09-20
화성시_중기지방재정계획_2026-2030.pdf,중기지방재정계획,2026~2030,백만원,납세고지서 송달(효 행구),기간: 연례 반복,1141,0,1141,0,228,228,228,228,228,2026,2083,2026-09-20
화성시_중기지방재정계획_2026-2030.pdf,중기지방재정계획,2026~2030,백만원,고지서 및 안내문 송달(동탄구),기간:2025.01.01.~ 2030.12.31.,3045,0,3045,0,585,597,609,621,633,2026,2096,2026-09-20
화성시_중기지방재정계획_2026-2030.pdf,중기지방재정계획,2026~2030,백만원,정책연구·협업,기간:2025~2029,1660,0,1660,0,332,332,332,332,332,2026,2112,2026-09-20
화성시_중기지방재정계획_2026-2030.pdf,중기지방재정계획,2026~2030,백만원,이 자 소  계 2026 2027 2028 2029 2030 화성시연구원 운영,기간:2025. 1. ~ 2025.12.,25000,0,25000,0,4500,4500,4000,5500,6500,2026,2151,2026-09-20
화성시_중기지방재정계획_2026-2030.pdf,중기지방재정계획,2026~2030,백만원,지속가능발전사업 지원,기간:연례반복,1963,0,1963,0,393,393,393,393,393,2026,2164,2026-09-20
화성시_중기지방재정계획_2026-2030.pdf,중기지방재정계획,2026~2030,백만원,법무행정운영,기간:2026.1.1.~2030.12.31.(반복),4259,0,4259,0,852,852,852,852,852,2026,2178,2026-09-20
화성시_중기지방재정계획_2026-2030.pdf,중기지방재정계획,2026~2030,백만원,기획홍보 및 홍보물 제작,기간: 2026. 1. 1. ~,3736,0,3736,0,747,747,747,747,747,2026,2194,2026-09-20
화성시_중기지방재정계획_2026-2030.pdf,중기지방재정계획,2026~2030,백만원,이 자 소  계 2026 2027 2028 2029 2030 화성시연구원 운영,기간:2025. 1. ~ 2025.12.,25000,0,25000,0,4500,4500,4000,5500,6500,2026,2233,2026-09-20
화성시_중기지방재정계획_2026-2030.pdf,중기지방재정계획,2026~2030,백만원,지속가능발전사업 지원,기간:연례반복,1963,0,1963,0,393,393,393,393,393,2026,2246,2026-09-20
화성시_중기지방재정계획_2026-2030.pdf,중기지방재정계획,2026~2030,백만원,법무행정운영,기간:2026.1.1.~2030.12.31.(반복),4259,0,4259,0,852,852,852,852,852,2026,2260,2026-09-20
화성시_중기지방재정계획_2026-2030.pdf,중기지방재정계획,2026~2030,백만원,기획홍보 및 홍보물 제작,기간: 2026. 1. 1. ~,3736,0,3736,0,747,747,747,747,747,2026,2276,2026-09-20
화성시_중기지방재정계획_2026-2030.pdf,중기지방재정계획,2026~2030,백만원,군용비행장 소음피 해 보상금 지급,기간:2026. 1. 1. ~,1859,0,1859,0,372,372,372,372,372,2026,2318,2026-09-20
화성시_중기지방재정계획_2026-2030.pdf,중기지방재정계획,2026~2030,백만원,행정공간정보 체계 구축,기간:2026. 1 ~ 2030. 12,2403,0,2403,0,481,481,481,481,481,2026,2337,2026-09-20
화성시_중기지방재정계획_2026-2030.pdf,중기지방재정계획,2026~2030,백만원,정보통신보강사업,기간:연례반복,6425,0,6425,0,1236,1260,1285,1310,1334,2026,2352,2026-09-20
화성시_중기지방재정계획_2026-2030.pdf,중기지방재정계획,2026~2030,백만원,청내 통신장비 및 회선 관리,기간:2026.01~2030.12,10582,0,10582,0,2116,2116,2116,2116,2116,2026,2363,2026-09-20
화성시_중기지방재정계획_2026-2030.pdf,중기지방재정계획,2026~2030,백만원,정보화 운영환경 지 원,기간:2026.01~2030.12,3593,0,3593,0,698,708,719,729,739,2026,2404,2026-09-20
화성시_중기지방재정계획_2026-2030.pdf,중기지방재정계획,2026~2030,백만원,행정정보시스템 운 영,기간:2026.1.1.~,2470,0,2470,0,535,476,481,486,491,2026,2417,2026-09-20
화성시_중기지방재정계획_2026-2030.pdf,중기지방재정계획,2026~2030,백만원,공공 와이파이 구축 및 운영,기간:2026.01~2030.12,3120,0,3120,0,624,624,624,624,624,2026,2429,2026-09-20
화성시_중기지방재정계획_2026-2030.pdf,중기지방재정계획,2026~2030,백만원,공공기관 통합업무 시스템 운영,기간:2026. 1. ~ 2030. 12.,7219,0,7219,0,1387,1415,1443,1472,1502,2026,2441,2026-09-20
화성시_중기지방재정계획_2026-2030.pdf,중기지방재정계획,2026~2030,백만원,예비군 육성 지원,기간:연례반복,2340,0,2340,0,450,459,468,477,486,2026,2456,2026-09-20
화성시_중기지방재정계획_2026-2030.pdf,중기지방재정계획,2026~2030,백만원,정보화 운영환경 지 원,기간:2026.01~2030.12,3593,0,3593,0,698,708,719,729,739,2026,2496,2026-09-20
화성시_중기지방재정계획_2026-2030.pdf,중기지방재정계획,2026~2030,백만원,행정정보시스템 운 영,기간:2026.1.1.~,2470,0,2470,0,535,476,481,486,491,2026,2509,2026-09-20
화성시_중기지방재정계획_2026-2030.pdf,중기지방재정계획,2026~2030,백만원,공공 와이파이 구축 및 운영,기간:2026.01~2030.12,3120,0,3120,0,624,624,624,624,624,2026,2521,2026-09-20
화성시_중기지방재정계획_2026-2030.pdf,중기지방재정계획,2026~2030,백만원,공공기관 통합업무 시스템 운영,기간:2026. 1. ~ 2030. 12.,7219,0,7219,0,1387,1415,1443,1472,1502,2026,2533,2026-09-20
화성시_중기지방재정계획_2026-2030.pdf,중기지방재정계획,2026~2030,백만원,예비군 육성 지원,기간:연례반복,2340,0,2340,0,450,459,468,477,486,2026,2548,2026-09-20
화성시_중기지방재정계획_2026-2030.pdf,중기지방재정계획,2026~2030,백만원,행정기록물 관리,기간:연례반복,5007,0,5007,0,834,834,834,1253,1253,2026,2587,2026-09-20
화성시_중기지방재정계획_2026-2030.pdf,중기지방재정계획,2026~2030,백만원,맞춤형 복지제도 운 영,기간:2026.1. ~ 2030.12.,52470,0,52470,0,10286,10389,10493,10598,10704,2026,2599,2026-09-20
화성시_중기지방재정계획_2026-2030.pdf,중기지방재정계획,2026~2030,백만원,직원복지 시책추진,기간:2026. 1. ~ 2030. 12.,10201,0,10201,0,2040,2040,2040,2040,2040,2026,2610,2026-09-20
화성시_중기지방재정계획_2026-2030.pdf,중기지방재정계획,2026~2030,백만원,직장 어린이집 운영,기간:연례반복,3275,0,3275,0,617,635,654,674,694,2026,2622,2026-09-20
화성시_중기지방재정계획_2026-2030.pdf,중기지방재정계획,2026~2030,백만원,공무국외출장 지원,기간:2025년~2030년,2534,0,2534,0,507,507,507,507,507,2026,2634,2026-09-20
화성시_중기지방재정계획_2026-2030.pdf,중기지방재정계획,2026~2030,백만원,자율방범대 지원,기간:연례반복,1261,0,1261,0,305,174,174,305,305,2026,2672,2026-09-20
화성시_중기지방재정계획_2026-2030.pdf,중기지방재정계획,2026~2030,백만원,주민자치센터 운영 지원,기간:2025.01~2030.12,14597,0,14597,0,2590,2655,2719,3084,3549,2026,2684,2026-09-20
화성시_중기지방재정계획_2026-2030.pdf,중기지방재정계획,2026~2030,백만원,주민자치 역량강화 지원,기간:2025.01~2030.12,6585,0,6585,0,1317,1317,1317,1317,1317,2026,2698,2026-09-20
화성시_중기지방재정계획_2026-2030.pdf,중기지방재정계획,2026~2030,백만원,경기행복마을관리소 설치 운영,기간:2025.01~2029.12,1750,0,1750,0,350,350,350,350,350,2026,2712,2026-09-20
화성시_중기지방재정계획_2026-2030.pdf,중기지방재정계획,2026~2030,백만원,자율방범대 지원,기간:연례반복,1261,0,1261,0,305,174,174,305,305,2026,2754,2026-09-20
화성시_중기지방재정계획_2026-2030.pdf,중기지방재정계획,2026~2030,백만원,주민자치센터 운영 지원,기간:2025.01~2030.12,14597,0,14597,0,2590,2655,2719,3084,3549,2026,2766,2026-09-20
화성시_중기지방재정계획_2026-2030.pdf,중기지방재정계획,2026~2030,백만원,주민자치 역량강화 지원,기간:2025.01~2030.12,6585,0,6585,0,1317,1317,1317,1317,1317,2026,2780,2026-09-20
화성시_중기지방재정계획_2026-2030.pdf,중기지방재정계획,2026~2030,백만원,경기행복마을관리소 설치 운영,기간:2025.01~2029.12,1750,0,1750,0,350,350,350,350,350,2026,2794,2026-09-20
화성시_중기지방재정계획_2026-2030.pdf,중기지방재정계획,2026~2030,백만원,마을공동체지원센터 운영 지원,기간: 2025.01.~2030.12.,3242,0,3242,0,648,648,648,648,648,2026,2835,2026-09-20
화성시_중기지방재정계획_2026-2030.pdf,중기지방재정계획,2026~2030,백만원,자원봉사센터 지원,기간: 2025. 01. ~ 2030.,15384,0,15384,0,3077,3077,3077,3077,3077,2026,2848,2026-09-20
화성시_중기지방재정계획_2026-2030.pdf,중기지방재정계획,2026~2030,백만원,자원봉사 정책 개발,기간:2025.1 ~2030.12.,2439,0,2439,0,488,488,488,488,488,2026,2860,2026-09-20
화성시_중기지방재정계획_2026-2030.pdf,중기지방재정계획,2026~2030,백만원,사회 공익서비스 지 원,기간:2025.01~2030.12,2242,0,2242,0,422,435,448,461,475,2026,2874,2026-09-20
화성시_중기지방재정계획_2026-2030.pdf,중기지방재정계획,2026~2030,백만원,자율방범대 지원(효 행구),기간:연례반복,625,0,625,0,105,105,105,155,155,2026,2928,2026-09-20
화성시_중기지방재정계획_2026-2030.pdf,중기지방재정계획,2026~2030,백만원,자율방범대 지원(동 탄구),기간:연례반복,855,0,855,0,165,165,165,175,185,2026,2951,2026-09-20
화성시_중기지방재정계획_2026-2030.pdf,중기지방재정계획,2026~2030,백만원,자율방범대 지원(효 행구),기간:연례반복,625,0,625,0,105,105,105,155,155,2026,2998,2026-09-20
화성시_중기지방재정계획_2026-2030.pdf,중기지방재정계획,2026~2030,백만원,자율방범대 지원(동 탄구),기간:연례반복,855,0,855,0,165,165,165,175,185,2026,3021,2026-09-20
화성시_중기지방재정계획_2026-2030.pdf,중기지방재정계획,2026~2030,백만원,자체 직장 교육,기간:2025.1.1.~,2382,0,2382,0,458,467,476,485,495,2026,3060,2026-09-20
화성시_중기지방재정계획_2026-2030.pdf,중기지방재정계획,2026~2030,백만원,직원 위탁 교육,기간:2025.1.1.~,8811,0,8811,0,1693,1727,1761,1797,1833,2026,3071,2026-09-20
화성시_중기지방재정계획_2026-2030.pdf,중기지방재정계획,2026~2030,백만원,민원발급기 구입 및 유지 관리,기간: 2026~2030년,3229,0,3229,0,850,595,595,595,595,2026,3088,2026-09-20
화성시_중기지방재정계획_2026-2030.pdf,중기지방재정계획,2026~2030,백만원,화성시 콜센터 운영,기간:2026.1.1.~,8135,0,8135,0,1627,1627,1627,1627,1627,2026,3099,2026-09-20
화성시_중기지방재정계획_2026-2030.pdf,중기지방재정계획,2026~2030,백만원,민원 업무 추진,기간:연례반복,2064,0,2064,0,463,463,413,363,363,2026,3111,2026-09-20
화성시_중기지방재정계획_2026-2030.pdf,중기지방재정계획,2026~2030,백만원,민원 업무 추진(만 세구),기간:연례반복,161,0,161,0,32,32,32,32,32,2026,3153,2026-09-20
화성시_중기지방재정계획_2026-2030.pdf,중기지방재정계획,2026~2030,백만원,민원 업무 추진(효 행구),기간:연례반복,128,0,128,0,26,26,26,26,26,2026,3168,2026-09-20
화성시_중기지방재정계획_2026-2030.pdf,중기지방재정계획,2026~2030,백만원,통합재정안정화기금 재정안정화계정 적 립,기간:2024.1.~2028.12.,33810,0,33810,0,0,0,0,14700,19110,2026,3182,2026-09-20
화성시_중기지방재정계획_2026-2030.pdf,중기지방재정계획,2026~2030,백만원,민원 업무 추진(만 세구),기간:연례반복,161,0,161,0,32,32,32,32,32,2026,3234,2026-09-20
화성시_중기지방재정계획_2026-2030.pdf,중기지방재정계획,2026~2030,백만원,민원 업무 추진(효 행구),기간:연례반복,128,0,128,0,26,26,26,26,26,2026,3249,2026-09-20
화성시_중기지방재정계획_2026-2030.pdf,중기지방재정계획,2026~2030,백만원,통합재정안정화기금 재정안정화계정 적 립,기간:2024.1.~2028.12.,33810,0,33810,0,0,0,0,14700,19110,2026,3263,2026-09-20
화성시_중기지방재정계획_2026-2030.pdf,중기지방재정계획,2026~2030,백만원,남양읍 행정복지센 터 건립,기간:,28818,3888,24930,0,17000,7930,0,0,0,2026,3317,2026-09-20
화성시_중기지방재정계획_2026-2030.pdf,중기지방재정계획,2026~2030,백만원,남양읍 행정복지센 터 건립 기간:,2021.10.~2027.07.,28818,3888,24930,0,17000,7930,0,0,0,2026,3318,2026-09-20
화성시_중기지방재정계획_2026-2030.pdf,중기지방재정계획,2026~2030,백만원,봉담읍 행정복지센 터 건립 추진,기간:,56497,160,56337,0,2182,15197,24606,14352,0,2026,3332,2026-09-20
화성시_중기지방재정계획_2026-2030.pdf,중기지방재정계획,2026~2030,백만원,봉담읍 행정복지센 터 건립 추진 기간:,2020.03.~2029.10.,56497,160,56337,0,2182,15197,24606,14352,0,2026,3333,2026-09-20
화성시_중기지방재정계획_2026-2030.pdf,중기지방재정계획,2026~2030,백만원,향남읍 행정복지센 터 이전 건립 추진,기간: 2020.03.~2029.07.,36493,680,35813,0,7148,14365,10441,3859,0,2026,3345,2026-09-20
화성시_중기지방재정계획_2026-2030.pdf,중기지방재정계획,2026~2030,백만원,시ㆍ의회청사 및 관 사관리,기간: 2026.01.~2030.12.,51871,0,51871,0,9774,9774,9774,10774,11774,2026,3358,2026-09-20
화성시_중기지방재정계획_2026-2030.pdf,중기지방재정계획,2026~2030,백만원,공용차량 유지 및 관리,기간: 2026.01~2030.12,14898,0,14898,0,2380,2380,2380,3380,4380,2026,3369,2026-09-20
화성시_중기지방재정계획_2026-2030.pdf,중기지방재정계획,2026~2030,백만원,시유재산 관리,기간:,17396,0,17396,0,3375,3505,3505,3505,3505,2026,3409,2026-09-20
화성시_중기지방재정계획_2026-2030.pdf,중기지방재정계획,2026~2030,백만원,시유재산 관리 기간:,2026.01.~2030.12.,17396,0,17396,0,3375,3505,3505,3505,3505,2026,3410,2026-09-20
화성시_중기지방재정계획_2026-2030.pdf,중기지방재정계획,2026~2030,백만원,지적재조사사업 추 진,기간:2026. 1. 1. ~,10997,0,10997,0,2199,2199,2199,2199,2199,2026,3423,2026-09-20
화성시_중기지방재정계획_2026-2030.pdf,중기지방재정계획,2026~2030,백만원,개별공시지가 조사 ㆍ산정,기간:2026.1.~ 2030.12.,2100,0,2100,0,420,420,420,420,420,2026,3445,2026-09-20
화성시_중기지방재정계획_2026-2030.pdf,중기지방재정계획,2026~2030,백만원,시유재산 관리,기간:,17396,0,17396,0,3375,3505,3505,3505,3505,2026,3495,2026-09-20
화성시_중기지방재정계획_2026-2030.pdf,중기지방재정계획,2026~2030,백만원,시유재산 관리 기간:,2026.01.~2030.12.,17396,0,17396,0,3375,3505,3505,3505,3505,2026,3496,2026-09-20
화성시_중기지방재정계획_2026-2030.pdf,중기지방재정계획,2026~2030,백만원,지적재조사사업 추 진,기간:2026. 1. 1. ~,10997,0,10997,0,2199,2199,2199,2199,2199,2026,3509,2026-09-20
화성시_중기지방재정계획_2026-2030.pdf,중기지방재정계획,2026~2030,백만원,개별공시지가 조사 ㆍ산정,기간:2026.1.~ 2030.12.,2100,0,2100,0,420,420,420,420,420,2026,3531,2026-09-20
화성시_중기지방재정계획_2026-2030.pdf,중기지방재정계획,2026~2030,백만원,주소정보의 구축 및 정비,기간:2025.01~2029.12,2755,0,2755,0,551,551,551,551,551,2026,3588,2026-09-20
화성시_중기지방재정계획_2026-2030.pdf,중기지방재정계획,2026~2030,백만원,미지급용지 보상,기간:2024.01~2028.12,1463,0,1463,0,463,250,250,250,250,2026,3600,2026-09-20
화성시_중기지방재정계획_2026-2030.pdf,중기지방재정계획,2026~2030,백만원,향남문화복합센터 건립(공공도서관),기간:2019.10~2024.4.,15000,15000,0,0,0,0,0,0,0,2026,3614,2026-09-20
화성시_중기지방재정계획_2026-2030.pdf,중기지방재정계획,2026~2030,백만원,대언론 홍보채널 강 화,기간:2026~2030년,10920,0,10920,0,2120,2200,2200,2200,2200,2026,3659,2026-09-20
화성시_중기지방재정계획_2026-2030.pdf,중기지방재정계획,2026~2030,백만원,방송 홍보채널 강화,2026~2030년,6568,0,6568,0,1314,1314,1314,1314,1314,2026,3670,2026-09-20
화성시_중기지방재정계획_2026-2030.pdf,중기지방재정계획,2026~2030,백만원,화성시 공모전,기간:2025.01~2029.12,1081,0,1081,0,216,216,216,216,216,2026,3683,2026-09-20
화성시_중기지방재정계획_2026-2030.pdf,중기지방재정계획,2026~2030,백만원,미디어 홍보매체 운 영,기간:2026.01~2030.12,2383,0,2383,0,477,477,477,477,477,2026,3700,2026-09-20
화성시_중기지방재정계획_2026-2030.pdf,중기지방재정계획,2026~2030,백만원,홍보시설 활용 홍보,기간:2026.01~2030.12,3250,0,3250,0,650,650,650,650,650,2026,3712,2026-09-20
화성시_중기지방재정계획_2026-2030.pdf,중기지방재정계획,2026~2030,백만원,대언론 홍보채널 강 화,기간:2026~2030년,10920,0,10920,0,2120,2200,2200,2200,2200,2026,3753,2026-09-20
화성시_중기지방재정계획_2026-2030.pdf,중기지방재정계획,2026~2030,백만원,방송 홍보채널 강화,2026~2030년,6568,0,6568,0,1314,1314,1314,1314,1314,2026,3764,2026-09-20
화성시_중기지방재정계획_2026-2030.pdf,중기지방재정계획,2026~2030,백만원,화성시 공모전,기간:2025.01~2029.12,1081,0,1081,0,216,216,216,216,216,2026,3777,2026-09-20
화성시_중기지방재정계획_2026-2030.pdf,중기지방재정계획,2026~2030,백만원,미디어 홍보매체 운 영,기간:2026.01~2030.12,2383,0,2383,0,477,477,477,477,477,2026,3794,2026-09-20
화성시_중기지방재정계획_2026-2030.pdf,중기지방재정계획,2026~2030,백만원,홍보시설 활용 홍보,기간:2026.01~2030.12,3250,0,3250,0,650,650,650,650,650,2026,3806,2026-09-20
화성시_중기지방재정계획_2026-2030.pdf,중기지방재정계획,2026~2030,백만원,시 대표 홈페이지 운영,기간:2026.01~2030.12,2870,0,2870,0,574,574,574,574,574,2026,3847,2026-09-20
화성시_중기지방재정계획_2026-2030.pdf,중기지방재정계획,2026~2030,백만원,화성시 통합예약시 스템 운영,기간: 2026.01~2030.12,3604,0,3604,0,721,721,721,721,721,2026,3860,2026-09-20
화성시_중기지방재정계획_2026-2030.pdf,중기지방재정계획,2026~2030,백만원,화성 인공지능 박람 회 개최 추진,기간:연례반복,4990,0,4990,0,998,998,998,998,998,2026,3878,2026-09-20
화성시_중기지방재정계획_2026-2030.pdf,중기지방재정계획,2026~2030,백만원,화성 인공지능 컨퍼 런스 개최 추진,기간: 2025. ~ 2029.,1470,0,1470,0,294,294,294,294,294,2026,3895,2026-09-20
화성시_중기지방재정계획_2026-2030.pdf,중기지방재정계획,2026~2030,백만원,자 소  계 2026 2027 2028 2029 2030 인공지능 도입 사업 발굴 추진,기간:2026. 1 ~ 2030.,68,0,68,0,14,14,14,14,14,2026,3941,2026-09-20
화성시_중기지방재정계획_2026-2030.pdf,중기지방재정계획,2026~2030,백만원,공공데이터 기관 평 가 대응,기간: 2026. 6. ~ 11.,668,0,668,0,156,156,156,100,100,2026,3957,2026-09-20
화성시_중기지방재정계획_2026-2030.pdf,중기지방재정계획,2026~2030,백만원,빅데이터 플랫폼 운 영,기간: 2026 연중,779,0,779,0,156,156,156,156,156,2026,3967,2026-09-20
화성시_중기지방재정계획_2026-2030.pdf,중기지방재정계획,2026~2030,백만원,문제해결형 도시데 이터플랫폼 고도화,기간: 2026. 1. ~ 11.,400,0,400,0,400,0,0,0,0,2026,3980,2026-09-20
화성시_중기지방재정계획_2026-2030.pdf,중기지방재정계획,2026~2030,백만원,데이터 활용 역량 강화,기간: 2026 연중,147,0,147,0,29,29,29,29,29,2026,3991,2026-09-20
화성시_중기지방재정계획_2026-2030.pdf,중기지방재정계획,2026~2030,백만원,자 소  계 2026 2027 2028 2029 2030 인공지능 도입 사업 발굴 추진,기간:2026. 1 ~ 2030.,68,0,68,0,14,14,14,14,14,2026,4033,2026-09-20
화성시_중기지방재정계획_2026-2030.pdf,중기지방재정계획,2026~2030,백만원,공공데이터 기관 평 가 대응,기간: 2026. 6. ~ 11.,668,0,668,0,156,156,156,100,100,2026,4049,2026-09-20
화성시_중기지방재정계획_2026-2030.pdf,중기지방재정계획,2026~2030,백만원,빅데이터 플랫폼 운 영,기간: 2026 연중,779,0,779,0,156,156,156,156,156,2026,4059,2026-09-20
화성시_중기지방재정계획_2026-2030.pdf,중기지방재정계획,2026~2030,백만원,문제해결형 도시데 이터플랫폼 고도화,기간: 2026. 1. ~ 11.,400,0,400,0,400,0,0,0,0,2026,4072,2026-09-20
화성시_중기지방재정계획_2026-2030.pdf,중기지방재정계획,2026~2030,백만원,데이터 활용 역량 강화,기간: 2026 연중,147,0,147,0,29,29,29,29,29,2026,4083,2026-09-20
화성시_중기지방재정계획_2026-2030.pdf,중기지방재정계획,2026~2030,백만원,이 자 소  계 2026 2027 2028 2029 2030 통계업무 지원,기간: 2026 연중,208,0,208,0,42,42,42,42,42,2026,4124,2026-09-20
화성시_중기지방재정계획_2026-2030.pdf,중기지방재정계획,2026~2030,백만원,화성시(경기도) 사 회조사(보조),기간: 2026. 8.(예정),373,0,373,0,75,75,75,75,75,2026,4138,2026-09-20
화성시_중기지방재정계획_2026-2030.pdf,중기지방재정계획,2026~2030,백만원,경제총조사,기간: 2026. 6. ~ 7.,2548,0,2548,0,370,544,544,544,544,2026,4148,2026-09-20
화성시_중기지방재정계획_2026-2030.pdf,중기지방재정계획,2026~2030,백만원,청사관리(병점구),기간:2026. 1. 1. ~ 2030. 12. 31.,6645,0,6645,0,1329,1329,1329,1329,1329,2026,4162,2026-09-20
화성시_중기지방재정계획_2026-2030.pdf,중기지방재정계획,2026~2030,백만원,자 소  계 2026 2027 2028 2029 2030 청사 운영 관리(동 탄구),기간: 2025~2030,10608,0,10608,0,2080,2100,2121,2143,2164,2026,4206,2026-09-20
화성시_중기지방재정계획_2026-2030.pdf,중기지방재정계획,2026~2030,백만원,청사관리,기간:연례반복,2096,0,2096,0,343,378,416,457,503,2026,4219,2026-09-20
화성시_중기지방재정계획_2026-2030.pdf,중기지방재정계획,2026~2030,백만원,통·리·반장 활동 지원,기간:2026.1.~2030.12.,3089,0,3089,0,559,587,616,647,679,2026,4230,2026-09-20
화성시_중기지방재정계획_2026-2030.pdf,중기지방재정계획,2026~2030,백만원,생활환경 개선,기간:2026.1. ~ 2030.12.,5059,0,5059,0,916,961,1009,1060,1113,2026,4251,2026-09-20
화성시_중기지방재정계획_2026-2030.pdf,중기지방재정계획,2026~2030,백만원,자 소  계 2026 2027 2028 2029 2030 청사 운영 관리(동 탄구),기간: 2025~2030,10608,0,10608,0,2080,2100,2121,2143,2164,2026,4291,2026-09-20
화성시_중기지방재정계획_2026-2030.pdf,중기지방재정계획,2026~2030,백만원,청사관리,기간:연례반복,2096,0,2096,0,343,378,416,457,503,2026,4304,2026-09-20
화성시_중기지방재정계획_2026-2030.pdf,중기지방재정계획,2026~2030,백만원,통·리·반장 활동 지원,기간:2026.1.~2030.12.,3089,0,3089,0,559,587,616,647,679,2026,4315,2026-09-20
화성시_중기지방재정계획_2026-2030.pdf,중기지방재정계획,2026~2030,백만원,생활환경 개선,기간:2026.1. ~ 2030.12.,5059,0,5059,0,916,961,1009,1060,1113,2026,4336,2026-09-20
화성시_중기지방재정계획_2026-2030.pdf,중기지방재정계획,2026~2030,백만원,생활환경 개선,기간: 2026년~2030년,2810,0,2810,0,562,562,562,562,562,2026,4377,2026-09-20
화성시_중기지방재정계획_2026-2030.pdf,중기지방재정계획,2026~2030,백만원,통·리·반장 활동 지원,기간:2025~2029,2867,0,2867,0,566,569,573,577,582,2026,4392,2026-09-20
화성시_중기지방재정계획_2026-2030.pdf,중기지방재정계획,2026~2030,백만원,주민참여예산(주민 숙원사업),기간:2025~2029,680,0,680,0,680,0,0,0,0,2026,4403,2026-09-20
화성시_중기지방재정계획_2026-2030.pdf,중기지방재정계획,2026~2030,백만원,생활환경 개선,기간:2025~2029,5676,0,5676,0,1135,1135,1135,1135,1135,2026,4414,2026-09-20
화성시_중기지방재정계획_2026-2030.pdf,중기지방재정계획,2026~2030,백만원,청사관리,기간:2026. 1. 1. ~ 2030.,1216,0,1216,0,240,240,240,248,248,2026,4455,2026-09-20
화성시_중기지방재정계획_2026-2030.pdf,중기지방재정계획,2026~2030,백만원,주민참여예산(주민 숙원사업),기간:2025. 1. ~ 2029. 12.,680,0,680,0,680,0,0,0,0,2026,4470,2026-09-20
화성시_중기지방재정계획_2026-2030.pdf,중기지방재정계획,2026~2030,백만원,생활환경 개선,기간:2026. 1. ~ 2030. 12.,4850,0,4850,0,970,970,970,970,970,2026,4478,2026-09-20
화성시_중기지방재정계획_2026-2030.pdf,중기지방재정계획,2026~2030,백만원,주민참여예산(주민 숙원사업),기간:2026. 1. 1. ~ 12. 31.,630,0,630,0,630,0,0,0,0,2026,4493,2026-09-20
화성시_중기지방재정계획_2026-2030.pdf,중기지방재정계획,2026~2030,백만원,생활환경 개선,기간:연례 반복,2293,0,2293,0,450,454,459,463,468,2026,4504,2026-09-20
화성시_중기지방재정계획_2026-2030.pdf,중기지방재정계획,2026~2030,백만원,청사관리,기간:2026. 1. 1. ~ 2030.,1216,0,1216,0,240,240,240,248,248,2026,4542,2026-09-20
화성시_중기지방재정계획_2026-2030.pdf,중기지방재정계획,2026~2030,백만원,주민참여예산(주민 숙원사업),기간:2025. 1. ~ 2029. 12.,680,0,680,0,680,0,0,0,0,2026,4557,2026-09-20
화성시_중기지방재정계획_2026-2030.pdf,중기지방재정계획,2026~2030,백만원,생활환경 개선,기간:2026. 1. ~ 2030. 12.,4850,0,4850,0,970,970,970,970,970,2026,4565,2026-09-20
화성시_중기지방재정계획_2026-2030.pdf,중기지방재정계획,2026~2030,백만원,주민참여예산(주민 숙원사업),기간:2026. 1. 1. ~ 12. 31.,630,0,630,0,630,0,0,0,0,2026,4580,2026-09-20
화성시_중기지방재정계획_2026-2030.pdf,중기지방재정계획,2026~2030,백만원,생활환경 개선,기간:연례 반복,2293,0,2293,0,450,454,459,463,468,2026,4591,2026-09-20
화성시_중기지방재정계획_2026-2030.pdf,중기지방재정계획,2026~2030,백만원,생활환경 개선,기간: 2025~2029,2089,0,2089,0,418,418,418,418,418,2026,4631,2026-09-20
화성시_중기지방재정계획_2026-2030.pdf,중기지방재정계획,2026~2030,백만원,주민참여예산(주민 숙원사업),2026. 1. 1. ~12.31.,630,0,630,0,630,0,0,0,0,2026,4643,2026-09-20
화성시_중기지방재정계획_2026-2030.pdf,중기지방재정계획,2026~2030,백만원,생활환경 개선,기간: 2026년~2030년,3102,0,3102,0,620,620,620,620,620,2026,4654,2026-09-20
화성시_중기지방재정계획_2026-2030.pdf,중기지방재정계획,2026~2030,백만원,생활환경 개선,기간: 2025년 ~ 2030년,2950,0,2950,0,580,585,590,595,600,2026,4666,2026-09-20
화성시_중기지방재정계획_2026-2030.pdf,중기지방재정계획,2026~2030,백만원,주민참여예산(주민 숙원사업),2026. 1. ~ 2026. 12.,630,0,630,0,630,0,0,0,0,2026,4706,2026-09-20
화성시_중기지방재정계획_2026-2030.pdf,중기지방재정계획,2026~2030,백만원,생활환경 개선,기간:2026.1.~2026.12.,3019,0,3019,0,604,604,604,604,604,2026,4718,2026-09-20
화성시_중기지방재정계획_2026-2030.pdf,중기지방재정계획,2026~2030,백만원,생활환경 개선,기간:2026년~2030년,2874,0,2874,0,520,546,573,602,632,2026,4732,2026-09-20
화성시_중기지방재정계획_2026-2030.pdf,중기지방재정계획,2026~2030,백만원,주민참여예산(주민 숙원사업),2026. 1. ~ 2026. 12.,630,0,630,0,630,0,0,0,0,2026,4780,2026-09-20
화성시_중기지방재정계획_2026-2030.pdf,중기지방재정계획,2026~2030,백만원,생활환경 개선,기간:2026.1.~2026.12.,3019,0,3019,0,604,604,604,604,604,2026,4792,2026-09-20
화성시_중기지방재정계획_2026-2030.pdf,중기지방재정계획,2026~2030,백만원,생활환경 개선,기간:2026년~2030년,2874,0,2874,0,520,546,573,602,632,2026,4806,2026-09-20
화성시_중기지방재정계획_2026-2030.pdf,중기지방재정계획,2026~2030,백만원,청사관리,기간:2026~2030,2589,0,2589,0,518,518,518,518,518,2026,4853,2026-09-20
화성시_중기지방재정계획_2026-2030.pdf,중기지방재정계획,2026~2030,백만원,주민참여예산(주민 숙원사업),기간: 매년,630,0,630,0,630,0,0,0,0,2026,4865,2026-09-20
화성시_중기지방재정계획_2026-2030.pdf,중기지방재정계획,2026~2030,백만원,생활환경 개선,기간:연례반복,2410,0,2410,0,482,482,482,482,482,2026,4874,2026-09-20
화성시_중기지방재정계획_2026-2030.pdf,중기지방재정계획,2026~2030,백만원,안전영상 CCTV 운영,기간:2025.01~2030.12,41191,0,41191,0,5238,5238,5238,10238,15238,2026,4931,2026-09-20
화성시_중기지방재정계획_2026-2030.pdf,중기지방재정계획,2026~2030,백만원,안전영상 CCTV 설치 및 개선,기간:2025.1. ~ 2029.12.,8694,0,8694,0,1139,1139,1139,2139,3139,2026,4943,2026-09-20
화성시_중기지방재정계획_2026-2030.pdf,중기지방재정계획,2026~2030,백만원,통합운영센터 정보 통신보안운영,기간:2025.01~2029.12,8565,0,8565,0,1113,1113,1113,2113,3113,2026,4957,2026-09-20
화성시_중기지방재정계획_2026-2030.pdf,중기지방재정계획,2026~2030,백만원,시민안전보험,기간:2025.01~2030.12,12019,0,12019,0,2404,2404,2404,2404,2404,2026,4973,2026-09-20
화성시_중기지방재정계획_2026-2030.pdf,중기지방재정계획,2026~2030,백만원,안전영상 CCTV 운영,기간:2025.01~2030.12,41191,0,41191,0,5238,5238,5238,10238,15238,2026,5019,2026-09-20
화성시_중기지방재정계획_2026-2030.pdf,중기지방재정계획,2026~2030,백만원,안전영상 CCTV 설치 및 개선,기간:2025.1. ~ 2029.12.,8694,0,8694,0,1139,1139,1139,2139,3139,2026,5031,2026-09-20
화성시_중기지방재정계획_2026-2030.pdf,중기지방재정계획,2026~2030,백만원,통합운영센터 정보 통신보안운영,기간:2025.01~2029.12,8565,0,8565,0,1113,1113,1113,2113,3113,2026,5045,2026-09-20
화성시_중기지방재정계획_2026-2030.pdf,중기지방재정계획,2026~2030,백만원,시민안전보험,기간:2025.01~2030.12,12019,0,12019,0,2404,2404,2404,2404,2404,2026,5061,2026-09-20
화성시_중기지방재정계획_2026-2030.pdf,중기지방재정계획,2026~2030,백만원,재난예방 및 복구에 관한 사업,기간:2026.01~2030.12,43000,0,43000,0,8600,8600,8600,8600,8600,2026,5100,2026-09-20
화성시_중기지방재정계획_2026-2030.pdf,중기지방재정계획,2026~2030,백만원,자연재난 안전관리,기간:2024.01~2028.12,1935,0,1935,0,387,387,387,387,387,2026,5114,2026-09-20
화성시_중기지방재정계획_2026-2030.pdf,중기지방재정계획,2026~2030,백만원,재난 예경보시스템 확충사업,기간:2026.01~2030.12,4300,0,4300,0,860,860,860,860,860,2026,5126,2026-09-20
화성시_중기지방재정계획_2026-2030.pdf,중기지방재정계획,2026~2030,백만원,재난재해 복구(병점 구),기간:연례반복,16500,0,16500,0,3300,3300,3300,3300,3300,2026,5143,2026-09-20
화성시_중기지방재정계획_2026-2030.pdf,중기지방재정계획,2026~2030,백만원,자 소  계 2026 2027 2028 2029 2030 우수집수정 및 준설 (병점구),기간:연례반복,2000,0,2000,0,400,400,400,400,400,2026,5182,2026-09-20
화성시_중기지방재정계획_2026-2030.pdf,중기지방재정계획,2026~2030,백만원,우수집수정 준설(동 탄구),기간:2026. 1. ~ 2030. 12.,2000,0,2000,0,400,400,400,400,400,2026,5197,2026-09-20
화성시_중기지방재정계획_2026-2030.pdf,중기지방재정계획,2026~2030,백만원,하천 유지관리(동탄 구),기간: 2025. 1. ~ 2029. 12.,9630,0,9630,0,1130,1700,2000,2300,2500,2026,5210,2026-09-20
화성시_중기지방재정계획_2026-2030.pdf,중기지방재정계획,2026~2030,백만원,인재육성재단 운영 지원,기간:2026.01.~2030.12.,64300,0,64300,0,9700,9800,9800,15000,20000,2026,5229,2026-09-20
화성시_중기지방재정계획_2026-2030.pdf,중기지방재정계획,2026~2030,백만원,자 소  계 2026 2027 2028 2029 2030 우수집수정 및 준설 (병점구),기간:연례반복,2000,0,2000,0,400,400,400,400,400,2026,5271,2026-09-20
화성시_중기지방재정계획_2026-2030.pdf,중기지방재정계획,2026~2030,백만원,우수집수정 준설(동 탄구),기간:2026. 1. ~ 2030. 12.,2000,0,2000,0,400,400,400,400,400,2026,5286,2026-09-20
화성시_중기지방재정계획_2026-2030.pdf,중기지방재정계획,2026~2030,백만원,하천 유지관리(동탄 구),기간: 2025. 1. ~ 2029. 12.,9630,0,9630,0,1130,1700,2000,2300,2500,2026,5299,2026-09-20
화성시_중기지방재정계획_2026-2030.pdf,중기지방재정계획,2026~2030,백만원,인재육성재단 운영 지원,기간:2026.01.~2030.12.,64300,0,64300,0,9700,9800,9800,15000,20000,2026,5318,2026-09-20
화성시_중기지방재정계획_2026-2030.pdf,중기지방재정계획,2026~2030,백만원,이 자 소  계 2026 2027 2028 2029 2030 장학관 운영,기간:2025.01.~2029.12.,14000,0,14000,0,2600,2700,2800,2900,3000,2026,5359,2026-09-20
화성시_중기지방재정계획_2026-2030.pdf,중기지방재정계획,2026~2030,백만원,고등학교 무상교육 비 분담금 전출,기간: 2025년~2029년,2804,0,2804,0,561,561,561,561,561,2026,5371,2026-09-20
화성시_중기지방재정계획_2026-2030.pdf,중기지방재정계획,2026~2030,백만원,초등학생 입학축하 금 지원,기간:2024.01~2029.12,9728,0,9728,0,2006,1906,1806,2006,2006,2026,5381,2026-09-20
화성시_중기지방재정계획_2026-2030.pdf,중기지방재정계획,2026~2030,백만원,학교환경 개선 지원,기간:2026.01~2030.12,21500,0,21500,0,4300,4300,4300,4300,4300,2026,5392,2026-09-20
화성시_중기지방재정계획_2026-2030.pdf,중기지방재정계획,2026~2030,백만원,통학버스 운영 지원,기간:2026.01~2030.12,22500,0,22500,0,4500,4500,4500,4500,4500,2026,5402,2026-09-20
화성시_중기지방재정계획_2026-2030.pdf,중기지방재정계획,2026~2030,백만원,방과후학교 운영지 원,기간: 2026.01.~2030.12.,2750,0,2750,0,550,550,550,550,550,2026,5414,2026-09-20
화성시_중기지방재정계획_2026-2030.pdf,중기지방재정계획,2026~2030,백만원,교복 지원,기간:2026.01~2030.12,12071,0,12071,0,2414,2414,2414,2414,2414,2026,5453,2026-09-20
화성시_중기지방재정계획_2026-2030.pdf,중기지방재정계획,2026~2030,백만원,수영체험활동 지원,기간:2026.01.~2030.12.,5782,0,5782,0,1156,1156,1156,1156,1156,2026,5465,2026-09-20
화성시_중기지방재정계획_2026-2030.pdf,중기지방재정계획,2026~2030,백만원,유치원 지원,기간: 2026.01~2030.12,4415,0,4415,0,883,883,883,883,883,2026,5479,2026-09-20
화성시_중기지방재정계획_2026-2030.pdf,중기지방재정계획,2026~2030,백만원,화성지역교육협력사 업 운영,기간:2025.01~2029.12,32083,0,32083,0,6417,6417,6417,6417,6417,2026,5492,2026-09-20
화성시_중기지방재정계획_2026-2030.pdf,중기지방재정계획,2026~2030,백만원,교복 지원,기간:2026.01~2030.12,12071,0,12071,0,2414,2414,2414,2414,2414,2026,5538,2026-09-20
화성시_중기지방재정계획_2026-2030.pdf,중기지방재정계획,2026~2030,백만원,수영체험활동 지원,기간:2026.01.~2030.12.,5782,0,5782,0,1156,1156,1156,1156,1156,2026,5550,2026-09-20
화성시_중기지방재정계획_2026-2030.pdf,중기지방재정계획,2026~2030,백만원,유치원 지원,기간: 2026.01~2030.12,4415,0,4415,0,883,883,883,883,883,2026,5564,2026-09-20
화성시_중기지방재정계획_2026-2030.pdf,중기지방재정계획,2026~2030,백만원,화성지역교육협력사 업 운영,기간:2025.01~2029.12,32083,0,32083,0,6417,6417,6417,6417,6417,2026,5577,2026-09-20
화성시_중기지방재정계획_2026-2030.pdf,중기지방재정계획,2026~2030,백만원,일반 평생교육 이용 권 지원,기간:2026~2030,2594,0,2594,0,518,519,519,519,519,2026,5633,2026-09-20
화성시_중기지방재정계획_2026-2030.pdf,중기지방재정계획,2026~2030,백만원,평생학습시설 운영 ㆍ관리,기간:2026.01~2030.12,7600,0,7600,0,1480,1500,1520,1540,1560,2026,5651,2026-09-20
화성시_중기지방재정계획_2026-2030.pdf,중기지방재정계획,2026~2030,백만원,자 소  계 2026 2027 2028 2029 2030 화성시문화관광재단 지원,기간 : 2025년~2029년,70000,0,70000,0,13000,13000,13000,15000,16000,2026,5694,2026-09-20
화성시_중기지방재정계획_2026-2030.pdf,중기지방재정계획,2026~2030,백만원,동탄복합문화센터 운영,기간 : 2026년~2030년,37521,0,37521,0,7104,7104,7104,8104,8104,2026,5704,2026-09-20
화성시_중기지방재정계획_2026-2030.pdf,중기지방재정계획,2026~2030,백만원,문화관광재단 공연 장 운영,기간 : 2025년~2030년,26643,0,26643,0,5214,5214,5214,5500,5500,2026,5716,2026-09-20
화성시_중기지방재정계획_2026-2030.pdf,중기지방재정계획,2026~2030,백만원,통합문화이용권 지 원,기간: 2026~2030,13964,0,13964,0,2793,2793,2793,2793,2793,2026,5727,2026-09-20
화성시_중기지방재정계획_2026-2030.pdf,중기지방재정계획,2026~2030,백만원,미디어센터 운영,기간:2026.01~2030.12,5911,0,5911,0,1142,1142,1142,1242,1242,2026,5745,2026-09-20
화성시_중기지방재정계획_2026-2030.pdf,중기지방재정계획,2026~2030,백만원,자 소  계 2026 2027 2028 2029 2030 화성시문화관광재단 지원,기간 : 2025년~2029년,70000,0,70000,0,13000,13000,13000,15000,16000,2026,5790,2026-09-20
화성시_중기지방재정계획_2026-2030.pdf,중기지방재정계획,2026~2030,백만원,동탄복합문화센터 운영,기간 : 2026년~2030년,37521,0,37521,0,7104,7104,7104,8104,8104,2026,5800,2026-09-20
화성시_중기지방재정계획_2026-2030.pdf,중기지방재정계획,2026~2030,백만원,문화관광재단 공연 장 운영,기간 : 2025년~2030년,26643,0,26643,0,5214,5214,5214,5500,5500,2026,5812,2026-09-20
화성시_중기지방재정계획_2026-2030.pdf,중기지방재정계획,2026~2030,백만원,통합문화이용권 지 원,기간: 2026~2030,13964,0,13964,0,2793,2793,2793,2793,2793,2026,5823,2026-09-20
화성시_중기지방재정계획_2026-2030.pdf,중기지방재정계획,2026~2030,백만원,미디어센터 운영,기간:2026.01~2030.12,5911,0,5911,0,1142,1142,1142,1242,1242,2026,5841,2026-09-20
화성시_중기지방재정계획_2026-2030.pdf,중기지방재정계획,2026~2030,백만원,홍사용문학관 운영,기간: 2025.1~2030. 12,4206,0,4206,0,781,781,781,881,981,2026,5888,2026-09-20
화성시_중기지방재정계획_2026-2030.pdf,중기지방재정계획,2026~2030,백만원,예술인 기회소득,기간:2026~2030,6638,0,6638,0,1328,1328,1328,1328,1328,2026,5898,2026-09-20
화성시_중기지방재정계획_2026-2030.pdf,중기지방재정계획,2026~2030,백만원,동탄복합문화센터 공간개선,기간:2026. 1. ~ 2027. 12.,11400,0,11400,0,11400,0,0,0,0,2026,5910,2026-09-20
화성시_중기지방재정계획_2026-2030.pdf,중기지방재정계획,2026~2030,백만원,예술단체 지원,기간:2026~2030,2840,0,2840,0,530,550,570,590,600,2026,5922,2026-09-20
화성시_중기지방재정계획_2026-2030.pdf,중기지방재정계획,2026~2030,백만원,생활문화창작소 운 영(자체),기간:연례반복,2475,0,2475,0,415,415,415,615,615,2026,5935,2026-09-20
화성시_중기지방재정계획_2026-2030.pdf,중기지방재정계획,2026~2030,백만원,읍면동별 자생특화 축제 지원,기간:2025.01~2029.12,2770,0,2770,0,554,554,554,554,554,2026,5973,2026-09-20
화성시_중기지방재정계획_2026-2030.pdf,중기지방재정계획,2026~2030,백만원,지역문화축제 추진,기간:2025.01~2030.12,2941,0,2941,0,588,588,588,588,588,2026,5983,2026-09-20
화성시_중기지방재정계획_2026-2030.pdf,중기지방재정계획,2026~2030,백만원,정조효문화제 개최( 전환사업),기간:2025.01. ~,5526,0,5526,0,846,1120,1120,1220,1220,2026,5995,2026-09-20
화성시_중기지방재정계획_2026-2030.pdf,중기지방재정계획,2026~2030,백만원,정조대왕능행차 공 동재현,기간:2025.01~2029.12,2380,0,2380,0,470,500,470,470,470,2026,6010,2026-09-20
화성시_중기지방재정계획_2026-2030.pdf,중기지방재정계획,2026~2030,백만원,읍면동별 자생특화 축제 지원,기간:2025.01~2029.12,2770,0,2770,0,554,554,554,554,554,2026,6054,2026-09-20
화성시_중기지방재정계획_2026-2030.pdf,중기지방재정계획,2026~2030,백만원,지역문화축제 추진,기간:2025.01~2030.12,2941,0,2941,0,588,588,588,588,588,2026,6064,2026-09-20
화성시_중기지방재정계획_2026-2030.pdf,중기지방재정계획,2026~2030,백만원,정조효문화제 개최( 전환사업),기간:2025.01. ~,5526,0,5526,0,846,1120,1120,1220,1220,2026,6076,2026-09-20
화성시_중기지방재정계획_2026-2030.pdf,중기지방재정계획,2026~2030,백만원,정조대왕능행차 공 동재현,기간:2025.01~2029.12,2380,0,2380,0,470,500,470,470,470,2026,6091,2026-09-20
화성시_중기지방재정계획_2026-2030.pdf,중기지방재정계획,2026~2030,백만원,자 소  계 2026 2027 2028 2029 2030 콘텐츠 개발 및 활 성화,기간:연례반복,3195,0,3195,0,599,599,599,699,699,2026,6133,2026-09-20
화성시_중기지방재정계획_2026-2030.pdf,중기지방재정계획,2026~2030,백만원,수장·연구시설 건 립,기간:2013.03~2028.07,38828,12739,26089,0,0,12414,2340,11335,0,2026,6146,2026-09-20
화성시_중기지방재정계획_2026-2030.pdf,중기지방재정계획,2026~2030,백만원,화성시 테마(어린이 )과학관 건립,기간:2019.01~2028.12.,145257,15554,129703,0,120,61141,61141,7301,0,2026,6161,2026-09-20
화성시_중기지방재정계획_2026-2030.pdf,중기지방재정계획,2026~2030,백만원,문화예술타운 건립,기간:2023.1.~2031.6.,29107,49,29058,0,0,10907,18151,0,0,2026,6172,2026-09-20
화성시_중기지방재정계획_2026-2030.pdf,중기지방재정계획,2026~2030,백만원,화성 열린 문화예술 공간 조성 및 운영,기간:2022. 4. 15. ~ 2032.,2289,0,2289,0,324,441,441,541,541,2026,6185,2026-09-20
화성시_중기지방재정계획_2026-2030.pdf,중기지방재정계획,2026~2030,백만원,이 자 소  계 2026 2027 2028 2029 2030 시립미술관 건립,기간:2021. 11. ~ 2029.,58500,10262,48238,0,0,10000,10000,15000,13238,2026,6226,2026-09-20
화성시_중기지방재정계획_2026-2030.pdf,중기지방재정계획,2026~2030,백만원,석우동 51번지 복합 문화시설 건립,기간:2023년~2030년,24875,57,24818,0,30,5000,4788,10000,5000,2026,6238,2026-09-20
화성시_중기지방재정계획_2026-2030.pdf,중기지방재정계획,2026~2030,백만원,아트큐브'예술숲' 건립,기간:2025.10. ~ 2030.,9742,0,9742,0,80,460,522,6635,2045,2026,6251,2026-09-20
화성시_중기지방재정계획_2026-2030.pdf,중기지방재정계획,2026~2030,백만원,화성예술의전당 조 성 및 운영,기간:2019. 1. ~ 2029.,49847,9422,40425,0,6065,7075,7075,10105,10105,2026,6264,2026-09-20
화성시_중기지방재정계획_2026-2030.pdf,중기지방재정계획,2026~2030,백만원,미술품 수집 및 보 존처리,기간:2026.1.1.~12.31.,3000,0,3000,0,3000,0,0,0,0,2026,6279,2026-09-20
화성시_중기지방재정계획_2026-2030.pdf,중기지방재정계획,2026~2030,백만원,이 자 소  계 2026 2027 2028 2029 2030 시립미술관 건립,기간:2021. 11. ~ 2029.,58500,10262,48238,0,0,10000,10000,15000,13238,2026,6316,2026-09-20
화성시_중기지방재정계획_2026-2030.pdf,중기지방재정계획,2026~2030,백만원,석우동 51번지 복합 문화시설 건립,기간:2023년~2030년,24875,57,24818,0,30,5000,4788,10000,5000,2026,6328,2026-09-20
화성시_중기지방재정계획_2026-2030.pdf,중기지방재정계획,2026~2030,백만원,아트큐브'예술숲' 건립,기간:2025.10. ~ 2030.,9742,0,9742,0,80,460,522,6635,2045,2026,6341,2026-09-20
화성시_중기지방재정계획_2026-2030.pdf,중기지방재정계획,2026~2030,백만원,화성예술의전당 조 성 및 운영,기간:2019. 1. ~ 2029.,49847,9422,40425,0,6065,7075,7075,10105,10105,2026,6354,2026-09-20
화성시_중기지방재정계획_2026-2030.pdf,중기지방재정계획,2026~2030,백만원,미술품 수집 및 보 존처리,기간:2026.1.1.~12.31.,3000,0,3000,0,3000,0,0,0,0,2026,6369,2026-09-20
화성시_중기지방재정계획_2026-2030.pdf,중기지방재정계획,2026~2030,백만원,청년 도서 구입비 지원,기간:2026~2030,5000,0,5000,0,1000,1000,1000,1000,1000,2026,6411,2026-09-20
화성시_중기지방재정계획_2026-2030.pdf,중기지방재정계획,2026~2030,백만원,시립도서관 위탁 운 영,기간:2026년~2030년,110904,0,110904,0,21373,22307,22307,22458,22458,2026,6423,2026-09-20
화성시_중기지방재정계획_2026-2030.pdf,중기지방재정계획,2026~2030,백만원,공공도서관 개관시 간 연장,기간:2026.01~2030.12,8272,0,8272,0,1654,1654,1654,1654,1654,2026,6436,2026-09-20
화성시_중기지방재정계획_2026-2030.pdf,중기지방재정계획,2026~2030,백만원,도서관 다문화서비 스 운영,기간:2026.01~2030.12,29,0,29,0,6,6,6,6,6,2026,6455,2026-09-20
화성시_중기지방재정계획_2026-2030.pdf,중기지방재정계획,2026~2030,백만원,공공도서관 독서프 로그램 운영지원,기간:2026.01~2030.12,77,0,77,0,15,15,15,15,15,2026,6515,2026-09-20
화성시_중기지방재정계획_2026-2030.pdf,중기지방재정계획,2026~2030,백만원,어린이 천권 읽기 지원,기간:2026.01~2030.12,150,0,150,0,30,30,30,30,30,2026,6527,2026-09-20
화성시_중기지방재정계획_2026-2030.pdf,중기지방재정계획,2026~2030,백만원,(가칭)봉담와우복합 문화 도서관 건립( 전환사업),기간:2020.07~2025.12.,19900,19900,0,0,0,0,0,0,0,2026,6543,2026-09-20
화성시_중기지방재정계획_2026-2030.pdf,중기지방재정계획,2026~2030,백만원,(가칭)반월도서관 건립,기간:2019.06~2026.12.,19500,18490,1010,0,1010,0,0,0,0,2026,6555,2026-09-20
화성시_중기지방재정계획_2026-2030.pdf,중기지방재정계획,2026~2030,백만원,공공도서관 독서프 로그램 운영지원,기간:2026.01~2030.12,77,0,77,0,15,15,15,15,15,2026,6600,2026-09-20
화성시_중기지방재정계획_2026-2030.pdf,중기지방재정계획,2026~2030,백만원,어린이 천권 읽기 지원,기간:2026.01~2030.12,150,0,150,0,30,30,30,30,30,2026,6612,2026-09-20
화성시_중기지방재정계획_2026-2030.pdf,중기지방재정계획,2026~2030,백만원,(가칭)봉담와우복합 문화 도서관 건립( 전환사업),기간:2020.07~2025.12.,19900,19900,0,0,0,0,0,0,0,2026,6628,2026-09-20
화성시_중기지방재정계획_2026-2030.pdf,중기지방재정계획,2026~2030,백만원,(가칭)반월도서관 건립,기간:2019.06~2026.12.,19500,18490,1010,0,1010,0,0,0,0,2026,6640,2026-09-20
화성시_중기지방재정계획_2026-2030.pdf,중기지방재정계획,2026~2030,백만원,(가칭)화성시 독서 문화공간 조성,기간:2021.01~2025.04.,23700,11350,12350,0,12350,0,0,0,0,2026,6680,2026-09-20
화성시_중기지방재정계획_2026-2030.pdf,중기지방재정계획,2026~2030,백만원,직영도서관 시설관 리,기간:2026~2030,7175,0,7175,0,1407,1421,1435,1449,1464,2026,6695,2026-09-20
화성시_중기지방재정계획_2026-2030.pdf,중기지방재정계획,2026~2030,백만원,남양도서관 행정경 비,기간:2026.01~2030.12,156,0,156,0,31,31,31,31,31,2026,6708,2026-09-20
화성시_중기지방재정계획_2026-2030.pdf,중기지방재정계획,2026~2030,백만원,사립 작은도서관 운 영 지원,기간:2026.01~2030.12,6270,0,6270,0,1254,1254,1254,1254,1254,2026,6722,2026-09-20
화성시_중기지방재정계획_2026-2030.pdf,중기지방재정계획,2026~2030,백만원,사립 작은도서관 아 이돌봄 독서문화프 로그램 지원,기간:연례반복,2850,0,2850,0,570,570,570,570,570,2026,6763,2026-09-20
화성시_중기지방재정계획_2026-2030.pdf,중기지방재정계획,2026~2030,백만원,화성 국가지질공원 활성화(보조),기간:2026~2030,3000,0,3000,0,600,600,600,600,600,2026,6781,2026-09-20
화성시_중기지방재정계획_2026-2030.pdf,중기지방재정계획,2026~2030,백만원,화성시티투어 운영,기간:2026~2030,2212,0,2212,0,442,442,442,442,442,2026,6793,2026-09-20
화성시_중기지방재정계획_2026-2030.pdf,중기지방재정계획,2026~2030,백만원,사립 작은도서관 아 이돌봄 독서문화프 로그램 지원,기간:연례반복,2850,0,2850,0,570,570,570,570,570,2026,6842,2026-09-20
화성시_중기지방재정계획_2026-2030.pdf,중기지방재정계획,2026~2030,백만원,화성 국가지질공원 활성화(보조),기간:2026~2030,3000,0,3000,0,600,600,600,600,600,2026,6860,2026-09-20
화성시_중기지방재정계획_2026-2030.pdf,중기지방재정계획,2026~2030,백만원,화성시티투어 운영,기간:2026~2030,2212,0,2212,0,442,442,442,442,442,2026,6872,2026-09-20
화성시_중기지방재정계획_2026-2030.pdf,중기지방재정계획,2026~2030,백만원,자 소  계 2026 2027 2028 2029 2030 서해안 황금해안길 조성사업(자체),기간:2023. ~ 2026.,44880,38600,6280,0,6280,0,0,0,0,2026,6917,2026-09-20
화성시_중기지방재정계획_2026-2030.pdf,중기지방재정계획,2026~2030,백만원,서해안 황금해안길 조성사업(전환사업),기간:2023. ~ 2026.,4120,4120,0,0,0,0,0,0,0,2026,6930,2026-09-20
화성시_중기지방재정계획_2026-2030.pdf,중기지방재정계획,2026~2030,백만원,고렴산 해상공원 조 성,기간:2019.08~2026.12,38690,28190,10500,0,10500,0,0,0,0,2026,6945,2026-09-20
화성시_중기지방재정계획_2026-2030.pdf,중기지방재정계획,2026~2030,백만원,궁평 종합관광지 조 성,기간:2015. ~ 2026.,79525,77525,2000,0,2000,0,0,0,0,2026,6960,2026-09-20
화성시_중기지방재정계획_2026-2030.pdf,중기지방재정계획,2026~2030,백만원,궁평 종합관광지 유 지 관리,기간: 2023. 1. ~,3135,0,3135,0,627,627,627,627,627,2026,6972,2026-09-20
화성시_중기지방재정계획_2026-2030.pdf,중기지방재정계획,2026~2030,백만원,관광편의시설 개선 및 유지보수,기간: 2026~2030,4550,0,4550,0,325,325,325,325,3250,2026,7021,2026-09-20
화성시_중기지방재정계획_2026-2030.pdf,중기지방재정계획,2026~2030,백만원,제부도 도시계획도 로 중로2-3호선 외 3개소 개설,기간:2023.01~2026.12.,10400,250,10150,0,10150,0,0,0,0,2026,7035,2026-09-20
화성시_중기지방재정계획_2026-2030.pdf,중기지방재정계획,2026~2030,백만원,국화도 해안데크 정 비사업,기간:2025.1.~12.,5000,1000,4000,0,4000,0,0,0,0,2026,7048,2026-09-20
화성시_중기지방재정계획_2026-2030.pdf,중기지방재정계획,2026~2030,백만원,서해안 관광지 주차 장 조성사업,기간: 2024. 9. ~ 2026.,1900,1500,400,0,400,0,0,0,0,2026,7060,2026-09-20
화성시_중기지방재정계획_2026-2030.pdf,중기지방재정계획,2026~2030,백만원,궁평주차장 조성,기간: 2024. 3. ~ 2027. 5.,3222,1422,1800,0,1800,0,0,0,0,2026,7072,2026-09-20
화성시_중기지방재정계획_2026-2030.pdf,중기지방재정계획,2026~2030,백만원,관광편의시설 개선 및 유지보수,기간: 2026~2030,4550,0,4550,0,325,325,325,325,3250,2026,7115,2026-09-20
화성시_중기지방재정계획_2026-2030.pdf,중기지방재정계획,2026~2030,백만원,제부도 도시계획도 로 중로2-3호선 외 3개소 개설,기간:2023.01~2026.12.,10400,250,10150,0,10150,0,0,0,0,2026,7129,2026-09-20
화성시_중기지방재정계획_2026-2030.pdf,중기지방재정계획,2026~2030,백만원,국화도 해안데크 정 비사업,기간:2025.1.~12.,5000,1000,4000,0,4000,0,0,0,0,2026,7142,2026-09-20
화성시_중기지방재정계획_2026-2030.pdf,중기지방재정계획,2026~2030,백만원,서해안 관광지 주차 장 조성사업,기간: 2024. 9. ~ 2026.,1900,1500,400,0,400,0,0,0,0,2026,7154,2026-09-20
화성시_중기지방재정계획_2026-2030.pdf,중기지방재정계획,2026~2030,백만원,궁평주차장 조성,기간: 2024. 3. ~ 2027. 5.,3222,1422,1800,0,1800,0,0,0,0,2026,7166,2026-09-20
화성시_중기지방재정계획_2026-2030.pdf,중기지방재정계획,2026~2030,백만원,공공캠핑장 운영,기간: 2025. ~ 2030.,4917,0,4917,0,983,983,983,983,983,2026,7205,2026-09-20
화성시_중기지방재정계획_2026-2030.pdf,중기지방재정계획,2026~2030,백만원,제16회 화성 뱃놀이 축제 개최,기간:2025. 1~2030.12 [5,8500,0,8500,0,1700,1700,1700,1700,1700,2026,7218,2026-09-20
화성시_중기지방재정계획_2026-2030.pdf,중기지방재정계획,2026~2030,백만원,해양레저스포츠 교 육프로그램 지원(전 환사업),기간: 2026. ~ 2030.,1100,0,1100,0,220,220,220,220,220,2026,7236,2026-09-20
화성시_중기지방재정계획_2026-2030.pdf,중기지방재정계획,2026~2030,백만원,해양관광 시설 운영,기간 : 2026. 1. 1. ~ 2030.,22248,0,22248,0,4450,4450,4450,4450,4450,2026,7249,2026-09-20
화성시_중기지방재정계획_2026-2030.pdf,중기지방재정계획,2026~2030,백만원,도서지역 레저선박 계류시설 설치,기간:2025~2026,2400,1200,1200,0,1200,0,0,0,0,2026,7262,2026-09-20
화성시_중기지방재정계획_2026-2030.pdf,중기지방재정계획,2026~2030,백만원,매향리평화기념관 시설운영,기간:2025.~2030.,4699,0,4699,0,999,850,900,950,1000,2026,7303,2026-09-20
화성시_중기지방재정계획_2026-2030.pdf,중기지방재정계획,2026~2030,백만원,매향리평화기념관 전시운영,기간: 2026~2030,4331,0,4331,0,784,823,864,907,953,2026,7317,2026-09-20
화성시_중기지방재정계획_2026-2030.pdf,중기지방재정계획,2026~2030,백만원,화성시 체육회 운영,기간:2026.01~2030.12,8100,0,8100,0,1620,1620,1620,1620,1620,2026,7330,2026-09-20
화성시_중기지방재정계획_2026-2030.pdf,중기지방재정계획,2026~2030,백만원,화성 효 마라톤 대 회 개최,기간:2026.01~20230.12,1475,0,1475,0,295,295,295,295,295,2026,7342,2026-09-20
화성시_중기지방재정계획_2026-2030.pdf,중기지방재정계획,2026~2030,백만원,매향리평화기념관 시설운영,기간:2025.~2030.,4699,0,4699,0,999,850,900,950,1000,2026,7383,2026-09-20
화성시_중기지방재정계획_2026-2030.pdf,중기지방재정계획,2026~2030,백만원,매향리평화기념관 전시운영,기간: 2026~2030,4331,0,4331,0,784,823,864,907,953,2026,7397,2026-09-20
화성시_중기지방재정계획_2026-2030.pdf,중기지방재정계획,2026~2030,백만원,화성시 체육회 운영,기간:2026.01~2030.12,8100,0,8100,0,1620,1620,1620,1620,1620,2026,7410,2026-09-20
화성시_중기지방재정계획_2026-2030.pdf,중기지방재정계획,2026~2030,백만원,화성 효 마라톤 대 회 개최,기간:2026.01~20230.12,1475,0,1475,0,295,295,295,295,295,2026,7422,2026-09-20
화성시_중기지방재정계획_2026-2030.pdf,중기지방재정계획,2026~2030,백만원,자 소  계 2026 2027 2028 2029 2030 화성시민 한마음 체 육대회 개최,기간:2026.01~2030.12,7200,0,7200,0,1440,1440,1440,1440,1440,2026,7461,2026-09-20
화성시_중기지방재정계획_2026-2030.pdf,중기지방재정계획,2026~2030,백만원,경기마라톤 대회 개 최,기간:2026.01~2030.12,550,0,550,0,110,110,110,110,110,2026,7473,2026-09-20
화성시_중기지방재정계획_2026-2030.pdf,중기지방재정계획,2026~2030,백만원,시장기 종목별 대회 개최,기간: 2026~2030년,1174,0,1174,0,224,230,235,240,245,2026,7485,2026-09-20
화성시_중기지방재정계획_2026-2030.pdf,중기지방재정계획,2026~2030,백만원,스포츠 데이,기간:2026~2030년,6601,0,6601,0,1310,1316,1320,1325,1330,2026,7494,2026-09-20
화성시_중기지방재정계획_2026-2030.pdf,중기지방재정계획,2026~2030,백만원,학교운동부 육성,기간:2026.01~2030.12,4900,0,4900,0,980,980,980,980,980,2026,7503,2026-09-20
화성시_중기지방재정계획_2026-2030.pdf,중기지방재정계획,2026~2030,백만원,우수(전문)선수 및 지도자 육성,기간:2026.01~2030.12.,5000,0,5000,0,1000,1000,1000,1000,1000,2026,7515,2026-09-20
화성시_중기지방재정계획_2026-2030.pdf,중기지방재정계획,2026~2030,백만원,자 소  계 2026 2027 2028 2029 2030 스포츠강좌이용권 지원,기간:2026.01.~2030.12.,5874,0,5874,0,1175,1175,1175,1175,1175,2026,7554,2026-09-20
화성시_중기지방재정계획_2026-2030.pdf,중기지방재정계획,2026~2030,백만원,화성시 장애인체육 회 운영,기간:2026.01~2030.12,2800,0,2800,0,560,560,560,560,560,2026,7573,2026-09-20
화성시_중기지방재정계획_2026-2030.pdf,중기지방재정계획,2026~2030,백만원,장애인 스포츠강좌 이용권 지원,기간: 2025. 01. ~ 2029.,2376,0,2376,0,475,475,475,475,475,2026,7585,2026-09-20
화성시_중기지방재정계획_2026-2030.pdf,중기지방재정계획,2026~2030,백만원,체육인 기회소득,기간:2026. 1. ~ 2030.,4920,0,4920,0,984,984,984,984,984,2026,7602,2026-09-20
화성시_중기지방재정계획_2026-2030.pdf,중기지방재정계획,2026~2030,백만원,자 소  계 2026 2027 2028 2029 2030 스포츠강좌이용권 지원,기간:2026.01.~2030.12.,5874,0,5874,0,1175,1175,1175,1175,1175,2026,7644,2026-09-20
화성시_중기지방재정계획_2026-2030.pdf,중기지방재정계획,2026~2030,백만원,화성시 장애인체육 회 운영,기간:2026.01~2030.12,2800,0,2800,0,560,560,560,560,560,2026,7663,2026-09-20
화성시_중기지방재정계획_2026-2030.pdf,중기지방재정계획,2026~2030,백만원,장애인 스포츠강좌 이용권 지원,기간: 2025. 01. ~ 2029.,2376,0,2376,0,475,475,475,475,475,2026,7675,2026-09-20
화성시_중기지방재정계획_2026-2030.pdf,중기지방재정계획,2026~2030,백만원,체육인 기회소득,기간:2026. 1. ~ 2030.,4920,0,4920,0,984,984,984,984,984,2026,7692,2026-09-20
화성시_중기지방재정계획_2026-2030.pdf,중기지방재정계획,2026~2030,백만원,전국 및 국제 규모 스포츠 대회 개최 및 출전,기간:2026.01~2030.12,6200,0,6200,0,1240,1240,1240,1240,1240,2026,7735,2026-09-20
화성시_중기지방재정계획_2026-2030.pdf,중기지방재정계획,2026~2030,백만원,재단법인 화성FC 운 영지원,기간:2025년~2030년,34000,0,34000,0,6000,6000,6000,8000,8000,2026,7747,2026-09-20
화성시_중기지방재정계획_2026-2030.pdf,중기지방재정계획,2026~2030,백만원,직장운동부 운영,기간:2026.01.01. ~,69000,0,69000,0,13300,13500,13800,14100,14300,2026,7757,2026-09-20
화성시_중기지방재정계획_2026-2030.pdf,중기지방재정계획,2026~2030,백만원,시민프로 축구단 지 원,기간: 2025년~2030년,5000,0,5000,0,1000,1000,1000,1000,1000,2026,7770,2026-09-20
화성시_중기지방재정계획_2026-2030.pdf,중기지방재정계획,2026~2030,백만원,공사·공단 실업팀 운영 지원,기간:2025.01.01. ~,6500,3500,3000,0,3000,0,0,0,0,2026,7781,2026-09-20
화성시_중기지방재정계획_2026-2030.pdf,중기지방재정계획,2026~2030,백만원,화성종합경기타운 운영,기간:2026. 1. ~ 2030. 12.,35824,0,35824,0,6565,6565,6565,7565,8565,2026,7834,2026-09-20
화성시_중기지방재정계획_2026-2030.pdf,중기지방재정계획,2026~2030,백만원,화성국민체육센터 운영,기간:2026. 1. ~ 2030. 12.,24619,0,24619,0,4324,4324,4324,5324,6324,2026,7848,2026-09-20
화성시_중기지방재정계획_2026-2030.pdf,중기지방재정계획,2026~2030,백만원,동탄중앙어울림센터 운영,기간:2026.01~2030.12.,16100,0,16100,0,2550,2600,2650,3650,4650,2026,7862,2026-09-20
화성시_중기지방재정계획_2026-2030.pdf,중기지방재정계획,2026~2030,백만원,반월체육센터 운영,기간:2026.01~2030.12.,16730,0,16730,0,3300,3350,3360,3360,3360,2026,7874,2026-09-20
화성시_중기지방재정계획_2026-2030.pdf,중기지방재정계획,2026~2030,백만원,남부국민체육센터 운영,기간:2026.01~2030.12.,11496,0,11496,0,2299,2299,2299,2299,2299,2026,7886,2026-09-20
화성시_중기지방재정계획_2026-2030.pdf,중기지방재정계획,2026~2030,백만원,화성종합경기타운 운영,기간:2026. 1. ~ 2030. 12.,35824,0,35824,0,6565,6565,6565,7565,8565,2026,7932,2026-09-20
화성시_중기지방재정계획_2026-2030.pdf,중기지방재정계획,2026~2030,백만원,화성국민체육센터 운영,기간:2026. 1. ~ 2030. 12.,24619,0,24619,0,4324,4324,4324,5324,6324,2026,7946,2026-09-20
화성시_중기지방재정계획_2026-2030.pdf,중기지방재정계획,2026~2030,백만원,동탄중앙어울림센터 운영,기간:2026.01~2030.12.,16100,0,16100,0,2550,2600,2650,3650,4650,2026,7960,2026-09-20
화성시_중기지방재정계획_2026-2030.pdf,중기지방재정계획,2026~2030,백만원,반월체육센터 운영,기간:2026.01~2030.12.,16730,0,16730,0,3300,3350,3360,3360,3360,2026,7972,2026-09-20
화성시_중기지방재정계획_2026-2030.pdf,중기지방재정계획,2026~2030,백만원,남부국민체육센터 운영,기간:2026.01~2030.12.,11496,0,11496,0,2299,2299,2299,2299,2299,2026,7984,2026-09-20
화성시_중기지방재정계획_2026-2030.pdf,중기지방재정계획,2026~2030,백만원,자 소  계 2026 2027 2028 2029 2030 향남복합문화센터 운영,기간:2026. 1. ~ 2030. 12.,3235,0,3235,0,647,647,647,647,647,2026,8026,2026-09-20
화성시_중기지방재정계획_2026-2030.pdf,중기지방재정계획,2026~2030,백만원,화성 반다비체육센 터 운영,기간:2026.01~2030.12.,8500,0,8500,0,1600,1650,1700,1750,1800,2026,8039,2026-09-20
화성시_중기지방재정계획_2026-2030.pdf,중기지방재정계획,2026~2030,백만원,체육시설 운영,기간:2026.01. ~ 2030. 12.,69658,0,69658,0,11332,11332,11332,15332,20332,2026,8051,2026-09-20
화성시_중기지방재정계획_2026-2030.pdf,중기지방재정계획,2026~2030,백만원,남양 체육복합센터 조성,기간:2020. 9. ~ 2026.,7724,4655,3069,0,3069,0,0,0,0,2026,8063,2026-09-20
화성시_중기지방재정계획_2026-2030.pdf,중기지방재정계획,2026~2030,백만원,동네 생활체육시설 조성,기간:2018. 10. ~ 2026.,110,0,110,0,110,0,0,0,0,2026,8085,2026-09-20
화성시_중기지방재정계획_2026-2030.pdf,중기지방재정계획,2026~2030,백만원,자 소  계 2026 2027 2028 2029 2030 장안 다목적복합센 터 건립,기간:2021. 8. ~ 2026.,5585,3165,2420,0,2420,0,0,0,0,2026,8126,2026-09-20
화성시_중기지방재정계획_2026-2030.pdf,중기지방재정계획,2026~2030,백만원,체육시설 조성 및 유지관리,기간:2024.01~2028.12,5000,0,5000,0,1000,1000,1000,1000,1000,2026,8147,2026-09-20
화성시_중기지방재정계획_2026-2030.pdf,중기지방재정계획,2026~2030,백만원,화성시 전역 체육시 설물 정비,기간:2024.01~2030.12,4000,0,4000,0,500,500,500,1000,1500,2026,8160,2026-09-20
화성시_중기지방재정계획_2026-2030.pdf,중기지방재정계획,2026~2030,백만원,병점2동 다목적체육 관 건립,기간:2018.11.~2026.12.,8933,8933,0,0,0,0,0,0,0,2026,8172,2026-09-20
화성시_중기지방재정계획_2026-2030.pdf,중기지방재정계획,2026~2030,백만원,화성 동부 반다비체 육센터 건립,기간:2024~2029년,19000,665,18335,0,0,5384,0,0,12951,2026,8190,2026-09-20
화성시_중기지방재정계획_2026-2030.pdf,중기지방재정계획,2026~2030,백만원,자 소  계 2026 2027 2028 2029 2030 장안 다목적복합센 터 건립,기간:2021. 8. ~ 2026.,5585,3165,2420,0,2420,0,0,0,0,2026,8233,2026-09-20
화성시_중기지방재정계획_2026-2030.pdf,중기지방재정계획,2026~2030,백만원,체육시설 조성 및 유지관리,기간:2024.01~2028.12,5000,0,5000,0,1000,1000,1000,1000,1000,2026,8254,2026-09-20
화성시_중기지방재정계획_2026-2030.pdf,중기지방재정계획,2026~2030,백만원,화성시 전역 체육시 설물 정비,기간:2024.01~2030.12,4000,0,4000,0,500,500,500,1000,1500,2026,8267,2026-09-20
화성시_중기지방재정계획_2026-2030.pdf,중기지방재정계획,2026~2030,백만원,병점2동 다목적체육 관 건립,기간:2018.11.~2026.12.,8933,8933,0,0,0,0,0,0,0,2026,8279,2026-09-20
화성시_중기지방재정계획_2026-2030.pdf,중기지방재정계획,2026~2030,백만원,화성 동부 반다비체 육센터 건립,기간:2024~2029년,19000,665,18335,0,0,5384,0,0,12951,2026,8297,2026-09-20
화성시_중기지방재정계획_2026-2030.pdf,중기지방재정계획,2026~2030,백만원,서해선 교량하부 체 육시설 조성공사,기간:공사기간 2025. ~ 2027.,2730,0,2730,0,1910,820,0,0,0,2026,8343,2026-09-20
화성시_중기지방재정계획_2026-2030.pdf,중기지방재정계획,2026~2030,백만원,비봉 다목적체육관 건립,2025. 7. 17. ~ 2029.,14000,0,14000,0,720,5380,3950,3950,0,2026,8356,2026-09-20
화성시_중기지방재정계획_2026-2030.pdf,중기지방재정계획,2026~2030,백만원,2027년 전국체육대 회 기획 및 운영,기간:2024.~2027.12.,4239,0,4239,0,200,4039,0,0,0,2026,8378,2026-09-20
화성시_중기지방재정계획_2026-2030.pdf,중기지방재정계획,2026~2030,백만원,석우동 축구장 건립,기간:2024. 5. ~ 2026.,2750,2750,0,0,0,0,0,0,0,2026,8391,2026-09-20
화성시_중기지방재정계획_2026-2030.pdf,중기지방재정계획,2026~2030,백만원,자 소  계 2026 2027 2028 2029 2030 롤러스포츠 경기장 건립,기간:2024. 6. ~ 2026.,20,0,20,0,20,0,0,0,0,2026,8439,2026-09-20
화성시_중기지방재정계획_2026-2030.pdf,중기지방재정계획,2026~2030,백만원,2027년 전국체육대 회 경기장 개보수,기간:2024. 5. ~ 2027.,10904,0,10904,0,10904,0,0,0,0,2026,8460,2026-09-20
화성시_중기지방재정계획_2026-2030.pdf,중기지방재정계획,2026~2030,백만원,체육진흥사업 추진,기간:연례반복,2221,0,2221,0,430,440,450,451,452,2026,8482,2026-09-20
화성시_중기지방재정계획_2026-2030.pdf,중기지방재정계획,2026~2030,백만원,자 소  계 2026 2027 2028 2029 2030 롤러스포츠 경기장 건립,기간:2024. 6. ~ 2026.,20,0,20,0,20,0,0,0,0,2026,8532,2026-09-20
화성시_중기지방재정계획_2026-2030.pdf,중기지방재정계획,2026~2030,백만원,2027년 전국체육대 회 경기장 개보수,기간:2024. 5. ~ 2027.,10904,0,10904,0,10904,0,0,0,0,2026,8553,2026-09-20
화성시_중기지방재정계획_2026-2030.pdf,중기지방재정계획,2026~2030,백만원,체육진흥사업 추진,기간:연례반복,2221,0,2221,0,430,440,450,451,452,2026,8575,2026-09-20
화성시_중기지방재정계획_2026-2030.pdf,중기지방재정계획,2026~2030,백만원,전통문화 특화 프로 그램 운영,기간:2026.01~2030.12,1482,0,1482,0,296,296,296,296,296,2026,8633,2026-09-20
화성시_중기지방재정계획_2026-2030.pdf,중기지방재정계획,2026~2030,백만원,도지정유산 보수정 비(화량진성 발굴조 사),기간:2021~2027,3471,2080,1392,0,584,807,0,0,0,2026,8650,2026-09-20
화성시_중기지방재정계획_2026-2030.pdf,중기지방재정계획,2026~2030,백만원,록문화유산 보수정 비(화성 당성 발굴 조사),기간:1992년 ~ 2030년,5138,2945,2193,543,0,542,553,246,310,2026,8665,2026-09-20
화성시_중기지방재정계획_2026-2030.pdf,중기지방재정계획,2026~2030,백만원,화성시 연등 음악축 제,기간: 매년 반복사업(매년,750,0,750,0,150,150,150,150,150,2026,8725,2026-09-20
화성시_중기지방재정계획_2026-2030.pdf,중기지방재정계획,2026~2030,백만원,화성시 무형유산 전 수교육관 건립,기간: 2026년 ~ 2029년,13376,0,13376,0,0,4459,4459,4459,0,2026,8738,2026-09-20
화성시_중기지방재정계획_2026-2030.pdf,중기지방재정계획,2026~2030,백만원,만년제 주변 정비사 업,기간:'24~'29년,19059,1627,17432,0,0,8765,4334,4334,0,2026,8754,2026-09-20
화성시_중기지방재정계획_2026-2030.pdf,중기지방재정계획,2026~2030,백만원,비(화성 용주사 대 웅보전 요사채 건립 공사),기간:2026.1~12.,3400,0,3400,0,3400,0,0,0,0,2026,8768,2026-09-20
화성시_중기지방재정계획_2026-2030.pdf,중기지방재정계획,2026~2030,백만원,화성시 연등 음악축 제,기간: 매년 반복사업(매년,750,0,750,0,150,150,150,150,150,2026,8823,2026-09-20
화성시_중기지방재정계획_2026-2030.pdf,중기지방재정계획,2026~2030,백만원,화성시 무형유산 전 수교육관 건립,기간: 2026년 ~ 2029년,13376,0,13376,0,0,4459,4459,4459,0,2026,8836,2026-09-20
화성시_중기지방재정계획_2026-2030.pdf,중기지방재정계획,2026~2030,백만원,만년제 주변 정비사 업,기간:'24~'29년,19059,1627,17432,0,0,8765,4334,4334,0,2026,8852,2026-09-20
화성시_중기지방재정계획_2026-2030.pdf,중기지방재정계획,2026~2030,백만원,비(화성 용주사 대 웅보전 요사채 건립 공사),기간:2026.1~12.,3400,0,3400,0,3400,0,0,0,0,2026,8866,2026-09-20
화성시_중기지방재정계획_2026-2030.pdf,중기지방재정계획,2026~2030,백만원,역사박물관 교육운 영,기간:연중,1157,0,1157,0,231,231,231,231,231,2026,8911,2026-09-20
화성시_중기지방재정계획_2026-2030.pdf,중기지방재정계획,2026~2030,백만원,역사박물관 확충 건 립,기간:2024. 1. ~ 2030.,41200,132,41068,0,152,2252,5692,32972,0,2026,8922,2026-09-20
화성시_중기지방재정계획_2026-2030.pdf,중기지방재정계획,2026~2030,백만원,화성시독립운동역사 문화공원 조성,기간:2016. 4.~2026. 12.,48800,48800,0,0,0,0,0,0,0,2026,8938,2026-09-20
화성시_중기지방재정계획_2026-2030.pdf,중기지방재정계획,2026~2030,백만원,기념식 및 추모제 개최,기간:2023.01.01.~,586,0,586,0,115,116,117,118,119,2026,8952,2026-09-20
화성시_중기지방재정계획_2026-2030.pdf,중기지방재정계획,2026~2030,백만원,이 자 소  계 2026 2027 2028 2029 2030 기념관 운영관리,기간:2026.1.~2030.12.,5072,0,5072,0,1072,1000,1000,1000,1000,2026,8993,2026-09-20
화성시_중기지방재정계획_2026-2030.pdf,중기지방재정계획,2026~2030,백만원,기념관 전시운영,기간:2026.1.~2030.12.,1700,0,1700,0,330,335,340,345,350,2026,9003,2026-09-20
화성시_중기지방재정계획_2026-2030.pdf,중기지방재정계획,2026~2030,백만원,자안천 비점오염저 감시설 건립사업,기간:2022.01~2027.12,9435,512,8923,0,490,8433,0,0,0,2026,9019,2026-09-20
화성시_중기지방재정계획_2026-2030.pdf,중기지방재정계획,2026~2030,백만원,비점오염저감시설 유지관리,기간:2025.01~2029.12,2850,0,2850,0,570,570,570,570,570,2026,9035,2026-09-20
화성시_중기지방재정계획_2026-2030.pdf,중기지방재정계획,2026~2030,백만원,이 자 소  계 2026 2027 2028 2029 2030 기념관 운영관리,기간:2026.1.~2030.12.,5072,0,5072,0,1072,1000,1000,1000,1000,2026,9075,2026-09-20
화성시_중기지방재정계획_2026-2030.pdf,중기지방재정계획,2026~2030,백만원,기념관 전시운영,기간:2026.1.~2030.12.,1700,0,1700,0,330,335,340,345,350,2026,9085,2026-09-20
화성시_중기지방재정계획_2026-2030.pdf,중기지방재정계획,2026~2030,백만원,자안천 비점오염저 감시설 건립사업,기간:2022.01~2027.12,9435,512,8923,0,490,8433,0,0,0,2026,9101,2026-09-20
화성시_중기지방재정계획_2026-2030.pdf,중기지방재정계획,2026~2030,백만원,비점오염저감시설 유지관리,기간:2025.01~2029.12,2850,0,2850,0,570,570,570,570,570,2026,9117,2026-09-20
화성시_중기지방재정계획_2026-2030.pdf,중기지방재정계획,2026~2030,백만원,자 소  계 2026 2027 2028 2029 2030 수질정화시설 운영 관리,기간:2025.01~2029.12,3957,0,3957,0,791,791,791,791,791,2026,9158,2026-09-20
화성시_중기지방재정계획_2026-2030.pdf,중기지방재정계획,2026~2030,백만원,완충저류시설 설치 사업 추진,기간:2024년 ~ 2028년,65922,22,65900,0,6590,28000,28000,3310,0,2026,9170,2026-09-20
화성시_중기지방재정계획_2026-2030.pdf,중기지방재정계획,2026~2030,백만원,남양호유역 인공습 지 비점오염저감사 업,기간:2025.6. ~ 2027.12.,9503,490,9013,0,3738,4800,475,0,0,2026,9188,2026-09-20
화성시_중기지방재정계획_2026-2030.pdf,중기지방재정계획,2026~2030,백만원,공공폐수처리시설 관리,기간 : 2026.01.~2030.12.,54040,0,54040,0,10808,10808,10808,10808,10808,2026,9207,2026-09-20
화성시_중기지방재정계획_2026-2030.pdf,중기지방재정계획,2026~2030,백만원,자 소  계 2026 2027 2028 2029 2030 국화도 마을상수도 개선사업,기간:2025.1~ 2026.12.,2500,1163,1337,0,670,667,0,0,0,2026,9249,2026-09-20
화성시_중기지방재정계획_2026-2030.pdf,중기지방재정계획,2026~2030,백만원,국화도 마을상수도 시설관리,기간:2025. 1. ~ 2030.12.,1154,0,1154,0,304,300,200,200,150,2026,9266,2026-09-20
화성시_중기지방재정계획_2026-2030.pdf,중기지방재정계획,2026~2030,백만원,정수구입,기간:2026. 1. ~ 2026.,305025,0,305025,0,61005,61005,61005,61005,61005,2026,9279,2026-09-20
화성시_중기지방재정계획_2026-2030.pdf,중기지방재정계획,2026~2030,백만원,상수도시설운영,기간:2026. 1. ~ 2030.,11538,0,11538,0,2308,2308,2308,2308,2308,2026,9292,2026-09-20
화성시_중기지방재정계획_2026-2030.pdf,중기지방재정계획,2026~2030,백만원,계량기교체 및 관리,기간:2026. 1. ~ 2030. 12.,14000,0,14000,0,2800,2800,2800,2800,2800,2026,9303,2026-09-20
화성시_중기지방재정계획_2026-2030.pdf,중기지방재정계획,2026~2030,백만원,자 소  계 2026 2027 2028 2029 2030 국화도 마을상수도 개선사업,기간:2025.1~ 2026.12.,2500,1163,1337,0,670,667,0,0,0,2026,9343,2026-09-20
화성시_중기지방재정계획_2026-2030.pdf,중기지방재정계획,2026~2030,백만원,국화도 마을상수도 시설관리,기간:2025. 1. ~ 2030.12.,1154,0,1154,0,304,300,200,200,150,2026,9360,2026-09-20
화성시_중기지방재정계획_2026-2030.pdf,중기지방재정계획,2026~2030,백만원,정수구입,기간:2026. 1. ~ 2026.,305025,0,305025,0,61005,61005,61005,61005,61005,2026,9373,2026-09-20
화성시_중기지방재정계획_2026-2030.pdf,중기지방재정계획,2026~2030,백만원,상수도시설운영,기간:2026. 1. ~ 2030.,11538,0,11538,0,2308,2308,2308,2308,2308,2026,9386,2026-09-20
화성시_중기지방재정계획_2026-2030.pdf,중기지방재정계획,2026~2030,백만원,계량기교체 및 관리,기간:2026. 1. ~ 2030. 12.,14000,0,14000,0,2800,2800,2800,2800,2800,2026,9397,2026-09-20
화성시_중기지방재정계획_2026-2030.pdf,중기지방재정계획,2026~2030,백만원,상수도시설 유지관 리,기간:2026. 1. ~ 2030. 12.,117649,0,117649,0,23530,23530,23530,23530,23530,2026,9438,2026-09-20
화성시_중기지방재정계획_2026-2030.pdf,중기지방재정계획,2026~2030,백만원,상수도시설 동력비,기간:2026. 1. ~ 2030. 12.,17094,0,17094,0,3419,3419,3419,3419,3419,2026,9448,2026-09-20
화성시_중기지방재정계획_2026-2030.pdf,중기지방재정계획,2026~2030,백만원,상수도신설급수공사,기간:2026.01~2030.12,37500,0,37500,0,7500,7500,7500,7500,7500,2026,9461,2026-09-20
화성시_중기지방재정계획_2026-2030.pdf,중기지방재정계획,2026~2030,백만원,상수도 검침업무 민 간위탁,기간:2026. 1. ~2030. 12.,12723,0,12723,0,2545,2545,2545,2545,2545,2026,9476,2026-09-20
화성시_중기지방재정계획_2026-2030.pdf,중기지방재정계획,2026~2030,백만원,자 소  계 2026 2027 2028 2029 2030 석우배수지 증설사 업,기간:2021.04~2026.12,24815,24215,600,0,600,0,0,0,0,2026,9519,2026-09-20
화성시_중기지방재정계획_2026-2030.pdf,중기지방재정계획,2026~2030,백만원,봉담내리 배수지 축 조사업,기간:2021.03~2028.12,28717,2490,26227,0,0,13113,13113,0,0,2026,9533,2026-09-20
화성시_중기지방재정계획_2026-2030.pdf,중기지방재정계획,2026~2030,백만원,안녕배수지 축조사 업,기간:2021.03~2030.12,48477,1073,47404,0,0,11851,11851,11851,11851,2026,9547,2026-09-20
화성시_중기지방재정계획_2026-2030.pdf,중기지방재정계획,2026~2030,백만원,팔탄구장 배수지 증 설사업,기간:2021.01~2030.12.,19929,8900,11029,0,720,0,0,5309,5000,2026,9558,2026-09-20
화성시_중기지방재정계획_2026-2030.pdf,중기지방재정계획,2026~2030,백만원,남양5배수지 증설사 업,기간:2021.03~2030.12.,18185,1892,16293,0,0,2338,3955,5000,5000,2026,9571,2026-09-20
화성시_중기지방재정계획_2026-2030.pdf,중기지방재정계획,2026~2030,백만원,자 소  계 2026 2027 2028 2029 2030 석우배수지 증설사 업,기간:2021.04~2026.12,24815,24215,600,0,600,0,0,0,0,2026,9620,2026-09-20
화성시_중기지방재정계획_2026-2030.pdf,중기지방재정계획,2026~2030,백만원,봉담내리 배수지 축 조사업,기간:2021.03~2028.12,28717,2490,26227,0,0,13113,13113,0,0,2026,9634,2026-09-20
화성시_중기지방재정계획_2026-2030.pdf,중기지방재정계획,2026~2030,백만원,안녕배수지 축조사 업,기간:2021.03~2030.12,48477,1073,47404,0,0,11851,11851,11851,11851,2026,9648,2026-09-20
화성시_중기지방재정계획_2026-2030.pdf,중기지방재정계획,2026~2030,백만원,팔탄구장 배수지 증 설사업,기간:2021.01~2030.12.,19929,8900,11029,0,720,0,0,5309,5000,2026,9659,2026-09-20
화성시_중기지방재정계획_2026-2030.pdf,중기지방재정계획,2026~2030,백만원,남양5배수지 증설사 업,기간:2021.03~2030.12.,18185,1892,16293,0,0,2338,3955,5000,5000,2026,9672,2026-09-20
화성시_중기지방재정계획_2026-2030.pdf,중기지방재정계획,2026~2030,백만원,배수관로 설치공사,기간:2026.01~2030.12,14350,0,14350,0,2870,2870,2870,2870,2870,2026,9728,2026-09-20
화성시_중기지방재정계획_2026-2030.pdf,중기지방재정계획,2026~2030,백만원,원인자부담 관로 설 치공사,기간:2026. 1 . ~ 2030.,7500,0,7500,0,1500,1500,1500,1500,1500,2026,9740,2026-09-20
화성시_중기지방재정계획_2026-2030.pdf,중기지방재정계획,2026~2030,백만원,공장밀집지역 배수 관로 설치공사,기간:2026~2030,7500,0,7500,0,1500,1500,1500,1500,1500,2026,9753,2026-09-20
화성시_중기지방재정계획_2026-2030.pdf,중기지방재정계획,2026~2030,백만원,노후관로 및 출수불 량지 배·급수관 정 비공사,기간:2026. 1. ~ 2030. 12.,27500,0,27500,0,5500,5500,5500,5500,5500,2026,9769,2026-09-20
화성시_중기지방재정계획_2026-2030.pdf,중기지방재정계획,2026~2030,백만원,상수도 공간정보 수 정 및 개선,기간:2026. 1 .~ 2028. 12.,360,0,360,0,160,100,100,0,0,2026,9785,2026-09-20
화성시_중기지방재정계획_2026-2030.pdf,중기지방재정계획,2026~2030,백만원,녹물없는 우리집 수 도관 개량지원사업,기간:2024. 1. ~2024. 12.,642,0,642,0,128,128,128,128,128,2026,9825,2026-09-20
화성시_중기지방재정계획_2026-2030.pdf,중기지방재정계획,2026~2030,백만원,소방용수시설 확충 사업,기간:2025. 01. ~ 2029.,3000,0,3000,0,600,600,600,600,600,2026,9844,2026-09-20
화성시_중기지방재정계획_2026-2030.pdf,중기지방재정계획,2026~2030,백만원,출수불량지역 가압 장 설치 및 증설 공 사,기간:2026~2030,3000,0,3000,0,600,600,600,600,600,2026,9862,2026-09-20
화성시_중기지방재정계획_2026-2030.pdf,중기지방재정계획,2026~2030,백만원,배수지 시설개선,기간:2026. 1. ~ 2030.12.,4500,0,4500,0,0,1000,1000,1000,1500,2026,9875,2026-09-20
화성시_중기지방재정계획_2026-2030.pdf,중기지방재정계획,2026~2030,백만원,녹물없는 우리집 수 도관 개량지원사업,기간:2024. 1. ~2024. 12.,642,0,642,0,128,128,128,128,128,2026,9916,2026-09-20
화성시_중기지방재정계획_2026-2030.pdf,중기지방재정계획,2026~2030,백만원,소방용수시설 확충 사업,기간:2025. 01. ~ 2029.,3000,0,3000,0,600,600,600,600,600,2026,9935,2026-09-20
화성시_중기지방재정계획_2026-2030.pdf,중기지방재정계획,2026~2030,백만원,출수불량지역 가압 장 설치 및 증설 공 사,기간:2026~2030,3000,0,3000,0,600,600,600,600,600,2026,9953,2026-09-20
화성시_중기지방재정계획_2026-2030.pdf,중기지방재정계획,2026~2030,백만원,배수지 시설개선,기간:2026. 1. ~ 2030.12.,4500,0,4500,0,0,1000,1000,1000,1500,2026,9966,2026-09-20
화성시_중기지방재정계획_2026-2030.pdf,중기지방재정계획,2026~2030,백만원,통합가압장 시설개 선,기간:2026.1.~12.,670,0,670,0,670,0,0,0,0,2026,10007,2026-09-20
화성시_중기지방재정계획_2026-2030.pdf,중기지방재정계획,2026~2030,백만원,남양 공공하수처리 시설 증설,기간:2021.06.~2030.12.,44805,20400,24405,0,6662,1842,1542,7179,7179,2026,10022,2026-09-20
화성시_중기지방재정계획_2026-2030.pdf,중기지방재정계획,2026~2030,백만원,향남 공공하수처리 시설 증설사업,기간:2020.06.~2025.06.,21541,21541,0,0,0,0,0,0,0,2026,10034,2026-09-20
화성시_중기지방재정계획_2026-2030.pdf,중기지방재정계획,2026~2030,백만원,와우 공공하수처리 시설 설치사업,기간:2021.05.~2030.12.,56446,4450,51996,0,4924,9376,17189,8027,12480,2026,10049,2026-09-20
화성시_중기지방재정계획_2026-2030.pdf,중기지방재정계획,2026~2030,백만원,동탄2 수질복원센터 증설사업,기간:2021.06.~2029.09.,66702,26471,40231,0,9517,15358,15357,0,0,2026,10092,2026-09-20
화성시_중기지방재정계획_2026-2030.pdf,중기지방재정계획,2026~2030,백만원,장안면 노진리 소규 모 공공하수도 설치 사업,기간: 2023. 09. ~ 2030.,12156,1200,10956,0,0,0,0,4950,6006,2026,10108,2026-09-20
화성시_중기지방재정계획_2026-2030.pdf,중기지방재정계획,2026~2030,백만원,양감공공하수처리시 설 증설사업,기간:2024.8. ~2030.9.,4759,460,4299,0,0,0,0,2149,2150,2026,10124,2026-09-20
화성시_중기지방재정계획_2026-2030.pdf,중기지방재정계획,2026~2030,백만원,동탄2 수질복원센터 증설사업,기간:2021.06.~2029.09.,66702,26471,40231,0,9517,15358,15357,0,0,2026,10178,2026-09-20
화성시_중기지방재정계획_2026-2030.pdf,중기지방재정계획,2026~2030,백만원,장안면 노진리 소규 모 공공하수도 설치 사업,기간: 2023. 09. ~ 2030.,12156,1200,10956,0,0,0,0,4950,6006,2026,10194,2026-09-20
화성시_중기지방재정계획_2026-2030.pdf,중기지방재정계획,2026~2030,백만원,양감공공하수처리시 설 증설사업,기간:2024.8. ~2030.9.,4759,460,4299,0,0,0,0,2149,2150,2026,10210,2026-09-20
화성시_중기지방재정계획_2026-2030.pdf,중기지방재정계획,2026~2030,백만원,정남 하수처리구역 하수관로 설치공사,기간:2020.06.~2029.03.,38992,3533,35459,0,1000,17230,17230,0,0,2026,10269,2026-09-20
화성시_중기지방재정계획_2026-2030.pdf,중기지방재정계획,2026~2030,백만원,남양 하수처리구역 하수관로 설치공사,기간:2020.03.~2026.03.,27980,8356,19624,0,7907,11718,0,0,0,2026,10283,2026-09-20
화성시_중기지방재정계획_2026-2030.pdf,중기지방재정계획,2026~2030,백만원,우정 하수처리구역 하수관로 설치공사,기간:2020.06.~2025.11.,17988,17988,0,0,0,0,0,0,0,2026,10298,2026-09-20
화성시_중기지방재정계획_2026-2030.pdf,중기지방재정계획,2026~2030,백만원,서신면 백미리 일원 오수관로 설치공사,기간:2021.04.~2027.07.,7047,1600,5447,0,2724,2723,0,0,0,2026,10339,2026-09-20
화성시_중기지방재정계획_2026-2030.pdf,중기지방재정계획,2026~2030,백만원,와우 하수처리구역 하수관로 설치공사,기간:2021.05.~2030.12.,11899,889,11010,0,0,300,300,5205,5205,2026,10355,2026-09-20
화성시_중기지방재정계획_2026-2030.pdf,중기지방재정계획,2026~2030,백만원,하수관로 개선/정비,기간:연례반복,7560,0,7560,0,0,1280,1280,2500,2500,2026,10368,2026-09-20
화성시_중기지방재정계획_2026-2030.pdf,중기지방재정계획,2026~2030,백만원,정남하수처리구역 하수관로 설치공사( 2단계),기간:2020.06.~2030.12.,23769,940,22829,0,0,0,0,11915,10915,2026,10380,2026-09-20
화성시_중기지방재정계획_2026-2030.pdf,중기지방재정계획,2026~2030,백만원,서신면 백미리 일원 오수관로 설치공사,기간:2021.04.~2027.07.,7047,1600,5447,0,2724,2723,0,0,0,2026,10423,2026-09-20
화성시_중기지방재정계획_2026-2030.pdf,중기지방재정계획,2026~2030,백만원,와우 하수처리구역 하수관로 설치공사,기간:2021.05.~2030.12.,11899,889,11010,0,0,300,300,5205,5205,2026,10439,2026-09-20
화성시_중기지방재정계획_2026-2030.pdf,중기지방재정계획,2026~2030,백만원,하수관로 개선/정비,기간:연례반복,7560,0,7560,0,0,1280,1280,2500,2500,2026,10452,2026-09-20
화성시_중기지방재정계획_2026-2030.pdf,중기지방재정계획,2026~2030,백만원,정남하수처리구역 하수관로 설치공사( 2단계),기간:2020.06.~2030.12.,23769,940,22829,0,0,0,0,11915,10915,2026,10464,2026-09-20
화성시_중기지방재정계획_2026-2030.pdf,중기지방재정계획,2026~2030,백만원,자 소  계 2026 2027 2028 2029 2030 서신 하수처리구역 하수관로 설치공사,기간:2017.~2030.,8917,300,8617,0,0,0,0,3500,5117,2026,10506,2026-09-20
화성시_중기지방재정계획_2026-2030.pdf,중기지방재정계획,2026~2030,백만원,동탄2 수질복원센터 유입 압송관로(차집 관로) 신설 공사,기간:2026~2030,22500,0,22500,0,4500,4500,4500,4500,4500,2026,10520,2026-09-20
화성시_중기지방재정계획_2026-2030.pdf,중기지방재정계획,2026~2030,백만원,우수관로 설치,기간: 2023.01~2028.12.,12400,0,12400,0,2480,2480,2480,2480,2480,2026,10532,2026-09-20
화성시_중기지방재정계획_2026-2030.pdf,중기지방재정계획,2026~2030,백만원,우수관로 유지관리,기간:2026.~2027.,12050,0,12050,0,2410,2410,2410,2410,2410,2026,10545,2026-09-20
화성시_중기지방재정계획_2026-2030.pdf,중기지방재정계획,2026~2030,백만원,"공공하수처리시설 수리, 교체 및 유지 관리비",기간:연례반복,73695,0,73695,0,14739,14739,14739,14739,14739,2026,10558,2026-09-20
화성시_중기지방재정계획_2026-2030.pdf,중기지방재정계획,2026~2030,백만원,"하수처리 위탁비용( 수원,오산)",기간:연례반복,78000,0,78000,0,15600,15600,15600,15600,15600,2026,10598,2026-09-20
화성시_중기지방재정계획_2026-2030.pdf,중기지방재정계획,2026~2030,백만원,민간투자사업 공공 하수처리시설 위탁 비용,기간:연례반복,92500,0,92500,0,18500,18500,18500,18500,18500,2026,10611,2026-09-20
화성시_중기지방재정계획_2026-2030.pdf,중기지방재정계획,2026~2030,백만원,공공하수처리시설 관리업무 대행비용,기간:연례반복,73723,0,73723,0,14745,14745,14745,14745,14745,2026,10623,2026-09-20
화성시_중기지방재정계획_2026-2030.pdf,중기지방재정계획,2026~2030,백만원,공공하수처리시설 전기요금,기간:연례반복,4900,0,4900,0,980,980,980,980,980,2026,10635,2026-09-20
화성시_중기지방재정계획_2026-2030.pdf,중기지방재정계획,2026~2030,백만원,공공하수처리시설 슬러지 처리비,기간:연례반복,41000,0,41000,0,8200,8200,8200,8200,8200,2026,10647,2026-09-20
화성시_중기지방재정계획_2026-2030.pdf,중기지방재정계획,2026~2030,백만원,공공하수처리시설 약품비,기간:연례반복,13000,0,13000,0,2600,2600,2600,2600,2600,2026,10659,2026-09-20
화성시_중기지방재정계획_2026-2030.pdf,중기지방재정계획,2026~2030,백만원,"하수처리 위탁비용( 수원,오산)",기간:연례반복,78000,0,78000,0,15600,15600,15600,15600,15600,2026,10698,2026-09-20
화성시_중기지방재정계획_2026-2030.pdf,중기지방재정계획,2026~2030,백만원,민간투자사업 공공 하수처리시설 위탁 비용,기간:연례반복,92500,0,92500,0,18500,18500,18500,18500,18500,2026,10711,2026-09-20
화성시_중기지방재정계획_2026-2030.pdf,중기지방재정계획,2026~2030,백만원,공공하수처리시설 관리업무 대행비용,기간:연례반복,73723,0,73723,0,14745,14745,14745,14745,14745,2026,10723,2026-09-20
화성시_중기지방재정계획_2026-2030.pdf,중기지방재정계획,2026~2030,백만원,공공하수처리시설 전기요금,기간:연례반복,4900,0,4900,0,980,980,980,980,980,2026,10735,2026-09-20
화성시_중기지방재정계획_2026-2030.pdf,중기지방재정계획,2026~2030,백만원,공공하수처리시설 슬러지 처리비,기간:연례반복,41000,0,41000,0,8200,8200,8200,8200,8200,2026,10747,2026-09-20
화성시_중기지방재정계획_2026-2030.pdf,중기지방재정계획,2026~2030,백만원,공공하수처리시설 약품비,기간:연례반복,13000,0,13000,0,2600,2600,2600,2600,2600,2026,10759,2026-09-20
화성시_중기지방재정계획_2026-2030.pdf,중기지방재정계획,2026~2030,백만원,"공공하수도(공공하 수처리시설, 하수관 로) 기술진단",기간:매5년,12420,0,12420,0,2484,2484,2484,2484,2484,2026,10799,2026-09-20
화성시_중기지방재정계획_2026-2030.pdf,중기지방재정계획,2026~2030,백만원,하수관로 유지관리,기간:연례반복,18125,0,18125,0,3625,3625,3625,3625,3625,2026,10812,2026-09-20
화성시_중기지방재정계획_2026-2030.pdf,중기지방재정계획,2026~2030,백만원,화성시 하수도정비 기본계획(변경) 수 립용역,기간:2026. 3. ~ 2027. 3.,2690,0,2690,0,1000,1690,0,0,0,2026,10824,2026-09-20
화성시_중기지방재정계획_2026-2030.pdf,중기지방재정계획,2026~2030,백만원,노후 우수관로 정비 (2단계),기간:2023.06.~2027.02.,19362,10917,8445,0,4223,4223,0,0,0,2026,10834,2026-09-20
화성시_중기지방재정계획_2026-2030.pdf,중기지방재정계획,2026~2030,백만원,분뇨처리 위탁비용( 오산환경사업소),기간:연례반복,15304,0,15304,0,3061,3061,3061,3061,3061,2026,10851,2026-09-20
화성시_중기지방재정계획_2026-2030.pdf,중기지방재정계획,2026~2030,백만원,청소업무 민간대행 위탁,기간:2025.01~2030.12,283211,0,283211,0,88042,88042,88042,9042,10042,2026,10895,2026-09-20
화성시_중기지방재정계획_2026-2030.pdf,중기지방재정계획,2026~2030,백만원,종량제봉투 제작 및 판매,기간: 2026. 1. ~ 2030.,14901,0,14901,0,2980,2980,2980,2980,2980,2026,10907,2026-09-20
화성시_중기지방재정계획_2026-2030.pdf,중기지방재정계획,2026~2030,백만원,생활폐기물 처리,기간:2026년~2030년,83329,0,83329,0,14866,14866,14866,17866,20866,2026,10918,2026-09-20
화성시_중기지방재정계획_2026-2030.pdf,중기지방재정계획,2026~2030,백만원,자원화시설 운영,기간: 2026.1.~2030.12.,3196,0,3196,0,639,639,639,639,639,2026,10929,2026-09-20
화성시_중기지방재정계획_2026-2030.pdf,중기지방재정계획,2026~2030,백만원,청소업무 민간대행 위탁,기간:2025.01~2030.12,283211,0,283211,0,88042,88042,88042,9042,10042,2026,10982,2026-09-20
화성시_중기지방재정계획_2026-2030.pdf,중기지방재정계획,2026~2030,백만원,종량제봉투 제작 및 판매,기간: 2026. 1. ~ 2030.,14901,0,14901,0,2980,2980,2980,2980,2980,2026,10994,2026-09-20
화성시_중기지방재정계획_2026-2030.pdf,중기지방재정계획,2026~2030,백만원,생활폐기물 처리,기간:2026년~2030년,83329,0,83329,0,14866,14866,14866,17866,20866,2026,11005,2026-09-20
화성시_중기지방재정계획_2026-2030.pdf,중기지방재정계획,2026~2030,백만원,자원화시설 운영,기간: 2026.1.~2030.12.,3196,0,3196,0,639,639,639,639,639,2026,11016,2026-09-20
화성시_중기지방재정계획_2026-2030.pdf,중기지방재정계획,2026~2030,백만원,다회용기 사용 촉진 지원사업,기간:2025. 1. ~ 2030.,4040,0,4040,0,808,808,808,808,808,2026,11067,2026-09-20
화성시_중기지방재정계획_2026-2030.pdf,중기지방재정계획,2026~2030,백만원,음식물류 폐기물 처 리사업,기간:2025.01~2030.12,21096,0,21096,0,4219,4219,4219,4219,4219,2026,11085,2026-09-20
화성시_중기지방재정계획_2026-2030.pdf,중기지방재정계획,2026~2030,백만원,음식물쓰레기 종량 제(RFID) 운영관리,기간:2025.01~2030.12,6263,0,6263,0,1253,1253,1253,1253,1253,2026,11099,2026-09-20
화성시_중기지방재정계획_2026-2030.pdf,중기지방재정계획,2026~2030,백만원,깨끗한 도로(Clean Road)만들기,기간: 2025~2030년,621,0,621,0,124,124,124,124,124,2026,11113,2026-09-20
화성시_중기지방재정계획_2026-2030.pdf,중기지방재정계획,2026~2030,백만원,그린환경센터 운영( 소각),기간:2025.01~2030.12,81546,0,81546,0,16309,16309,16309,16309,16309,2026,11165,2026-09-20
화성시_중기지방재정계획_2026-2030.pdf,중기지방재정계획,2026~2030,백만원,그린환경센터 운영( 에코센터),기간:2025. 1.~2030. 12.,3747,0,3747,0,749,749,749,749,749,2026,11178,2026-09-20
화성시_중기지방재정계획_2026-2030.pdf,중기지방재정계획,2026~2030,백만원,그린환경센터 주민 편익시설 운영,기간:2025. 1.~2030. 12.,10504,0,10504,0,2127,2094,2094,2094,2094,2026,11191,2026-09-20
화성시_중기지방재정계획_2026-2030.pdf,중기지방재정계획,2026~2030,백만원,자동집하시설 운영,기간:2026.01~2030.12(반복,8873,0,8873,0,1791,1771,1771,1771,1771,2026,11202,2026-09-20
화성시_중기지방재정계획_2026-2030.pdf,중기지방재정계획,2026~2030,백만원,크린에너지센터 운 영,기간:2026. 1. ~ 2030. 12.(,36483,0,36483,0,7297,7297,7297,7297,7297,2026,11216,2026-09-20
화성시_중기지방재정계획_2026-2030.pdf,중기지방재정계획,2026~2030,백만원,그린환경센터 운영( 소각),기간:2025.01~2030.12,81546,0,81546,0,16309,16309,16309,16309,16309,2026,11266,2026-09-20
화성시_중기지방재정계획_2026-2030.pdf,중기지방재정계획,2026~2030,백만원,그린환경센터 운영( 에코센터),기간:2025. 1.~2030. 12.,3747,0,3747,0,749,749,749,749,749,2026,11279,2026-09-20
화성시_중기지방재정계획_2026-2030.pdf,중기지방재정계획,2026~2030,백만원,그린환경센터 주민 편익시설 운영,기간:2025. 1.~2030. 12.,10504,0,10504,0,2127,2094,2094,2094,2094,2026,11292,2026-09-20
화성시_중기지방재정계획_2026-2030.pdf,중기지방재정계획,2026~2030,백만원,자동집하시설 운영,기간:2026.01~2030.12(반복,8873,0,8873,0,1791,1771,1771,1771,1771,2026,11303,2026-09-20
화성시_중기지방재정계획_2026-2030.pdf,중기지방재정계획,2026~2030,백만원,크린에너지센터 운 영,기간:2026. 1. ~ 2030. 12.(,36483,0,36483,0,7297,7297,7297,7297,7297,2026,11317,2026-09-20
화성시_중기지방재정계획_2026-2030.pdf,중기지방재정계획,2026~2030,백만원,자 소  계 2026 2027 2028 2029 2030 사용종료매립장 사 후관리,기간:2026. 1 ~ 2030. 12,3237,0,3237,0,647,647,647,647,647,2026,11359,2026-09-20
화성시_중기지방재정계획_2026-2030.pdf,중기지방재정계획,2026~2030,백만원,황계동 비위생매립 지 정비사업,기간: 2025. 1. ~ 2026.,2340,0,2340,0,2340,0,0,0,0,2026,11370,2026-09-20
화성시_중기지방재정계획_2026-2030.pdf,중기지방재정계획,2026~2030,백만원,주변영향지역 주민 지원,기간:연례반복,10302,0,10302,0,2145,2102,2060,2018,1978,2026,11384,2026-09-20
화성시_중기지방재정계획_2026-2030.pdf,중기지방재정계획,2026~2030,백만원,화성시 생활폐기물 처리시설 (소각시설 ) 신규 설치사업,기간: 2019. 1. ~ 2034.,379299,465,378834,378812,22,0,0,0,0,2026,11399,2026-09-20
화성시_중기지방재정계획_2026-2030.pdf,중기지방재정계획,2026~2030,백만원,공중화장실 위탁 관 리,기간:연례반복,4771,0,4771,0,816,897,987,987,1085,2026,11414,2026-09-20
화성시_중기지방재정계획_2026-2030.pdf,중기지방재정계획,2026~2030,백만원,화성시환경재단 운 영,기간: 2026. 1 ~12.,14000,0,14000,0,2200,2200,2200,3200,4200,2026,11455,2026-09-20
화성시_중기지방재정계획_2026-2030.pdf,중기지방재정계획,2026~2030,백만원,소규모 사업장 방지 시설 설치 지원사업,기간:연례반복,6360,0,6360,0,1272,1272,1272,1272,1272,2026,11466,2026-09-20
화성시_중기지방재정계획_2026-2030.pdf,중기지방재정계획,2026~2030,백만원,운행경유차 배출가 스 저감사업,기간:2025.01~2029.12,46458,0,46458,0,9292,9292,9292,9292,9292,2026,11482,2026-09-20
화성시_중기지방재정계획_2026-2030.pdf,중기지방재정계획,2026~2030,백만원,화성시환경재단 운 영,기간: 2026. 1 ~12.,14000,0,14000,0,2200,2200,2200,3200,4200,2026,11530,2026-09-20
화성시_중기지방재정계획_2026-2030.pdf,중기지방재정계획,2026~2030,백만원,소규모 사업장 방지 시설 설치 지원사업,기간:연례반복,6360,0,6360,0,1272,1272,1272,1272,1272,2026,11541,2026-09-20
화성시_중기지방재정계획_2026-2030.pdf,중기지방재정계획,2026~2030,백만원,운행경유차 배출가 스 저감사업,기간:2025.01~2029.12,46458,0,46458,0,9292,9292,9292,9292,9292,2026,11557,2026-09-20
화성시_중기지방재정계획_2026-2030.pdf,중기지방재정계획,2026~2030,백만원,자 소  계 2026 2027 2028 2029 2030 전기자동차 구매 지 원,기간:2026~2030,125509,0,125509,0,25102,25102,25102,25102,25102,2026,11600,2026-09-20
화성시_중기지방재정계획_2026-2030.pdf,중기지방재정계획,2026~2030,백만원,수소전기자동차 구 매 지원,기간:2026~2030,34300,0,34300,0,6860,6860,6860,6860,6860,2026,11613,2026-09-20
화성시_중기지방재정계획_2026-2030.pdf,중기지방재정계획,2026~2030,백만원,비봉습지 생물자원 보전시설 설치사업,기간:2021.02~2026.12,4556,3956,600,0,600,0,0,0,0,2026,11634,2026-09-20
화성시_중기지방재정계획_2026-2030.pdf,중기지방재정계획,2026~2030,백만원,이 자 소  계 2026 2027 2028 2029 2030 생태공원 운영,기간:2025.1.1.~2029.12.31.,8663,0,8663,0,1733,1733,1733,1733,1733,2026,11676,2026-09-20
화성시_중기지방재정계획_2026-2030.pdf,중기지방재정계획,2026~2030,백만원,민간환경감시단 운 영,기간: 연례반복,1766,0,1766,0,353,353,353,353,353,2026,11695,2026-09-20
화성시_중기지방재정계획_2026-2030.pdf,중기지방재정계획,2026~2030,백만원,경기도 유해화학물 질 안전시설 설치· 개선 지원사업,기간: 연례반복,2442,0,2442,0,488,488,488,488,488,2026,11708,2026-09-20
화성시_중기지방재정계획_2026-2030.pdf,중기지방재정계획,2026~2030,백만원,방치 폐기물 위탁처 리(병점구),기간: 2025년 ~ 2029년,4399,0,4399,0,877,878,880,881,883,2026,11725,2026-09-20
화성시_중기지방재정계획_2026-2030.pdf,중기지방재정계획,2026~2030,백만원,이 자 소  계 2026 2027 2028 2029 2030 생태공원 운영,기간:2025.1.1.~2029.12.31.,8663,0,8663,0,1733,1733,1733,1733,1733,2026,11767,2026-09-20
화성시_중기지방재정계획_2026-2030.pdf,중기지방재정계획,2026~2030,백만원,민간환경감시단 운 영,기간: 연례반복,1766,0,1766,0,353,353,353,353,353,2026,11786,2026-09-20
화성시_중기지방재정계획_2026-2030.pdf,중기지방재정계획,2026~2030,백만원,경기도 유해화학물 질 안전시설 설치· 개선 지원사업,기간: 연례반복,2442,0,2442,0,488,488,488,488,488,2026,11799,2026-09-20
화성시_중기지방재정계획_2026-2030.pdf,중기지방재정계획,2026~2030,백만원,방치 폐기물 위탁처 리(병점구),기간: 2025년 ~ 2029년,4399,0,4399,0,877,878,880,881,883,2026,11816,2026-09-20
화성시_중기지방재정계획_2026-2030.pdf,중기지방재정계획,2026~2030,백만원,생계급여(일반) 지 원,기간:2025년~2029년,293250,0,293250,0,58650,58650,58650,58650,58650,2026,11862,2026-09-20
화성시_중기지방재정계획_2026-2030.pdf,중기지방재정계획,2026~2030,백만원,기초생활수급자 명 절위로금 지원,기간:2025.01~2029.12,11800,0,11800,0,1800,2200,2400,2600,2800,2026,11878,2026-09-20
화성시_중기지방재정계획_2026-2030.pdf,중기지방재정계획,2026~2030,백만원,의료급여 수급자 본 인부담금 지원,기간:2025.01~2029.12,4585,0,4585,0,830,871,915,961,1009,2026,11893,2026-09-20
화성시_중기지방재정계획_2026-2030.pdf,중기지방재정계획,2026~2030,백만원,주거급여 사업,기간:2026.01~2030.12,168033,0,168033,0,33607,33607,33607,33607,33607,2026,11949,2026-09-20
화성시_중기지방재정계획_2026-2030.pdf,중기지방재정계획,2026~2030,백만원,화성시복지재단 운 영,기간:2026.01~2030.12,19095,0,19095,0,3219,3219,3219,4219,5219,2026,11970,2026-09-20
화성시_중기지방재정계획_2026-2030.pdf,중기지방재정계획,2026~2030,백만원,종합사회복지관 운 영,기간:2026.01~2030.12,69132,0,69132,0,13226,13226,13226,14226,15226,2026,11982,2026-09-20
화성시_중기지방재정계획_2026-2030.pdf,중기지방재정계획,2026~2030,백만원,주거급여 사업,기간:2026.01~2030.12,168033,0,168033,0,33607,33607,33607,33607,33607,2026,12026,2026-09-20
화성시_중기지방재정계획_2026-2030.pdf,중기지방재정계획,2026~2030,백만원,화성시복지재단 운 영,기간:2026.01~2030.12,19095,0,19095,0,3219,3219,3219,4219,5219,2026,12047,2026-09-20
화성시_중기지방재정계획_2026-2030.pdf,중기지방재정계획,2026~2030,백만원,종합사회복지관 운 영,기간:2026.01~2030.12,69132,0,69132,0,13226,13226,13226,14226,15226,2026,12059,2026-09-20
화성시_중기지방재정계획_2026-2030.pdf,중기지방재정계획,2026~2030,백만원,이 자 소  계 2026 2027 2028 2029 2030 황계복지센터 건립,기간:2017. 11. ~ 2025. 5.,3577,3577,0,0,0,0,0,0,0,2026,12097,2026-09-20
화성시_중기지방재정계획_2026-2030.pdf,중기지방재정계획,2026~2030,백만원,북부종합사회복지관 건립,기간:2019. 10. 1. ~,59940,21376,38564,0,8500,2224,5500,22340,0,2026,12109,2026-09-20
화성시_중기지방재정계획_2026-2030.pdf,중기지방재정계획,2026~2030,백만원,사회복무요원 지원( 전환사업),기간:2026.01~2030.12,27950,0,27950,0,5410,5410,5410,5710,6010,2026,12124,2026-09-20
화성시_중기지방재정계획_2026-2030.pdf,중기지방재정계획,2026~2030,백만원,사회복무요원 중식 지원,기간:2026.01~2030.12,3222,0,3222,0,578,578,578,708,778,2026,12135,2026-09-20
화성시_중기지방재정계획_2026-2030.pdf,중기지방재정계획,2026~2030,백만원,화성시금융복지상담 지원센터 운영,기간:연례반복,3705,0,3705,0,641,641,641,841,941,2026,12145,2026-09-20
화성시_중기지방재정계획_2026-2030.pdf,중기지방재정계획,2026~2030,백만원,긴급복지,기간:2026.01~2030.12,28735,0,28735,0,5287,5287,5287,5687,7187,2026,12197,2026-09-20
화성시_중기지방재정계획_2026-2030.pdf,중기지방재정계획,2026~2030,백만원,경기도형 긴급복지,기간:2026.01~2030.12,9013,0,9013,0,1803,1803,1803,1803,1803,2026,12212,2026-09-20
화성시_중기지방재정계획_2026-2030.pdf,중기지방재정계획,2026~2030,백만원,지역자율형 사회서 비스 투자(지역사회 서비스투자사업),기간:2026.01~2030.12,10357,0,10357,0,2071,2071,2071,2071,2071,2026,12225,2026-09-20
화성시_중기지방재정계획_2026-2030.pdf,중기지방재정계획,2026~2030,백만원,푸드뱅크 지원,기간:연례반복,2389,746,1643,0,285,285,285,385,405,2026,12242,2026-09-20
화성시_중기지방재정계획_2026-2030.pdf,중기지방재정계획,2026~2030,백만원,긴급복지,기간:2026.01~2030.12,28735,0,28735,0,5287,5287,5287,5687,7187,2026,12287,2026-09-20
화성시_중기지방재정계획_2026-2030.pdf,중기지방재정계획,2026~2030,백만원,경기도형 긴급복지,기간:2026.01~2030.12,9013,0,9013,0,1803,1803,1803,1803,1803,2026,12302,2026-09-20
화성시_중기지방재정계획_2026-2030.pdf,중기지방재정계획,2026~2030,백만원,지역자율형 사회서 비스 투자(지역사회 서비스투자사업),기간:2026.01~2030.12,10357,0,10357,0,2071,2071,2071,2071,2071,2026,12315,2026-09-20
화성시_중기지방재정계획_2026-2030.pdf,중기지방재정계획,2026~2030,백만원,푸드뱅크 지원,기간:연례반복,2389,746,1643,0,285,285,285,385,405,2026,12332,2026-09-20
화성시_중기지방재정계획_2026-2030.pdf,중기지방재정계획,2026~2030,백만원,누구나돌봄,기간:연례반복,2306,0,2306,0,461,461,461,461,461,2026,12369,2026-09-20
화성시_중기지방재정계획_2026-2030.pdf,중기지방재정계획,2026~2030,백만원,화성시돌봄통합지원 (자체),기간:연례반복,2746,0,2746,0,461,474,489,603,718,2026,12381,2026-09-20
화성시_중기지방재정계획_2026-2030.pdf,중기지방재정계획,2026~2030,백만원,"자활근로, 지역자활 센터 운영(자활근로 사업)",기간:2026.01~2030.12,14918,0,14918,0,2867,2924,2982,3042,3103,2026,12397,2026-09-20
화성시_중기지방재정계획_2026-2030.pdf,중기지방재정계획,2026~2030,백만원,근로능력있는수급자 의탈수급지원(청년),기간:2026.1.1.~,10859,0,10859,0,2172,2172,2172,2172,2172,2026,12415,2026-09-20
화성시_중기지방재정계획_2026-2030.pdf,중기지방재정계획,2026~2030,백만원,노숙인 재활요양시 설 지원(전환사업),기간:2026.1.1.~,7001,0,7001,0,1319,1358,1399,1441,1484,2026,12461,2026-09-20
화성시_중기지방재정계획_2026-2030.pdf,중기지방재정계획,2026~2030,백만원,저소득주민 건강보 험료 지원,기간:2025. 1. 1. ~ 2029.,3015,0,3015,0,603,603,603,603,603,2026,12475,2026-09-20
화성시_중기지방재정계획_2026-2030.pdf,중기지방재정계획,2026~2030,백만원,장애인 단체 운영 보조,기간:2026. 1. 1. ~,3329,0,3329,0,627,647,666,685,704,2026,12491,2026-09-20
화성시_중기지방재정계획_2026-2030.pdf,중기지방재정계획,2026~2030,백만원,수어통역센터 운영,기간:2026. 1. 1. ~ 2030.,2358,0,2358,0,472,472,472,472,472,2026,12504,2026-09-20
화성시_중기지방재정계획_2026-2030.pdf,중기지방재정계획,2026~2030,백만원,노숙인 재활요양시 설 지원(전환사업),기간:2026.1.1.~,7001,0,7001,0,1319,1358,1399,1441,1484,2026,12547,2026-09-20
화성시_중기지방재정계획_2026-2030.pdf,중기지방재정계획,2026~2030,백만원,저소득주민 건강보 험료 지원,기간:2025. 1. 1. ~ 2029.,3015,0,3015,0,603,603,603,603,603,2026,12561,2026-09-20
화성시_중기지방재정계획_2026-2030.pdf,중기지방재정계획,2026~2030,백만원,장애인 단체 운영 보조,기간:2026. 1. 1. ~,3329,0,3329,0,627,647,666,685,704,2026,12577,2026-09-20
화성시_중기지방재정계획_2026-2030.pdf,중기지방재정계획,2026~2030,백만원,수어통역센터 운영,기간:2026. 1. 1. ~ 2030.,2358,0,2358,0,472,472,472,472,472,2026,12590,2026-09-20
화성시_중기지방재정계획_2026-2030.pdf,중기지방재정계획,2026~2030,백만원,장애인 생활이동지 원센터 운영,기간:2026. 1. 1. ~,3858,0,3858,0,772,772,772,772,772,2026,12632,2026-09-20
화성시_중기지방재정계획_2026-2030.pdf,중기지방재정계획,2026~2030,백만원,장애인편의시설지원 센터 운영,기간:2026. 1. 1. ~ 2030.,1790,0,1790,0,358,358,358,358,358,2026,12647,2026-09-20
화성시_중기지방재정계획_2026-2030.pdf,중기지방재정계획,2026~2030,백만원,중증장애인 자립생 활지원센터 운영,기간:2026. 1. 1. ~,3550,0,3550,0,710,710,710,710,710,2026,12679,2026-09-20
화성시_중기지방재정계획_2026-2030.pdf,중기지방재정계획,2026~2030,백만원,중증장애인자립생활 센터 종사자 처우개 선비 지원,2026. 1. 1. ~ 2030. 12.,54,0,54,0,11,11,11,11,11,2026,12750,2026-09-20
화성시_중기지방재정계획_2026-2030.pdf,중기지방재정계획,2026~2030,백만원,장애인연금 급여 지 급,기간:2026. 1. 1. ~,60027,0,60027,0,11605,11605,11605,12605,12605,2026,12763,2026-09-20
화성시_중기지방재정계획_2026-2030.pdf,중기지방재정계획,2026~2030,백만원,중증장애인자립생활 센터 종사자 처우개 선비 지원,2026. 1. 1. ~ 2030. 12.,54,0,54,0,11,11,11,11,11,2026,12842,2026-09-20
화성시_중기지방재정계획_2026-2030.pdf,중기지방재정계획,2026~2030,백만원,장애인연금 급여 지 급,기간:2026. 1. 1. ~,60027,0,60027,0,11605,11605,11605,12605,12605,2026,12855,2026-09-20
화성시_중기지방재정계획_2026-2030.pdf,중기지방재정계획,2026~2030,백만원,장애수당(차상위 등 ) 지급,기간:2026. 1. 1. ~,4988,0,4988,0,998,998,998,998,998,2026,12916,2026-09-20
화성시_중기지방재정계획_2026-2030.pdf,중기지방재정계획,2026~2030,백만원,도비 장애수당 지원,기간:2026. 1. 1. ~,4116,0,4116,0,823,823,823,823,823,2026,12933,2026-09-20
화성시_중기지방재정계획_2026-2030.pdf,중기지방재정계획,2026~2030,백만원,장애인의료비 지원,기간:2026.01.01.~,698,0,698,0,140,140,140,140,140,2026,12946,2026-09-20
화성시_중기지방재정계획_2026-2030.pdf,중기지방재정계획,2026~2030,백만원,장애인 활동지원급 여 지원,기간:연중,171488,0,171488,0,33098,33098,33098,35098,37098,2026,12994,2026-09-20
화성시_중기지방재정계획_2026-2030.pdf,중기지방재정계획,2026~2030,백만원,장애인활동지원 도 자체 추가지원,기간:2024.01~2028.12,19389,0,19389,0,3878,3878,3878,3878,3878,2026,13011,2026-09-20
화성시_중기지방재정계획_2026-2030.pdf,중기지방재정계획,2026~2030,백만원,장애인활동지원 시 추가 지원(자체),기간:연중,26096,0,26096,0,4619,4619,4619,5619,6619,2026,13024,2026-09-20
화성시_중기지방재정계획_2026-2030.pdf,중기지방재정계획,2026~2030,백만원,장애인활동지원 가 산급여,기간:연중,3573,0,3573,0,715,715,715,715,715,2026,13036,2026-09-20
화성시_중기지방재정계획_2026-2030.pdf,중기지방재정계획,2026~2030,백만원,장애인 활동지원급 여 지원,기간:연중,171488,0,171488,0,33098,33098,33098,35098,37098,2026,13086,2026-09-20
화성시_중기지방재정계획_2026-2030.pdf,중기지방재정계획,2026~2030,백만원,장애인활동지원 도 자체 추가지원,기간:2024.01~2028.12,19389,0,19389,0,3878,3878,3878,3878,3878,2026,13103,2026-09-20
화성시_중기지방재정계획_2026-2030.pdf,중기지방재정계획,2026~2030,백만원,장애인활동지원 시 추가 지원(자체),기간:연중,26096,0,26096,0,4619,4619,4619,5619,6619,2026,13116,2026-09-20
화성시_중기지방재정계획_2026-2030.pdf,중기지방재정계획,2026~2030,백만원,장애인활동지원 가 산급여,기간:연중,3573,0,3573,0,715,715,715,715,715,2026,13128,2026-09-20
화성시_중기지방재정계획_2026-2030.pdf,중기지방재정계획,2026~2030,백만원,자 소  계 2026 2027 2028 2029 2030 장애인활동지원급여 24시간 지원,기간:연중,3594,0,3594,0,719,719,719,719,719,2026,13176,2026-09-20
화성시_중기지방재정계획_2026-2030.pdf,중기지방재정계획,2026~2030,백만원,장애인일자리지원( 일반형일자리),기간:2026~2030,9780,0,9780,0,1956,1956,1956,1956,1956,2026,13191,2026-09-20
화성시_중기지방재정계획_2026-2030.pdf,중기지방재정계획,2026~2030,백만원,장애인일자리지원( 복지형일자리),기간:2026년~2030년,3477,0,3477,0,695,695,695,695,695,2026,13210,2026-09-20
화성시_중기지방재정계획_2026-2030.pdf,중기지방재정계획,2026~2030,백만원,장애인일자리지원( 시간제일자리),기간:2026년~2030년,2105,0,2105,0,421,421,421,421,421,2026,13229,2026-09-20
화성시_중기지방재정계획_2026-2030.pdf,중기지방재정계획,2026~2030,백만원,장애인복지일자리 직무지도원 지원,2026-01-01 ~ 2030-12-31,807,0,807,0,161,161,161,161,161,2026,13275,2026-09-20
화성시_중기지방재정계획_2026-2030.pdf,중기지방재정계획,2026~2030,백만원,발달재활서비스 바 우처 지원,기간:2024.01~2030.12,15106,0,15106,0,2961,2961,2961,3061,3161,2026,13288,2026-09-20
화성시_중기지방재정계획_2026-2030.pdf,중기지방재정계획,2026~2030,백만원,발달장애인 주간활 동서비스지원,기간:연중,4866,0,4866,0,973,973,973,973,973,2026,13306,2026-09-20
화성시_중기지방재정계획_2026-2030.pdf,중기지방재정계획,2026~2030,백만원,장애인 자동차 표지 관리,2026-01-01 ~ 2030-12-31,13,0,13,0,2,2,3,3,3,2026,13326,2026-09-20
화성시_중기지방재정계획_2026-2030.pdf,중기지방재정계획,2026~2030,백만원,장애인복지일자리 직무지도원 지원,2026-01-01 ~ 2030-12-31,807,0,807,0,161,161,161,161,161,2026,13364,2026-09-20
화성시_중기지방재정계획_2026-2030.pdf,중기지방재정계획,2026~2030,백만원,발달재활서비스 바 우처 지원,기간:2024.01~2030.12,15106,0,15106,0,2961,2961,2961,3061,3161,2026,13377,2026-09-20
화성시_중기지방재정계획_2026-2030.pdf,중기지방재정계획,2026~2030,백만원,발달장애인 주간활 동서비스지원,기간:연중,4866,0,4866,0,973,973,973,973,973,2026,13395,2026-09-20
화성시_중기지방재정계획_2026-2030.pdf,중기지방재정계획,2026~2030,백만원,장애인 자동차 표지 관리,2026-01-01 ~ 2030-12-31,13,0,13,0,2,2,3,3,3,2026,13415,2026-09-20
화성시_중기지방재정계획_2026-2030.pdf,중기지방재정계획,2026~2030,백만원,청소년 발달장애학 생 방과후활동서비 스 지원,기간:연중,8237,0,8237,0,1647,1647,1647,1647,1647,2026,13453,2026-09-20
화성시_중기지방재정계획_2026-2030.pdf,중기지방재정계획,2026~2030,백만원,"생활이동지원센터, 수어통역센터 종사 자 특수근무수당",2026. 1. 1. ~ 2030.,166,0,166,0,33,33,33,33,34,2026,13474,2026-09-20
화성시_중기지방재정계획_2026-2030.pdf,중기지방재정계획,2026~2030,백만원,생계급여(장애인시 설) 지원,기간:2026.1~2020.12,2650,0,2650,0,530,530,530,530,530,2026,13487,2026-09-20
화성시_중기지방재정계획_2026-2030.pdf,중기지방재정계획,2026~2030,백만원,장애인거주시설 운 영 지원,기간:2026.01~2030.12,36787,0,36787,0,6817,6817,6817,7517,8817,2026,13505,2026-09-20
화성시_중기지방재정계획_2026-2030.pdf,중기지방재정계획,2026~2030,백만원,장애인 거주시설 운 영지원(6종),기간: 2026~2030,5395,0,5395,0,1079,1079,1079,1079,1079,2026,13549,2026-09-20
화성시_중기지방재정계획_2026-2030.pdf,중기지방재정계획,2026~2030,백만원,장애인단기거주시설 운영 지원,기간:2026.01~2030.12,3222,0,3222,0,644,644,644,644,644,2026,13565,2026-09-20
화성시_중기지방재정계획_2026-2030.pdf,중기지방재정계획,2026~2030,백만원,장애인 공동생활가 정 운영 지원,기간:2026.1.~2030.12,5409,0,5409,0,1082,1082,1082,1082,1082,2026,13578,2026-09-20
화성시_중기지방재정계획_2026-2030.pdf,중기지방재정계획,2026~2030,백만원,장애인복지관 운영,기간:2026.01~2030.12,43353,0,43353,0,7819,7819,7819,9219,10679,2026,13592,2026-09-20
화성시_중기지방재정계획_2026-2030.pdf,중기지방재정계획,2026~2030,백만원,장애인 거주시설 운 영지원(6종),기간: 2026~2030,5395,0,5395,0,1079,1079,1079,1079,1079,2026,13637,2026-09-20
화성시_중기지방재정계획_2026-2030.pdf,중기지방재정계획,2026~2030,백만원,장애인단기거주시설 운영 지원,기간:2026.01~2030.12,3222,0,3222,0,644,644,644,644,644,2026,13653,2026-09-20
화성시_중기지방재정계획_2026-2030.pdf,중기지방재정계획,2026~2030,백만원,장애인 공동생활가 정 운영 지원,기간:2026.1.~2030.12,5409,0,5409,0,1082,1082,1082,1082,1082,2026,13666,2026-09-20
화성시_중기지방재정계획_2026-2030.pdf,중기지방재정계획,2026~2030,백만원,장애인복지관 운영,기간:2026.01~2030.12,43353,0,43353,0,7819,7819,7819,9219,10679,2026,13680,2026-09-20
화성시_중기지방재정계획_2026-2030.pdf,중기지방재정계획,2026~2030,백만원,자 소  계 2026 2027 2028 2029 2030 장애인주간이용시설 운영 지원,기간:2026.01~2030.12,25400,0,25400,0,4161,4577,5034,5538,6091,2026,13722,2026-09-20
화성시_중기지방재정계획_2026-2030.pdf,중기지방재정계획,2026~2030,백만원,장애아동재활센터 운영,기간:2026. 1. 1.~,11487,0,11487,0,2297,2297,2297,2297,2297,2026,13734,2026-09-20
화성시_중기지방재정계획_2026-2030.pdf,중기지방재정계획,2026~2030,백만원,장애인직업재활시설 운영 지원,2026.1.~2030.12.,40245,0,40245,0,6477,6930,7415,8934,10489,2026,13750,2026-09-20
화성시_중기지방재정계획_2026-2030.pdf,중기지방재정계획,2026~2030,백만원,장애인 직업재활시 설 운영지원(7종),기간:2025년 ~ 2029년,2607,0,2607,0,521,521,521,521,521,2026,13763,2026-09-20
화성시_중기지방재정계획_2026-2030.pdf,중기지방재정계획,2026~2030,백만원,청년주간 운영,2025. 1. ~ 2029. 12.,250,0,250,0,50,50,50,50,50,2026,13822,2026-09-20
화성시_중기지방재정계획_2026-2030.pdf,중기지방재정계획,2026~2030,백만원,청년기본소득 지원,기간:2025년 ~ 2030년,48420,0,48420,0,9684,9684,9684,9684,9684,2026,13835,2026-09-20
화성시_중기지방재정계획_2026-2030.pdf,중기지방재정계획,2026~2030,백만원,경기청년역량강화 기회 지원,기간:2025. 1. ~ 2029.,1839,0,1839,0,368,368,368,368,368,2026,13848,2026-09-20
화성시_중기지방재정계획_2026-2030.pdf,중기지방재정계획,2026~2030,백만원,청년주간 운영,2025. 1. ~ 2029. 12.,250,0,250,0,50,50,50,50,50,2026,13896,2026-09-20
화성시_중기지방재정계획_2026-2030.pdf,중기지방재정계획,2026~2030,백만원,청년기본소득 지원,기간:2025년 ~ 2030년,48420,0,48420,0,9684,9684,9684,9684,9684,2026,13909,2026-09-20
화성시_중기지방재정계획_2026-2030.pdf,중기지방재정계획,2026~2030,백만원,경기청년역량강화 기회 지원,기간:2025. 1. ~ 2029.,1839,0,1839,0,368,368,368,368,368,2026,13922,2026-09-20
화성시_중기지방재정계획_2026-2030.pdf,중기지방재정계획,2026~2030,백만원,이 자 소  계 2026 2027 2028 2029 2030 청년 공공인턴 운영,기간:연례반복,3328,0,3328,0,666,666,666,666,666,2026,13964,2026-09-20
화성시_중기지방재정계획_2026-2030.pdf,중기지방재정계획,2026~2030,백만원,사회적경제 육성,기간:2025.1~2030.12,4408,0,4408,0,882,882,882,882,882,2026,13981,2026-09-20
화성시_중기지방재정계획_2026-2030.pdf,중기지방재정계획,2026~2030,백만원,(예비)사회적기업 일자리창출사업,2025.1.~ 2029. 12.,1725,0,1725,0,345,345,345,345,345,2026,13994,2026-09-20
화성시_중기지방재정계획_2026-2030.pdf,중기지방재정계획,2026~2030,백만원,사회적기업 사회보 험료지원사업,2025.1.1.~2029.12.31.,1022,0,1022,0,204,204,204,204,204,2026,14007,2026-09-20
화성시_중기지방재정계획_2026-2030.pdf,중기지방재정계획,2026~2030,백만원,보훈회관 관리운영,기간:2026.1.1.~2030.12.31,2589,0,2589,0,418,418,418,618,718,2026,14062,2026-09-20
화성시_중기지방재정계획_2026-2030.pdf,중기지방재정계획,2026~2030,백만원,보훈사업 지원,기간:2026.01~2030.12,3519,0,3519,0,704,704,704,704,704,2026,14074,2026-09-20
화성시_중기지방재정계획_2026-2030.pdf,중기지방재정계획,2026~2030,백만원,보훈대상자 명예선 양비 지원,기간:2026.01~2030.12,48012,0,48012,0,9002,9002,9002,10002,11002,2026,14085,2026-09-20
화성시_중기지방재정계획_2026-2030.pdf,중기지방재정계획,2026~2030,백만원,참전유공자 명예수 당 지급,기간:2026.01~2030.12,5787,0,5787,0,1157,1157,1157,1157,1157,2026,14096,2026-09-20
화성시_중기지방재정계획_2026-2030.pdf,중기지방재정계획,2026~2030,백만원,보훈회관 관리운영,기간:2026.1.1.~2030.12.31,2589,0,2589,0,418,418,418,618,718,2026,14146,2026-09-20
화성시_중기지방재정계획_2026-2030.pdf,중기지방재정계획,2026~2030,백만원,보훈사업 지원,기간:2026.01~2030.12,3519,0,3519,0,704,704,704,704,704,2026,14158,2026-09-20
화성시_중기지방재정계획_2026-2030.pdf,중기지방재정계획,2026~2030,백만원,보훈대상자 명예선 양비 지원,기간:2026.01~2030.12,48012,0,48012,0,9002,9002,9002,10002,11002,2026,14169,2026-09-20
화성시_중기지방재정계획_2026-2030.pdf,중기지방재정계획,2026~2030,백만원,참전유공자 명예수 당 지급,기간:2026.01~2030.12,5787,0,5787,0,1157,1157,1157,1157,1157,2026,14180,2026-09-20
화성시_중기지방재정계획_2026-2030.pdf,중기지방재정계획,2026~2030,백만원,베이비부머 행복캠 퍼스 운영,기간:연례반복,2250,0,2250,0,450,450,450,450,450,2026,14224,2026-09-20
화성시_중기지방재정계획_2026-2030.pdf,중기지방재정계획,2026~2030,백만원,시립어린이집 시설 유지보수,기간:2025~2029,4100,0,4100,0,700,700,700,900,1100,2026,14240,2026-09-20
화성시_중기지방재정계획_2026-2030.pdf,중기지방재정계획,2026~2030,백만원,시간제보육서비스 제공지원,기간:2026. 1. ~ 2030.,2875,0,2875,0,575,575,575,575,575,2026,14252,2026-09-20
화성시_중기지방재정계획_2026-2030.pdf,중기지방재정계획,2026~2030,백만원,직원 처우개선 지원 (영아반 교사 등 특 수근무수당),기간:2026.01.~2030.12.,8580,0,8580,0,1716,1716,1716,1716,1716,2026,14310,2026-09-20
화성시_중기지방재정계획_2026-2030.pdf,중기지방재정계획,2026~2030,백만원,경기도 0세아전용 어린이집 운영지원,기간:2026.1~2030.12,12084,0,12084,0,2417,2417,2417,2417,2417,2026,14321,2026-09-20
화성시_중기지방재정계획_2026-2030.pdf,중기지방재정계획,2026~2030,백만원,경기도 공공형어린 이집 운영지원(전환 사업),기간:2026. 1. ~ 2030.,5665,0,5665,0,1025,1076,1130,1187,1246,2026,14334,2026-09-20
화성시_중기지방재정계획_2026-2030.pdf,중기지방재정계획,2026~2030,백만원,경기도 공공형어린 이집 운영활성화 지 원(전환사업),기간:2026. 1. ~ 2030.,2422,0,2422,0,484,484,484,484,484,2026,14349,2026-09-20
화성시_중기지방재정계획_2026-2030.pdf,중기지방재정계획,2026~2030,백만원,직원 처우개선 지원 (영아반 교사 등 특 수근무수당),기간:2026.01.~2030.12.,8580,0,8580,0,1716,1716,1716,1716,1716,2026,14401,2026-09-20
화성시_중기지방재정계획_2026-2030.pdf,중기지방재정계획,2026~2030,백만원,경기도 0세아전용 어린이집 운영지원,기간:2026.1~2030.12,12084,0,12084,0,2417,2417,2417,2417,2417,2026,14412,2026-09-20
화성시_중기지방재정계획_2026-2030.pdf,중기지방재정계획,2026~2030,백만원,경기도 공공형어린 이집 운영지원(전환 사업),기간:2026. 1. ~ 2030.,5665,0,5665,0,1025,1076,1130,1187,1246,2026,14425,2026-09-20
화성시_중기지방재정계획_2026-2030.pdf,중기지방재정계획,2026~2030,백만원,경기도 공공형어린 이집 운영활성화 지 원(전환사업),기간:2026. 1. ~ 2030.,2422,0,2422,0,484,484,484,484,484,2026,14440,2026-09-20
화성시_중기지방재정계획_2026-2030.pdf,중기지방재정계획,2026~2030,백만원,경기형 외국인근로 자 자녀 보육료 지 원,기간:2026.1.~2030.12.,4044,0,4044,0,809,809,809,809,809,2026,14483,2026-09-20
화성시_중기지방재정계획_2026-2030.pdf,중기지방재정계획,2026~2030,백만원,화성형 외국인근로 자 자녀 보육료 지 원,기간:2026.1.~2030.12.,27271,0,27271,0,3968,4563,5247,6247,7247,2026,14497,2026-09-20
화성시_중기지방재정계획_2026-2030.pdf,중기지방재정계획,2026~2030,백만원,육아종합지원센터 운영,기간:2026.1.1.~2030.12.31,13837,0,13837,0,2167,2167,2167,3167,4167,2026,14510,2026-09-20
화성시_중기지방재정계획_2026-2030.pdf,중기지방재정계획,2026~2030,백만원,화성형아이키움터( 아이자람꿈터) 운영,기간:2026.1.1.~,7650,0,7650,0,1530,1530,1530,1530,1530,2026,14525,2026-09-20
화성시_중기지방재정계획_2026-2030.pdf,중기지방재정계획,2026~2030,백만원,장애아통합어린이집 치료사인건비지원,기간:2026.1.~2030. 12.,2448,0,2448,0,389,408,429,550,673,2026,14538,2026-09-20
화성시_중기지방재정계획_2026-2030.pdf,중기지방재정계획,2026~2030,백만원,영유아보육료 지원,기간:2026.01.~2030.12.,656855,0,656855,0,127104,129137,130171,134205,136238,2026,14592,2026-09-20
화성시_중기지방재정계획_2026-2030.pdf,중기지방재정계획,2026~2030,백만원,경기도 누리과정 차 액보육료 지원,기간:2026.1.~2030.12.,23217,0,23217,0,4643,4643,4643,4643,4643,2026,14607,2026-09-20
화성시_중기지방재정계획_2026-2030.pdf,중기지방재정계획,2026~2030,백만원,부모급여(영아수당) 지원,기간:2026.1~2030.12,471866,0,471866,0,94373,94373,94373,94373,94373,2026,14621,2026-09-20
화성시_중기지방재정계획_2026-2030.pdf,중기지방재정계획,2026~2030,백만원,영유아보육료 지원,기간:2026.01.~2030.12.,656855,0,656855,0,127104,129137,130171,134205,136238,2026,14677,2026-09-20
화성시_중기지방재정계획_2026-2030.pdf,중기지방재정계획,2026~2030,백만원,경기도 누리과정 차 액보육료 지원,기간:2026.1.~2030.12.,23217,0,23217,0,4643,4643,4643,4643,4643,2026,14692,2026-09-20
화성시_중기지방재정계획_2026-2030.pdf,중기지방재정계획,2026~2030,백만원,부모급여(영아수당) 지원,기간:2026.1~2030.12,471866,0,471866,0,94373,94373,94373,94373,94373,2026,14706,2026-09-20
화성시_중기지방재정계획_2026-2030.pdf,중기지방재정계획,2026~2030,백만원,경기도 가족돌봄수 당 지원,기간:2026.1.~2030.12,10122,0,10122,0,2024,2024,2024,2024,2024,2026,14764,2026-09-20
화성시_중기지방재정계획_2026-2030.pdf,중기지방재정계획,2026~2030,백만원,화성형 영유아 양육 지원,기간:2026.1~2030.12,24623,0,24623,0,4325,4325,4325,5325,6325,2026,14777,2026-09-20
화성시_중기지방재정계획_2026-2030.pdf,중기지방재정계획,2026~2030,백만원,보육교직원 인건비 지원(국공립법인 교 직원 인건비),기간:2025. 1.~2030. 12.,203311,0,203311,0,40662,40662,40662,40662,40662,2026,14793,2026-09-20
화성시_중기지방재정계획_2026-2030.pdf,중기지방재정계획,2026~2030,백만원,보육교직원 처우개 선 지원(교사 근무 환경개선비),기간:2026년~2030년,53475,0,53475,0,10695,10695,10695,10695,10695,2026,14850,2026-09-20
화성시_중기지방재정계획_2026-2030.pdf,중기지방재정계획,2026~2030,백만원,보육교직원 처우개 선 지원(교사겸직 원장),기간:2026년~2030년,1769,0,1769,0,354,354,354,354,354,2026,14866,2026-09-20
화성시_중기지방재정계획_2026-2030.pdf,중기지방재정계획,2026~2030,백만원,보육교직원 처우개 선 지원(농촌보육교 사 특별근무수당),기간:2026년~2030년,7845,0,7845,0,1569,1569,1569,1569,1569,2026,14882,2026-09-20
화성시_중기지방재정계획_2026-2030.pdf,중기지방재정계획,2026~2030,백만원,보육교직원 처우개 선 지원(교사 근무 환경개선비),기간:2026년~2030년,53475,0,53475,0,10695,10695,10695,10695,10695,2026,14935,2026-09-20
화성시_중기지방재정계획_2026-2030.pdf,중기지방재정계획,2026~2030,백만원,보육교직원 처우개 선 지원(교사겸직 원장),기간:2026년~2030년,1769,0,1769,0,354,354,354,354,354,2026,14951,2026-09-20
화성시_중기지방재정계획_2026-2030.pdf,중기지방재정계획,2026~2030,백만원,보육교직원 처우개 선 지원(농촌보육교 사 특별근무수당),기간:2026년~2030년,7845,0,7845,0,1569,1569,1569,1569,1569,2026,14967,2026-09-20
화성시_중기지방재정계획_2026-2030.pdf,중기지방재정계획,2026~2030,백만원,보육교직원 처우개 선 지원(보조교사 인건비),기간:2026.01.~2030.12.,100086,0,100086,0,20017,20017,20017,20017,20017,2026,15011,2026-09-20
화성시_중기지방재정계획_2026-2030.pdf,중기지방재정계획,2026~2030,백만원,보육교직원 처우개 선 지원(대체교사 인건비),기간:2026년~2030년,11560,0,11560,0,2179,2269,2371,2371,2371,2026,15028,2026-09-20
화성시_중기지방재정계획_2026-2030.pdf,중기지방재정계획,2026~2030,백만원,직원 처우개선 지원 (어린이집 교직원 처우개선비),기간:2026년~2030년,44686,0,44686,0,8937,8937,8937,8937,8937,2026,15045,2026-09-20
화성시_중기지방재정계획_2026-2030.pdf,중기지방재정계획,2026~2030,백만원,직원 처우개선 지원 (보육교사 처우개선 비 추가),기간:2026년~2030년,13176,0,13176,0,2635,2635,2635,2635,2635,2026,15058,2026-09-20
화성시_중기지방재정계획_2026-2030.pdf,중기지방재정계획,2026~2030,백만원,어린이집 운영지원( 급식위생관리),기간:2026.1.~2030.12.,2059,0,2059,0,468,468,468,468,187,2026,15096,2026-09-20
화성시_중기지방재정계획_2026-2030.pdf,중기지방재정계획,2026~2030,백만원,"경기도 어린이집 운 영지원(급식비, 운 영비)",기간:2026.1.~2030.12.,20099,0,20099,0,4020,4020,4020,4020,4020,2026,15115,2026-09-20
화성시_중기지방재정계획_2026-2030.pdf,중기지방재정계획,2026~2030,백만원,경기도 어린이집 운 영비 지원(0~2세),기간:2026.01.~2030.12.,5177,0,5177,0,963,963,963,963,1324,2026,15127,2026-09-20
화성시_중기지방재정계획_2026-2030.pdf,중기지방재정계획,2026~2030,백만원,경기도 어린이집 유 아 급식비 지원,기간:2026.1.~2030.12.,21627,0,21627,0,4325,4325,4325,4325,4325,2026,15139,2026-09-20
화성시_중기지방재정계획_2026-2030.pdf,중기지방재정계획,2026~2030,백만원,경기도 누리과정 운 영지원,기간:2026.1.~2030.12.,161584,0,161584,0,32317,32317,32317,32317,32317,2026,15151,2026-09-20
화성시_중기지방재정계획_2026-2030.pdf,중기지방재정계획,2026~2030,백만원,어린이집 운영지원( 급식위생관리),기간:2026.1.~2030.12.,2059,0,2059,0,468,468,468,468,187,2026,15190,2026-09-20
화성시_중기지방재정계획_2026-2030.pdf,중기지방재정계획,2026~2030,백만원,"경기도 어린이집 운 영지원(급식비, 운 영비)",기간:2026.1.~2030.12.,20099,0,20099,0,4020,4020,4020,4020,4020,2026,15209,2026-09-20
화성시_중기지방재정계획_2026-2030.pdf,중기지방재정계획,2026~2030,백만원,경기도 어린이집 운 영비 지원(0~2세),기간:2026.01.~2030.12.,5177,0,5177,0,963,963,963,963,1324,2026,15221,2026-09-20
화성시_중기지방재정계획_2026-2030.pdf,중기지방재정계획,2026~2030,백만원,경기도 어린이집 유 아 급식비 지원,기간:2026.1.~2030.12.,21627,0,21627,0,4325,4325,4325,4325,4325,2026,15233,2026-09-20
화성시_중기지방재정계획_2026-2030.pdf,중기지방재정계획,2026~2030,백만원,경기도 누리과정 운 영지원,기간:2026.1.~2030.12.,161584,0,161584,0,32317,32317,32317,32317,32317,2026,15245,2026-09-20
화성시_중기지방재정계획_2026-2030.pdf,중기지방재정계획,2026~2030,백만원,경기도 누리과정 3~ 5세 추가 지원,기간:2026.1.~2030.12.,13647,0,13647,0,2729,2729,2729,2729,2729,2026,15284,2026-09-20
화성시_중기지방재정계획_2026-2030.pdf,중기지방재정계획,2026~2030,백만원,성화 지원(영아 표 준보육과정 프로그 램),기간:2026.01~2030.12,3401,0,3401,0,680,680,680,680,680,2026,15297,2026-09-20
화성시_중기지방재정계획_2026-2030.pdf,중기지방재정계획,2026~2030,백만원,경기도 어린이집 공 기청정기 지원,기간:2026.1~2030.12,2284,0,2284,0,457,457,457,457,457,2026,15310,2026-09-20
화성시_중기지방재정계획_2026-2030.pdf,중기지방재정계획,2026~2030,백만원,경기형 조리원 인건 비 지원,기간:2026.1.~2030.12.,11688,0,11688,0,2338,2338,2338,2338,2338,2026,15325,2026-09-20
화성시_중기지방재정계획_2026-2030.pdf,중기지방재정계획,2026~2030,백만원,화성형 조리원 인건 비 지원,기간:2026.1.~2030.12.,14760,0,14760,0,2509,2810,3147,3147,3147,2026,15339,2026-09-20
화성시_중기지방재정계획_2026-2030.pdf,중기지방재정계획,2026~2030,백만원,국공립 어린이집 보 조교사 인건비 지원,기간:2026.01.~2030.12.,3025,0,3025,0,545,545,545,645,745,2026,15378,2026-09-20
화성시_중기지방재정계획_2026-2030.pdf,중기지방재정계획,2026~2030,백만원,안심보육 교직원 장 기근속 수당 지원,기간:2026년~2030년,4500,0,4500,0,840,840,840,940,1040,2026,15390,2026-09-20
화성시_중기지방재정계획_2026-2030.pdf,중기지방재정계획,2026~2030,백만원,어린이집 냉난방비 지원,기간:2026.01.~2030.12.,2906,0,2906,0,541,541,541,641,641,2026,15400,2026-09-20
화성시_중기지방재정계획_2026-2030.pdf,중기지방재정계획,2026~2030,백만원,화성형 휴일 어린이 집 지원,기간:2026.1.~2030. 12.,2800,0,2800,0,453,475,499,624,750,2026,15411,2026-09-20
화성시_중기지방재정계획_2026-2030.pdf,중기지방재정계획,2026~2030,백만원,어린이집 안전공제 회 지원,기간:2026.01. ~,2509,0,2509,0,452,452,452,552,602,2026,15422,2026-09-20
화성시_중기지방재정계획_2026-2030.pdf,중기지방재정계획,2026~2030,백만원,국공립 어린이집 보 조교사 인건비 지원,기간:2026.01.~2030.12.,3025,0,3025,0,545,545,545,645,745,2026,15467,2026-09-20
화성시_중기지방재정계획_2026-2030.pdf,중기지방재정계획,2026~2030,백만원,안심보육 교직원 장 기근속 수당 지원,기간:2026년~2030년,4500,0,4500,0,840,840,840,940,1040,2026,15479,2026-09-20
화성시_중기지방재정계획_2026-2030.pdf,중기지방재정계획,2026~2030,백만원,어린이집 냉난방비 지원,기간:2026.01.~2030.12.,2906,0,2906,0,541,541,541,641,641,2026,15489,2026-09-20
화성시_중기지방재정계획_2026-2030.pdf,중기지방재정계획,2026~2030,백만원,화성형 휴일 어린이 집 지원,기간:2026.1.~2030. 12.,2800,0,2800,0,453,475,499,624,750,2026,15500,2026-09-20
화성시_중기지방재정계획_2026-2030.pdf,중기지방재정계획,2026~2030,백만원,어린이집 안전공제 회 지원,기간:2026.01. ~,2509,0,2509,0,452,452,452,552,602,2026,15511,2026-09-20
화성시_중기지방재정계획_2026-2030.pdf,중기지방재정계획,2026~2030,백만원,이 자 소  계 2026 2027 2028 2029 2030 아동수당 지급,기간: 2026~2030년,380139,0,380139,0,75628,75628,75628,76628,76628,2026,15554,2026-09-20
화성시_중기지방재정계획_2026-2030.pdf,중기지방재정계획,2026~2030,백만원,아동발달지원계좌지 원,기간: 2026~2030년,8339,0,8339,0,1668,1668,1668,1668,1668,2026,15570,2026-09-20
화성시_중기지방재정계획_2026-2030.pdf,중기지방재정계획,2026~2030,백만원,화성시 어린이 문화 센터 운영,기간: 2026~2030년,20335,0,20335,0,3567,3567,3567,4567,5067,2026,15588,2026-09-20
화성시_중기지방재정계획_2026-2030.pdf,중기지방재정계획,2026~2030,백만원,화성시 아동상담소 운영,기간: 2026~2030년,2743,0,2743,0,489,489,489,589,689,2026,15599,2026-09-20
화성시_중기지방재정계획_2026-2030.pdf,중기지방재정계획,2026~2030,백만원,공공형 실내놀이시 설 운영,기간: 2026~2030년,3500,0,3500,0,700,700,700,700,700,2026,15612,2026-09-20
화성시_중기지방재정계획_2026-2030.pdf,중기지방재정계획,2026~2030,백만원,다함께돌봄센터 운 영비 지원,기간: 2026~2030년,1810,0,1810,0,362,362,362,362,362,2026,15653,2026-09-20
화성시_중기지방재정계획_2026-2030.pdf,중기지방재정계획,2026~2030,백만원,다함께돌봄센터 인 건비 지원,기간: 2026~2030년,11475,0,11475,0,2295,2295,2295,2295,2295,2026,15671,2026-09-20
화성시_중기지방재정계획_2026-2030.pdf,중기지방재정계획,2026~2030,백만원,다함께돌봄센터 인 건비 추가지원,기간: 2026~2030년,3535,0,3535,0,707,707,707,707,707,2026,15689,2026-09-20
화성시_중기지방재정계획_2026-2030.pdf,중기지방재정계획,2026~2030,백만원,다함께돌봄센터 돌 봄인력 지원,기간: 2026~2030년,2745,0,2745,0,517,533,548,565,582,2026,15703,2026-09-20
화성시_중기지방재정계획_2026-2030.pdf,중기지방재정계획,2026~2030,백만원,다함께돌봄센터 운 영비 지원,기간: 2026~2030년,1810,0,1810,0,362,362,362,362,362,2026,15745,2026-09-20
화성시_중기지방재정계획_2026-2030.pdf,중기지방재정계획,2026~2030,백만원,다함께돌봄센터 인 건비 지원,기간: 2026~2030년,11475,0,11475,0,2295,2295,2295,2295,2295,2026,15763,2026-09-20
화성시_중기지방재정계획_2026-2030.pdf,중기지방재정계획,2026~2030,백만원,다함께돌봄센터 인 건비 추가지원,기간: 2026~2030년,3535,0,3535,0,707,707,707,707,707,2026,15781,2026-09-20
화성시_중기지방재정계획_2026-2030.pdf,중기지방재정계획,2026~2030,백만원,다함께돌봄센터 돌 봄인력 지원,기간: 2026~2030년,2745,0,2745,0,517,533,548,565,582,2026,15795,2026-09-20
화성시_중기지방재정계획_2026-2030.pdf,중기지방재정계획,2026~2030,백만원,다함께돌봄센터 설 치비 지원,기간: 2026~2030년,2949,0,2949,0,483,531,584,643,707,2026,15837,2026-09-20
화성시_중기지방재정계획_2026-2030.pdf,중기지방재정계획,2026~2030,백만원,다함께돌봄센터 초 등돌봄 운영,기간: 2026~2030년,2335,0,2335,0,421,421,421,521,551,2026,15856,2026-09-20
화성시_중기지방재정계획_2026-2030.pdf,중기지방재정계획,2026~2030,백만원,지역아동센터 운영 비 지원,기간: 2026~2030년,3143,0,3143,0,629,629,629,629,629,2026,15870,2026-09-20
화성시_중기지방재정계획_2026-2030.pdf,중기지방재정계획,2026~2030,백만원,지역아동센터 인건 비 지원,기간: 2026~2030년,18050,0,18050,0,3610,3610,3610,3610,3610,2026,15885,2026-09-20
화성시_중기지방재정계획_2026-2030.pdf,중기지방재정계획,2026~2030,백만원,지역아동센터 인건 비 추가지원,기간: 2026~2030년,5827,0,5827,0,1165,1165,1165,1165,1165,2026,15929,2026-09-20
화성시_중기지방재정계획_2026-2030.pdf,중기지방재정계획,2026~2030,백만원,지역아동센터 돌봄 교사 지원,기간: 2026~2030년,2962,0,2962,0,592,592,592,592,592,2026,15945,2026-09-20
화성시_중기지방재정계획_2026-2030.pdf,중기지방재정계획,2026~2030,백만원,결식아동급식 지원,기간: 2026~2030년,25556,0,25556,0,5111,5111,5111,5111,5111,2026,15959,2026-09-20
화성시_중기지방재정계획_2026-2030.pdf,중기지방재정계획,2026~2030,백만원,결식아동 급식,기간: 2026~2030년,2635,0,2635,0,527,527,527,527,527,2026,15972,2026-09-20
화성시_중기지방재정계획_2026-2030.pdf,중기지방재정계획,2026~2030,백만원,지역아동센터 인건 비 추가지원,기간: 2026~2030년,5827,0,5827,0,1165,1165,1165,1165,1165,2026,16020,2026-09-20
화성시_중기지방재정계획_2026-2030.pdf,중기지방재정계획,2026~2030,백만원,지역아동센터 돌봄 교사 지원,기간: 2026~2030년,2962,0,2962,0,592,592,592,592,592,2026,16036,2026-09-20
화성시_중기지방재정계획_2026-2030.pdf,중기지방재정계획,2026~2030,백만원,결식아동급식 지원,기간: 2026~2030년,25556,0,25556,0,5111,5111,5111,5111,5111,2026,16050,2026-09-20
화성시_중기지방재정계획_2026-2030.pdf,중기지방재정계획,2026~2030,백만원,결식아동 급식,기간: 2026~2030년,2635,0,2635,0,527,527,527,527,527,2026,16063,2026-09-20
화성시_중기지방재정계획_2026-2030.pdf,중기지방재정계획,2026~2030,백만원,요보호아동 그룹홈 운영,기간: 2026~2030년,10119,0,10119,0,2024,2024,2024,2024,2024,2026,16115,2026-09-20
화성시_중기지방재정계획_2026-2030.pdf,중기지방재정계획,2026~2030,백만원,공동생활가정 지원,기간: 2026~2030년,2501,0,2501,0,500,500,500,500,500,2026,16131,2026-09-20
화성시_중기지방재정계획_2026-2030.pdf,중기지방재정계획,2026~2030,백만원,아동보호전문기관 운영,기간: 2026~2030년,4826,0,4826,0,965,965,965,965,965,2026,16144,2026-09-20
화성시_중기지방재정계획_2026-2030.pdf,중기지방재정계획,2026~2030,백만원,입양아동가족지원( 입양아동양육수당),기간: 2026~2030년,3528,0,3528,0,706,706,706,706,706,2026,16161,2026-09-20
화성시_중기지방재정계획_2026-2030.pdf,중기지방재정계획,2026~2030,백만원,가정위탁양육지원,기간: 2026~2030년,3211,0,3211,0,642,642,642,642,642,2026,16204,2026-09-20
화성시_중기지방재정계획_2026-2030.pdf,중기지방재정계획,2026~2030,백만원,보호종료아동 자립 수당 지원,기간: 2026~2030년,3060,0,3060,0,612,612,612,612,612,2026,16216,2026-09-20
화성시_중기지방재정계획_2026-2030.pdf,중기지방재정계획,2026~2030,백만원,학대피해아동쉼터 운영 지원,기간: 2026~2030년,2587,0,2587,0,517,517,517,517,517,2026,16232,2026-09-20
화성시_중기지방재정계획_2026-2030.pdf,중기지방재정계획,2026~2030,백만원,가정위탁양육지원,기간: 2026~2030년,3211,0,3211,0,642,642,642,642,642,2026,16281,2026-09-20
화성시_중기지방재정계획_2026-2030.pdf,중기지방재정계획,2026~2030,백만원,보호종료아동 자립 수당 지원,기간: 2026~2030년,3060,0,3060,0,612,612,612,612,612,2026,16293,2026-09-20
화성시_중기지방재정계획_2026-2030.pdf,중기지방재정계획,2026~2030,백만원,학대피해아동쉼터 운영 지원,기간: 2026~2030년,2587,0,2587,0,517,517,517,517,517,2026,16309,2026-09-20
화성시_중기지방재정계획_2026-2030.pdf,중기지방재정계획,2026~2030,백만원,저출생 대응(만세구 ),기간: 2026년~2030년,7796,0,7796,0,1459,1459,1459,1659,1759,2026,16357,2026-09-20
화성시_중기지방재정계획_2026-2030.pdf,중기지방재정계획,2026~2030,백만원,저출생 대응(효행구 ),기간: 2026년~2030년,7596,0,7596,0,1459,1459,1459,1559,1659,2026,16370,2026-09-20
화성시_중기지방재정계획_2026-2030.pdf,중기지방재정계획,2026~2030,백만원,저출생 대응(병점구 ),기간: 2026년~2030년,7700,0,7700,0,1440,1440,1440,1640,1740,2026,16383,2026-09-20
화성시_중기지방재정계획_2026-2030.pdf,중기지방재정계획,2026~2030,백만원,저출생 대응(동탄구 ),기간: 2026년~2030년,28324,0,28324,0,4665,4665,4665,6665,7665,2026,16396,2026-09-20
화성시_중기지방재정계획_2026-2030.pdf,중기지방재정계획,2026~2030,백만원,새일센터 지정운영( 새일센터운영지원),기간:여녜반복,1997,0,1997,0,399,399,399,399,399,2026,16436,2026-09-20
화성시_중기지방재정계획_2026-2030.pdf,중기지방재정계획,2026~2030,백만원,화성시여성가족청소 년재단 운영,기간:2026.01~2030.12,15219,0,15219,0,2859,2859,2500,3000,4000,2026,16452,2026-09-20
화성시_중기지방재정계획_2026-2030.pdf,중기지방재정계획,2026~2030,백만원,여성비전센터 운영,기간:2026.01~2030.12,47067,0,47067,0,8013,8013,8013,11013,12013,2026,16464,2026-09-20
화성시_중기지방재정계획_2026-2030.pdf,중기지방재정계획,2026~2030,백만원,새일센터 지정운영( 새일센터운영지원),기간:여녜반복,1997,0,1997,0,399,399,399,399,399,2026,16516,2026-09-20
화성시_중기지방재정계획_2026-2030.pdf,중기지방재정계획,2026~2030,백만원,화성시여성가족청소 년재단 운영,기간:2026.01~2030.12,15219,0,15219,0,2859,2859,2500,3000,4000,2026,16532,2026-09-20
화성시_중기지방재정계획_2026-2030.pdf,중기지방재정계획,2026~2030,백만원,여성비전센터 운영,기간:2026.01~2030.12,47067,0,47067,0,8013,8013,8013,11013,12013,2026,16544,2026-09-20
화성시_중기지방재정계획_2026-2030.pdf,중기지방재정계획,2026~2030,백만원,아이돌봄지원,기간:2025.01~2030.12,37366,0,37366,0,7473,7473,7473,7473,7473,2026,16596,2026-09-20
화성시_중기지방재정계획_2026-2030.pdf,중기지방재정계획,2026~2030,백만원,아이돌봄 본인부담 금 지원(중위소득 150% 이하),기간:연례반복,2113,0,2113,0,423,423,423,423,423,2026,16615,2026-09-20
화성시_중기지방재정계획_2026-2030.pdf,중기지방재정계획,2026~2030,백만원,저소득 한부모가족 지원,기간:2026~2030,35422,0,35422,0,7084,7084,7084,7084,7084,2026,16629,2026-09-20
화성시_중기지방재정계획_2026-2030.pdf,중기지방재정계획,2026~2030,백만원,저소득 한부모가족 지원(학습재료비 등 ),기간:2026~2030,2002,0,2002,0,400,400,400,400,400,2026,16674,2026-09-20
화성시_중기지방재정계획_2026-2030.pdf,중기지방재정계획,2026~2030,백만원,외국인복지센터 운 영,기간:연례반복,6622,0,6622,0,1024,1024,1024,1524,2024,2026,16689,2026-09-20
화성시_중기지방재정계획_2026-2030.pdf,중기지방재정계획,2026~2030,백만원,가족센터 운영(다문 화),기간:2025. 1. 1. ~,3556,0,3556,0,711,711,711,711,711,2026,16702,2026-09-20
화성시_중기지방재정계획_2026-2030.pdf,중기지방재정계획,2026~2030,백만원,화성시 글로벌청소 년센터 운영,기간:2026.1.1.~2030.12.31,4374,0,4374,0,793,793,793,993,1003,2026,16720,2026-09-20
화성시_중기지방재정계획_2026-2030.pdf,중기지방재정계획,2026~2030,백만원,저소득 한부모가족 지원(학습재료비 등 ),기간:2026~2030,2002,0,2002,0,400,400,400,400,400,2026,16764,2026-09-20
화성시_중기지방재정계획_2026-2030.pdf,중기지방재정계획,2026~2030,백만원,외국인복지센터 운 영,기간:연례반복,6622,0,6622,0,1024,1024,1024,1524,2024,2026,16779,2026-09-20
화성시_중기지방재정계획_2026-2030.pdf,중기지방재정계획,2026~2030,백만원,가족센터 운영(다문 화),기간:2025. 1. 1. ~,3556,0,3556,0,711,711,711,711,711,2026,16792,2026-09-20
화성시_중기지방재정계획_2026-2030.pdf,중기지방재정계획,2026~2030,백만원,화성시 글로벌청소 년센터 운영,기간:2026.1.1.~2030.12.31,4374,0,4374,0,793,793,793,993,1003,2026,16810,2026-09-20
화성시_중기지방재정계획_2026-2030.pdf,중기지방재정계획,2026~2030,백만원,저출생대응 사업,기간: 2026~2030년,1308,0,1308,0,262,262,262,262,262,2026,16853,2026-09-20
화성시_중기지방재정계획_2026-2030.pdf,중기지방재정계획,2026~2030,백만원,첫만남이용권 지원,기간: 2026~2030년,83755,0,83755,0,16311,16311,16311,17311,17511,2026,16864,2026-09-20
화성시_중기지방재정계획_2026-2030.pdf,중기지방재정계획,2026~2030,백만원,결혼출산 장려 매칭 통장,기간:2026~2030년,4728,0,4728,0,906,906,906,1006,1006,2026,16880,2026-09-20
화성시_중기지방재정계획_2026-2030.pdf,중기지방재정계획,2026~2030,백만원,기초연금 지원,기간:2026.01.~2030.12.,1230019,0,1230019,0,235765,237464,239756,255199,261835,2026,16895,2026-09-20
화성시_중기지방재정계획_2026-2030.pdf,중기지방재정계획,2026~2030,백만원,장수수당 지원,기간:2026.01~2030.12,6611,0,6611,0,1309,1316,1322,1329,1335,2026,16941,2026-09-20
화성시_중기지방재정계획_2026-2030.pdf,중기지방재정계획,2026~2030,백만원,저소득 재가노인 식 사배달 운영 지원,기간:2026.01~2030.12,4034,0,4034,0,730,767,805,845,887,2026,16952,2026-09-20
화성시_중기지방재정계획_2026-2030.pdf,중기지방재정계획,2026~2030,백만원,경로식당 무료급식 지원,기간:2026.01~2030.12,3523,0,3523,0,638,669,703,738,775,2026,16967,2026-09-20
화성시_중기지방재정계획_2026-2030.pdf,중기지방재정계획,2026~2030,백만원,노인맞춤돌봄서비스 사업 운영 지원,기간:2026.01~2030.12,36375,0,36375,0,4709,4709,4709,4709,17541,2026,16982,2026-09-20
화성시_중기지방재정계획_2026-2030.pdf,중기지방재정계획,2026~2030,백만원,장수수당 지원,기간:2026.01~2030.12,6611,0,6611,0,1309,1316,1322,1329,1335,2026,17029,2026-09-20
화성시_중기지방재정계획_2026-2030.pdf,중기지방재정계획,2026~2030,백만원,저소득 재가노인 식 사배달 운영 지원,기간:2026.01~2030.12,4034,0,4034,0,730,767,805,845,887,2026,17040,2026-09-20
화성시_중기지방재정계획_2026-2030.pdf,중기지방재정계획,2026~2030,백만원,경로식당 무료급식 지원,기간:2026.01~2030.12,3523,0,3523,0,638,669,703,738,775,2026,17055,2026-09-20
화성시_중기지방재정계획_2026-2030.pdf,중기지방재정계획,2026~2030,백만원,노인맞춤돌봄서비스 사업 운영 지원,기간:2026.01~2030.12,36375,0,36375,0,4709,4709,4709,4709,17541,2026,17070,2026-09-20
화성시_중기지방재정계획_2026-2030.pdf,중기지방재정계획,2026~2030,백만원,자 소  계 2026 2027 2028 2029 2030 독거노인 행복커뮤 니티 운영 지원,기간:연례반복,2346,0,2346,0,168,168,168,168,1676,2026,17115,2026-09-20
화성시_중기지방재정계획_2026-2030.pdf,중기지방재정계획,2026~2030,백만원,기초생활보장 노인 가구 월동난방비 지 원,기간:2026.01.~2030.12.,2750,0,2750,0,550,550,550,550,550,2026,17127,2026-09-20
화성시_중기지방재정계획_2026-2030.pdf,중기지방재정계획,2026~2030,백만원,노인일자리 및 사회 활동지원 확대,기간:2024.01~2030.12.,124364,0,124364,0,24873,24873,24873,24873,24873,2026,17143,2026-09-20
화성시_중기지방재정계획_2026-2030.pdf,중기지방재정계획,2026~2030,백만원,노인일자리지원기관 (시니어클럽) 운영,기간:2023.01~2030.12,5225,0,5225,0,1045,1045,1045,1045,1045,2026,17161,2026-09-20
화성시_중기지방재정계획_2026-2030.pdf,중기지방재정계획,2026~2030,백만원,노인양로시설 운영 비지원(전환사업),기간:2025.01~2030.12,2670,0,2670,0,534,534,534,534,534,2026,17216,2026-09-20
화성시_중기지방재정계획_2026-2030.pdf,중기지방재정계획,2026~2030,백만원,생계급여(노인시설) 지원,기간:2025.01~2030.12,19000,0,19000,0,3800,3800,3800,3800,3800,2026,17231,2026-09-20
화성시_중기지방재정계획_2026-2030.pdf,중기지방재정계획,2026~2030,백만원,노인장기요양 시설 급여 지원,기간:2024.01~2030.12,122818,0,122818,0,24564,24564,24564,24564,24564,2026,17251,2026-09-20
화성시_중기지방재정계획_2026-2030.pdf,중기지방재정계획,2026~2030,백만원,노인장기요양 재가 급여 지원,기간:2026.01.01.~2030.12.,59861,0,59861,0,11972,11972,11972,11972,11972,2026,17265,2026-09-20
화성시_중기지방재정계획_2026-2030.pdf,중기지방재정계획,2026~2030,백만원,노인양로시설 운영 비지원(전환사업),기간:2025.01~2030.12,2670,0,2670,0,534,534,534,534,534,2026,17312,2026-09-20
화성시_중기지방재정계획_2026-2030.pdf,중기지방재정계획,2026~2030,백만원,생계급여(노인시설) 지원,기간:2025.01~2030.12,19000,0,19000,0,3800,3800,3800,3800,3800,2026,17327,2026-09-20
화성시_중기지방재정계획_2026-2030.pdf,중기지방재정계획,2026~2030,백만원,노인장기요양 시설 급여 지원,기간:2024.01~2030.12,122818,0,122818,0,24564,24564,24564,24564,24564,2026,17347,2026-09-20
화성시_중기지방재정계획_2026-2030.pdf,중기지방재정계획,2026~2030,백만원,노인장기요양 재가 급여 지원,기간:2026.01.01.~2030.12.,59861,0,59861,0,11972,11972,11972,11972,11972,2026,17361,2026-09-20
화성시_중기지방재정계획_2026-2030.pdf,중기지방재정계획,2026~2030,백만원,노인복지관 운영,기간:2025.01~20230.12,46356,0,46356,0,9271,9271,9271,9271,9271,2026,17407,2026-09-20
화성시_중기지방재정계획_2026-2030.pdf,중기지방재정계획,2026~2030,백만원,시립화성 실버드림 센터 건립,기간:2023.01~2026.12,37418,22662,14756,0,14756,0,0,0,0,2026,17419,2026-09-20
화성시_중기지방재정계획_2026-2030.pdf,중기지방재정계획,2026~2030,백만원,시립화성 실버드림 센터 운영,기간:연례반복,2600,0,2600,0,1800,200,200,200,200,2026,17437,2026-09-20
화성시_중기지방재정계획_2026-2030.pdf,중기지방재정계획,2026~2030,백만원,노인대학 운영 지원,기간 : 2026.1~2030.12,2245,0,2245,0,449,449,449,449,449,2026,17447,2026-09-20
화성시_중기지방재정계획_2026-2030.pdf,중기지방재정계획,2026~2030,백만원,이 자 소  계 2026 2027 2028 2029 2030 경로당 건축 지원,기간: 2025.01~2030.12,5699,0,5699,0,335,1341,1341,1341,1341,2026,17484,2026-09-20
화성시_중기지방재정계획_2026-2030.pdf,중기지방재정계획,2026~2030,백만원,주민참여예산사업,기간:2026.1.~2026.12.,2634,2334,300,0,300,0,0,0,0,2026,17496,2026-09-20
화성시_중기지방재정계획_2026-2030.pdf,중기지방재정계획,2026~2030,백만원,경로당 유지보수 지 원(시청권역),기간:2025.01~2030.12,5320,0,5320,0,964,1014,1064,1114,1164,2026,17508,2026-09-20
화성시_중기지방재정계획_2026-2030.pdf,중기지방재정계획,2026~2030,백만원,시립 경로당 유지보 수 및 관리,기간:2025.1.~2030.12.,1800,0,1800,0,360,360,360,360,360,2026,17519,2026-09-20
화성시_중기지방재정계획_2026-2030.pdf,중기지방재정계획,2026~2030,백만원,경로당 운영비 지원,기간:2026.01~2030.12,10989,0,10989,0,1949,2066,2190,2322,2461,2026,17530,2026-09-20
화성시_중기지방재정계획_2026-2030.pdf,중기지방재정계획,2026~2030,백만원,경로당 양곡 지원,기간:2026.01~2030.12,15234,0,15234,0,2702,2865,3036,3219,3412,2026,17541,2026-09-20
화성시_중기지방재정계획_2026-2030.pdf,중기지방재정계획,2026~2030,백만원,이 자 소  계 2026 2027 2028 2029 2030 경로당 건축 지원,기간: 2025.01~2030.12,5699,0,5699,0,335,1341,1341,1341,1341,2026,17580,2026-09-20
화성시_중기지방재정계획_2026-2030.pdf,중기지방재정계획,2026~2030,백만원,주민참여예산사업,기간:2026.1.~2026.12.,2634,2334,300,0,300,0,0,0,0,2026,17592,2026-09-20
화성시_중기지방재정계획_2026-2030.pdf,중기지방재정계획,2026~2030,백만원,경로당 유지보수 지 원(시청권역),기간:2025.01~2030.12,5320,0,5320,0,964,1014,1064,1114,1164,2026,17604,2026-09-20
화성시_중기지방재정계획_2026-2030.pdf,중기지방재정계획,2026~2030,백만원,시립 경로당 유지보 수 및 관리,기간:2025.1.~2030.12.,1800,0,1800,0,360,360,360,360,360,2026,17615,2026-09-20
화성시_중기지방재정계획_2026-2030.pdf,중기지방재정계획,2026~2030,백만원,경로당 운영비 지원,기간:2026.01~2030.12,10989,0,10989,0,1949,2066,2190,2322,2461,2026,17626,2026-09-20
화성시_중기지방재정계획_2026-2030.pdf,중기지방재정계획,2026~2030,백만원,경로당 양곡 지원,기간:2026.01~2030.12,15234,0,15234,0,2702,2865,3036,3219,3412,2026,17637,2026-09-20
화성시_중기지방재정계획_2026-2030.pdf,중기지방재정계획,2026~2030,백만원,경로당 사회봉사활 동비 지원,기간:2026.01~2030.12,9099,0,9099,0,1610,1709,1813,1924,2042,2026,17681,2026-09-20
화성시_중기지방재정계획_2026-2030.pdf,중기지방재정계획,2026~2030,백만원,경로당 물품 구입비 지원(시청권역),기간:2026.01~2030.12,1320,0,1320,0,264,264,264,264,264,2026,17693,2026-09-20
화성시_중기지방재정계획_2026-2030.pdf,중기지방재정계획,2026~2030,백만원,경로당 회장 활동비 지원,기간:2026.01~2030.12,6429,0,6429,0,1140,1209,1281,1358,1440,2026,17705,2026-09-20
화성시_중기지방재정계획_2026-2030.pdf,중기지방재정계획,2026~2030,백만원,경로당 물품 구입비 지원(만세구),2026.01~2030.12,799,0,799,0,158,158,158,161,166,2026,17717,2026-09-20
화성시_중기지방재정계획_2026-2030.pdf,중기지방재정계획,2026~2030,백만원,자 소  계 2026 2027 2028 2029 2030 시립 경로당 유지보 수 및 관리(만세구),2026. 1. ~ 2029. 12.,640,0,640,0,120,120,120,131,151,2026,17754,2026-09-20
화성시_중기지방재정계획_2026-2030.pdf,중기지방재정계획,2026~2030,백만원,경로당 회장 및 분 회장 활동비 지원( 만세구),2026.01~2030.12,2856,0,2856,0,537,537,537,607,637,2026,17766,2026-09-20
화성시_중기지방재정계획_2026-2030.pdf,중기지방재정계획,2026~2030,백만원,시립 경로당 유지보 수 및 관리(효행구),2026. 1 ~ 2029. 12,456,0,456,0,86,86,86,96,100,2026,17778,2026-09-20
화성시_중기지방재정계획_2026-2030.pdf,중기지방재정계획,2026~2030,백만원,경로당 회장 및 분 회장 활동비 지원( 효행구),2026.01~2030.12,1257,0,1257,0,239,239,239,260,280,2026,17791,2026-09-20
화성시_중기지방재정계획_2026-2030.pdf,중기지방재정계획,2026~2030,백만원,"경로당 물품 구입비 지원(봉담, 비봉, 매송)",2026.01~2030.12,456,0,456,0,82,82,82,101,111,2026,17806,2026-09-20
화성시_중기지방재정계획_2026-2030.pdf,중기지방재정계획,2026~2030,백만원,자 소  계 2026 2027 2028 2029 2030 시립 경로당 유지보 수 및 관리(만세구),2026. 1. ~ 2029. 12.,640,0,640,0,120,120,120,131,151,2026,17844,2026-09-20
화성시_중기지방재정계획_2026-2030.pdf,중기지방재정계획,2026~2030,백만원,경로당 회장 및 분 회장 활동비 지원( 만세구),2026.01~2030.12,2856,0,2856,0,537,537,537,607,637,2026,17856,2026-09-20
화성시_중기지방재정계획_2026-2030.pdf,중기지방재정계획,2026~2030,백만원,시립 경로당 유지보 수 및 관리(효행구),2026. 1 ~ 2029. 12,456,0,456,0,86,86,86,96,100,2026,17868,2026-09-20
화성시_중기지방재정계획_2026-2030.pdf,중기지방재정계획,2026~2030,백만원,경로당 회장 및 분 회장 활동비 지원( 효행구),2026.01~2030.12,1257,0,1257,0,239,239,239,260,280,2026,17881,2026-09-20
화성시_중기지방재정계획_2026-2030.pdf,중기지방재정계획,2026~2030,백만원,"경로당 물품 구입비 지원(봉담, 비봉, 매송)",2026.01~2030.12,456,0,456,0,82,82,82,101,111,2026,17896,2026-09-20
화성시_중기지방재정계획_2026-2030.pdf,중기지방재정계획,2026~2030,백만원,시립 경로당 유지보 수 및 관리(병점구),2026.1~2029.12,494,0,494,0,93,93,93,103,113,2026,17937,2026-09-20
화성시_중기지방재정계획_2026-2030.pdf,중기지방재정계획,2026~2030,백만원,경로당 회장 및 분 회장 활동비 지원( 병점구),2026.01~2030.12,762,0,762,0,145,145,145,160,165,2026,17949,2026-09-20
화성시_중기지방재정계획_2026-2030.pdf,중기지방재정계획,2026~2030,백만원,시립 경로당 유지보 수 및 관리(동탄구),2026.1.~2029.12.,477,0,477,0,91,91,91,101,101,2026,17961,2026-09-20
화성시_중기지방재정계획_2026-2030.pdf,중기지방재정계획,2026~2030,백만원,경로당 회장 및 분 회장 활동비 지원( 동탄구),2026.01.~2030.12,1214,0,1214,0,238,238,238,251,251,2026,17973,2026-09-20
화성시_중기지방재정계획_2026-2030.pdf,중기지방재정계획,2026~2030,백만원,추모공원 운영,기간:2025.01~2030.12,5244,0,5244,0,1049,1049,1049,1049,1049,2026,18011,2026-09-20
화성시_중기지방재정계획_2026-2030.pdf,중기지방재정계획,2026~2030,백만원,공설 장사시설 설치 (보조),기간:2025~2029년,140123,140123,0,0,0,0,0,0,0,2026,18026,2026-09-20
화성시_중기지방재정계획_2026-2030.pdf,중기지방재정계획,2026~2030,백만원,화성 함백산추모공 원 운영,기간:2026.01~2030.12,49002,0,49002,0,9800,9800,9800,9800,9800,2026,18043,2026-09-20
화성시_중기지방재정계획_2026-2030.pdf,중기지방재정계획,2026~2030,백만원,공설 장사시설 설치,기간:2026.01~2030.12,50568,0,50568,0,12200,9592,9592,9592,9592,2026,18055,2026-09-20
화성시_중기지방재정계획_2026-2030.pdf,중기지방재정계획,2026~2030,백만원,추모공원 운영,기간:2025.01~2030.12,5244,0,5244,0,1049,1049,1049,1049,1049,2026,18102,2026-09-20
화성시_중기지방재정계획_2026-2030.pdf,중기지방재정계획,2026~2030,백만원,공설 장사시설 설치 (보조),기간:2025~2029년,140123,140123,0,0,0,0,0,0,0,2026,18117,2026-09-20
화성시_중기지방재정계획_2026-2030.pdf,중기지방재정계획,2026~2030,백만원,화성 함백산추모공 원 운영,기간:2026.01~2030.12,49002,0,49002,0,9800,9800,9800,9800,9800,2026,18134,2026-09-20
화성시_중기지방재정계획_2026-2030.pdf,중기지방재정계획,2026~2030,백만원,공설 장사시설 설치,기간:2026.01~2030.12,50568,0,50568,0,12200,9592,9592,9592,9592,2026,18146,2026-09-20
화성시_중기지방재정계획_2026-2030.pdf,중기지방재정계획,2026~2030,백만원,유치지역 지원,기간:2020.08~2030.12,11685,9685,2000,0,1600,100,100,100,100,2026,18194,2026-09-20
화성시_중기지방재정계획_2026-2030.pdf,중기지방재정계획,2026~2030,백만원,주변지역 지원,기간:2020.08~2030.12,8040,6620,1420,0,1100,80,80,80,80,2026,18204,2026-09-20
화성시_중기지방재정계획_2026-2030.pdf,중기지방재정계획,2026~2030,백만원,기타지역 지원,기간:2020.08~2030.12,5300,4880,420,0,300,30,30,30,30,2026,18216,2026-09-20
화성시_중기지방재정계획_2026-2030.pdf,중기지방재정계획,2026~2030,백만원,매송면 지원,기간:2022.01~2030.12,40255,30044,10211,0,2608,2198,1998,1798,1609,2026,18228,2026-09-20
화성시_중기지방재정계획_2026-2030.pdf,중기지방재정계획,2026~2030,백만원,경로당 운영비 지원 (동탄권역),기간:2026.1.~2030.12.,2166,0,2166,0,433,433,433,433,433,2026,18246,2026-09-20
화성시_중기지방재정계획_2026-2030.pdf,중기지방재정계획,2026~2030,백만원,청소년수련관 운영 지원,기간:2026.01.~2030.12.,32203,0,32203,0,6441,6441,6441,6441,6441,2026,18289,2026-09-20
화성시_중기지방재정계획_2026-2030.pdf,중기지방재정계획,2026~2030,백만원,청소년문화의집 운 영지원,기간:2026.01.~2030.12.,12198,0,12198,0,2440,2440,2440,2440,2440,2026,18301,2026-09-20
화성시_중기지방재정계획_2026-2030.pdf,중기지방재정계획,2026~2030,백만원,청소년놀터 운영지 원,기간:2025. 1. ~ 2029. 12.,5266,0,5266,0,1012,1032,1053,1074,1095,2026,18313,2026-09-20
화성시_중기지방재정계획_2026-2030.pdf,중기지방재정계획,2026~2030,백만원,청소년방과후아카데 미 운영,기간:2025. 1. ~ 2029.,2278,0,2278,0,506,506,506,506,253,2026,18325,2026-09-20
화성시_중기지방재정계획_2026-2030.pdf,중기지방재정계획,2026~2030,백만원,청소년수련관 운영 지원,기간:2026.01.~2030.12.,32203,0,32203,0,6441,6441,6441,6441,6441,2026,18375,2026-09-20
화성시_중기지방재정계획_2026-2030.pdf,중기지방재정계획,2026~2030,백만원,청소년문화의집 운 영지원,기간:2026.01.~2030.12.,12198,0,12198,0,2440,2440,2440,2440,2440,2026,18387,2026-09-20
화성시_중기지방재정계획_2026-2030.pdf,중기지방재정계획,2026~2030,백만원,청소년놀터 운영지 원,기간:2025. 1. ~ 2029. 12.,5266,0,5266,0,1012,1032,1053,1074,1095,2026,18399,2026-09-20
화성시_중기지방재정계획_2026-2030.pdf,중기지방재정계획,2026~2030,백만원,청소년방과후아카데 미 운영,기간:2025. 1. ~ 2029.,2278,0,2278,0,506,506,506,506,253,2026,18411,2026-09-20
화성시_중기지방재정계획_2026-2030.pdf,중기지방재정계획,2026~2030,백만원,청소년 상담복지센 터 운영,기간:2025. 1. ~ 2029.,5338,0,5338,0,911,984,1063,1148,1233,2026,18458,2026-09-20
화성시_중기지방재정계획_2026-2030.pdf,중기지방재정계획,2026~2030,백만원,청소년동반자 프로 그램 운영,기간:연례반복,2220,0,2220,0,444,444,444,444,444,2026,18471,2026-09-20
화성시_중기지방재정계획_2026-2030.pdf,중기지방재정계획,2026~2030,백만원,청소년쉼터 운영지 원,기간:연례반복,3600,0,3600,0,720,720,720,720,720,2026,18491,2026-09-20
화성시_중기지방재정계획_2026-2030.pdf,중기지방재정계획,2026~2030,백만원,학교 밖 청소년 지 원(여가부),기간:2025. 1. ~ 2029.,2270,0,2270,0,454,454,454,454,454,2026,18511,2026-09-20
화성시_중기지방재정계획_2026-2030.pdf,중기지방재정계획,2026~2030,백만원,청소년성문화센터 운영,기간:연례반복,1990,0,1990,0,398,398,398,398,398,2026,18556,2026-09-20
화성시_중기지방재정계획_2026-2030.pdf,중기지방재정계획,2026~2030,백만원,대안교육기관 급식 운영 지원,기간:2025. 1. ~ 2029.,3981,0,3981,0,796,796,796,796,796,2026,18574,2026-09-20
화성시_중기지방재정계획_2026-2030.pdf,중기지방재정계획,2026~2030,백만원,여성청소년 생리용 품 보편지원,기간:2025. 1. ~ 2027.,26394,0,26394,0,5279,5279,5279,5279,5279,2026,18588,2026-09-20
화성시_중기지방재정계획_2026-2030.pdf,중기지방재정계획,2026~2030,백만원,화성 서해마루 유스 호스텔 건립,2020.03~2025.3.,56100,56100,0,0,0,0,0,0,0,2026,18606,2026-09-20
화성시_중기지방재정계획_2026-2030.pdf,중기지방재정계획,2026~2030,백만원,청소년성문화센터 운영,기간:연례반복,1990,0,1990,0,398,398,398,398,398,2026,18647,2026-09-20
화성시_중기지방재정계획_2026-2030.pdf,중기지방재정계획,2026~2030,백만원,대안교육기관 급식 운영 지원,기간:2025. 1. ~ 2029.,3981,0,3981,0,796,796,796,796,796,2026,18665,2026-09-20
화성시_중기지방재정계획_2026-2030.pdf,중기지방재정계획,2026~2030,백만원,여성청소년 생리용 품 보편지원,기간:2025. 1. ~ 2027.,26394,0,26394,0,5279,5279,5279,5279,5279,2026,18679,2026-09-20
화성시_중기지방재정계획_2026-2030.pdf,중기지방재정계획,2026~2030,백만원,화성 서해마루 유스 호스텔 건립,2020.03~2025.3.,56100,56100,0,0,0,0,0,0,0,2026,18697,2026-09-20
화성시_중기지방재정계획_2026-2030.pdf,중기지방재정계획,2026~2030,백만원,자 소  계 2026 2027 2028 2029 2030 향남청소년문화의집 건립,기간:2023. 4. ~,18150,851,17299,0,4934,0,10000,2365,0,2026,18737,2026-09-20
화성시_중기지방재정계획_2026-2030.pdf,중기지방재정계획,2026~2030,백만원,동탄2청소년문화의 집 건립,기간:2023. 4. ~ 2028. 2.,18094,824,17270,0,4938,0,10000,2332,0,2026,18750,2026-09-20
화성시_중기지방재정계획_2026-2030.pdf,중기지방재정계획,2026~2030,백만원,"보건지소,진료소 운 영",2026~2030,1440,0,1440,0,288,288,288,288,288,2026,18768,2026-09-20
화성시_중기지방재정계획_2026-2030.pdf,중기지방재정계획,2026~2030,백만원,청사 및 차량 관리,기간:2025.01.01~,6096,0,6096,0,1219,1219,1219,1219,1219,2026,18779,2026-09-20
화성시_중기지방재정계획_2026-2030.pdf,중기지방재정계획,2026~2030,백만원,자 소  계 2026 2027 2028 2029 2030 국가 암관리 지원( 만세구),기간:2026.01~2030.12,4978,0,4978,0,996,996,996,996,996,2026,18823,2026-09-20
화성시_중기지방재정계획_2026-2030.pdf,중기지방재정계획,2026~2030,백만원,기초정신건강복지센 터 운영(만세구),기간:2026.01~2030.12,2078,0,2078,0,416,416,416,416,416,2026,18843,2026-09-20
화성시_중기지방재정계획_2026-2030.pdf,중기지방재정계획,2026~2030,백만원,기초정신건강복지센 터 인력 지원(만세 구),기간:2026.01~2030.12,15825,0,15825,0,3165,3165,3165,3165,3165,2026,18863,2026-09-20
화성시_중기지방재정계획_2026-2030.pdf,중기지방재정계획,2026~2030,백만원,정신질환자 회복지 원사업 지원(만세구 ),기간:2026~2030년,2000,0,2000,0,400,400,400,400,400,2026,18883,2026-09-20
화성시_중기지방재정계획_2026-2030.pdf,중기지방재정계획,2026~2030,백만원,자 소  계 2026 2027 2028 2029 2030 국가 암관리 지원( 만세구),기간:2026.01~2030.12,4978,0,4978,0,996,996,996,996,996,2026,18925,2026-09-20
화성시_중기지방재정계획_2026-2030.pdf,중기지방재정계획,2026~2030,백만원,기초정신건강복지센 터 운영(만세구),기간:2026.01~2030.12,2078,0,2078,0,416,416,416,416,416,2026,18945,2026-09-20
화성시_중기지방재정계획_2026-2030.pdf,중기지방재정계획,2026~2030,백만원,기초정신건강복지센 터 인력 지원(만세 구),기간:2026.01~2030.12,15825,0,15825,0,3165,3165,3165,3165,3165,2026,18965,2026-09-20
화성시_중기지방재정계획_2026-2030.pdf,중기지방재정계획,2026~2030,백만원,정신질환자 회복지 원사업 지원(만세구 ),기간:2026~2030년,2000,0,2000,0,400,400,400,400,400,2026,18985,2026-09-20
화성시_중기지방재정계획_2026-2030.pdf,중기지방재정계획,2026~2030,백만원,정신요양시설 운영 지원(만세구),기간: 2026 ~ 2030년,15718,0,15718,0,2978,3050,3135,3229,3326,2026,19030,2026-09-20
화성시_중기지방재정계획_2026-2030.pdf,중기지방재정계획,2026~2030,백만원,전국민 마음투자 지 원사업(만세구),기간:연중,441,0,441,0,88,88,88,88,88,2026,19071,2026-09-20
화성시_중기지방재정계획_2026-2030.pdf,중기지방재정계획,2026~2030,백만원,자 소  계 2026 2027 2028 2029 2030 기초정신건강복지센 터 운영(효행구),기간:2026.01~2030.12,995,0,995,0,199,199,199,199,199,2026,19119,2026-09-20
화성시_중기지방재정계획_2026-2030.pdf,중기지방재정계획,2026~2030,백만원,기초정신건강복지센 터 인력 지원(효행 구),기간:2025.01~2029.12,3629,0,3629,0,726,726,726,726,726,2026,19138,2026-09-20
화성시_중기지방재정계획_2026-2030.pdf,중기지방재정계획,2026~2030,백만원,전국민 마음투자 지 원사업(효행구),기간:연중,1443,0,1443,0,60,441,441,441,60,2026,19154,2026-09-20
화성시_중기지방재정계획_2026-2030.pdf,중기지방재정계획,2026~2030,백만원,자 소  계 2026 2027 2028 2029 2030 기초정신건강복지센 터 운영(효행구),기간:2026.01~2030.12,995,0,995,0,199,199,199,199,199,2026,19207,2026-09-20
화성시_중기지방재정계획_2026-2030.pdf,중기지방재정계획,2026~2030,백만원,기초정신건강복지센 터 인력 지원(효행 구),기간:2025.01~2029.12,3629,0,3629,0,726,726,726,726,726,2026,19226,2026-09-20
화성시_중기지방재정계획_2026-2030.pdf,중기지방재정계획,2026~2030,백만원,전국민 마음투자 지 원사업(효행구),기간:연중,1443,0,1443,0,60,441,441,441,60,2026,19242,2026-09-20
화성시_중기지방재정계획_2026-2030.pdf,중기지방재정계획,2026~2030,백만원,중독관리통합지원센 터 지원(병점구),기간:2026.1.~2030.12.,2942,0,2942,0,588,588,588,588,588,2026,19304,2026-09-20
화성시_중기지방재정계획_2026-2030.pdf,중기지방재정계획,2026~2030,백만원,전국민 마음투자 지 원사업(병점구),기간:연중,418,0,418,0,84,84,84,84,84,2026,19321,2026-09-20
화성시_중기지방재정계획_2026-2030.pdf,중기지방재정계획,2026~2030,백만원,정신재활시설 운영 지원(동탄구),기간: 2026 ~ 2030년,11102,0,11102,0,2091,2154,2219,2285,2354,2026,19342,2026-09-20
화성시_중기지방재정계획_2026-2030.pdf,중기지방재정계획,2026~2030,백만원,전국민 마음투자 지 원사업(동탄구),기간:연중,1161,0,1161,0,232,232,232,232,232,2026,19383,2026-09-20
화성시_중기지방재정계획_2026-2030.pdf,중기지방재정계획,2026~2030,백만원,웰빙건강클리닉 센 터 운영,기간:2025년~2029년,2071,0,2071,0,406,410,414,418,422,2026,19402,2026-09-20
화성시_중기지방재정계획_2026-2030.pdf,중기지방재정계획,2026~2030,백만원,치매감별검사비 지 원,기간:연례반복,53,0,53,0,11,11,11,11,11,2026,19417,2026-09-20
화성시_중기지방재정계획_2026-2030.pdf,중기지방재정계획,2026~2030,백만원,전국민 마음투자 지 원사업(동탄구),기간:연중,1161,0,1161,0,232,232,232,232,232,2026,19463,2026-09-20
화성시_중기지방재정계획_2026-2030.pdf,중기지방재정계획,2026~2030,백만원,웰빙건강클리닉 센 터 운영,기간:2025년~2029년,2071,0,2071,0,406,410,414,418,422,2026,19482,2026-09-20
화성시_중기지방재정계획_2026-2030.pdf,중기지방재정계획,2026~2030,백만원,치매감별검사비 지 원,기간:연례반복,53,0,53,0,11,11,11,11,11,2026,19497,2026-09-20
화성시_중기지방재정계획_2026-2030.pdf,중기지방재정계획,2026~2030,백만원,산모신생아 건강관 리 지원(전환형),기간:2025.01~2029.12,6156,0,6156,0,1114,1170,1228,1290,1354,2026,19547,2026-09-20
화성시_중기지방재정계획_2026-2030.pdf,중기지방재정계획,2026~2030,백만원,산모신생아 건강관 리 지원(추가형),기간:25.01.01.~29.12.2,2089,0,2089,0,378,397,417,438,459,2026,19561,2026-09-20
화성시_중기지방재정계획_2026-2030.pdf,중기지방재정계획,2026~2030,백만원,저소득층 기저귀 및 조제분유 지원,기간:25.01.01.~,3528,0,3528,0,638,670,704,739,776,2026,19573,2026-09-20
화성시_중기지방재정계획_2026-2030.pdf,중기지방재정계획,2026~2030,백만원,산후조리비 지원,기간:2025.01~2029.12,5535,0,5535,0,1107,1107,1107,1107,1107,2026,19589,2026-09-20
화성시_중기지방재정계획_2026-2030.pdf,중기지방재정계획,2026~2030,백만원,국가예방접종 실시( 코로나19),기간:2026.1.~2030.12.,8856,0,8856,0,1771,1771,1771,1771,1771,2026,19630,2026-09-20
화성시_중기지방재정계획_2026-2030.pdf,중기지방재정계획,2026~2030,백만원,국가예방접종 실시,기간:2025.01~2029.12,16119,0,16119,0,3224,3224,3224,3224,3224,2026,19651,2026-09-20
화성시_중기지방재정계획_2026-2030.pdf,중기지방재정계획,2026~2030,백만원,지역사회 통합건강 증진사업(효행구),2026. 1. ~ 2030. 12,440,0,440,0,104,110,72,75,79,2026,19673,2026-09-20
화성시_중기지방재정계획_2026-2030.pdf,중기지방재정계획,2026~2030,백만원,국가예방접종 실시( 코로나19),기간:2026.1.~2030.12.,8856,0,8856,0,1771,1771,1771,1771,1771,2026,19721,2026-09-20
화성시_중기지방재정계획_2026-2030.pdf,중기지방재정계획,2026~2030,백만원,국가예방접종 실시,기간:2025.01~2029.12,16119,0,16119,0,3224,3224,3224,3224,3224,2026,19742,2026-09-20
화성시_중기지방재정계획_2026-2030.pdf,중기지방재정계획,2026~2030,백만원,지역사회 통합건강 증진사업(효행구),2026. 1. ~ 2030. 12,440,0,440,0,104,110,72,75,79,2026,19764,2026-09-20
화성시_중기지방재정계획_2026-2030.pdf,중기지방재정계획,2026~2030,백만원,지역사회 통합건강 증진사업(자체)(효 행구),2026. 1. ~ 2030. 12,60,0,60,0,11,11,12,13,13,2026,19810,2026-09-20
화성시_중기지방재정계획_2026-2030.pdf,중기지방재정계획,2026~2030,백만원,난임부부 시술비 지 원(전환사업)(효행 구),기간:26-01-01~30-12-31,3842,0,3842,0,695,730,767,805,845,2026,19828,2026-09-20
화성시_중기지방재정계획_2026-2030.pdf,중기지방재정계획,2026~2030,백만원,산모신생아 건강관 리 지원(전환형)(효 행구),기간:2026.01~2030.12,6156,0,6156,0,1114,1170,1228,1290,1354,2026,19851,2026-09-20
화성시_중기지방재정계획_2026-2030.pdf,중기지방재정계획,2026~2030,백만원,산모신생아 건강관 리 지원(추가형)(효 행구),기간:25.01.01.~29.12.2,2089,0,2089,0,378,397,417,438,459,2026,19866,2026-09-20
화성시_중기지방재정계획_2026-2030.pdf,중기지방재정계획,2026~2030,백만원,국가예방접종 실시( 코로나19)(효행구),기간:2026.1.~2030.12.,4428,0,4428,0,886,886,886,886,886,2026,19906,2026-09-20
화성시_중기지방재정계획_2026-2030.pdf,중기지방재정계획,2026~2030,백만원,국가예방접종 실시( 효행구),기간:2026.01~2030.12,10746,0,10746,0,2149,2149,2149,2149,2149,2026,19928,2026-09-20
화성시_중기지방재정계획_2026-2030.pdf,중기지방재정계획,2026~2030,백만원,지역사회 통합건강 증진사업(병점구),2026.1 ~ 2030. 12.,571,0,571,0,114,114,114,114,114,2026,19950,2026-09-20
화성시_중기지방재정계획_2026-2030.pdf,중기지방재정계획,2026~2030,백만원,국가예방접종 실시( 코로나19)(효행구),기간:2026.1.~2030.12.,4428,0,4428,0,886,886,886,886,886,2026,19996,2026-09-20
화성시_중기지방재정계획_2026-2030.pdf,중기지방재정계획,2026~2030,백만원,국가예방접종 실시( 효행구),기간:2026.01~2030.12,10746,0,10746,0,2149,2149,2149,2149,2149,2026,20018,2026-09-20
화성시_중기지방재정계획_2026-2030.pdf,중기지방재정계획,2026~2030,백만원,지역사회 통합건강 증진사업(병점구),2026.1 ~ 2030. 12.,571,0,571,0,114,114,114,114,114,2026,20040,2026-09-20
화성시_중기지방재정계획_2026-2030.pdf,중기지방재정계획,2026~2030,백만원,감염병 예방 관리,기간:2025. 1. ~ 2029.,2172,0,2172,0,434,434,434,434,434,2026,20084,2026-09-20
화성시_중기지방재정계획_2026-2030.pdf,중기지방재정계획,2026~2030,백만원,청사·차량 운영 관 리,기간:2025.1.1.~,3692,0,3692,0,712,727,741,756,756,2026,20099,2026-09-20
화성시_중기지방재정계획_2026-2030.pdf,중기지방재정계획,2026~2030,백만원,찾아가는 경기도 화 성시 돌봄의료센터 사업,기간:2025.01.01~,2750,0,2750,0,550,550,550,550,550,2026,20114,2026-09-20
화성시_중기지방재정계획_2026-2030.pdf,중기지방재정계획,2026~2030,백만원,달빛어린이병원 운 영지원,기간:연례반복,2200,0,2200,0,440,440,440,440,440,2026,20132,2026-09-20
화성시_중기지방재정계획_2026-2030.pdf,중기지방재정계획,2026~2030,백만원,1차 보건의료서비스 제공,2025.1.1~2029.12.31.,2926,0,2926,0,585,585,585,585,585,2026,20179,2026-09-20
화성시_중기지방재정계획_2026-2030.pdf,중기지방재정계획,2026~2030,백만원,화성시 만성질환관 리센터 운영,기간:2026. 1.~ 2030.,5050,0,5050,0,1010,1010,1010,1010,1010,2026,20192,2026-09-20
화성시_중기지방재정계획_2026-2030.pdf,중기지방재정계획,2026~2030,백만원,산후조리비 지원,기간:2025.01~2029.12,8574,0,8574,0,1715,1715,1715,1715,1715,2026,20205,2026-09-20
화성시_중기지방재정계획_2026-2030.pdf,중기지방재정계획,2026~2030,백만원,1차 보건의료서비스 제공,2025.1.1~2029.12.31.,2926,0,2926,0,585,585,585,585,585,2026,20258,2026-09-20
화성시_중기지방재정계획_2026-2030.pdf,중기지방재정계획,2026~2030,백만원,화성시 만성질환관 리센터 운영,기간:2026. 1.~ 2030.,5050,0,5050,0,1010,1010,1010,1010,1010,2026,20271,2026-09-20
화성시_중기지방재정계획_2026-2030.pdf,중기지방재정계획,2026~2030,백만원,산후조리비 지원,기간:2025.01~2029.12,8574,0,8574,0,1715,1715,1715,1715,1715,2026,20284,2026-09-20
화성시_중기지방재정계획_2026-2030.pdf,중기지방재정계획,2026~2030,백만원,난임부부 시술비 지 원(경기형),기간:2025.01~2029.12,4868,0,4868,0,974,974,974,974,974,2026,20336,2026-09-20
화성시_중기지방재정계획_2026-2030.pdf,중기지방재정계획,2026~2030,백만원,산모신생아 건강관 리 지원(전환형),기간:2025.01~2029.12,9706,0,9706,0,1945,1945,1945,1945,1925,2026,20349,2026-09-20
화성시_중기지방재정계획_2026-2030.pdf,중기지방재정계획,2026~2030,백만원,산모신생아 건강관 리 지원(추가형),기간:2025.01~2029.12,3300,0,3300,0,660,660,660,660,660,2026,20364,2026-09-20
화성시_중기지방재정계획_2026-2030.pdf,중기지방재정계획,2026~2030,백만원,저소득층 기저귀 및 조제분유 지원,기간:2025.01~2029.12,3040,0,3040,0,608,608,608,608,608,2026,20379,2026-09-20
화성시_중기지방재정계획_2026-2030.pdf,중기지방재정계획,2026~2030,백만원,국가예방접종 실시,기간:2025.01~2029.12,36946,0,36946,0,7389,7389,7389,7389,7389,2026,20425,2026-09-20
화성시_중기지방재정계획_2026-2030.pdf,중기지방재정계획,2026~2030,백만원,국가예방접종 실시( 코로나19 ),기간:2025.01~2029.12,13434,0,13434,0,1414,1414,1414,1414,7778,2026,20444,2026-09-20
화성시_중기지방재정계획_2026-2030.pdf,중기지방재정계획,2026~2030,백만원,난임부부 시술비 지 원(전환형),기간:2026.01.~2030.12.,2786,0,2786,0,504,529,556,584,613,2026,20462,2026-09-20
화성시_중기지방재정계획_2026-2030.pdf,중기지방재정계획,2026~2030,백만원,국가예방접종 실시,기간:2025.01~2029.12,36946,0,36946,0,7389,7389,7389,7389,7389,2026,20508,2026-09-20
화성시_중기지방재정계획_2026-2030.pdf,중기지방재정계획,2026~2030,백만원,국가예방접종 실시( 코로나19 ),기간:2025.01~2029.12,13434,0,13434,0,1414,1414,1414,1414,7778,2026,20527,2026-09-20
화성시_중기지방재정계획_2026-2030.pdf,중기지방재정계획,2026~2030,백만원,난임부부 시술비 지 원(전환형),기간:2026.01.~2030.12.,2786,0,2786,0,504,529,556,584,613,2026,20545,2026-09-20
화성시_중기지방재정계획_2026-2030.pdf,중기지방재정계획,2026~2030,백만원,자 소  계 2026 2027 2028 2029 2030 산모신생아 건강관 리 지원(전환형),기간:2026.01~2030.12,3634,0,3634,0,607,662,721,786,857,2026,20589,2026-09-20
화성시_중기지방재정계획_2026-2030.pdf,중기지방재정계획,2026~2030,백만원,산후조리비 지원,기간:2026~2030,3430,0,3430,0,686,686,686,686,686,2026,20607,2026-09-20
화성시_중기지방재정계획_2026-2030.pdf,중기지방재정계획,2026~2030,백만원,국가예방접종 실시,기간:2026.01~2030.12,16831,0,16831,0,3366,3366,3366,3366,3366,2026,20620,2026-09-20
화성시_중기지방재정계획_2026-2030.pdf,중기지방재정계획,2026~2030,백만원,국가예방접종 실시( 코로나19),기간:2026.01~2030.12,4511,0,4511,0,902,902,902,902,902,2026,20638,2026-09-20
화성시_중기지방재정계획_2026-2030.pdf,중기지방재정계획,2026~2030,백만원,지역급식관리지원센 터 운영,기간:2026~2030,11700,0,11700,0,2340,2340,2340,2340,2340,2026,20688,2026-09-20
화성시_중기지방재정계획_2026-2030.pdf,중기지방재정계획,2026~2030,백만원,농로포장 및 수리시 설 개ㆍ보수,기간:2025.01~2030.12,15043,0,15043,0,3000,3000,3000,3010,3033,2026,20711,2026-09-20
화성시_중기지방재정계획_2026-2030.pdf,중기지방재정계획,2026~2030,백만원,수리시설 정비,기간:2025.01~2030.12,5680,0,5680,0,880,1200,1200,1200,1200,2026,20722,2026-09-20
화성시_중기지방재정계획_2026-2030.pdf,중기지방재정계획,2026~2030,백만원,지역급식관리지원센 터 운영,기간:2026~2030,11700,0,11700,0,2340,2340,2340,2340,2340,2026,20766,2026-09-20
화성시_중기지방재정계획_2026-2030.pdf,중기지방재정계획,2026~2030,백만원,농로포장 및 수리시 설 개ㆍ보수,기간:2025.01~2030.12,15043,0,15043,0,3000,3000,3000,3010,3033,2026,20789,2026-09-20
화성시_중기지방재정계획_2026-2030.pdf,중기지방재정계획,2026~2030,백만원,수리시설 정비,기간:2025.01~2030.12,5680,0,5680,0,880,1200,1200,1200,1200,2026,20800,2026-09-20
화성시_중기지방재정계획_2026-2030.pdf,중기지방재정계획,2026~2030,백만원,자 소  계 2026 2027 2028 2029 2030 수리시설 정비(보조 )(전환사업),기간:2025.01~2030.12,5000,0,5000,0,1000,1000,1000,1000,1000,2026,20841,2026-09-20
화성시_중기지방재정계획_2026-2030.pdf,중기지방재정계획,2026~2030,백만원,영농 한해 특별대책 지원,기간:2025. 1. ~ 2030. 12.,5789,0,5789,0,1158,1158,1158,1158,1158,2026,20853,2026-09-20
화성시_중기지방재정계획_2026-2030.pdf,중기지방재정계획,2026~2030,백만원,농업기반시설 유지 관리,기간:2026. 1. ~ 2030.,15180,0,15180,0,3036,3036,3036,3036,3036,2026,20867,2026-09-20
화성시_중기지방재정계획_2026-2030.pdf,중기지방재정계획,2026~2030,백만원,화성시 가축분뇨 공 공처리시설 운영,기간:2026~2030년,23671,0,23671,0,4734,4734,4734,4734,4734,2026,20883,2026-09-20
화성시_중기지방재정계획_2026-2030.pdf,중기지방재정계획,2026~2030,백만원,이 자 소  계 2026 2027 2028 2029 2030 기본형 공익직불제,기간:2025~2029,116135,0,116135,0,23227,23227,23227,23227,23227,2026,20926,2026-09-20
화성시_중기지방재정계획_2026-2030.pdf,중기지방재정계획,2026~2030,백만원,전략작물직불금,기간:연례반복,3970,0,3970,0,794,794,794,794,794,2026,20941,2026-09-20
화성시_중기지방재정계획_2026-2030.pdf,중기지방재정계획,2026~2030,백만원,경기도 농어민 기회 소득 지원,기간:연례반복,73475,0,73475,0,14695,14695,14695,14695,14695,2026,20957,2026-09-20
화성시_중기지방재정계획_2026-2030.pdf,중기지방재정계획,2026~2030,백만원,기초생활거점 조성 사업,기간:2026~2030년,6000,0,6000,0,1200,1200,1200,1200,1200,2026,20971,2026-09-20
화성시_중기지방재정계획_2026-2030.pdf,중기지방재정계획,2026~2030,백만원,친환경 생산단지 육 성 지원,기간:2026.1.1.~,2175,0,2175,0,435,435,435,435,435,2026,20992,2026-09-20
화성시_중기지방재정계획_2026-2030.pdf,중기지방재정계획,2026~2030,백만원,이 자 소  계 2026 2027 2028 2029 2030 기본형 공익직불제,기간:2025~2029,116135,0,116135,0,23227,23227,23227,23227,23227,2026,21032,2026-09-20
화성시_중기지방재정계획_2026-2030.pdf,중기지방재정계획,2026~2030,백만원,전략작물직불금,기간:연례반복,3970,0,3970,0,794,794,794,794,794,2026,21047,2026-09-20
화성시_중기지방재정계획_2026-2030.pdf,중기지방재정계획,2026~2030,백만원,경기도 농어민 기회 소득 지원,기간:연례반복,73475,0,73475,0,14695,14695,14695,14695,14695,2026,21063,2026-09-20
화성시_중기지방재정계획_2026-2030.pdf,중기지방재정계획,2026~2030,백만원,기초생활거점 조성 사업,기간:2026~2030년,6000,0,6000,0,1200,1200,1200,1200,1200,2026,21077,2026-09-20
화성시_중기지방재정계획_2026-2030.pdf,중기지방재정계획,2026~2030,백만원,친환경 생산단지 육 성 지원,기간:2026.1.1.~,2175,0,2175,0,435,435,435,435,435,2026,21098,2026-09-20
화성시_중기지방재정계획_2026-2030.pdf,중기지방재정계획,2026~2030,백만원,자 소  계 2026 2027 2028 2029 2030 유기농업자재 및 농 법 지원,기간:2026년~2030년,3850,0,3850,0,770,770,770,770,770,2026,21139,2026-09-20
화성시_중기지방재정계획_2026-2030.pdf,중기지방재정계획,2026~2030,백만원,경기 임산부 친환경 농산물 지원,기간:2026.1.1.~,6528,0,6528,0,1306,1306,1306,1306,1306,2026,21153,2026-09-20
화성시_중기지방재정계획_2026-2030.pdf,중기지방재정계획,2026~2030,백만원,청년후계농 영농정 착 지원,기간: 2026.01~2030.12,8222,0,8222,0,1644,1644,1644,1644,1644,2026,21167,2026-09-20
화성시_중기지방재정계획_2026-2030.pdf,중기지방재정계획,2026~2030,백만원,화성에코팜테마파크 운영,기간:2026. 1. 1. ~ 2030.,9594,0,9594,0,1807,1861,1917,1975,2034,2026,21186,2026-09-20
화성시_중기지방재정계획_2026-2030.pdf,중기지방재정계획,2026~2030,백만원,1차 벼 병해충 방제 농약 지원,기간:2026.01~2030.12,4620,0,4620,0,924,924,924,924,924,2026,21202,2026-09-20
화성시_중기지방재정계획_2026-2030.pdf,중기지방재정계획,2026~2030,백만원,2·3차 벼 병해충 공동방제 지원,기간:2026.01~2030.12,23237,0,23237,0,4647,4647,4647,4647,4647,2026,21241,2026-09-20
화성시_중기지방재정계획_2026-2030.pdf,중기지방재정계획,2026~2030,백만원,지역특화품종(골든 퀸3호) 품종 구입 지원,기간:2026~ 2030년,2000,0,2000,0,400,400,400,400,400,2026,21255,2026-09-20
화성시_중기지방재정계획_2026-2030.pdf,중기지방재정계획,2026~2030,백만원,농작물 재해보험 가 입 지원,기간:2026.01~2030.12,6735,0,6735,0,1347,1347,1347,1347,1347,2026,21268,2026-09-20
화성시_중기지방재정계획_2026-2030.pdf,중기지방재정계획,2026~2030,백만원,농업용관리기 등 소 형농기계 지원,기간:연례반복,2000,0,2000,0,400,400,400,400,400,2026,21283,2026-09-20
화성시_중기지방재정계획_2026-2030.pdf,중기지방재정계획,2026~2030,백만원,선택형 맞춤농정사 업(전환사업),기간:연례반복,2385,0,2385,0,477,477,477,477,477,2026,21295,2026-09-20
화성시_중기지방재정계획_2026-2030.pdf,중기지방재정계획,2026~2030,백만원,2·3차 벼 병해충 공동방제 지원,기간:2026.01~2030.12,23237,0,23237,0,4647,4647,4647,4647,4647,2026,21335,2026-09-20
화성시_중기지방재정계획_2026-2030.pdf,중기지방재정계획,2026~2030,백만원,지역특화품종(골든 퀸3호) 품종 구입 지원,기간:2026~ 2030년,2000,0,2000,0,400,400,400,400,400,2026,21349,2026-09-20
화성시_중기지방재정계획_2026-2030.pdf,중기지방재정계획,2026~2030,백만원,농작물 재해보험 가 입 지원,기간:2026.01~2030.12,6735,0,6735,0,1347,1347,1347,1347,1347,2026,21362,2026-09-20
화성시_중기지방재정계획_2026-2030.pdf,중기지방재정계획,2026~2030,백만원,농업용관리기 등 소 형농기계 지원,기간:연례반복,2000,0,2000,0,400,400,400,400,400,2026,21377,2026-09-20
화성시_중기지방재정계획_2026-2030.pdf,중기지방재정계획,2026~2030,백만원,선택형 맞춤농정사 업(전환사업),기간:연례반복,2385,0,2385,0,477,477,477,477,477,2026,21389,2026-09-20
화성시_중기지방재정계획_2026-2030.pdf,중기지방재정계획,2026~2030,백만원,못자리 상토 지원,기간:2025~2029,8800,0,8800,0,1760,1760,1760,1760,1760,2026,21428,2026-09-20
화성시_중기지방재정계획_2026-2030.pdf,중기지방재정계획,2026~2030,백만원,원예용 상토 지원,기간:2026~2030,4700,0,4700,0,900,900,900,1000,1000,2026,21438,2026-09-20
화성시_중기지방재정계획_2026-2030.pdf,중기지방재정계획,2026~2030,백만원,웰빙 원예용 하우스 지원사업,기간:연례반복,3100,0,3100,0,500,500,500,800,800,2026,21448,2026-09-20
화성시_중기지방재정계획_2026-2030.pdf,중기지방재정계획,2026~2030,백만원,유기질비료 지원(전 환사업),기간:2026.1.1.~,8505,0,8505,0,1701,1701,1701,1701,1701,2026,21459,2026-09-20
화성시_중기지방재정계획_2026-2030.pdf,중기지방재정계획,2026~2030,백만원,토양개량제 지원,기간:2026.1.1.~,4320,0,4320,0,864,864,864,864,864,2026,21469,2026-09-20
화성시_중기지방재정계획_2026-2030.pdf,중기지방재정계획,2026~2030,백만원,자 소  계 2026 2027 2028 2029 2030 경기미 우수단지 농 기계 공급,기간: 2026.01.~2030.12.,375,0,375,0,75,75,75,75,75,2026,21514,2026-09-20
화성시_중기지방재정계획_2026-2030.pdf,중기지방재정계획,2026~2030,백만원,경기미 가공저장시 설 스마트화 지원( 전환사업),기간:연례반복,3271,0,3271,0,654,654,654,654,654,2026,21526,2026-09-20
화성시_중기지방재정계획_2026-2030.pdf,중기지방재정계획,2026~2030,백만원,주민소득지원 융자 금 지원,기간:2026~2030,19100,0,19100,0,3740,3780,3820,3860,3900,2026,21541,2026-09-20
화성시_중기지방재정계획_2026-2030.pdf,중기지방재정계획,2026~2030,백만원,농촌신활력플러스,기간:2020.01~2026.12,8420,8400,20,0,20,0,0,0,0,2026,21556,2026-09-20
화성시_중기지방재정계획_2026-2030.pdf,중기지방재정계획,2026~2030,백만원,자 소  계 2026 2027 2028 2029 2030 경기미 우수단지 농 기계 공급,기간: 2026.01.~2030.12.,375,0,375,0,75,75,75,75,75,2026,21606,2026-09-20
화성시_중기지방재정계획_2026-2030.pdf,중기지방재정계획,2026~2030,백만원,경기미 가공저장시 설 스마트화 지원( 전환사업),기간:연례반복,3271,0,3271,0,654,654,654,654,654,2026,21618,2026-09-20
화성시_중기지방재정계획_2026-2030.pdf,중기지방재정계획,2026~2030,백만원,주민소득지원 융자 금 지원,기간:2026~2030,19100,0,19100,0,3740,3780,3820,3860,3900,2026,21633,2026-09-20
화성시_중기지방재정계획_2026-2030.pdf,중기지방재정계획,2026~2030,백만원,농촌신활력플러스,기간:2020.01~2026.12,8420,8400,20,0,20,0,0,0,0,2026,21648,2026-09-20
화성시_중기지방재정계획_2026-2030.pdf,중기지방재정계획,2026~2030,백만원,햇살드리 포장재 지 원,기간:26~30년,4500,0,4500,0,840,840,840,940,1040,2026,21706,2026-09-20
화성시_중기지방재정계획_2026-2030.pdf,중기지방재정계획,2026~2030,백만원,화성송산포도 축제,기간:2026.01~2030.12,1430,0,1430,0,286,286,286,286,286,2026,21717,2026-09-20
화성시_중기지방재정계획_2026-2030.pdf,중기지방재정계획,2026~2030,백만원,식품소재 및 반가공 산업육성,기간:2026.01.01.~,1980,0,1980,0,180,720,180,720,180,2026,21729,2026-09-20
화성시_중기지방재정계획_2026-2030.pdf,중기지방재정계획,2026~2030,백만원,농식품 바우처 사업,기간:2026. 1. ~ 2030.,2570,0,2570,0,514,514,514,514,514,2026,21750,2026-09-20
화성시_중기지방재정계획_2026-2030.pdf,중기지방재정계획,2026~2030,백만원,무상급식 지원,기간: 2026. 01 ~ 2030.,208944,0,208944,0,37729,37729,37729,45729,50029,2026,21799,2026-09-20
화성시_중기지방재정계획_2026-2030.pdf,중기지방재정계획,2026~2030,백만원,경기도 어린이 건강 과일 공급 지원,기간:2026.01~2030.12,12500,0,12500,0,2500,2500,2500,2500,2500,2026,21811,2026-09-20
화성시_중기지방재정계획_2026-2030.pdf,중기지방재정계획,2026~2030,백만원,친환경 등 우수농산 물 학교급식 지원,기간:2025.01~2030.12,16500,0,16500,0,3300,3300,3300,3300,3300,2026,21826,2026-09-20
화성시_중기지방재정계획_2026-2030.pdf,중기지방재정계획,2026~2030,백만원,화성시 친환경 등 우수농산물 학교급 식 지원,기간:2025.01~2030.12,20500,0,20500,0,3500,3500,3500,4500,5500,2026,21841,2026-09-20
화성시_중기지방재정계획_2026-2030.pdf,중기지방재정계획,2026~2030,백만원,재단법인 화성푸드 통합지원센터 지원,기간:2026.01~2030.12,42908,0,42908,0,6900,7038,7179,10322,11469,2026,21856,2026-09-20
화성시_중기지방재정계획_2026-2030.pdf,중기지방재정계획,2026~2030,백만원,무상급식 지원,기간: 2026. 01 ~ 2030.,208944,0,208944,0,37729,37729,37729,45729,50029,2026,21895,2026-09-20
화성시_중기지방재정계획_2026-2030.pdf,중기지방재정계획,2026~2030,백만원,경기도 어린이 건강 과일 공급 지원,기간:2026.01~2030.12,12500,0,12500,0,2500,2500,2500,2500,2500,2026,21907,2026-09-20
화성시_중기지방재정계획_2026-2030.pdf,중기지방재정계획,2026~2030,백만원,친환경 등 우수농산 물 학교급식 지원,기간:2025.01~2030.12,16500,0,16500,0,3300,3300,3300,3300,3300,2026,21922,2026-09-20
화성시_중기지방재정계획_2026-2030.pdf,중기지방재정계획,2026~2030,백만원,화성시 친환경 등 우수농산물 학교급 식 지원,기간:2025.01~2030.12,20500,0,20500,0,3500,3500,3500,4500,5500,2026,21937,2026-09-20
화성시_중기지방재정계획_2026-2030.pdf,중기지방재정계획,2026~2030,백만원,재단법인 화성푸드 통합지원센터 지원,기간:2026.01~2030.12,42908,0,42908,0,6900,7038,7179,10322,11469,2026,21952,2026-09-20
화성시_중기지방재정계획_2026-2030.pdf,중기지방재정계획,2026~2030,백만원,재단법인 화성푸드 통합지원센터 청사 건립,기간:2022.1. ~ 2026.12.,9091,2739,6352,0,4804,1548,0,0,0,2026,21992,2026-09-20
화성시_중기지방재정계획_2026-2030.pdf,중기지방재정계획,2026~2030,백만원,조사료생산용 사일 리지제조 지원,기간: 2025.01.01 ~ 2029.12.31.,9000,0,9000,0,1800,1800,1800,1800,1800,2026,22006,2026-09-20
화성시_중기지방재정계획_2026-2030.pdf,중기지방재정계획,2026~2030,백만원,축산 ICT 융복합 확 산,기간:2025.01.01 ~,2489,0,2489,0,498,498,498,498,498,2026,22026,2026-09-20
화성시_중기지방재정계획_2026-2030.pdf,중기지방재정계획,2026~2030,백만원,가축행복농장,기간:25.01.01~30.12.31,4610,0,4610,0,922,922,922,922,922,2026,22045,2026-09-20
화성시_중기지방재정계획_2026-2030.pdf,중기지방재정계획,2026~2030,백만원,자 소  계 2026 2027 2028 2029 2030 축산농가 태양광 설 치 지원사업,기간:2026~2030,3938,0,3938,0,788,788,788,788,788,2026,22086,2026-09-20
화성시_중기지방재정계획_2026-2030.pdf,중기지방재정계획,2026~2030,백만원,가축재해보험 가입 지원,기간:25.01.01~29.12.31,5032,0,5032,0,1006,1006,1006,1006,1006,2026,22099,2026-09-20
화성시_중기지방재정계획_2026-2030.pdf,중기지방재정계획,2026~2030,백만원,학생승마지원(일반 승마체험),기간:25.01.01~29.12.31,2822,0,2822,0,564,564,564,564,564,2026,22115,2026-09-20
화성시_중기지방재정계획_2026-2030.pdf,중기지방재정계획,2026~2030,백만원,우수축산물 학교급 식 지원,기간:25.01~12,11000,0,11000,0,2200,2200,2200,2200,2200,2026,22135,2026-09-20
화성시_중기지방재정계획_2026-2030.pdf,중기지방재정계획,2026~2030,백만원,자 소  계 2026 2027 2028 2029 2030 축산농가 태양광 설 치 지원사업,기간:2026~2030,3938,0,3938,0,788,788,788,788,788,2026,22179,2026-09-20
화성시_중기지방재정계획_2026-2030.pdf,중기지방재정계획,2026~2030,백만원,가축재해보험 가입 지원,기간:25.01.01~29.12.31,5032,0,5032,0,1006,1006,1006,1006,1006,2026,22192,2026-09-20
화성시_중기지방재정계획_2026-2030.pdf,중기지방재정계획,2026~2030,백만원,학생승마지원(일반 승마체험),기간:25.01.01~29.12.31,2822,0,2822,0,564,564,564,564,564,2026,22208,2026-09-20
화성시_중기지방재정계획_2026-2030.pdf,중기지방재정계획,2026~2030,백만원,우수축산물 학교급 식 지원,기간:25.01~12,11000,0,11000,0,2200,2200,2200,2200,2200,2026,22228,2026-09-20
화성시_중기지방재정계획_2026-2030.pdf,중기지방재정계획,2026~2030,백만원,이 자 소  계 2026 2027 2028 2029 2030 학교 우유급식 지원,기간:26~30,2681,0,2681,0,453,557,557,557,557,2026,22271,2026-09-20
화성시_중기지방재정계획_2026-2030.pdf,중기지방재정계획,2026~2030,백만원,친환경 과학순환농 업퇴비살포비 지원,기간:2026~2030,2184,0,2184,0,210,210,210,777,777,2026,22294,2026-09-20
화성시_중기지방재정계획_2026-2030.pdf,중기지방재정계획,2026~2030,백만원,가축분뇨 처리시설 지원사업,기간:26.01.01,2500,0,2500,0,500,500,500,500,500,2026,22306,2026-09-20
화성시_중기지방재정계획_2026-2030.pdf,중기지방재정계획,2026~2030,백만원,깨끗한 축산농장 환 경개선제 지원,기간:25.01.01~29.12.31,2100,0,2100,0,420,420,420,420,420,2026,22319,2026-09-20
화성시_중기지방재정계획_2026-2030.pdf,중기지방재정계획,2026~2030,백만원,축산환경개선사업,기간:26.01.01~30.12.31,1492,0,1492,0,298,298,298,298,298,2026,22368,2026-09-20
화성시_중기지방재정계획_2026-2030.pdf,중기지방재정계획,2026~2030,백만원,구제역 예방백신 지 원,기간:25.01.01,3710,0,3710,0,742,742,742,742,742,2026,22405,2026-09-20
화성시_중기지방재정계획_2026-2030.pdf,중기지방재정계획,2026~2030,백만원,축산환경개선사업,기간:26.01.01~30.12.31,1492,0,1492,0,298,298,298,298,298,2026,22462,2026-09-20
화성시_중기지방재정계획_2026-2030.pdf,중기지방재정계획,2026~2030,백만원,구제역 예방백신 지 원,기간:25.01.01,3710,0,3710,0,742,742,742,742,742,2026,22499,2026-09-20
화성시_중기지방재정계획_2026-2030.pdf,중기지방재정계획,2026~2030,백만원,긴급방역 운영,기간:25.01.01~29.12.31,3000,0,3000,0,600,600,600,600,600,2026,22563,2026-09-20
화성시_중기지방재정계획_2026-2030.pdf,중기지방재정계획,2026~2030,백만원,동물보호관리,2025 ~ 2029,1275,0,1275,0,255,255,255,255,255,2026,22577,2026-09-20
화성시_중기지방재정계획_2026-2030.pdf,중기지방재정계획,2026~2030,백만원,유기동물 처리,2025 ~ 2029,1683,0,1683,0,337,337,337,337,337,2026,22590,2026-09-20
화성시_중기지방재정계획_2026-2030.pdf,중기지방재정계획,2026~2030,백만원,길고양이 중성화 수 술비 지원,기간:2025 ~ 2029,2000,0,2000,0,400,400,400,400,400,2026,22601,2026-09-20
화성시_중기지방재정계획_2026-2030.pdf,중기지방재정계획,2026~2030,백만원,개사육농가 폐업· 전업지원,기간:2025 ~ 2027,3464,0,3464,0,3464,0,0,0,0,2026,22646,2026-09-20
화성시_중기지방재정계획_2026-2030.pdf,중기지방재정계획,2026~2030,백만원,농업기술센터 청사 및 차량 관리,기간:2026.01~2030.12,6445,0,6445,0,1289,1289,1289,1289,1289,2026,22668,2026-09-20
화성시_중기지방재정계획_2026-2030.pdf,중기지방재정계획,2026~2030,백만원,농업기술센터 시설 환경 개선,기간:2026. 1. ~ 2030. 12.,1550,0,1550,0,310,310,310,310,310,2026,22681,2026-09-20
화성시_중기지방재정계획_2026-2030.pdf,중기지방재정계획,2026~2030,백만원,개사육농가 폐업· 전업지원,기간:2025 ~ 2027,3464,0,3464,0,3464,0,0,0,0,2026,22729,2026-09-20
화성시_중기지방재정계획_2026-2030.pdf,중기지방재정계획,2026~2030,백만원,농업기술센터 청사 및 차량 관리,기간:2026.01~2030.12,6445,0,6445,0,1289,1289,1289,1289,1289,2026,22751,2026-09-20
화성시_중기지방재정계획_2026-2030.pdf,중기지방재정계획,2026~2030,백만원,농업기술센터 시설 환경 개선,기간:2026. 1. ~ 2030. 12.,1550,0,1550,0,310,310,310,310,310,2026,22764,2026-09-20
화성시_중기지방재정계획_2026-2030.pdf,중기지방재정계획,2026~2030,백만원,농업신기술시범(식 량작물)(도비),기간: 2026년~2030년,3969,0,3969,0,790,791,792,798,799,2026,22817,2026-09-20
화성시_중기지방재정계획_2026-2030.pdf,중기지방재정계획,2026~2030,백만원,원예새기술보급(국 비),기간: 2026. 1. ~ 2030.,18591,0,18591,0,560,4463,4464,4464,4640,2026,22830,2026-09-20
화성시_중기지방재정계획_2026-2030.pdf,중기지방재정계획,2026~2030,백만원,원예새기술보급(도 비),기간: 2025. 1. ~ 2029.,1585,0,1585,0,312,318,318,319,319,2026,22848,2026-09-20
화성시_중기지방재정계획_2026-2030.pdf,중기지방재정계획,2026~2030,백만원,자 소  계 2026 2027 2028 2029 2030 농업신기술보급(과 수)(국비),기간:2025.01~2029.12,3051,0,3051,0,607,608,610,612,614,2026,22892,2026-09-20
화성시_중기지방재정계획_2026-2030.pdf,중기지방재정계획,2026~2030,백만원,기후변화 대응 과수 육성,기간:2026.01~2029.12,1205,0,1205,0,225,230,240,250,260,2026,22908,2026-09-20
화성시_중기지방재정계획_2026-2030.pdf,중기지방재정계획,2026~2030,백만원,종자산업기반구축,기간:2026.1.1.~2026.12.31,2000,0,2000,0,2000,0,0,0,0,2026,22921,2026-09-20
화성시_중기지방재정계획_2026-2030.pdf,중기지방재정계획,2026~2030,백만원,농산물안전분석연구 실 운영,기간:2026. ~ 2030.,2705,0,2705,0,721,496,496,496,496,2026,22945,2026-09-20
화성시_중기지방재정계획_2026-2030.pdf,중기지방재정계획,2026~2030,백만원,자 소  계 2026 2027 2028 2029 2030 농업신기술보급(과 수)(국비),기간:2025.01~2029.12,3051,0,3051,0,607,608,610,612,614,2026,22988,2026-09-20
화성시_중기지방재정계획_2026-2030.pdf,중기지방재정계획,2026~2030,백만원,기후변화 대응 과수 육성,기간:2026.01~2029.12,1205,0,1205,0,225,230,240,250,260,2026,23004,2026-09-20
화성시_중기지방재정계획_2026-2030.pdf,중기지방재정계획,2026~2030,백만원,종자산업기반구축,기간:2026.1.1.~2026.12.31,2000,0,2000,0,2000,0,0,0,0,2026,23017,2026-09-20
화성시_중기지방재정계획_2026-2030.pdf,중기지방재정계획,2026~2030,백만원,농산물안전분석연구 실 운영,기간:2026. ~ 2030.,2705,0,2705,0,721,496,496,496,496,2026,23041,2026-09-20
화성시_중기지방재정계획_2026-2030.pdf,중기지방재정계획,2026~2030,백만원,자 소  계 2026 2027 2028 2029 2030 미생물생산 운영지 원,기간:2025년 ~ 2029년,2262,0,2262,0,452,452,452,452,452,2026,23084,2026-09-20
화성시_중기지방재정계획_2026-2030.pdf,중기지방재정계획,2026~2030,백만원,농업인 안전재해보 험 사업,기간:2025.01~2029.12,4322,0,4322,0,864,864,864,864,864,2026,23097,2026-09-20
화성시_중기지방재정계획_2026-2030.pdf,중기지방재정계획,2026~2030,백만원,임대농업기계 구입,기간:2025. 1. ~ 2029.,2500,0,2500,0,500,500,500,500,500,2026,23109,2026-09-20
화성시_중기지방재정계획_2026-2030.pdf,중기지방재정계획,2026~2030,백만원,공원시설물 관리 위 탁 운영,기간:2026.01~2026.12,27067,0,27067,0,5413,5413,5413,5413,5413,2026,23124,2026-09-20
화성시_중기지방재정계획_2026-2030.pdf,중기지방재정계획,2026~2030,백만원,향남2권역 공원 관 리 및 정비,기간:2026.01~2030.12,5725,0,5725,0,1145,1145,1145,1145,1145,2026,23174,2026-09-20
화성시_중기지방재정계획_2026-2030.pdf,중기지방재정계획,2026~2030,백만원,봉담1권역 공원 관 리 및 정비,기간:2026. 1. ~ 2030.,4040,0,4040,0,808,808,808,808,808,2026,23186,2026-09-20
화성시_중기지방재정계획_2026-2030.pdf,중기지방재정계획,2026~2030,백만원,봉담2권역 공원 관 리 및 정비,기간:2026. 1 ~ 2030.,2750,0,2750,0,550,550,550,550,550,2026,23199,2026-09-20
화성시_중기지방재정계획_2026-2030.pdf,중기지방재정계획,2026~2030,백만원,"정남,기배,화산권역 공원 관리 및 정비",기간:2026.01~2030.12,3548,0,3548,0,710,710,710,710,710,2026,23212,2026-09-20
화성시_중기지방재정계획_2026-2030.pdf,중기지방재정계획,2026~2030,백만원,정조효공원 관리 및 정비,기간:2026.01.~2030.12.,3080,0,3080,0,616,616,616,616,616,2026,23224,2026-09-20
화성시_중기지방재정계획_2026-2030.pdf,중기지방재정계획,2026~2030,백만원,향남2권역 공원 관 리 및 정비,기간:2026.01~2030.12,5725,0,5725,0,1145,1145,1145,1145,1145,2026,23273,2026-09-20
화성시_중기지방재정계획_2026-2030.pdf,중기지방재정계획,2026~2030,백만원,봉담1권역 공원 관 리 및 정비,기간:2026. 1. ~ 2030.,4040,0,4040,0,808,808,808,808,808,2026,23285,2026-09-20
화성시_중기지방재정계획_2026-2030.pdf,중기지방재정계획,2026~2030,백만원,봉담2권역 공원 관 리 및 정비,기간:2026. 1 ~ 2030.,2750,0,2750,0,550,550,550,550,550,2026,23298,2026-09-20
화성시_중기지방재정계획_2026-2030.pdf,중기지방재정계획,2026~2030,백만원,"정남,기배,화산권역 공원 관리 및 정비",기간:2026.01~2030.12,3548,0,3548,0,710,710,710,710,710,2026,23311,2026-09-20
화성시_중기지방재정계획_2026-2030.pdf,중기지방재정계획,2026~2030,백만원,정조효공원 관리 및 정비,기간:2026.01.~2030.12.,3080,0,3080,0,616,616,616,616,616,2026,23323,2026-09-20
화성시_중기지방재정계획_2026-2030.pdf,중기지방재정계획,2026~2030,백만원,새솔권역 공원 관리 및 정비,기간:2026.01~2030.12,4432,0,4432,0,726,799,878,966,1063,2026,23372,2026-09-20
화성시_중기지방재정계획_2026-2030.pdf,중기지방재정계획,2026~2030,백만원,"서부1권역 공원 관 리 및 정비(매송,비 봉,송산)",기간:2026.01~2030.12,2485,0,2485,0,407,448,492,542,596,2026,23385,2026-09-20
화성시_중기지방재정계획_2026-2030.pdf,중기지방재정계획,2026~2030,백만원,"서부2권역 공원 관 리 및 정비(마도,서 신)",기간:2026.01~2030.12,2686,0,2686,0,440,484,532,586,644,2026,23399,2026-09-20
화성시_중기지방재정계획_2026-2030.pdf,중기지방재정계획,2026~2030,백만원,"남부권역 공원 관리 및 정비(우정,장안)",기간:2026.01~2030.12,3022,0,3022,0,495,545,599,659,725,2026,23411,2026-09-20
화성시_중기지방재정계획_2026-2030.pdf,중기지방재정계획,2026~2030,백만원,비봉지구 공원 관리 및 정비,기간:2026.01~2030.12,3053,0,3053,0,500,550,605,666,732,2026,23423,2026-09-20
화성시_중기지방재정계획_2026-2030.pdf,중기지방재정계획,2026~2030,백만원,공원 관리운영,기간:2026. 1. ~ 2030.,10395,0,10395,0,1817,1990,2090,2194,2304,2026,23469,2026-09-20
화성시_중기지방재정계획_2026-2030.pdf,중기지방재정계획,2026~2030,백만원,공원시설물 관리 위 탁 운영,기간:2026.01~2030.12.,37762,0,37762,0,7359,7454,7551,7649,7749,2026,23483,2026-09-20
화성시_중기지방재정계획_2026-2030.pdf,중기지방재정계획,2026~2030,백만원,시민정원사 운영,기간:2026.01.01.~,2950,0,2950,0,567,578,590,602,614,2026,23494,2026-09-20
화성시_중기지방재정계획_2026-2030.pdf,중기지방재정계획,2026~2030,백만원,공원관리원 운영,2026.01.01~2030.12.31,1832,0,1832,0,352,359,366,374,381,2026,23504,2026-09-20
화성시_중기지방재정계획_2026-2030.pdf,중기지방재정계획,2026~2030,백만원,공원 관리운영,기간:2026. 1. ~ 2030.,10395,0,10395,0,1817,1990,2090,2194,2304,2026,23553,2026-09-20
화성시_중기지방재정계획_2026-2030.pdf,중기지방재정계획,2026~2030,백만원,공원시설물 관리 위 탁 운영,기간:2026.01~2030.12.,37762,0,37762,0,7359,7454,7551,7649,7749,2026,23567,2026-09-20
화성시_중기지방재정계획_2026-2030.pdf,중기지방재정계획,2026~2030,백만원,시민정원사 운영,기간:2026.01.01.~,2950,0,2950,0,567,578,590,602,614,2026,23578,2026-09-20
화성시_중기지방재정계획_2026-2030.pdf,중기지방재정계획,2026~2030,백만원,공원관리원 운영,2026.01.01~2030.12.31,1832,0,1832,0,352,359,366,374,381,2026,23588,2026-09-20
화성시_중기지방재정계획_2026-2030.pdf,중기지방재정계획,2026~2030,백만원,병점권역 시설물관 리,기간:2026. 1. 1. ~ 2030.,2446,0,2446,0,470,479,489,499,509,2026,23640,2026-09-20
화성시_중기지방재정계획_2026-2030.pdf,중기지방재정계획,2026~2030,백만원,"센트럴파크권역 수 목,잔디 생육관리",기간:2026.01~2030.12.,3336,0,3336,0,628,647,667,687,707,2026,23654,2026-09-20
화성시_중기지방재정계획_2026-2030.pdf,중기지방재정계획,2026~2030,백만원,센트럴파크권역 시 설물관리,기간:2026.1.~2030.12.,2112,0,2112,0,390,406,422,439,456,2026,23667,2026-09-20
화성시_중기지방재정계획_2026-2030.pdf,중기지방재정계획,2026~2030,백만원,"큰재봉권역 수목,잔 디 생육관리",기간:2026. 1. 1 ~ 2030.,2880,0,2880,0,561,568,576,583,591,2026,23681,2026-09-20
화성시_중기지방재정계획_2026-2030.pdf,중기지방재정계획,2026~2030,백만원,큰재봉권역 시설물 관리,기간:2026. 1. ~ 2030.,1911,0,1911,0,367,375,382,390,397,2026,23694,2026-09-20
화성시_중기지방재정계획_2026-2030.pdf,중기지방재정계획,2026~2030,백만원,반석산권역 시설물 관리,2026. 1. ~ 2030. 12.,1407,0,1407,0,270,276,281,287,293,2026,23747,2026-09-20
화성시_중기지방재정계획_2026-2030.pdf,중기지방재정계획,2026~2030,백만원,"청계권역 수목, 잔 디 생육관리",기간:2026.01~2030.12.,4550,0,4550,0,883,896,910,923,937,2026,23760,2026-09-20
화성시_중기지방재정계획_2026-2030.pdf,중기지방재정계획,2026~2030,백만원,"치동천권역 수목, 잔디 생육관리",기간:2026.01~2030.12.,4550,0,4550,0,883,896,910,923,937,2026,23773,2026-09-20
화성시_중기지방재정계획_2026-2030.pdf,중기지방재정계획,2026~2030,백만원,치동천권역 시설물 관리,기간:2025.01~2030.12.,1830,0,1830,0,355,361,366,371,377,2026,23785,2026-09-20
화성시_중기지방재정계획_2026-2030.pdf,중기지방재정계획,2026~2030,백만원,"신리천권역 수목, 잔디 생육관리",기간:2026.1~2030.12,5256,0,5256,0,1020,1035,1051,1067,1083,2026,23798,2026-09-20
화성시_중기지방재정계획_2026-2030.pdf,중기지방재정계획,2026~2030,백만원,반석산권역 시설물 관리,2026. 1. ~ 2030. 12.,1407,0,1407,0,270,276,281,287,293,2026,23851,2026-09-20
화성시_중기지방재정계획_2026-2030.pdf,중기지방재정계획,2026~2030,백만원,"청계권역 수목, 잔 디 생육관리",기간:2026.01~2030.12.,4550,0,4550,0,883,896,910,923,937,2026,23864,2026-09-20
화성시_중기지방재정계획_2026-2030.pdf,중기지방재정계획,2026~2030,백만원,"치동천권역 수목, 잔디 생육관리",기간:2026.01~2030.12.,4550,0,4550,0,883,896,910,923,937,2026,23877,2026-09-20
화성시_중기지방재정계획_2026-2030.pdf,중기지방재정계획,2026~2030,백만원,치동천권역 시설물 관리,기간:2025.01~2030.12.,1830,0,1830,0,355,361,366,371,377,2026,23889,2026-09-20
화성시_중기지방재정계획_2026-2030.pdf,중기지방재정계획,2026~2030,백만원,"신리천권역 수목, 잔디 생육관리",기간:2026.1~2030.12,5256,0,5256,0,1020,1035,1051,1067,1083,2026,23902,2026-09-20
화성시_중기지방재정계획_2026-2030.pdf,중기지방재정계획,2026~2030,백만원,여울권역 수목.잔디 생육관리,기간:2026.01~2030.12.,3232,0,3232,0,627,637,646,656,666,2026,23953,2026-09-20
화성시_중기지방재정계획_2026-2030.pdf,중기지방재정계획,2026~2030,백만원,여울권역 시설물관 리,기간:2026.1.~2030.12.,2615,0,2615,0,508,515,523,531,539,2026,23965,2026-09-20
화성시_중기지방재정계획_2026-2030.pdf,중기지방재정계획,2026~2030,백만원,테크노밸리권역 수 목.잔디 생육관리,기간: 2026. 1. ~ 2030. 12.,2092,0,2092,0,406,412,418,425,431,2026,23978,2026-09-20
화성시_중기지방재정계획_2026-2030.pdf,중기지방재정계획,2026~2030,백만원,"동탄호수공원 수목, 잔디 생육관리",기간:2026.1.~2030.12.,6205,0,6205,0,1192,1216,1241,1265,1291,2026,23990,2026-09-20
화성시_중기지방재정계획_2026-2030.pdf,중기지방재정계획,2026~2030,백만원,동탄호수공원 시설 물관리,기간:2026.1.~2030.12.,12485,0,12485,0,2399,2447,2496,2546,2597,2026,24001,2026-09-20
화성시_중기지방재정계획_2026-2030.pdf,중기지방재정계획,2026~2030,백만원,"왕배산권역 수목,잔 디 생육관리",기간:2026.01.~2030.12.,5308,0,5308,0,1020,1040,1061,1082,1104,2026,24053,2026-09-20
화성시_중기지방재정계획_2026-2030.pdf,중기지방재정계획,2026~2030,백만원,왕배산권역 시설물 관리,기간:2026.01.~2030.12.,3238,0,3238,0,622,635,647,660,673,2026,24067,2026-09-20
화성시_중기지방재정계획_2026-2030.pdf,중기지방재정계획,2026~2030,백만원,수경시설 관리,기간:2026. 1.~2030.12.,4746,0,4746,0,912,930,949,968,987,2026,24079,2026-09-20
화성시_중기지방재정계획_2026-2030.pdf,중기지방재정계획,2026~2030,백만원,시설물 관리,기간:2026.1.~2030.12.,2100,0,2100,0,420,420,420,420,420,2026,24091,2026-09-20
화성시_중기지방재정계획_2026-2030.pdf,중기지방재정계획,2026~2030,백만원,공원질서유지용역,기간:2026. 1. ~ 2030. 12.,3962,0,3962,0,761,776,792,808,824,2026,24103,2026-09-20
화성시_중기지방재정계획_2026-2030.pdf,중기지방재정계획,2026~2030,백만원,"왕배산권역 수목,잔 디 생육관리",기간:2026.01.~2030.12.,5308,0,5308,0,1020,1040,1061,1082,1104,2026,24155,2026-09-20
화성시_중기지방재정계획_2026-2030.pdf,중기지방재정계획,2026~2030,백만원,왕배산권역 시설물 관리,기간:2026.01.~2030.12.,3238,0,3238,0,622,635,647,660,673,2026,24169,2026-09-20
화성시_중기지방재정계획_2026-2030.pdf,중기지방재정계획,2026~2030,백만원,수경시설 관리,기간:2026. 1.~2030.12.,4746,0,4746,0,912,930,949,968,987,2026,24181,2026-09-20
화성시_중기지방재정계획_2026-2030.pdf,중기지방재정계획,2026~2030,백만원,시설물 관리,기간:2026.1.~2030.12.,2100,0,2100,0,420,420,420,420,420,2026,24193,2026-09-20
화성시_중기지방재정계획_2026-2030.pdf,중기지방재정계획,2026~2030,백만원,공원질서유지용역,기간:2026. 1. ~ 2030. 12.,3962,0,3962,0,761,776,792,808,824,2026,24205,2026-09-20
화성시_중기지방재정계획_2026-2030.pdf,중기지방재정계획,2026~2030,백만원,경기 아이누리놀이 터 조성,기간: 2026.1.1.~2030.12.31.,500,0,500,0,500,0,0,0,0,2026,24253,2026-09-20
화성시_중기지방재정계획_2026-2030.pdf,중기지방재정계획,2026~2030,백만원,쌈지공원 관리 및 정비(병점구),기간: 2026. 1. 1 ~,103,0,103,0,20,20,21,21,21,2026,24268,2026-09-20
화성시_중기지방재정계획_2026-2030.pdf,중기지방재정계획,2026~2030,백만원,쌈지공원 관리 및 정비(동탄구),기간: 2026. 1. 1 ~,257,0,257,0,50,51,51,52,53,2026,24284,2026-09-20
화성시_중기지방재정계획_2026-2030.pdf,중기지방재정계획,2026~2030,백만원,이 자 소  계 2026 2027 2028 2029 2030 숲길 조성관리,기간:2025.01.01~,3000,0,3000,0,600,600,600,600,600,2026,24325,2026-09-20
화성시_중기지방재정계획_2026-2030.pdf,중기지방재정계획,2026~2030,백만원,숲길 유지관리,기간:2025.01.01~,3066,0,3066,0,613,613,613,613,613,2026,24337,2026-09-20
화성시_중기지방재정계획_2026-2030.pdf,중기지방재정계획,2026~2030,백만원,무봉산 자연휴양림 조성,기간:2017.01~2024.03.,24100,24100,0,0,0,0,0,0,0,2026,24351,2026-09-20
화성시_중기지방재정계획_2026-2030.pdf,중기지방재정계획,2026~2030,백만원,무봉산 자연휴양림 운영 관리,기간:2024. 1. ~ 2030.,9872,0,9872,0,1601,1761,1964,2160,2387,2026,24362,2026-09-20
화성시_중기지방재정계획_2026-2030.pdf,중기지방재정계획,2026~2030,백만원,초록산 산림휴양공 원 조성사업,기간:2019. 9. ~ 2026.,3281,1781,1500,0,1500,0,0,0,0,2026,24374,2026-09-20
화성시_중기지방재정계획_2026-2030.pdf,중기지방재정계획,2026~2030,백만원,이 자 소  계 2026 2027 2028 2029 2030 숲길 조성관리,기간:2025.01.01~,3000,0,3000,0,600,600,600,600,600,2026,24415,2026-09-20
화성시_중기지방재정계획_2026-2030.pdf,중기지방재정계획,2026~2030,백만원,숲길 유지관리,기간:2025.01.01~,3066,0,3066,0,613,613,613,613,613,2026,24427,2026-09-20
화성시_중기지방재정계획_2026-2030.pdf,중기지방재정계획,2026~2030,백만원,무봉산 자연휴양림 조성,기간:2017.01~2024.03.,24100,24100,0,0,0,0,0,0,0,2026,24441,2026-09-20
화성시_중기지방재정계획_2026-2030.pdf,중기지방재정계획,2026~2030,백만원,무봉산 자연휴양림 운영 관리,기간:2024. 1. ~ 2030.,9872,0,9872,0,1601,1761,1964,2160,2387,2026,24452,2026-09-20
화성시_중기지방재정계획_2026-2030.pdf,중기지방재정계획,2026~2030,백만원,초록산 산림휴양공 원 조성사업,기간:2019. 9. ~ 2026.,3281,1781,1500,0,1500,0,0,0,0,2026,24464,2026-09-20
화성시_중기지방재정계획_2026-2030.pdf,중기지방재정계획,2026~2030,백만원,산림재해일자리 단 기(산불전문예방진 화대),기간:2026. 2.1.~5.15.(,2607,0,2607,0,521,521,521,521,521,2026,24507,2026-09-20
화성시_중기지방재정계획_2026-2030.pdf,중기지방재정계획,2026~2030,백만원,산불방지대책 운영,기간:2026.~2030.,2712,0,2712,0,542,542,542,542,542,2026,24522,2026-09-20
화성시_중기지방재정계획_2026-2030.pdf,중기지방재정계획,2026~2030,백만원,산불방지대책(경상),기간:2026.~2030.,3250,0,3250,0,650,650,650,650,650,2026,24535,2026-09-20
화성시_중기지방재정계획_2026-2030.pdf,중기지방재정계획,2026~2030,백만원,녹지대 관리 일반,기간:2026.01~2030.12,16180,0,16180,0,3236,3236,3236,3236,3236,2026,24550,2026-09-20
화성시_중기지방재정계획_2026-2030.pdf,중기지방재정계획,2026~2030,백만원,녹지대 제초 및 수 형조절,기간:2026.01~2030.12,20075,0,20075,0,4015,4015,4015,4015,4015,2026,24562,2026-09-20
화성시_중기지방재정계획_2026-2030.pdf,중기지방재정계획,2026~2030,백만원,녹지대 병해충 방제,기간:2026.01~2030.12,12144,0,12144,0,2024,2226,2429,2631,2834,2026,24600,2026-09-20
화성시_중기지방재정계획_2026-2030.pdf,중기지방재정계획,2026~2030,백만원,가로수 관리 일반,기간:2025.01~2029.12,19000,0,19000,0,3800,3800,3800,3800,3800,2026,24612,2026-09-20
화성시_중기지방재정계획_2026-2030.pdf,중기지방재정계획,2026~2030,백만원,가로수 수형조절,기간:2026.01~2029.12,16412,0,16412,0,2871,3063,3269,3488,3721,2026,24623,2026-09-20
화성시_중기지방재정계획_2026-2030.pdf,중기지방재정계획,2026~2030,백만원,가로수 병해충 방제,기간:2026.01~2029.12,7350,0,7350,0,1470,1470,1470,1470,1470,2026,24633,2026-09-20
화성시_중기지방재정계획_2026-2030.pdf,중기지방재정계획,2026~2030,백만원,가로변 재해예방 및 긴급복구,2026.01.~2029.12.,3000,0,3000,0,600,600,600,600,600,2026,24646,2026-09-20
화성시_중기지방재정계획_2026-2030.pdf,중기지방재정계획,2026~2030,백만원,녹지대 병해충 방제,기간:2026.01~2030.12,12144,0,12144,0,2024,2226,2429,2631,2834,2026,24687,2026-09-20
화성시_중기지방재정계획_2026-2030.pdf,중기지방재정계획,2026~2030,백만원,가로수 관리 일반,기간:2025.01~2029.12,19000,0,19000,0,3800,3800,3800,3800,3800,2026,24699,2026-09-20
화성시_중기지방재정계획_2026-2030.pdf,중기지방재정계획,2026~2030,백만원,가로수 수형조절,기간:2026.01~2029.12,16412,0,16412,0,2871,3063,3269,3488,3721,2026,24710,2026-09-20
화성시_중기지방재정계획_2026-2030.pdf,중기지방재정계획,2026~2030,백만원,가로수 병해충 방제,기간:2026.01~2029.12,7350,0,7350,0,1470,1470,1470,1470,1470,2026,24720,2026-09-20
화성시_중기지방재정계획_2026-2030.pdf,중기지방재정계획,2026~2030,백만원,가로변 재해예방 및 긴급복구,2026.01.~2029.12.,3000,0,3000,0,600,600,600,600,600,2026,24733,2026-09-20
화성시_중기지방재정계획_2026-2030.pdf,중기지방재정계획,2026~2030,백만원,이 자 소  계 2026 2027 2028 2029 2030 도로변 풀베기,기간: 연례반복,26375,0,26375,0,5275,5275,5275,5275,5275,2026,24773,2026-09-20
화성시_중기지방재정계획_2026-2030.pdf,중기지방재정계획,2026~2030,백만원,수산소식 및 정보제 공 지원,기간: 매년,79,0,79,0,16,16,16,16,16,2026,24788,2026-09-20
화성시_중기지방재정계획_2026-2030.pdf,중기지방재정계획,2026~2030,백만원,해면 갯벌어장 지원,기간:2026년~2030년,14000,0,14000,0,2800,2800,2800,2800,2800,2026,24802,2026-09-20
화성시_중기지방재정계획_2026-2030.pdf,중기지방재정계획,2026~2030,백만원,해면수산자원 조성,기간: 2026. 1. ~ 2030.,7500,0,7500,0,1500,1500,1500,1500,1500,2026,24817,2026-09-20
화성시_중기지방재정계획_2026-2030.pdf,중기지방재정계획,2026~2030,백만원,고품질 김 양식시설 지원,기간:2026년~2030년,3000,0,3000,0,600,600,600,600,600,2026,24859,2026-09-20
화성시_중기지방재정계획_2026-2030.pdf,중기지방재정계획,2026~2030,백만원,실시간 해양수산환 경 관측시스템 설치,기간 : 2026. 1. ~ 2030.,220,0,220,0,100,30,30,30,30,2026,24875,2026-09-20
화성시_중기지방재정계획_2026-2030.pdf,중기지방재정계획,2026~2030,백만원,어항시설 및 공유수 면 유지관리,기간: 2026년~2030년,3950,0,3950,0,790,790,790,790,790,2026,24889,2026-09-20
화성시_중기지방재정계획_2026-2030.pdf,중기지방재정계획,2026~2030,백만원,어장진입로 설치 및 유지보수,기간 : 2026년~2030년,2350,850,1500,0,300,300,300,300,300,2026,24901,2026-09-20
화성시_중기지방재정계획_2026-2030.pdf,중기지방재정계획,2026~2030,백만원,공중화장실 청소 유 지관리 용역,기간: 2025년 ~ 2029년,2500,0,2500,0,500,500,500,500,500,2026,24913,2026-09-20
화성시_중기지방재정계획_2026-2030.pdf,중기지방재정계획,2026~2030,백만원,고품질 김 양식시설 지원,기간:2026년~2030년,3000,0,3000,0,600,600,600,600,600,2026,24956,2026-09-20
화성시_중기지방재정계획_2026-2030.pdf,중기지방재정계획,2026~2030,백만원,실시간 해양수산환 경 관측시스템 설치,기간 : 2026. 1. ~ 2030.,220,0,220,0,100,30,30,30,30,2026,24972,2026-09-20
화성시_중기지방재정계획_2026-2030.pdf,중기지방재정계획,2026~2030,백만원,어항시설 및 공유수 면 유지관리,기간: 2026년~2030년,3950,0,3950,0,790,790,790,790,790,2026,24986,2026-09-20
화성시_중기지방재정계획_2026-2030.pdf,중기지방재정계획,2026~2030,백만원,어장진입로 설치 및 유지보수,기간 : 2026년~2030년,2350,850,1500,0,300,300,300,300,300,2026,24998,2026-09-20
화성시_중기지방재정계획_2026-2030.pdf,중기지방재정계획,2026~2030,백만원,공중화장실 청소 유 지관리 용역,기간: 2025년 ~ 2029년,2500,0,2500,0,500,500,500,500,500,2026,25010,2026-09-20
화성시_중기지방재정계획_2026-2030.pdf,중기지방재정계획,2026~2030,백만원,매향항 어촌신활력 증진사업,기간:2023. 1. ~ 2025.,5000,5000,0,0,0,0,0,0,0,2026,25053,2026-09-20
화성시_중기지방재정계획_2026-2030.pdf,중기지방재정계획,2026~2030,백만원,송교항 어촌신활력 증진사업,기간:2025년~2027년,4250,0,4250,0,1500,2750,0,0,0,2026,25070,2026-09-20
화성시_중기지방재정계획_2026-2030.pdf,중기지방재정계획,2026~2030,백만원,화성바다누리호 선 박 관리,기간: 2025년 ~ 2029년,1665,0,1665,0,333,333,333,333,333,2026,25138,2026-09-20
화성시_중기지방재정계획_2026-2030.pdf,중기지방재정계획,2026~2030,백만원,화성특례시 임팩트 펀드 조성 및 운용,기간:2026년~2029년,2000,0,2000,0,1000,1000,0,0,0,2026,25156,2026-09-20
화성시_중기지방재정계획_2026-2030.pdf,중기지방재정계획,2026~2030,백만원,화성바다누리호 선 박 관리,기간: 2025년 ~ 2029년,1665,0,1665,0,333,333,333,333,333,2026,25211,2026-09-20
화성시_중기지방재정계획_2026-2030.pdf,중기지방재정계획,2026~2030,백만원,화성특례시 임팩트 펀드 조성 및 운용,기간:2026년~2029년,2000,0,2000,0,1000,1000,0,0,0,2026,25229,2026-09-20
화성시_중기지방재정계획_2026-2030.pdf,중기지방재정계획,2026~2030,백만원,자 소  계 2026 2027 2028 2029 2030 대규모투자기업 유 치 지원,기간:2026년~2028년,2250,0,2250,0,750,750,750,0,0,2026,25273,2026-09-20
화성시_중기지방재정계획_2026-2030.pdf,중기지방재정계획,2026~2030,백만원,투자기업 유치 지원,기간:2025년~2030년,4500,750,3750,0,750,750,750,750,750,2026,25285,2026-09-20
화성시_중기지방재정계획_2026-2030.pdf,중기지방재정계획,2026~2030,백만원,투자유치기금 예치 금,기간:2025 ~ 2029,33579,0,33579,0,4110,5439,6710,8010,9310,2026,25302,2026-09-20
화성시_중기지방재정계획_2026-2030.pdf,중기지방재정계획,2026~2030,백만원,자율주행 리빙랩 도 시 구축 사업 추진,기간:2025. 1. ~ 2029. 12.,8500,0,8500,0,500,1500,3000,3500,0,2026,25319,2026-09-20
화성시_중기지방재정계획_2026-2030.pdf,중기지방재정계획,2026~2030,백만원,모빌리티센터 네트 워크 인프라 구축 및 운영,기간:2025. 1. ~ 2030. 12.,2240,0,2240,0,448,448,448,448,448,2026,25361,2026-09-20
화성시_중기지방재정계획_2026-2030.pdf,중기지방재정계획,2026~2030,백만원,지역에너지 신산업 활성화 지원사업,기간:2020.06~2026.2.,9935,9654,281,0,281,0,0,0,0,2026,25379,2026-09-20
화성시_중기지방재정계획_2026-2030.pdf,중기지방재정계획,2026~2030,백만원,에너지자립마을 조 성사업,기간:2026.01~2030.12,2334,0,2334,0,467,467,467,467,467,2026,25401,2026-09-20
화성시_중기지방재정계획_2026-2030.pdf,중기지방재정계획,2026~2030,백만원,모빌리티센터 네트 워크 인프라 구축 및 운영,기간:2025. 1. ~ 2030. 12.,2240,0,2240,0,448,448,448,448,448,2026,25443,2026-09-20
화성시_중기지방재정계획_2026-2030.pdf,중기지방재정계획,2026~2030,백만원,지역에너지 신산업 활성화 지원사업,기간:2020.06~2026.2.,9935,9654,281,0,281,0,0,0,0,2026,25461,2026-09-20
화성시_중기지방재정계획_2026-2030.pdf,중기지방재정계획,2026~2030,백만원,에너지자립마을 조 성사업,기간:2026.01~2030.12,2334,0,2334,0,467,467,467,467,467,2026,25483,2026-09-20
화성시_중기지방재정계획_2026-2030.pdf,중기지방재정계획,2026~2030,백만원,신재생에너지 융복 합지원사업,기간: 2025. 1.~2029. 12.,11668,0,11668,0,2334,2334,2334,2334,2334,2026,25524,2026-09-20
화성시_중기지방재정계획_2026-2030.pdf,중기지방재정계획,2026~2030,백만원,마을단위 LPG소형저 장탱크 보급사업,기간:2025~2030년,1847,0,1847,0,47,450,450,450,450,2026,25544,2026-09-20
화성시_중기지방재정계획_2026-2030.pdf,중기지방재정계획,2026~2030,백만원,도시가스 공급 취약 지역 지원,기간:2025~2030년,9800,0,9800,0,1980,1970,1960,1950,1940,2026,25556,2026-09-20
화성시_중기지방재정계획_2026-2030.pdf,중기지방재정계획,2026~2030,백만원,주거지역 가공전선 로 지중화,기간:2026~2030년,36492,32997,3495,0,1165,1165,1165,0,0,2026,25566,2026-09-20
화성시_중기지방재정계획_2026-2030.pdf,중기지방재정계획,2026~2030,백만원,도시가스 배관망 지 원사업,기간:2025~2030년,1361,0,1361,0,272,272,272,272,272,2026,25576,2026-09-20
화성시_중기지방재정계획_2026-2030.pdf,중기지방재정계획,2026~2030,백만원,경기도형 스마트공 장 구축 및 컨설팅 지원,기간: 2025. 1. ~2030. 12.,8379,0,8379,0,1676,1676,1676,1676,1676,2026,25619,2026-09-20
화성시_중기지방재정계획_2026-2030.pdf,중기지방재정계획,2026~2030,백만원,화성산업진흥원 운 영 지원,기간:2026.01~2030.12,68059,0,68059,0,12353,12353,12353,15000,16000,2026,25635,2026-09-20
화성시_중기지방재정계획_2026-2030.pdf,중기지방재정계획,2026~2030,백만원,중소기업 육성지원,기간:2026.01~2030.12,3099,0,3099,0,620,620,620,620,620,2026,25648,2026-09-20
화성시_중기지방재정계획_2026-2030.pdf,중기지방재정계획,2026~2030,백만원,경기도형 스마트공 장 구축 및 컨설팅 지원,기간: 2025. 1. ~2030. 12.,8379,0,8379,0,1676,1676,1676,1676,1676,2026,25693,2026-09-20
화성시_중기지방재정계획_2026-2030.pdf,중기지방재정계획,2026~2030,백만원,화성산업진흥원 운 영 지원,기간:2026.01~2030.12,68059,0,68059,0,12353,12353,12353,15000,16000,2026,25709,2026-09-20
화성시_중기지방재정계획_2026-2030.pdf,중기지방재정계획,2026~2030,백만원,중소기업 육성지원,기간:2026.01~2030.12,3099,0,3099,0,620,620,620,620,620,2026,25722,2026-09-20
화성시_중기지방재정계획_2026-2030.pdf,중기지방재정계획,2026~2030,백만원,이 자 소  계 2026 2027 2028 2029 2030 기술닥터 사업,기간:2026.01~2030.12,2362,0,2362,0,472,472,472,472,472,2026,25759,2026-09-20
화성시_중기지방재정계획_2026-2030.pdf,중기지방재정계획,2026~2030,백만원,기업환경 개선(보조 )(전환사업),기간:2026.01~2030.12,4500,0,4500,0,900,900,900,900,900,2026,25771,2026-09-20
화성시_중기지방재정계획_2026-2030.pdf,중기지방재정계획,2026~2030,백만원,공장밀집지역 기반 시설 정비사업,기간:2026.01~2030.12,3000,0,3000,0,600,600,600,600,600,2026,25783,2026-09-20
화성시_중기지방재정계획_2026-2030.pdf,중기지방재정계획,2026~2030,백만원,중소기업 자금 지원,기간:2026.01~2030.12,35975,0,35975,0,6595,6595,6595,7595,8595,2026,25796,2026-09-20
화성시_중기지방재정계획_2026-2030.pdf,중기지방재정계획,2026~2030,백만원,해외수출판로 개척 사업,기간:2026~2030년,2741,0,2741,0,548,548,548,548,548,2026,25811,2026-09-20
화성시_중기지방재정계획_2026-2030.pdf,중기지방재정계획,2026~2030,백만원,해외전시회 지원,기간:2026~2030년,3500,0,3500,0,700,700,700,700,700,2026,25848,2026-09-20
화성시_중기지방재정계획_2026-2030.pdf,중기지방재정계획,2026~2030,백만원,수출물류지원,기간:2026~2030년,2000,0,2000,0,400,400,400,400,400,2026,25858,2026-09-20
화성시_중기지방재정계획_2026-2030.pdf,중기지방재정계획,2026~2030,백만원,수출업무지원센터 운영비,기간:2026~2030년,2299,0,2299,0,460,460,460,460,460,2026,25868,2026-09-20
화성시_중기지방재정계획_2026-2030.pdf,중기지방재정계획,2026~2030,백만원,강소기업 성장환경 구축지원,기간:2026.1.1.~2030.12.31,2596,0,2596,0,459,459,459,559,659,2026,25881,2026-09-20
화성시_중기지방재정계획_2026-2030.pdf,중기지방재정계획,2026~2030,백만원,소공인 특화지원,기간:2026.01~2030.12,6115,0,6115,0,1103,1103,1103,1303,1503,2026,25895,2026-09-20
화성시_중기지방재정계획_2026-2030.pdf,중기지방재정계획,2026~2030,백만원,해외전시회 지원,기간:2026~2030년,3500,0,3500,0,700,700,700,700,700,2026,25936,2026-09-20
화성시_중기지방재정계획_2026-2030.pdf,중기지방재정계획,2026~2030,백만원,수출물류지원,기간:2026~2030년,2000,0,2000,0,400,400,400,400,400,2026,25946,2026-09-20
화성시_중기지방재정계획_2026-2030.pdf,중기지방재정계획,2026~2030,백만원,수출업무지원센터 운영비,기간:2026~2030년,2299,0,2299,0,460,460,460,460,460,2026,25956,2026-09-20
화성시_중기지방재정계획_2026-2030.pdf,중기지방재정계획,2026~2030,백만원,강소기업 성장환경 구축지원,기간:2026.1.1.~2030.12.31,2596,0,2596,0,459,459,459,559,659,2026,25969,2026-09-20
화성시_중기지방재정계획_2026-2030.pdf,중기지방재정계획,2026~2030,백만원,소공인 특화지원,기간:2026.01~2030.12,6115,0,6115,0,1103,1103,1103,1303,1503,2026,25983,2026-09-20
화성시_중기지방재정계획_2026-2030.pdf,중기지방재정계획,2026~2030,백만원,자 소  계 2026 2027 2028 2029 2030 소공인 집적지구 공 동기반시설 운영,기간:2026.01~2030.12,4203,0,4203,0,841,841,841,841,841,2026,26024,2026-09-20
화성시_중기지방재정계획_2026-2030.pdf,중기지방재정계획,2026~2030,백만원,소공인 복합지원센 터 운영,기간:2026.01~2030.12.,6813,0,6813,0,1363,1363,1363,1363,1363,2026,26038,2026-09-20
화성시_중기지방재정계획_2026-2030.pdf,중기지방재정계획,2026~2030,백만원,동탄 소공인 복합지 원센터 운영,기간:2026.01~2030.12,6440,0,6440,0,1288,1288,1288,1288,1288,2026,26052,2026-09-20
화성시_중기지방재정계획_2026-2030.pdf,중기지방재정계획,2026~2030,백만원,산업단지 위탁관리 운영,기간:2025.01~2029.12,2022,0,2022,0,404,404,404,404,404,2026,26067,2026-09-20
화성시_중기지방재정계획_2026-2030.pdf,중기지방재정계획,2026~2030,백만원,지역화폐 발행지원( 도비),기간:연례반복,143755,0,143755,0,28751,28751,28751,28751,28751,2026,26122,2026-09-20
화성시_중기지방재정계획_2026-2030.pdf,중기지방재정계획,2026~2030,백만원,지역화폐 발행지원( 자체),기간:연례반복,167395,0,167395,0,27279,27279,27279,35279,50279,2026,26136,2026-09-20
화성시_중기지방재정계획_2026-2030.pdf,중기지방재정계획,2026~2030,백만원,공공배달앱 활성화 지원,기간:연례반복,9459,0,9459,0,459,1500,1500,2500,3500,2026,26149,2026-09-20
화성시_중기지방재정계획_2026-2030.pdf,중기지방재정계획,2026~2030,백만원,소상공인 자금 지원,기간:2025.01~2029.12.,31588,0,31588,0,5580,5599,5700,6802,7907,2026,26163,2026-09-20
화성시_중기지방재정계획_2026-2030.pdf,중기지방재정계획,2026~2030,백만원,지역화폐 발행지원( 도비),기간:연례반복,143755,0,143755,0,28751,28751,28751,28751,28751,2026,26215,2026-09-20
화성시_중기지방재정계획_2026-2030.pdf,중기지방재정계획,2026~2030,백만원,지역화폐 발행지원( 자체),기간:연례반복,167395,0,167395,0,27279,27279,27279,35279,50279,2026,26229,2026-09-20
화성시_중기지방재정계획_2026-2030.pdf,중기지방재정계획,2026~2030,백만원,공공배달앱 활성화 지원,기간:연례반복,9459,0,9459,0,459,1500,1500,2500,3500,2026,26242,2026-09-20
화성시_중기지방재정계획_2026-2030.pdf,중기지방재정계획,2026~2030,백만원,소상공인 자금 지원,기간:2025.01~2029.12.,31588,0,31588,0,5580,5599,5700,6802,7907,2026,26256,2026-09-20
화성시_중기지방재정계획_2026-2030.pdf,중기지방재정계획,2026~2030,백만원,자 소  계 2026 2027 2028 2029 2030 소상공인 경영환경 개선 사업,기간:연례반복,2750,0,2750,0,550,550,550,550,550,2026,26297,2026-09-20
화성시_중기지방재정계획_2026-2030.pdf,중기지방재정계획,2026~2030,백만원,전통시장 및 상점가 활성화 지원,기간:연례반복,2700,0,2700,0,480,480,480,580,680,2026,26309,2026-09-20
화성시_중기지방재정계획_2026-2030.pdf,중기지방재정계획,2026~2030,백만원,전통시장 혁신모델 구축사업,기간:2025.1 ~ 2028.12.,8410,0,8410,0,500,3950,3960,0,0,2026,26323,2026-09-20
화성시_중기지방재정계획_2026-2030.pdf,중기지방재정계획,2026~2030,백만원,화성시노사민정협의 회사무국 운영,기간:2025.01~2030.12,1891,0,1891,0,378,378,378,378,378,2026,26341,2026-09-20
화성시_중기지방재정계획_2026-2030.pdf,중기지방재정계획,2026~2030,백만원,근로자복지관 운영,기간:2026.01~2030.12,15750,0,15750,0,3150,3150,3150,3150,3150,2026,26354,2026-09-20
화성시_중기지방재정계획_2026-2030.pdf,중기지방재정계획,2026~2030,백만원,산업안전지킴이 운 영,기간:2026.01~2026.12.,11675,0,11675,0,2335,2335,2335,2335,2335,2026,26393,2026-09-20
화성시_중기지방재정계획_2026-2030.pdf,중기지방재정계획,2026~2030,백만원,희망내일사업 추진,기간:2025.01~2029.12,10680,0,10680,0,2136,2136,2136,2136,2136,2026,26405,2026-09-20
화성시_중기지방재정계획_2026-2030.pdf,중기지방재정계획,2026~2030,백만원,백미-송교간 도로확 포장공사,기간 : 2007.01. ~,38100,38100,0,0,0,0,0,0,0,2026,26421,2026-09-20
화성시_중기지방재정계획_2026-2030.pdf,중기지방재정계획,2026~2030,백만원,산업안전지킴이 운 영,기간:2026.01~2026.12.,11675,0,11675,0,2335,2335,2335,2335,2335,2026,26467,2026-09-20
화성시_중기지방재정계획_2026-2030.pdf,중기지방재정계획,2026~2030,백만원,희망내일사업 추진,기간:2025.01~2029.12,10680,0,10680,0,2136,2136,2136,2136,2136,2026,26479,2026-09-20
화성시_중기지방재정계획_2026-2030.pdf,중기지방재정계획,2026~2030,백만원,백미-송교간 도로확 포장공사,기간 : 2007.01. ~,38100,38100,0,0,0,0,0,0,0,2026,26495,2026-09-20
화성시_중기지방재정계획_2026-2030.pdf,중기지방재정계획,2026~2030,백만원,자 소  계 2026 2027 2028 2029 2030 조암지구 연결도로 확포장공사,기간:2014.03~2025. 12.,18478,18478,0,0,0,0,0,0,0,2026,26539,2026-09-20
화성시_중기지방재정계획_2026-2030.pdf,중기지방재정계획,2026~2030,백만원,궁평 관광지 연결도 로 확포장공사,기간:2016.01~2025.09,82344,82344,0,0,0,0,0,0,0,2026,26550,2026-09-20
화성시_중기지방재정계획_2026-2030.pdf,중기지방재정계획,2026~2030,백만원,화산리 도로개선공 사,기간:2016. 9. 1. ~ 2025.,2930,2930,0,0,0,0,0,0,0,2026,26568,2026-09-20
화성시_중기지방재정계획_2026-2030.pdf,중기지방재정계획,2026~2030,백만원,매향-화산간 도로확 포장공사,기간:2017.03~2026. 2.,48133,48133,0,0,0,0,0,0,0,2026,26580,2026-09-20
화성시_중기지방재정계획_2026-2030.pdf,중기지방재정계획,2026~2030,백만원,시도13호선 도로확 포장공사,기간:2011.01~2025.12.,47420,47420,0,0,0,0,0,0,0,2026,26595,2026-09-20
화성시_중기지방재정계획_2026-2030.pdf,중기지방재정계획,2026~2030,백만원,동학-벌말간 도로확 포장공사,기간:2015.01~2026. 12.,26552,26552,0,0,0,0,0,0,0,2026,26635,2026-09-20
화성시_중기지방재정계획_2026-2030.pdf,중기지방재정계획,2026~2030,백만원,수기-분천간 도로확 포장공사,기간:2015.01~2026. 4.,36490,29790,6700,0,6700,0,0,0,0,2026,26651,2026-09-20
화성시_중기지방재정계획_2026-2030.pdf,중기지방재정계획,2026~2030,백만원,시도 69호선 도로확 포장공사(2구간),기간:2009.06~2025.12,39060,39060,0,0,0,0,0,0,0,2026,26664,2026-09-20
화성시_중기지방재정계획_2026-2030.pdf,중기지방재정계획,2026~2030,백만원,와우-배양간 도로확 포장공사,기간:2016.01~2025. 3.,28192,28192,0,0,0,0,0,0,0,2026,26677,2026-09-20
화성시_중기지방재정계획_2026-2030.pdf,중기지방재정계획,2026~2030,백만원,동학-벌말간 도로확 포장공사,기간:2015.01~2026. 12.,26552,26552,0,0,0,0,0,0,0,2026,26725,2026-09-20
화성시_중기지방재정계획_2026-2030.pdf,중기지방재정계획,2026~2030,백만원,수기-분천간 도로확 포장공사,기간:2015.01~2026. 4.,36490,29790,6700,0,6700,0,0,0,0,2026,26741,2026-09-20
화성시_중기지방재정계획_2026-2030.pdf,중기지방재정계획,2026~2030,백만원,시도 69호선 도로확 포장공사(2구간),기간:2009.06~2025.12,39060,39060,0,0,0,0,0,0,0,2026,26754,2026-09-20
화성시_중기지방재정계획_2026-2030.pdf,중기지방재정계획,2026~2030,백만원,와우-배양간 도로확 포장공사,기간:2016.01~2025. 3.,28192,28192,0,0,0,0,0,0,0,2026,26767,2026-09-20
화성시_중기지방재정계획_2026-2030.pdf,중기지방재정계획,2026~2030,백만원,시도1호선 도로확포 장공사,기간:2018.08~2028. 8.,23500,4400,19100,0,3000,2000,2000,8000,4100,2026,26819,2026-09-20
화성시_중기지방재정계획_2026-2030.pdf,중기지방재정계획,2026~2030,백만원,시도31호선 도로확 포장공사,기간:2019.06~2027.12,29115,12915,16200,0,3000,3300,3300,3300,3300,2026,26832,2026-09-20
화성시_중기지방재정계획_2026-2030.pdf,중기지방재정계획,2026~2030,백만원,시도78호선 도로확 포장공사,기간:2019.06~2028.12,13850,700,13150,0,0,2000,1000,10150,0,2026,26844,2026-09-20
화성시_중기지방재정계획_2026-2030.pdf,중기지방재정계획,2026~2030,백만원,시도15호선 도로확 포장공사(2구간),기간:2019.05~2027. 2.,23200,16800,6400,0,4000,2400,0,0,0,2026,26857,2026-09-20
화성시_중기지방재정계획_2026-2030.pdf,중기지방재정계획,2026~2030,백만원,만년제교차로-중외 제약사거리 도로개 선공사,기간:2019.12~2025. 4.,4220,4220,0,0,0,0,0,0,0,2026,26870,2026-09-20
화성시_중기지방재정계획_2026-2030.pdf,중기지방재정계획,2026~2030,백만원,시도57호선 도로확 포장공사,기간:2025. 1. ~ 2031.,40800,600,40200,0,100,0,0,37100,3000,2026,26920,2026-09-20
화성시_중기지방재정계획_2026-2030.pdf,중기지방재정계획,2026~2030,백만원,시도27호선 도로확 포장공사,기간:2026~2032,44975,0,44975,0,100,225,0,30800,13850,2026,26933,2026-09-20
화성시_중기지방재정계획_2026-2030.pdf,중기지방재정계획,2026~2030,백만원,당하-오일간 도로확 포장공사,기간:2010.01~2025.03.,84437,84437,0,0,0,0,0,0,0,2026,26946,2026-09-20
화성시_중기지방재정계획_2026-2030.pdf,중기지방재정계획,2026~2030,백만원,보통-수기간 도로확 포장공사,기간:2014.01~2025. 3.,46766,46766,0,0,0,0,0,0,0,2026,26958,2026-09-20
화성시_중기지방재정계획_2026-2030.pdf,중기지방재정계획,2026~2030,백만원,양노리 도로확포장 공사,기간:2017.01~2026. 12.,9005,4150,4855,0,4000,855,0,0,0,2026,26972,2026-09-20
화성시_중기지방재정계획_2026-2030.pdf,중기지방재정계획,2026~2030,백만원,시도57호선 도로확 포장공사,기간:2025. 1. ~ 2031.,40800,600,40200,0,100,0,0,37100,3000,2026,27019,2026-09-20
화성시_중기지방재정계획_2026-2030.pdf,중기지방재정계획,2026~2030,백만원,시도27호선 도로확 포장공사,기간:2026~2032,44975,0,44975,0,100,225,0,30800,13850,2026,27032,2026-09-20
화성시_중기지방재정계획_2026-2030.pdf,중기지방재정계획,2026~2030,백만원,당하-오일간 도로확 포장공사,기간:2010.01~2025.03.,84437,84437,0,0,0,0,0,0,0,2026,27045,2026-09-20
화성시_중기지방재정계획_2026-2030.pdf,중기지방재정계획,2026~2030,백만원,보통-수기간 도로확 포장공사,기간:2014.01~2025. 3.,46766,46766,0,0,0,0,0,0,0,2026,27057,2026-09-20
화성시_중기지방재정계획_2026-2030.pdf,중기지방재정계획,2026~2030,백만원,양노리 도로확포장 공사,기간:2017.01~2026. 12.,9005,4150,4855,0,4000,855,0,0,0,2026,27071,2026-09-20
화성시_중기지방재정계획_2026-2030.pdf,중기지방재정계획,2026~2030,백만원,왕림-분천간 도로확 포장공사,기간:2017.01~2028. 12.,37300,2640,34660,0,1000,1000,5000,24660,3000,2026,27111,2026-09-20
화성시_중기지방재정계획_2026-2030.pdf,중기지방재정계획,2026~2030,백만원,지화리(리도201호선 ) 도로확포장공사,기간:2017.03~2026.12.,4010,2610,1400,0,1000,400,0,0,0,2026,27124,2026-09-20
화성시_중기지방재정계획_2026-2030.pdf,중기지방재정계획,2026~2030,백만원,천등리(리도201호선 ) 도로확포장공사,기간:2023. 10. 16. ~,7200,400,6800,0,0,2000,2200,2600,0,2026,27136,2026-09-20
화성시_중기지방재정계획_2026-2030.pdf,중기지방재정계획,2026~2030,백만원,남양 202호선 도로 확포장공사,기간:2025.1 .~ 2031.,14000,150,13850,0,325,325,0,11600,1600,2026,27149,2026-09-20
화성시_중기지방재정계획_2026-2030.pdf,중기지방재정계획,2026~2030,백만원,남양104호선 외1개 소 도로확포장공사,기간:2025. 1. ~ 2031. 12.,30400,150,30250,0,325,325,0,24500,5100,2026,27162,2026-09-20
화성시_중기지방재정계획_2026-2030.pdf,중기지방재정계획,2026~2030,백만원,마도205호선 도로확 포장공사,기간:2026.01.~2032.12.,12940,0,12940,0,50,500,0,11000,1390,2026,27174,2026-09-20
화성시_중기지방재정계획_2026-2030.pdf,중기지방재정계획,2026~2030,백만원,양감 204호선 외 1 개소(향남 208호선) 도로확포장공사,기간:2026~2032,43120,0,43120,0,50,50,50,21000,21970,2026,27213,2026-09-20
화성시_중기지방재정계획_2026-2030.pdf,중기지방재정계획,2026~2030,백만원,매향리 도로확포장 공사,기간:2016.01~2025.3.,12810,12810,0,0,0,0,0,0,0,2026,27226,2026-09-20
화성시_중기지방재정계획_2026-2030.pdf,중기지방재정계획,2026~2030,백만원,상기-내리간 도로확 포장공사,기간:2017.01~2029.12.,21700,8023,13677,0,0,2559,2000,4559,4559,2026,27241,2026-09-20
화성시_중기지방재정계획_2026-2030.pdf,중기지방재정계획,2026~2030,백만원,자안리 연결도로 확 포장공사,기간:2017.01~2028.12,10000,5700,4300,0,0,1075,1075,1075,1075,2026,27253,2026-09-20
화성시_중기지방재정계획_2026-2030.pdf,중기지방재정계획,2026~2030,백만원,시도69호선 도로 확 ㆍ포장,기간:2009.06~2026.12,4222,4222,0,0,0,0,0,0,0,2026,27267,2026-09-20
화성시_중기지방재정계획_2026-2030.pdf,중기지방재정계획,2026~2030,백만원,양감 204호선 외 1 개소(향남 208호선) 도로확포장공사,기간:2026~2032,43120,0,43120,0,50,50,50,21000,21970,2026,27309,2026-09-20
화성시_중기지방재정계획_2026-2030.pdf,중기지방재정계획,2026~2030,백만원,매향리 도로확포장 공사,기간:2016.01~2025.3.,12810,12810,0,0,0,0,0,0,0,2026,27322,2026-09-20
화성시_중기지방재정계획_2026-2030.pdf,중기지방재정계획,2026~2030,백만원,상기-내리간 도로확 포장공사,기간:2017.01~2029.12.,21700,8023,13677,0,0,2559,2000,4559,4559,2026,27337,2026-09-20
화성시_중기지방재정계획_2026-2030.pdf,중기지방재정계획,2026~2030,백만원,자안리 연결도로 확 포장공사,기간:2017.01~2028.12,10000,5700,4300,0,0,1075,1075,1075,1075,2026,27349,2026-09-20
화성시_중기지방재정계획_2026-2030.pdf,중기지방재정계획,2026~2030,백만원,시도69호선 도로 확 ㆍ포장,기간:2009.06~2026.12,4222,4222,0,0,0,0,0,0,0,2026,27363,2026-09-20
화성시_중기지방재정계획_2026-2030.pdf,중기지방재정계획,2026~2030,백만원,발안~남양 고속화도 로 개설,기간:2017.09~2029.12,329200,358,328842,0,0,0,0,163900,164942,2026,27406,2026-09-20
화성시_중기지방재정계획_2026-2030.pdf,중기지방재정계획,2026~2030,백만원,매송~동탄 고속화도 로 개설,기간:2020.04~2033.6,204200,120,204080,0,0,2000,2000,40000,160080,2026,27419,2026-09-20
화성시_중기지방재정계획_2026-2030.pdf,중기지방재정계획,2026~2030,백만원,화성~오산 고속화도 로 개설,기간:2022.08~2031.06,165000,270,164730,0,200,0,500,11877,152153,2026,27432,2026-09-20
화성시_중기지방재정계획_2026-2030.pdf,중기지방재정계획,2026~2030,백만원,국도77호선(화성IC~ 남양연구소) 도로확 포장공사,기간:2025.1~ 2030.12.,43700,1000,42700,0,0,790,810,39910,1190,2026,27447,2026-09-20
화성시_중기지방재정계획_2026-2030.pdf,중기지방재정계획,2026~2030,백만원,봉담도시계획도로 중로2-3호선 외 3개 소 개설공사,기간:2017.01~2025.10.,19020,19020,0,0,0,0,0,0,0,2026,27489,2026-09-20
화성시_중기지방재정계획_2026-2030.pdf,중기지방재정계획,2026~2030,백만원,봉담도시계획도로 대로3-16호선 외 1 개소 개설공사,기간:2016.07.~,19494,19494,0,0,0,0,0,0,0,2026,27502,2026-09-20
화성시_중기지방재정계획_2026-2030.pdf,중기지방재정계획,2026~2030,백만원,봉담도시계획도로 소로1-15호선 외 1 개소 개설공사,기간:2017.01~2024. 12,9350,9350,0,0,0,0,0,0,0,2026,27515,2026-09-20
화성시_중기지방재정계획_2026-2030.pdf,중기지방재정계획,2026~2030,백만원,봉담도시계획도로 소로1-16호선 외 2 개소 개설공사,기간:2017.01~2026.3,11600,11600,0,0,0,0,0,0,0,2026,27528,2026-09-20
화성시_중기지방재정계획_2026-2030.pdf,중기지방재정계획,2026~2030,백만원,봉담도시계획도로 소로1-17호선 외 1 개소 개설공사,기간:2017.01~2025.12,9600,9600,0,0,0,0,0,0,0,2026,27541,2026-09-20
화성시_중기지방재정계획_2026-2030.pdf,중기지방재정계획,2026~2030,백만원,봉담도시계획도로 중로2-3호선 외 3개 소 개설공사,기간:2017.01~2025.10.,19020,19020,0,0,0,0,0,0,0,2026,27590,2026-09-20
화성시_중기지방재정계획_2026-2030.pdf,중기지방재정계획,2026~2030,백만원,봉담도시계획도로 대로3-16호선 외 1 개소 개설공사,기간:2016.07.~,19494,19494,0,0,0,0,0,0,0,2026,27603,2026-09-20
화성시_중기지방재정계획_2026-2030.pdf,중기지방재정계획,2026~2030,백만원,봉담도시계획도로 소로1-15호선 외 1 개소 개설공사,기간:2017.01~2024. 12,9350,9350,0,0,0,0,0,0,0,2026,27616,2026-09-20
화성시_중기지방재정계획_2026-2030.pdf,중기지방재정계획,2026~2030,백만원,봉담도시계획도로 소로1-16호선 외 2 개소 개설공사,기간:2017.01~2026.3,11600,11600,0,0,0,0,0,0,0,2026,27629,2026-09-20
화성시_중기지방재정계획_2026-2030.pdf,중기지방재정계획,2026~2030,백만원,봉담도시계획도로 소로1-17호선 외 1 개소 개설공사,기간:2017.01~2025.12,9600,9600,0,0,0,0,0,0,0,2026,27642,2026-09-20
화성시_중기지방재정계획_2026-2030.pdf,중기지방재정계획,2026~2030,백만원,봉담도시계획도로 소로1-25호선 개설 공사,기간:2023.01~2026.12,3250,2500,750,0,0,750,0,0,0,2026,27695,2026-09-20
화성시_중기지방재정계획_2026-2030.pdf,중기지방재정계획,2026~2030,백만원,우정도시계획도로 소로2-9호선 외 2개 소 개설공사,기간:2016.01~2026.12.,5591,4931,660,0,0,0,0,660,0,2026,27708,2026-09-20
화성시_중기지방재정계획_2026-2030.pdf,중기지방재정계획,2026~2030,백만원,정남도시계획도로 소로2-2호선 외 2개 소 개설공사,기간: 2016. 07 ~ 2026.,10680,9680,1000,0,0,50,50,450,450,2026,27721,2026-09-20
화성시_중기지방재정계획_2026-2030.pdf,중기지방재정계획,2026~2030,백만원,우정도시계획도로 소로2-30호선(구2-26 ) 개설공사,기간:2018.01.~2026.06.,3150,3150,0,0,0,0,0,0,0,2026,27734,2026-09-20
화성시_중기지방재정계획_2026-2030.pdf,중기지방재정계획,2026~2030,백만원,우정도시계획도로 소로2-34호선 개설 공사,기간:2016.08~2026.06,2460,2460,0,0,0,0,0,0,0,2026,27747,2026-09-20
화성시_중기지방재정계획_2026-2030.pdf,중기지방재정계획,2026~2030,백만원,향남도시계획도로 소로1-13호선 개설 공사,기간: 2016. 1. ~ 2025. 12.,2850,2850,0,0,0,0,0,0,0,2026,27797,2026-09-20
화성시_중기지방재정계획_2026-2030.pdf,중기지방재정계획,2026~2030,백만원,향남도시계획도로 소로2-4호선 외 2개 소 개설공사,기간:2018.01.~2025.12.,4630,4630,0,0,0,0,0,0,0,2026,27811,2026-09-20
화성시_중기지방재정계획_2026-2030.pdf,중기지방재정계획,2026~2030,백만원,진안도시계획도로 소로1-2호선 외 1개 소 개설공사,기간: 2016. 07 ~ 2024.,13060,13060,0,0,0,0,0,0,0,2026,27825,2026-09-20
화성시_중기지방재정계획_2026-2030.pdf,중기지방재정계획,2026~2030,백만원,"향남도시계획도로 소로2-22,-23 개설공 사",기간:2010.01.~2025.12.,4380,4380,0,0,0,0,0,0,0,2026,27839,2026-09-20
화성시_중기지방재정계획_2026-2030.pdf,중기지방재정계획,2026~2030,백만원,진안도시계획도로 소로1-29호선 외2개 소 개설공사,기간: 2017. 01 ~ 2025.,8625,8625,0,0,0,0,0,0,0,2026,27851,2026-09-20
화성시_중기지방재정계획_2026-2030.pdf,중기지방재정계획,2026~2030,백만원,향남도시계획도로 소로1-13호선 개설 공사,기간: 2016. 1. ~ 2025. 12.,2850,2850,0,0,0,0,0,0,0,2026,27902,2026-09-20
화성시_중기지방재정계획_2026-2030.pdf,중기지방재정계획,2026~2030,백만원,향남도시계획도로 소로2-4호선 외 2개 소 개설공사,기간:2018.01.~2025.12.,4630,4630,0,0,0,0,0,0,0,2026,27916,2026-09-20
화성시_중기지방재정계획_2026-2030.pdf,중기지방재정계획,2026~2030,백만원,진안도시계획도로 소로1-2호선 외 1개 소 개설공사,기간: 2016. 07 ~ 2024.,13060,13060,0,0,0,0,0,0,0,2026,27930,2026-09-20
화성시_중기지방재정계획_2026-2030.pdf,중기지방재정계획,2026~2030,백만원,"향남도시계획도로 소로2-22,-23 개설공 사",기간:2010.01.~2025.12.,4380,4380,0,0,0,0,0,0,0,2026,27944,2026-09-20
화성시_중기지방재정계획_2026-2030.pdf,중기지방재정계획,2026~2030,백만원,진안도시계획도로 소로1-29호선 외2개 소 개설공사,기간: 2017. 01 ~ 2025.,8625,8625,0,0,0,0,0,0,0,2026,27956,2026-09-20
화성시_중기지방재정계획_2026-2030.pdf,중기지방재정계획,2026~2030,백만원,남양도시계획도로 소로2-6호선 외 1개 소 개설공사,기간:2016.01.~2026.12.,4770,4770,0,0,0,0,0,0,0,2026,28007,2026-09-20
화성시_중기지방재정계획_2026-2030.pdf,중기지방재정계획,2026~2030,백만원,매송도시계획도로 소로1-2호선(구1-4) 외 2개소 개설공사,기간:2016.01~2025.12,6580,6380,200,0,200,0,0,0,0,2026,28020,2026-09-20
화성시_중기지방재정계획_2026-2030.pdf,중기지방재정계획,2026~2030,백만원,마도도시계획도로 소로1-1호선 개설공 사,기간: 2016. 1. ~ 2026. 12.,4400,4400,0,0,0,0,0,0,0,2026,28033,2026-09-20
화성시_중기지방재정계획_2026-2030.pdf,중기지방재정계획,2026~2030,백만원,마도도시계획도로 소로3-11호선 외 1 개소 개설공사,기간:2016.08.~2026.12.,2900,2900,0,0,0,0,0,0,0,2026,28045,2026-09-20
화성시_중기지방재정계획_2026-2030.pdf,중기지방재정계획,2026~2030,백만원,화산도시계획도로 소로2-8호선 외2개 소 개설공사,기간: 2017. 01 ~ 2025.,5280,5280,0,0,0,0,0,0,0,2026,28058,2026-09-20
화성시_중기지방재정계획_2026-2030.pdf,중기지방재정계획,2026~2030,백만원,서신도시계획도로 소로1-2호선 외 5개 소 개설공사,기간:2016.02~2026.12,10600,10600,0,0,0,0,0,0,0,2026,28107,2026-09-20
화성시_중기지방재정계획_2026-2030.pdf,중기지방재정계획,2026~2030,백만원,"장안4,5,8리 진입로 확장공사",기간:2016.03~2027.12,2450,900,1550,0,0,775,0,775,0,2026,28133,2026-09-20
화성시_중기지방재정계획_2026-2030.pdf,중기지방재정계획,2026~2030,백만원,화산도시계획도로 소로1-5호선 외 2개 소 개설공사,기간: 2017. 01 ~ 2026.,653,653,0,0,0,0,0,0,0,2026,28146,2026-09-20
화성시_중기지방재정계획_2026-2030.pdf,중기지방재정계획,2026~2030,백만원,양감도시계획도로 소로3-8호선 외 2개 소 개설공사,기간:2016.08~2025.12,2260,2260,0,0,0,0,0,0,0,2026,28160,2026-09-20
화성시_중기지방재정계획_2026-2030.pdf,중기지방재정계획,2026~2030,백만원,서신도시계획도로 소로1-2호선 외 5개 소 개설공사,기간:2016.02~2026.12,10600,10600,0,0,0,0,0,0,0,2026,28209,2026-09-20
화성시_중기지방재정계획_2026-2030.pdf,중기지방재정계획,2026~2030,백만원,"장안4,5,8리 진입로 확장공사",기간:2016.03~2027.12,2450,900,1550,0,0,775,0,775,0,2026,28235,2026-09-20
화성시_중기지방재정계획_2026-2030.pdf,중기지방재정계획,2026~2030,백만원,화산도시계획도로 소로1-5호선 외 2개 소 개설공사,기간: 2017. 01 ~ 2026.,653,653,0,0,0,0,0,0,0,2026,28248,2026-09-20
화성시_중기지방재정계획_2026-2030.pdf,중기지방재정계획,2026~2030,백만원,양감도시계획도로 소로3-8호선 외 2개 소 개설공사,기간:2016.08~2025.12,2260,2260,0,0,0,0,0,0,0,2026,28262,2026-09-20
화성시_중기지방재정계획_2026-2030.pdf,중기지방재정계획,2026~2030,백만원,화산도시계획도로 소로1-12호선 외 1 개소 개설공사,기간: 2017. 01 ~ 2026.,10060,10060,0,0,0,0,0,0,0,2026,28311,2026-09-20
화성시_중기지방재정계획_2026-2030.pdf,중기지방재정계획,2026~2030,백만원,병점역일원 도시계 획시설 개선공사,기간:2017.01~2026.12,32500,32500,0,0,0,0,0,0,0,2026,28324,2026-09-20
화성시_중기지방재정계획_2026-2030.pdf,중기지방재정계획,2026~2030,백만원,매송도시계획도로 소2-69호선 외 1개 소 개설공사,기간:2018.01~2026.12,5240,5240,0,0,0,0,0,0,0,2026,28337,2026-09-20
화성시_중기지방재정계획_2026-2030.pdf,중기지방재정계획,2026~2030,백만원,양감도시계획도로 소로3-10호선 외 2 개소 개설공사,기간:2017.02~2026.01.,2760,2760,0,0,0,0,0,0,0,2026,28350,2026-09-20
화성시_중기지방재정계획_2026-2030.pdf,중기지방재정계획,2026~2030,백만원,팔탄도시계획도로 소로3-9호선 외 2개 소 개설공사,기간:2017.01~2026.3.,2890,2890,0,0,0,0,0,0,0,2026,28363,2026-09-20
화성시_중기지방재정계획_2026-2030.pdf,중기지방재정계획,2026~2030,백만원,팔탄도시계획도로 소로2-12호선 개설 공사,기간:2017.09~2026.12,2700,2300,400,0,400,0,0,0,0,2026,28414,2026-09-20
화성시_중기지방재정계획_2026-2030.pdf,중기지방재정계획,2026~2030,백만원,"마도도시계획도로 소로3-34, 22호선 개 설공사",기간:2024. 10. ~ 2025.,3860,3860,0,0,0,0,0,0,0,2026,28427,2026-09-20
화성시_중기지방재정계획_2026-2030.pdf,중기지방재정계획,2026~2030,백만원,서신도시계획도로 소로1-11호선(구2-11 ) 개설공사,기간:2017.09~2026.12,2540,2050,490,0,0,0,0,490,0,2026,28440,2026-09-20
화성시_중기지방재정계획_2026-2030.pdf,중기지방재정계획,2026~2030,백만원,"매송도시계획도로 소로2-5,9호선 개설 공사",기간:2018.01~2026.12,8700,5600,3100,0,1500,1600,0,0,0,2026,28453,2026-09-20
화성시_중기지방재정계획_2026-2030.pdf,중기지방재정계획,2026~2030,백만원,매송도시계획도로 소로2-45호선 개설 공사,기간:2017.09~2026.12,2260,2260,0,0,0,0,0,0,0,2026,28466,2026-09-20
화성시_중기지방재정계획_2026-2030.pdf,중기지방재정계획,2026~2030,백만원,팔탄도시계획도로 소로2-12호선 개설 공사,기간:2017.09~2026.12,2700,2300,400,0,400,0,0,0,0,2026,28512,2026-09-20
화성시_중기지방재정계획_2026-2030.pdf,중기지방재정계획,2026~2030,백만원,"마도도시계획도로 소로3-34, 22호선 개 설공사",기간:2024. 10. ~ 2025.,3860,3860,0,0,0,0,0,0,0,2026,28525,2026-09-20
화성시_중기지방재정계획_2026-2030.pdf,중기지방재정계획,2026~2030,백만원,서신도시계획도로 소로1-11호선(구2-11 ) 개설공사,기간:2017.09~2026.12,2540,2050,490,0,0,0,0,490,0,2026,28538,2026-09-20
화성시_중기지방재정계획_2026-2030.pdf,중기지방재정계획,2026~2030,백만원,"매송도시계획도로 소로2-5,9호선 개설 공사",기간:2018.01~2026.12,8700,5600,3100,0,1500,1600,0,0,0,2026,28551,2026-09-20
화성시_중기지방재정계획_2026-2030.pdf,중기지방재정계획,2026~2030,백만원,매송도시계획도로 소로2-45호선 개설 공사,기간:2017.09~2026.12,2260,2260,0,0,0,0,0,0,0,2026,28564,2026-09-20
화성시_중기지방재정계획_2026-2030.pdf,중기지방재정계획,2026~2030,백만원,매송도시계획도로 소로2-39호선 개설 공사,기간:2017.09~2027.12,2460,1940,520,0,0,520,0,0,0,2026,28605,2026-09-20
화성시_중기지방재정계획_2026-2030.pdf,중기지방재정계획,2026~2030,백만원,"매송도시계획도로 소로2-40,41호선 개 설공사",기간:2017.09~2026.12,3300,3300,0,0,0,0,0,0,0,2026,28618,2026-09-20
화성시_중기지방재정계획_2026-2030.pdf,중기지방재정계획,2026~2030,백만원,서신도시계획도로 소로1-2호선(2구간) 개설공사,기간:2018.01~2026.12,3160,3160,0,0,0,0,0,0,0,2026,28631,2026-09-20
화성시_중기지방재정계획_2026-2030.pdf,중기지방재정계획,2026~2030,백만원,"매송도시계획도로 소로2-76,83호선 개 설공사",기간:2018.01~2027.12,3500,2800,700,0,0,700,0,0,0,2026,28644,2026-09-20
화성시_중기지방재정계획_2026-2030.pdf,중기지방재정계획,2026~2030,백만원,매송도시계획도로 소로2-86호선 개설 공사,기간:2018.01~2026.12,3820,3620,200,0,200,0,0,0,0,2026,28657,2026-09-20
화성시_중기지방재정계획_2026-2030.pdf,중기지방재정계획,2026~2030,백만원,매송도시계획도로 소로2-69호선 외 1 개소 개설공사,기간:2018.01~2026.12,5240,5240,0,0,0,0,0,0,0,2026,28670,2026-09-20
화성시_중기지방재정계획_2026-2030.pdf,중기지방재정계획,2026~2030,백만원,"매송도시계획도로 소로2-43,44호선 개 설공사",기간:2018.01~2026.12,2850,2850,0,0,0,0,0,0,0,2026,28710,2026-09-20
화성시_중기지방재정계획_2026-2030.pdf,중기지방재정계획,2026~2030,백만원,매송도시계획도로 소로1-5호선 개설공 사,기간:2018.01~2026.12,7920,7920,0,0,0,0,0,0,0,2026,28723,2026-09-20
화성시_중기지방재정계획_2026-2030.pdf,중기지방재정계획,2026~2030,백만원,"매송도시계획도로 소로1-7,2-20호선 개 설공사",기간:2018.01~2026.12,5980,5980,0,0,0,0,0,0,0,2026,28736,2026-09-20
화성시_중기지방재정계획_2026-2030.pdf,중기지방재정계획,2026~2030,백만원,향남도시계획도로 소로1-19호선 개설 공사,기간:2018.01.~2025.12.,2900,2900,0,0,0,0,0,0,0,2026,28749,2026-09-20
화성시_중기지방재정계획_2026-2030.pdf,중기지방재정계획,2026~2030,백만원,향남도시계획도로 소로1-20호선 개설 공사,기간:2018.09~2026.12,6220,5720,500,0,500,0,0,0,0,2026,28763,2026-09-20
화성시_중기지방재정계획_2026-2030.pdf,중기지방재정계획,2026~2030,백만원,비봉도시계획도로 소로2-51호선 개설 공사,기간:2019. 4. ~ 2027.,10502,3750,6752,0,1000,2430,2322,1000,0,2026,28777,2026-09-20
화성시_중기지방재정계획_2026-2030.pdf,중기지방재정계획,2026~2030,백만원,"매송도시계획도로 소로2-43,44호선 개 설공사",기간:2018.01~2026.12,2850,2850,0,0,0,0,0,0,0,2026,28820,2026-09-20
화성시_중기지방재정계획_2026-2030.pdf,중기지방재정계획,2026~2030,백만원,매송도시계획도로 소로1-5호선 개설공 사,기간:2018.01~2026.12,7920,7920,0,0,0,0,0,0,0,2026,28833,2026-09-20
화성시_중기지방재정계획_2026-2030.pdf,중기지방재정계획,2026~2030,백만원,"매송도시계획도로 소로1-7,2-20호선 개 설공사",기간:2018.01~2026.12,5980,5980,0,0,0,0,0,0,0,2026,28846,2026-09-20
화성시_중기지방재정계획_2026-2030.pdf,중기지방재정계획,2026~2030,백만원,향남도시계획도로 소로1-19호선 개설 공사,기간:2018.01.~2025.12.,2900,2900,0,0,0,0,0,0,0,2026,28859,2026-09-20
화성시_중기지방재정계획_2026-2030.pdf,중기지방재정계획,2026~2030,백만원,향남도시계획도로 소로1-20호선 개설 공사,기간:2018.09~2026.12,6220,5720,500,0,500,0,0,0,0,2026,28873,2026-09-20
화성시_중기지방재정계획_2026-2030.pdf,중기지방재정계획,2026~2030,백만원,비봉도시계획도로 소로2-51호선 개설 공사,기간:2019. 4. ~ 2027.,10502,3750,6752,0,1000,2430,2322,1000,0,2026,28887,2026-09-20
화성시_중기지방재정계획_2026-2030.pdf,중기지방재정계획,2026~2030,백만원,우정도시계획도로 소로2-17호선 개설 공사(장기미집행),기간:2019.06~2026.12,3150,3150,0,0,0,0,0,0,0,2026,28930,2026-09-20
화성시_중기지방재정계획_2026-2030.pdf,중기지방재정계획,2026~2030,백만원,소로3-6호선(잔여구 간) 개설공사(장기 미집행),기간:2019. 06. ~ 2027,1600,1150,450,0,0,230,0,220,0,2026,28944,2026-09-20
화성시_중기지방재정계획_2026-2030.pdf,중기지방재정계획,2026~2030,백만원,소로2-14호선 외 1 개소 개설공사(장기 미집행),기간:2019. 06. ~ 2026.,1990,1990,0,0,0,0,0,0,0,2026,28958,2026-09-20
화성시_중기지방재정계획_2026-2030.pdf,중기지방재정계획,2026~2030,백만원,송산도시계획도로 소로3-5호선 개설공 사(장기미집행),기간:2019.06~2026.12,2250,2250,0,0,0,0,0,0,0,2026,28972,2026-09-20
화성시_중기지방재정계획_2026-2030.pdf,중기지방재정계획,2026~2030,백만원,매송도시계획도로 소로2-31호선 개설 공사(장기미집행),기간:2019.04~2026.12,3000,3000,0,0,0,0,0,0,0,2026,28985,2026-09-20
화성시_중기지방재정계획_2026-2030.pdf,중기지방재정계획,2026~2030,백만원,도시계획도로 대로 3-38호선 개설공사,기간:2020.02~2028.12,19500,8900,10600,0,0,200,200,200,10000,2026,28998,2026-09-20
화성시_중기지방재정계획_2026-2030.pdf,중기지방재정계획,2026~2030,백만원,"마도도시계획도로 중로3-2(잔여),소로 2-7호선 개설공사",기간: 2020. 2. ~ 2026. 12.,3180,2800,380,0,0,0,0,380,0,2026,29038,2026-09-20
화성시_중기지방재정계획_2026-2030.pdf,중기지방재정계획,2026~2030,백만원,서신도시계획도로 소로2-3호선 외 1개 소 개설공사,기간:2022.05.~2029.12.,7500,100,7400,0,0,1850,1850,1850,1850,2026,29051,2026-09-20
화성시_중기지방재정계획_2026-2030.pdf,중기지방재정계획,2026~2030,백만원,팔탄도시계획도로 소로2-1호선 외 1개 소 개설공사,기간:2022.05~2027.12.,3300,100,3200,0,1700,1500,0,0,0,2026,29064,2026-09-20
화성시_중기지방재정계획_2026-2030.pdf,중기지방재정계획,2026~2030,백만원,팔탄도시계획도로 소로2-4호선 외 2개 소 개설공사,기간:2022.05~2029.12,4800,100,4700,0,0,1100,1200,1200,1200,2026,29077,2026-09-20
화성시_중기지방재정계획_2026-2030.pdf,중기지방재정계획,2026~2030,백만원,진안도시계획도로 중로2-6호선 개설공 사(2공구),기간: 2015. 01 ~ 2030. 12,21500,21500,0,0,0,0,0,0,0,2026,29090,2026-09-20
화성시_중기지방재정계획_2026-2030.pdf,중기지방재정계획,2026~2030,백만원,장안도시계획도로 중로2-1호선 외 1개 소 개설공사,기간:2022.05~2027.12.,8910,100,8810,0,2000,2000,3000,1810,0,2026,29101,2026-09-20
화성시_중기지방재정계획_2026-2030.pdf,중기지방재정계획,2026~2030,백만원,"마도도시계획도로 중로3-2(잔여),소로 2-7호선 개설공사",기간: 2020. 2. ~ 2026. 12.,3180,2800,380,0,0,0,0,380,0,2026,29142,2026-09-20
화성시_중기지방재정계획_2026-2030.pdf,중기지방재정계획,2026~2030,백만원,서신도시계획도로 소로2-3호선 외 1개 소 개설공사,기간:2022.05.~2029.12.,7500,100,7400,0,0,1850,1850,1850,1850,2026,29155,2026-09-20
화성시_중기지방재정계획_2026-2030.pdf,중기지방재정계획,2026~2030,백만원,팔탄도시계획도로 소로2-1호선 외 1개 소 개설공사,기간:2022.05~2027.12.,3300,100,3200,0,1700,1500,0,0,0,2026,29168,2026-09-20
화성시_중기지방재정계획_2026-2030.pdf,중기지방재정계획,2026~2030,백만원,팔탄도시계획도로 소로2-4호선 외 2개 소 개설공사,기간:2022.05~2029.12,4800,100,4700,0,0,1100,1200,1200,1200,2026,29181,2026-09-20
화성시_중기지방재정계획_2026-2030.pdf,중기지방재정계획,2026~2030,백만원,진안도시계획도로 중로2-6호선 개설공 사(2공구),기간: 2015. 01 ~ 2030. 12,21500,21500,0,0,0,0,0,0,0,2026,29194,2026-09-20
화성시_중기지방재정계획_2026-2030.pdf,중기지방재정계획,2026~2030,백만원,장안도시계획도로 중로2-1호선 외 1개 소 개설공사,기간:2022.05~2027.12.,8910,100,8810,0,2000,2000,3000,1810,0,2026,29205,2026-09-20
화성시_중기지방재정계획_2026-2030.pdf,중기지방재정계획,2026~2030,백만원,장안도시계획도로 중로3-1호선 외 3개 소 개설공사,기간:2022.05~2029.12.,10605,100,10505,0,0,1000,1000,5505,3000,2026,29246,2026-09-20
화성시_중기지방재정계획_2026-2030.pdf,중기지방재정계획,2026~2030,백만원,장안도시계획도로 중로3-2호선 개설공 사,기간:2022.05~2027.12.,6775,100,6675,0,4100,2575,0,0,0,2026,29259,2026-09-20
화성시_중기지방재정계획_2026-2030.pdf,중기지방재정계획,2026~2030,백만원,장안도시계획도로 소로3-5호선 외 3개 소 개설공사,기간:2022.05~2029.12.,2160,600,1560,0,0,300,350,350,560,2026,29272,2026-09-20
화성시_중기지방재정계획_2026-2030.pdf,중기지방재정계획,2026~2030,백만원,우정도시계획도로 소로2-2호선 외 5개 소 개설공사,기간:2022.05~2030.12,13400,100,13300,0,0,2000,2000,3650,5650,2026,29285,2026-09-20
화성시_중기지방재정계획_2026-2030.pdf,중기지방재정계획,2026~2030,백만원,염티(남양)지구 도 시계획도로 개설공 사,기간:2023.01.~2027.12.,2500,58,2442,0,0,1221,0,1221,0,2026,29298,2026-09-20
화성시_중기지방재정계획_2026-2030.pdf,중기지방재정계획,2026~2030,백만원,건너말(비봉)지구 도시계획도로 개설 공사,기간:2023.01~2028.12,4882,131,4751,0,0,1188,1782,1782,0,2026,29311,2026-09-20
화성시_중기지방재정계획_2026-2030.pdf,중기지방재정계획,2026~2030,백만원,쑥골(매송)지구 도 시계획도로 개설공 사,기간:2023.01~2027.12,9279,194,9085,0,0,3028,3028,3029,0,2026,29351,2026-09-20
화성시_중기지방재정계획_2026-2030.pdf,중기지방재정계획,2026~2030,백만원,판문동(비봉)지구 도시계획도로 개설 공사,기간:2023.01~2027.12,4057,69,3988,0,0,1994,0,1994,0,2026,29364,2026-09-20
화성시_중기지방재정계획_2026-2030.pdf,중기지방재정계획,2026~2030,백만원,대전동(비봉)지구 도시계획도로 개설 공사,기간:2023.01~2027.12,6731,160,6571,0,0,1643,1643,1643,1643,2026,29377,2026-09-20
화성시_중기지방재정계획_2026-2030.pdf,중기지방재정계획,2026~2030,백만원,백노동(비봉)지구 도시계획도로 개설 공사,기간:2023.01~2027.12,10701,151,10550,0,0,2638,2638,2638,2638,2026,29390,2026-09-20
화성시_중기지방재정계획_2026-2030.pdf,중기지방재정계획,2026~2030,백만원,백학동(비봉)지구 도시계획도로 개설 공사,기간:2023.01~2027.12,11760,3117,8643,0,0,2161,2161,2161,2161,2026,29403,2026-09-20
화성시_중기지방재정계획_2026-2030.pdf,중기지방재정계획,2026~2030,백만원,권농골(비봉)지구 도시계획도로 개설 공사,기간:2023.01~2027.12,11483,212,11271,0,0,1000,1000,9271,0,2026,29416,2026-09-20
화성시_중기지방재정계획_2026-2030.pdf,중기지방재정계획,2026~2030,백만원,쑥골(매송)지구 도 시계획도로 개설공 사,기간:2023.01~2027.12,9279,194,9085,0,0,3028,3028,3029,0,2026,29457,2026-09-20
화성시_중기지방재정계획_2026-2030.pdf,중기지방재정계획,2026~2030,백만원,판문동(비봉)지구 도시계획도로 개설 공사,기간:2023.01~2027.12,4057,69,3988,0,0,1994,0,1994,0,2026,29470,2026-09-20
화성시_중기지방재정계획_2026-2030.pdf,중기지방재정계획,2026~2030,백만원,대전동(비봉)지구 도시계획도로 개설 공사,기간:2023.01~2027.12,6731,160,6571,0,0,1643,1643,1643,1643,2026,29483,2026-09-20
화성시_중기지방재정계획_2026-2030.pdf,중기지방재정계획,2026~2030,백만원,백노동(비봉)지구 도시계획도로 개설 공사,기간:2023.01~2027.12,10701,151,10550,0,0,2638,2638,2638,2638,2026,29496,2026-09-20
화성시_중기지방재정계획_2026-2030.pdf,중기지방재정계획,2026~2030,백만원,백학동(비봉)지구 도시계획도로 개설 공사,기간:2023.01~2027.12,11760,3117,8643,0,0,2161,2161,2161,2161,2026,29509,2026-09-20
화성시_중기지방재정계획_2026-2030.pdf,중기지방재정계획,2026~2030,백만원,권농골(비봉)지구 도시계획도로 개설 공사,기간:2023.01~2027.12,11483,212,11271,0,0,1000,1000,9271,0,2026,29522,2026-09-20
화성시_중기지방재정계획_2026-2030.pdf,중기지방재정계획,2026~2030,백만원,고잔(남양)지구 도 시계획도로 개설공 사,기간:2023.01~2027.12.,4080,73,4007,0,1500,2507,0,0,0,2026,29563,2026-09-20
화성시_중기지방재정계획_2026-2030.pdf,중기지방재정계획,2026~2030,백만원,신안동(비봉)지구 도시계획도로 개설 공사,기간:2023.01~2027.12,2310,127,2183,0,1637,546,0,0,0,2026,29576,2026-09-20
화성시_중기지방재정계획_2026-2030.pdf,중기지방재정계획,2026~2030,백만원,윗말(남양)지구 도 시계획도로 개설공 사,기간:2023.01~2027.12.,4050,125,3925,0,1500,2425,0,0,0,2026,29589,2026-09-20
화성시_중기지방재정계획_2026-2030.pdf,중기지방재정계획,2026~2030,백만원,요골(비봉)지구 도 시계획도로 개설공 사,기간:2023.01~2027.12,5365,167,5198,0,0,1732,1733,1733,0,2026,29602,2026-09-20
화성시_중기지방재정계획_2026-2030.pdf,중기지방재정계획,2026~2030,백만원,도파골(비봉)지구 도시계획도로 개설 공사,기간:2023.01~2028.12.,10202,202,10000,0,0,2000,2000,2000,4000,2026,29615,2026-09-20
화성시_중기지방재정계획_2026-2030.pdf,중기지방재정계획,2026~2030,백만원,정자동(남양)지구 도시계획도로 개설 공사,기간:2023.01~2027.12.,4390,161,4229,0,0,2115,0,2115,0,2026,29628,2026-09-20
화성시_중기지방재정계획_2026-2030.pdf,중기지방재정계획,2026~2030,백만원,구포동(비봉)지구 도시계획도로 개설 공사,기간:2023.01~2028.12,13703,197,13506,0,0,1000,1000,7506,4000,2026,29668,2026-09-20
화성시_중기지방재정계획_2026-2030.pdf,중기지방재정계획,2026~2030,백만원,청룡골(비봉)지구 도시계획도로 개설 공사,기간:2023.01~2028.12,9229,212,9017,0,0,3306,3711,1000,1000,2026,29681,2026-09-20
화성시_중기지방재정계획_2026-2030.pdf,중기지방재정계획,2026~2030,백만원,"무제실, 무덤실(남 양)지구 도시계획도 로 개설공사",기간:2023.01~2027.12.,3030,169,2861,0,0,1431,0,1431,0,2026,29694,2026-09-20
화성시_중기지방재정계획_2026-2030.pdf,중기지방재정계획,2026~2030,백만원,덕고개(봉담)지구 도시계획도로 개설 공사,기간:2023.01~2027.12.,5581,125,5456,0,500,1000,1000,1500,1456,2026,29707,2026-09-20
화성시_중기지방재정계획_2026-2030.pdf,중기지방재정계획,2026~2030,백만원,향촌(남양)지구 도 시계획도로 개설공 사,기간:2023.01~2027.12.,3280,66,3214,0,0,1607,0,1607,0,2026,29720,2026-09-20
화성시_중기지방재정계획_2026-2030.pdf,중기지방재정계획,2026~2030,백만원,동이터(남양)지구 도시계획도로 개설 공사,기간:2023.01~2028.12.,9482,175,9307,0,0,1000,1000,7307,0,2026,29733,2026-09-20
화성시_중기지방재정계획_2026-2030.pdf,중기지방재정계획,2026~2030,백만원,구포동(비봉)지구 도시계획도로 개설 공사,기간:2023.01~2028.12,13703,197,13506,0,0,1000,1000,7506,4000,2026,29774,2026-09-20
화성시_중기지방재정계획_2026-2030.pdf,중기지방재정계획,2026~2030,백만원,청룡골(비봉)지구 도시계획도로 개설 공사,기간:2023.01~2028.12,9229,212,9017,0,0,3306,3711,1000,1000,2026,29787,2026-09-20
화성시_중기지방재정계획_2026-2030.pdf,중기지방재정계획,2026~2030,백만원,"무제실, 무덤실(남 양)지구 도시계획도 로 개설공사",기간:2023.01~2027.12.,3030,169,2861,0,0,1431,0,1431,0,2026,29800,2026-09-20
화성시_중기지방재정계획_2026-2030.pdf,중기지방재정계획,2026~2030,백만원,덕고개(봉담)지구 도시계획도로 개설 공사,기간:2023.01~2027.12.,5581,125,5456,0,500,1000,1000,1500,1456,2026,29813,2026-09-20
화성시_중기지방재정계획_2026-2030.pdf,중기지방재정계획,2026~2030,백만원,향촌(남양)지구 도 시계획도로 개설공 사,기간:2023.01~2027.12.,3280,66,3214,0,0,1607,0,1607,0,2026,29826,2026-09-20
화성시_중기지방재정계획_2026-2030.pdf,중기지방재정계획,2026~2030,백만원,동이터(남양)지구 도시계획도로 개설 공사,기간:2023.01~2028.12.,9482,175,9307,0,0,1000,1000,7307,0,2026,29839,2026-09-20
화성시_중기지방재정계획_2026-2030.pdf,중기지방재정계획,2026~2030,백만원,원막1(남양)지구 도 시계획도로 개설공 사,기간:2023.01~2028.12.,2680,182,2498,0,0,832,833,833,0,2026,29880,2026-09-20
화성시_중기지방재정계획_2026-2030.pdf,중기지방재정계획,2026~2030,백만원,양지동(남양)지구 도시계획도로 개설 공사,기간:2023.01~2027.12.,10260,204,10056,0,0,2514,2514,2514,2514,2026,29893,2026-09-20
화성시_중기지방재정계획_2026-2030.pdf,중기지방재정계획,2026~2030,백만원,신수리(봉담)지구 도시계획도로 개설 공사,기간:2023.01~2027.12.,2877,50,2827,0,0,1414,1414,0,0,2026,29906,2026-09-20
화성시_중기지방재정계획_2026-2030.pdf,중기지방재정계획,2026~2030,백만원,양지(남양)지구 도 시계획도로 개설공 사,기간:2023.01~2027.12.,3920,91,3829,0,0,900,900,1000,1029,2026,29919,2026-09-20
화성시_중기지방재정계획_2026-2030.pdf,중기지방재정계획,2026~2030,백만원,웃말(봉담)지구 도 시계획도로 개설공 사,기간:2023.01~2027.12.,4896,133,4763,0,0,1000,1000,1000,1763,2026,29932,2026-09-20
화성시_중기지방재정계획_2026-2030.pdf,중기지방재정계획,2026~2030,백만원,호연이(봉담)지구 도시계획도로 개설 공사,기간:2023.01~2027.12.,5590,100,5490,0,0,2745,2745,0,0,2026,29945,2026-09-20
화성시_중기지방재정계획_2026-2030.pdf,중기지방재정계획,2026~2030,백만원,"현천, 강우내(매송) 지구 도시계획도로 개설공사",기간:2023.01~2029.12,8946,180,8766,0,0,0,1922,3922,2922,2026,29985,2026-09-20
화성시_중기지방재정계획_2026-2030.pdf,중기지방재정계획,2026~2030,백만원,벌터(매송)지구 도 시계획도로 개설공 사,기간:2023.01~2027.12,4287,91,4196,0,0,2098,2098,0,0,2026,29998,2026-09-20
화성시_중기지방재정계획_2026-2030.pdf,중기지방재정계획,2026~2030,백만원,수용소(매송)지구 도시계획도로 개설 공사,기간:2023.01 ~ 2027.12,3615,105,3510,0,0,1755,1755,0,0,2026,30011,2026-09-20
화성시_중기지방재정계획_2026-2030.pdf,중기지방재정계획,2026~2030,백만원,존의동(비봉)지구 도시계획도로 개설 공사,기간:2023.01~2027.12,2024,85,1939,0,0,970,970,0,0,2026,30024,2026-09-20
화성시_중기지방재정계획_2026-2030.pdf,중기지방재정계획,2026~2030,백만원,화산도시계획도로 소로3-1호선 개설공 사,기간: 2019. 01 ~ 2024.,2600,2600,0,0,0,0,0,0,0,2026,30037,2026-09-20
화성시_중기지방재정계획_2026-2030.pdf,중기지방재정계획,2026~2030,백만원,기안도시계획도로 소로2-4호선 개설공 사,기간: 2019. 10 ~ 2026.,5905,5605,300,0,300,0,0,0,0,2026,30051,2026-09-20
화성시_중기지방재정계획_2026-2030.pdf,중기지방재정계획,2026~2030,백만원,"현천, 강우내(매송) 지구 도시계획도로 개설공사",기간:2023.01~2029.12,8946,180,8766,0,0,0,1922,3922,2922,2026,30093,2026-09-20
화성시_중기지방재정계획_2026-2030.pdf,중기지방재정계획,2026~2030,백만원,벌터(매송)지구 도 시계획도로 개설공 사,기간:2023.01~2027.12,4287,91,4196,0,0,2098,2098,0,0,2026,30106,2026-09-20
화성시_중기지방재정계획_2026-2030.pdf,중기지방재정계획,2026~2030,백만원,수용소(매송)지구 도시계획도로 개설 공사,기간:2023.01 ~ 2027.12,3615,105,3510,0,0,1755,1755,0,0,2026,30119,2026-09-20
화성시_중기지방재정계획_2026-2030.pdf,중기지방재정계획,2026~2030,백만원,존의동(비봉)지구 도시계획도로 개설 공사,기간:2023.01~2027.12,2024,85,1939,0,0,970,970,0,0,2026,30132,2026-09-20
화성시_중기지방재정계획_2026-2030.pdf,중기지방재정계획,2026~2030,백만원,화산도시계획도로 소로3-1호선 개설공 사,기간: 2019. 01 ~ 2024.,2600,2600,0,0,0,0,0,0,0,2026,30145,2026-09-20
화성시_중기지방재정계획_2026-2030.pdf,중기지방재정계획,2026~2030,백만원,기안도시계획도로 소로2-4호선 개설공 사,기간: 2019. 10 ~ 2026.,5905,5605,300,0,300,0,0,0,0,2026,30159,2026-09-20
화성시_중기지방재정계획_2026-2030.pdf,중기지방재정계획,2026~2030,백만원,정남도시계획도로 소로2-1호선 외 2개 소 개설공사,기간:2020~2027,2072,1972,100,0,0,100,0,0,0,2026,30201,2026-09-20
화성시_중기지방재정계획_2026-2030.pdf,중기지방재정계획,2026~2030,백만원,정남도시계획도로 소로3-6호선 외 1개 소 개설공사,기간:2019~2027,2027,1627,400,0,0,400,0,0,0,2026,30214,2026-09-20
화성시_중기지방재정계획_2026-2030.pdf,중기지방재정계획,2026~2030,백만원,정남도시계획도로 소로3-5호선 외 1개 소 개설공사,기간:2019~2027,2369,1476,893,0,400,493,0,0,0,2026,30227,2026-09-20
화성시_중기지방재정계획_2026-2030.pdf,중기지방재정계획,2026~2030,백만원,화산도시계획도로 소로2-A호선 개설공 사,기간:2023~2029,3498,1650,1848,0,0,462,462,462,462,2026,30240,2026-09-20
화성시_중기지방재정계획_2026-2030.pdf,중기지방재정계획,2026~2030,백만원,기배도시계획도로 소로2-A호선 개설공 사,기간: 2023. 01 ~ 2030.,3676,1260,2416,0,0,604,0,1208,604,2026,30253,2026-09-20
화성시_중기지방재정계획_2026-2030.pdf,중기지방재정계획,2026~2030,백만원,버들무지(비봉)지구 도시계획도로 개설 공사,기간:,9810,198,9612,0,0,2204,2204,5204,0,2026,30267,2026-09-20
화성시_중기지방재정계획_2026-2030.pdf,중기지방재정계획,2026~2030,백만원,도시계획도로 개설 공사 기간:,2023.05.~2028.12.,9810,198,9612,0,0,2204,2204,5204,0,2026,30268,2026-09-20
화성시_중기지방재정계획_2026-2030.pdf,중기지방재정계획,2026~2030,백만원,유지말(비봉)지구 도시계획도로 개설 공사,기간 : 2023.05.~2028.12.,7669,192,7477,0,0,1869,1869,1869,1869,2026,30308,2026-09-20
화성시_중기지방재정계획_2026-2030.pdf,중기지방재정계획,2026~2030,백만원,연화동(비봉)지구 도시계획도로 개설 공사,기간: 2023.05.~2028.12.,7118,150,6968,0,0,1742,1742,1742,1742,2026,30321,2026-09-20
화성시_중기지방재정계획_2026-2030.pdf,중기지방재정계획,2026~2030,백만원,동학동(비봉)지구 도시계획도로 개설 공사,기간: 2023.05.~2028.12.,8764,220,8544,0,0,2136,1136,3136,2136,2026,30334,2026-09-20
화성시_중기지방재정계획_2026-2030.pdf,중기지방재정계획,2026~2030,백만원,병실(매송)지구 도 시계획도로 개설공 사,기간:,6903,140,6763,0,0,1691,1691,1691,1691,2026,30347,2026-09-20
화성시_중기지방재정계획_2026-2030.pdf,중기지방재정계획,2026~2030,백만원,시계획도로 개설공 사 기간:,2023.05.~2028.12.,6903,140,6763,0,0,1691,1691,1691,1691,2026,30348,2026-09-20
화성시_중기지방재정계획_2026-2030.pdf,중기지방재정계획,2026~2030,백만원,웃신촌2(매송)지구 도시계획도로 개설 공사,기간:,4435,117,4318,0,0,1080,1080,1080,1080,2026,30361,2026-09-20
화성시_중기지방재정계획_2026-2030.pdf,중기지방재정계획,2026~2030,백만원,도시계획도로 개설 공사 기간:,2023.05.~2028.12.,4435,117,4318,0,0,1080,1080,1080,1080,2026,30362,2026-09-20
화성시_중기지방재정계획_2026-2030.pdf,중기지방재정계획,2026~2030,백만원,내촌(매송)지구 도 시계획도로 개설공 사,기간:2023. 1. ~ 2028.,6750,110,6640,0,0,1660,1660,1660,1660,2026,30375,2026-09-20
화성시_중기지방재정계획_2026-2030.pdf,중기지방재정계획,2026~2030,백만원,유지말(비봉)지구 도시계획도로 개설 공사,기간 : 2023.05.~2028.12.,7669,192,7477,0,0,1869,1869,1869,1869,2026,30417,2026-09-20
화성시_중기지방재정계획_2026-2030.pdf,중기지방재정계획,2026~2030,백만원,연화동(비봉)지구 도시계획도로 개설 공사,기간: 2023.05.~2028.12.,7118,150,6968,0,0,1742,1742,1742,1742,2026,30430,2026-09-20
화성시_중기지방재정계획_2026-2030.pdf,중기지방재정계획,2026~2030,백만원,동학동(비봉)지구 도시계획도로 개설 공사,기간: 2023.05.~2028.12.,8764,220,8544,0,0,2136,1136,3136,2136,2026,30443,2026-09-20
화성시_중기지방재정계획_2026-2030.pdf,중기지방재정계획,2026~2030,백만원,병실(매송)지구 도 시계획도로 개설공 사,기간:,6903,140,6763,0,0,1691,1691,1691,1691,2026,30456,2026-09-20
화성시_중기지방재정계획_2026-2030.pdf,중기지방재정계획,2026~2030,백만원,시계획도로 개설공 사 기간:,2023.05.~2028.12.,6903,140,6763,0,0,1691,1691,1691,1691,2026,30457,2026-09-20
화성시_중기지방재정계획_2026-2030.pdf,중기지방재정계획,2026~2030,백만원,웃신촌2(매송)지구 도시계획도로 개설 공사,기간:,4435,117,4318,0,0,1080,1080,1080,1080,2026,30470,2026-09-20
화성시_중기지방재정계획_2026-2030.pdf,중기지방재정계획,2026~2030,백만원,도시계획도로 개설 공사 기간:,2023.05.~2028.12.,4435,117,4318,0,0,1080,1080,1080,1080,2026,30471,2026-09-20
화성시_중기지방재정계획_2026-2030.pdf,중기지방재정계획,2026~2030,백만원,내촌(매송)지구 도 시계획도로 개설공 사,기간:2023. 1. ~ 2028.,6750,110,6640,0,0,1660,1660,1660,1660,2026,30484,2026-09-20
화성시_중기지방재정계획_2026-2030.pdf,중기지방재정계획,2026~2030,백만원,벌말(비봉)지구 도 시계획도로 개설공 사,기간:2023. 5. ~ 2028.,4276,220,4056,0,0,1352,1352,1352,0,2026,30526,2026-09-20
화성시_중기지방재정계획_2026-2030.pdf,중기지방재정계획,2026~2030,백만원,외포(남양)지구 도 시계획도로 개설공 사,기간:2023. 5. ~ 2028.,5823,130,5693,0,0,1897,1898,1898,0,2026,30540,2026-09-20
화성시_중기지방재정계획_2026-2030.pdf,중기지방재정계획,2026~2030,백만원,들고개(남양)지구 도시계획도로 개설 공사,기간:2023. 5. ~ 2028.,3159,95,3064,0,0,1532,1532,0,0,2026,30554,2026-09-20
화성시_중기지방재정계획_2026-2030.pdf,중기지방재정계획,2026~2030,백만원,개묵동(남양)지구 도시계획도로 개설 공사,기간:2023. 5. ~ 2028.,3879,115,3764,0,0,1871,1893,0,0,2026,30568,2026-09-20
화성시_중기지방재정계획_2026-2030.pdf,중기지방재정계획,2026~2030,백만원,중곡(남양)지구 도 시계획도로 개설공 사,기간:2023. 5. ~ 2028.,2896,593,2303,0,0,2303,0,0,0,2026,30582,2026-09-20
화성시_중기지방재정계획_2026-2030.pdf,중기지방재정계획,2026~2030,백만원,문구동(남양)지구 도시계획도로 개설 공사,기간:2023. 5. ~ 2028.,4921,131,4790,0,0,1596,1597,1597,0,2026,30596,2026-09-20
화성시_중기지방재정계획_2026-2030.pdf,중기지방재정계획,2026~2030,백만원,주네(남양)지구 도 시계획도로 개설공 사,기간:2023. 5. ~ 2028.,6225,130,6095,0,0,2031,2032,2032,0,2026,30637,2026-09-20
화성시_중기지방재정계획_2026-2030.pdf,중기지방재정계획,2026~2030,백만원,양철이(남양)지구 도시계획도로 개설 공사,기간:2023. 5. ~ 2028.,7901,142,7759,0,0,2586,1586,3587,0,2026,30651,2026-09-20
화성시_중기지방재정계획_2026-2030.pdf,중기지방재정계획,2026~2030,백만원,도곡동(봉담)지구 도시계획도로 개설 공사,기간:2023. 6. ~ 2028.,5585,110,5475,0,0,1825,1825,1825,0,2026,30665,2026-09-20
화성시_중기지방재정계획_2026-2030.pdf,중기지방재정계획,2026~2030,백만원,동탄도시계획도로 소로1-4호선 개설공 사,기간:2016.03. ~ 2026.,14114,13114,1000,0,250,250,0,250,250,2026,30679,2026-09-20
화성시_중기지방재정계획_2026-2030.pdf,중기지방재정계획,2026~2030,백만원,국도1호선 병점사거 리 개선사업,기간: 2024.01.~2027.06.,7100,560,6540,0,1600,4940,0,0,0,2026,30692,2026-09-20
화성시_중기지방재정계획_2026-2030.pdf,중기지방재정계획,2026~2030,백만원,봉담도시계획도로 중로2-17호선 외 1 개소 개설공사,기간:2024.7.~2028.12.,6300,230,6070,0,1000,4070,1000,0,0,2026,30707,2026-09-20
화성시_중기지방재정계획_2026-2030.pdf,중기지방재정계획,2026~2030,백만원,주네(남양)지구 도 시계획도로 개설공 사,기간:2023. 5. ~ 2028.,6225,130,6095,0,0,2031,2032,2032,0,2026,30748,2026-09-20
화성시_중기지방재정계획_2026-2030.pdf,중기지방재정계획,2026~2030,백만원,양철이(남양)지구 도시계획도로 개설 공사,기간:2023. 5. ~ 2028.,7901,142,7759,0,0,2586,1586,3587,0,2026,30762,2026-09-20
화성시_중기지방재정계획_2026-2030.pdf,중기지방재정계획,2026~2030,백만원,도곡동(봉담)지구 도시계획도로 개설 공사,기간:2023. 6. ~ 2028.,5585,110,5475,0,0,1825,1825,1825,0,2026,30776,2026-09-20
화성시_중기지방재정계획_2026-2030.pdf,중기지방재정계획,2026~2030,백만원,동탄도시계획도로 소로1-4호선 개설공 사,기간:2016.03. ~ 2026.,14114,13114,1000,0,250,250,0,250,250,2026,30790,2026-09-20
화성시_중기지방재정계획_2026-2030.pdf,중기지방재정계획,2026~2030,백만원,국도1호선 병점사거 리 개선사업,기간: 2024.01.~2027.06.,7100,560,6540,0,1600,4940,0,0,0,2026,30803,2026-09-20
화성시_중기지방재정계획_2026-2030.pdf,중기지방재정계획,2026~2030,백만원,봉담도시계획도로 중로2-17호선 외 1 개소 개설공사,기간:2024.7.~2028.12.,6300,230,6070,0,1000,4070,1000,0,0,2026,30818,2026-09-20
화성시_중기지방재정계획_2026-2030.pdf,중기지방재정계획,2026~2030,백만원,봉담도시계획도로 중로2-A호선 개설공 사,기간 : 2025.01~2029.12.,19800,200,19600,0,0,7600,4800,4800,2400,2026,30859,2026-09-20
화성시_중기지방재정계획_2026-2030.pdf,중기지방재정계획,2026~2030,백만원,빈정(매송)지구 도 시계획도로 개설공 사,기간:2026~2028,7500,0,7500,0,0,1500,2500,3500,0,2026,30871,2026-09-20
화성시_중기지방재정계획_2026-2030.pdf,중기지방재정계획,2026~2030,백만원,장기미집행시설 대 지보상금,기간:2023.01~2028.12,1275,0,1275,0,421,169,196,226,262,2026,30885,2026-09-20
화성시_중기지방재정계획_2026-2030.pdf,중기지방재정계획,2026~2030,백만원,도로 설해대책 운영,기간:2026.1.1.~2030.12.31.,2000,0,2000,0,400,400,400,400,400,2026,30902,2026-09-20
화성시_중기지방재정계획_2026-2030.pdf,중기지방재정계획,2026~2030,백만원,마을안길 포장 및 재포장,기간:2026.01.~2030.12.,2010,0,2010,0,10,500,500,500,500,2026,30917,2026-09-20
화성시_중기지방재정계획_2026-2030.pdf,중기지방재정계획,2026~2030,백만원,위험도로 구조개선,기간:연례반복,3500,0,3500,0,700,700,700,700,700,2026,30953,2026-09-20
화성시_중기지방재정계획_2026-2030.pdf,중기지방재정계획,2026~2030,백만원,지하차도(터널) 유 지관리,기간:2026~2030년,3580,0,3580,0,716,716,716,716,716,2026,30964,2026-09-20
화성시_중기지방재정계획_2026-2030.pdf,중기지방재정계획,2026~2030,백만원,도로 유지보수(만세 구),기간:2026.01. ~ 2030.12.,13486,0,13486,0,2697,2697,2697,2697,2697,2026,30981,2026-09-20
화성시_중기지방재정계획_2026-2030.pdf,중기지방재정계획,2026~2030,백만원,차선도색 및 유지관 리(만세구),2026.01.~2030.01.,2100,0,2100,0,420,420,420,420,420,2026,30993,2026-09-20
화성시_중기지방재정계획_2026-2030.pdf,중기지방재정계획,2026~2030,백만원,도로 안전시설물 설 치 및 유지관리(만 세구),2026.01. ~ 2030.12.,1500,0,1500,0,300,300,300,300,300,2026,31006,2026-09-20
화성시_중기지방재정계획_2026-2030.pdf,중기지방재정계획,2026~2030,백만원,위험도로 구조개선,기간:연례반복,3500,0,3500,0,700,700,700,700,700,2026,31044,2026-09-20
화성시_중기지방재정계획_2026-2030.pdf,중기지방재정계획,2026~2030,백만원,지하차도(터널) 유 지관리,기간:2026~2030년,3580,0,3580,0,716,716,716,716,716,2026,31055,2026-09-20
화성시_중기지방재정계획_2026-2030.pdf,중기지방재정계획,2026~2030,백만원,도로 유지보수(만세 구),기간:2026.01. ~ 2030.12.,13486,0,13486,0,2697,2697,2697,2697,2697,2026,31072,2026-09-20
화성시_중기지방재정계획_2026-2030.pdf,중기지방재정계획,2026~2030,백만원,차선도색 및 유지관 리(만세구),2026.01.~2030.01.,2100,0,2100,0,420,420,420,420,420,2026,31084,2026-09-20
화성시_중기지방재정계획_2026-2030.pdf,중기지방재정계획,2026~2030,백만원,도로 안전시설물 설 치 및 유지관리(만 세구),2026.01. ~ 2030.12.,1500,0,1500,0,300,300,300,300,300,2026,31097,2026-09-20
화성시_중기지방재정계획_2026-2030.pdf,중기지방재정계획,2026~2030,백만원,시도·농어촌도로· 도시계획도로 포장 도 보수(만세구),기간:2026.01. ~,4340,0,4340,0,868,868,868,868,868,2026,31137,2026-09-20
화성시_중기지방재정계획_2026-2030.pdf,중기지방재정계획,2026~2030,백만원,마을안길 포장 및 재포장(만세구),기간:2026.01. ~ 2030.12.,900,0,900,0,180,180,180,180,180,2026,31150,2026-09-20
화성시_중기지방재정계획_2026-2030.pdf,중기지방재정계획,2026~2030,백만원,"도로시설물 정밀,정 기안전점검(만세구)",기간:2026~2030년,6650,0,6650,0,1330,1330,1330,1330,1330,2026,31162,2026-09-20
화성시_중기지방재정계획_2026-2030.pdf,중기지방재정계획,2026~2030,백만원,도로시설물 유지보 수(만세구),기간: 2026~2030년,4000,0,4000,0,800,800,800,800,800,2026,31176,2026-09-20
화성시_중기지방재정계획_2026-2030.pdf,중기지방재정계획,2026~2030,백만원,도로시설물 보강공 사(만세구),기간: 2026~2030년,3000,0,3000,0,600,600,600,600,600,2026,31189,2026-09-20
화성시_중기지방재정계획_2026-2030.pdf,중기지방재정계획,2026~2030,백만원,교량 내진성능 개선 사업(만세구),기간:2026~2030년,9400,0,9400,0,1880,1880,1880,1880,1880,2026,31242,2026-09-20
화성시_중기지방재정계획_2026-2030.pdf,중기지방재정계획,2026~2030,백만원,보안등 정비 공사( 만세구),기간:연례반복,3750,0,3750,0,750,750,750,750,750,2026,31255,2026-09-20
화성시_중기지방재정계획_2026-2030.pdf,중기지방재정계획,2026~2030,백만원,가로등 정비 공사( 만세구),기간:2026~2030년,4875,0,4875,0,975,975,975,975,975,2026,31265,2026-09-20
화성시_중기지방재정계획_2026-2030.pdf,중기지방재정계획,2026~2030,백만원,인도 유지관리(만세 구),기간:연례반복,2500,0,2500,0,500,500,500,500,500,2026,31277,2026-09-20
화성시_중기지방재정계획_2026-2030.pdf,중기지방재정계획,2026~2030,백만원,교량 내진성능 개선 사업(만세구),기간:2026~2030년,9400,0,9400,0,1880,1880,1880,1880,1880,2026,31335,2026-09-20
화성시_중기지방재정계획_2026-2030.pdf,중기지방재정계획,2026~2030,백만원,보안등 정비 공사( 만세구),기간:연례반복,3750,0,3750,0,750,750,750,750,750,2026,31348,2026-09-20
화성시_중기지방재정계획_2026-2030.pdf,중기지방재정계획,2026~2030,백만원,가로등 정비 공사( 만세구),기간:2026~2030년,4875,0,4875,0,975,975,975,975,975,2026,31358,2026-09-20
화성시_중기지방재정계획_2026-2030.pdf,중기지방재정계획,2026~2030,백만원,인도 유지관리(만세 구),기간:연례반복,2500,0,2500,0,500,500,500,500,500,2026,31370,2026-09-20
화성시_중기지방재정계획_2026-2030.pdf,중기지방재정계획,2026~2030,백만원,도로시설물 유지보 수(효행구),기간: 2026~2030년,1000,0,1000,0,200,200,200,200,200,2026,31429,2026-09-20
화성시_중기지방재정계획_2026-2030.pdf,중기지방재정계획,2026~2030,백만원,지하차도(터널) 유 지관리(효행구),기간:2026~2030년,2370,0,2370,0,474,474,474,474,474,2026,31442,2026-09-20
화성시_중기지방재정계획_2026-2030.pdf,중기지방재정계획,2026~2030,백만원,교량 내진성능 개선 사업(효행구),기간:2026~2030년,100,0,100,0,20,20,20,20,20,2026,31455,2026-09-20
화성시_중기지방재정계획_2026-2030.pdf,중기지방재정계획,2026~2030,백만원,보도 설치 공사(효 행구),기간:연례반복,8910,0,8910,0,670,2060,2060,2060,2060,2026,31468,2026-09-20
화성시_중기지방재정계획_2026-2030.pdf,중기지방재정계획,2026~2030,백만원,보안등 정비 공사( 효행구),기간:2026~2030년,600,0,600,0,120,120,120,120,120,2026,31480,2026-09-20
화성시_중기지방재정계획_2026-2030.pdf,중기지방재정계획,2026~2030,백만원,자 소  계 2026 2027 2028 2029 2030 가로등 정비 공사( 효행구),기간:2026~2030년,650,0,650,0,130,130,130,130,130,2026,31519,2026-09-20
화성시_중기지방재정계획_2026-2030.pdf,중기지방재정계획,2026~2030,백만원,도로 유지보수(병점 구),기간:연례반복,17955,0,17955,0,3591,3591,3591,3591,3591,2026,31533,2026-09-20
화성시_중기지방재정계획_2026-2030.pdf,중기지방재정계획,2026~2030,백만원,자전거도로 및 인도 정비(병점구),기간:연례반복,8750,0,8750,0,1750,1750,1750,1750,1750,2026,31543,2026-09-20
화성시_중기지방재정계획_2026-2030.pdf,중기지방재정계획,2026~2030,백만원,주민편익사업 지원( 병점구),기간:2025. 1. ~2029.,2000,0,2000,0,400,400,400,400,400,2026,31554,2026-09-20
화성시_중기지방재정계획_2026-2030.pdf,중기지방재정계획,2026~2030,백만원,도로시설물 유지관 리(병점구),기간:연례반복,3550,0,3550,0,710,710,710,710,710,2026,31566,2026-09-20
화성시_중기지방재정계획_2026-2030.pdf,중기지방재정계획,2026~2030,백만원,자 소  계 2026 2027 2028 2029 2030 가로등 정비 공사( 효행구),기간:2026~2030년,650,0,650,0,130,130,130,130,130,2026,31606,2026-09-20
화성시_중기지방재정계획_2026-2030.pdf,중기지방재정계획,2026~2030,백만원,도로 유지보수(병점 구),기간:연례반복,17955,0,17955,0,3591,3591,3591,3591,3591,2026,31620,2026-09-20
화성시_중기지방재정계획_2026-2030.pdf,중기지방재정계획,2026~2030,백만원,자전거도로 및 인도 정비(병점구),기간:연례반복,8750,0,8750,0,1750,1750,1750,1750,1750,2026,31630,2026-09-20
화성시_중기지방재정계획_2026-2030.pdf,중기지방재정계획,2026~2030,백만원,주민편익사업 지원( 병점구),기간:2025. 1. ~2029.,2000,0,2000,0,400,400,400,400,400,2026,31641,2026-09-20
화성시_중기지방재정계획_2026-2030.pdf,중기지방재정계획,2026~2030,백만원,도로시설물 유지관 리(병점구),기간:연례반복,3550,0,3550,0,710,710,710,710,710,2026,31653,2026-09-20
화성시_중기지방재정계획_2026-2030.pdf,중기지방재정계획,2026~2030,백만원,자 소  계 2026 2027 2028 2029 2030 지하차도 유지관리( 병점구),기간:2026. 1. ~2030.,9500,0,9500,0,1900,1900,1900,1900,1900,2026,31693,2026-09-20
화성시_중기지방재정계획_2026-2030.pdf,중기지방재정계획,2026~2030,백만원,교량 유지관리(병점 구),기간:연례반복,16500,0,16500,0,3300,3300,3300,3300,3300,2026,31706,2026-09-20
화성시_중기지방재정계획_2026-2030.pdf,중기지방재정계획,2026~2030,백만원,가로ㆍ보안등 유지 보수(병점구),기간:연례반복,13350,0,13350,0,2670,2670,2670,2670,2670,2026,31720,2026-09-20
화성시_중기지방재정계획_2026-2030.pdf,중기지방재정계획,2026~2030,백만원,도로 유지보수(효행 구),기간: 연례 반복,3800,0,3800,0,760,760,760,760,760,2026,31734,2026-09-20
화성시_중기지방재정계획_2026-2030.pdf,중기지방재정계획,2026~2030,백만원,차선도색 유지관리( 병점구),기간:연례반복,2000,0,2000,0,300,350,400,450,500,2026,31783,2026-09-20
화성시_중기지방재정계획_2026-2030.pdf,중기지방재정계획,2026~2030,백만원,신호등 설치ㆍ관리( 병점구),기간:2026.1.~2030. 12.,4000,0,4000,0,800,800,800,800,800,2026,31794,2026-09-20
화성시_중기지방재정계획_2026-2030.pdf,중기지방재정계획,2026~2030,백만원,버스승강장 설치ㆍ 관리(병점구),기간:2026.1.~2030. 12.,2750,0,2750,0,450,500,550,600,650,2026,31806,2026-09-20
화성시_중기지방재정계획_2026-2030.pdf,중기지방재정계획,2026~2030,백만원,어린이보호구역 시 설물 관리(병점구),기간:2026.1.~2030.12.,8000,0,8000,0,1600,1600,1600,1600,1600,2026,31819,2026-09-20
화성시_중기지방재정계획_2026-2030.pdf,중기지방재정계획,2026~2030,백만원,차선도색 유지관리( 병점구),기간:연례반복,2000,0,2000,0,300,350,400,450,500,2026,31874,2026-09-20
화성시_중기지방재정계획_2026-2030.pdf,중기지방재정계획,2026~2030,백만원,신호등 설치ㆍ관리( 병점구),기간:2026.1.~2030. 12.,4000,0,4000,0,800,800,800,800,800,2026,31885,2026-09-20
화성시_중기지방재정계획_2026-2030.pdf,중기지방재정계획,2026~2030,백만원,버스승강장 설치ㆍ 관리(병점구),기간:2026.1.~2030. 12.,2750,0,2750,0,450,500,550,600,650,2026,31897,2026-09-20
화성시_중기지방재정계획_2026-2030.pdf,중기지방재정계획,2026~2030,백만원,어린이보호구역 시 설물 관리(병점구),기간:2026.1.~2030.12.,8000,0,8000,0,1600,1600,1600,1600,1600,2026,31910,2026-09-20
화성시_중기지방재정계획_2026-2030.pdf,중기지방재정계획,2026~2030,백만원,차선도색 유지관리( 동탄구),기간: 2026. 1. ~ 2030. 12.,5400,0,5400,0,700,1100,1200,1200,1200,2026,31969,2026-09-20
화성시_중기지방재정계획_2026-2030.pdf,중기지방재정계획,2026~2030,백만원,신호기 설치·관리( 동탄구),기간: 2026. 1. ~ 2030. 12.,10500,0,10500,0,1700,1900,2100,2300,2500,2026,31982,2026-09-20
화성시_중기지방재정계획_2026-2030.pdf,중기지방재정계획,2026~2030,백만원,버스승강장 설치· 관리(동탄구),기간:2026. 2. ~ 2030. 12.,4900,0,4900,0,300,1100,1100,1200,1200,2026,31996,2026-09-20
화성시_중기지방재정계획_2026-2030.pdf,중기지방재정계획,2026~2030,백만원,신호과속 무인단속 장비 설치·관리(동 탄구),기간: 2025. 1 ~ 2030. 12.,3448,0,3448,0,328,780,780,780,780,2026,32010,2026-09-20
화성시_중기지방재정계획_2026-2030.pdf,중기지방재정계획,2026~2030,백만원,어린이보호구역 시 설물 정비(동탄구),기간: 2025. 1. ~2030. 12.,9300,0,9300,0,1300,2000,2000,2000,2000,2026,32026,2026-09-20
화성시_중기지방재정계획_2026-2030.pdf,중기지방재정계획,2026~2030,백만원,도로 유지보수(동탄 구),기간: 2026. 1. ~ 2030. 12.,21367,0,21367,0,3367,4000,4000,5000,5000,2026,32068,2026-09-20
화성시_중기지방재정계획_2026-2030.pdf,중기지방재정계획,2026~2030,백만원,자전거도로 및 보도 정비(동탄구),기간:2025. 2. ~ 2030. 12.,4500,0,4500,0,600,800,900,1000,1200,2026,32080,2026-09-20
화성시_중기지방재정계획_2026-2030.pdf,중기지방재정계획,2026~2030,백만원,도로시설물 유지관 리(동탄구),기간:2025. 1. ~ 2030. 12.,3650,0,3650,0,730,730,730,730,730,2026,32095,2026-09-20
화성시_중기지방재정계획_2026-2030.pdf,중기지방재정계획,2026~2030,백만원,지하차도(터널) 유 지관리(동탄구),2026. 1. ~ 2030. 12.,7950,0,7950,0,1590,1590,1590,1590,1590,2026,32108,2026-09-20
화성시_중기지방재정계획_2026-2030.pdf,중기지방재정계획,2026~2030,백만원,육교(교량) 유지관 리(동탄구),2026. 1. ~ 2030. 12.,460,0,460,0,90,90,90,90,100,2026,32122,2026-09-20
화성시_중기지방재정계획_2026-2030.pdf,중기지방재정계획,2026~2030,백만원,도로 유지보수(동탄 구),기간: 2026. 1. ~ 2030. 12.,21367,0,21367,0,3367,4000,4000,5000,5000,2026,32165,2026-09-20
화성시_중기지방재정계획_2026-2030.pdf,중기지방재정계획,2026~2030,백만원,자전거도로 및 보도 정비(동탄구),기간:2025. 2. ~ 2030. 12.,4500,0,4500,0,600,800,900,1000,1200,2026,32177,2026-09-20
화성시_중기지방재정계획_2026-2030.pdf,중기지방재정계획,2026~2030,백만원,도로시설물 유지관 리(동탄구),기간:2025. 1. ~ 2030. 12.,3650,0,3650,0,730,730,730,730,730,2026,32192,2026-09-20
화성시_중기지방재정계획_2026-2030.pdf,중기지방재정계획,2026~2030,백만원,지하차도(터널) 유 지관리(동탄구),2026. 1. ~ 2030. 12.,7950,0,7950,0,1590,1590,1590,1590,1590,2026,32205,2026-09-20
화성시_중기지방재정계획_2026-2030.pdf,중기지방재정계획,2026~2030,백만원,육교(교량) 유지관 리(동탄구),2026. 1. ~ 2030. 12.,460,0,460,0,90,90,90,90,100,2026,32219,2026-09-20
화성시_중기지방재정계획_2026-2030.pdf,중기지방재정계획,2026~2030,백만원,도로구조물 정기점 검 및 유지관리(동 탄구),기간: 2026. 1. ~ 2026. 12.,13300,0,13300,0,2660,2660,2660,2660,2660,2026,32261,2026-09-20
화성시_중기지방재정계획_2026-2030.pdf,중기지방재정계획,2026~2030,백만원,가로·보안등 유지 보수(동탄구),기간:2026. 2. ~ 2030. 12.,20500,0,20500,0,4100,4100,4100,4100,4100,2026,32276,2026-09-20
화성시_중기지방재정계획_2026-2030.pdf,중기지방재정계획,2026~2030,백만원,도시철도 건설사업,기간: 2019.05~2028.12,1070101,124688,945413,0,70020,449688,425705,0,0,2026,32293,2026-09-20
화성시_중기지방재정계획_2026-2030.pdf,중기지방재정계획,2026~2030,백만원,도시철도사업 특별 회계 전출금,기간: 2019.05~2028.12,149923,0,149923,0,0,0,149923,0,0,2026,32307,2026-09-20
화성시_중기지방재정계획_2026-2030.pdf,중기지방재정계획,2026~2030,백만원,교통약자이동지원센 터 확대 운영,기간:2026 ~ 2030,55378,0,55378,0,11076,11076,11076,11076,11076,2026,32351,2026-09-20
화성시_중기지방재정계획_2026-2030.pdf,중기지방재정계획,2026~2030,백만원,교통안전지도 활동 지원,기간:2026~2030년 연례 반복,3164,0,3164,0,633,633,633,633,633,2026,32366,2026-09-20
화성시_중기지방재정계획_2026-2030.pdf,중기지방재정계획,2026~2030,백만원,교통안전시설 설치 및 관리,기간:2026.1. ~ 2030. 12.,3000,0,3000,0,600,600,600,600,600,2026,32381,2026-09-20
화성시_중기지방재정계획_2026-2030.pdf,중기지방재정계획,2026~2030,백만원,어린이보호구역 개 선(전환사업),기간:26.1.1.~30.12.31.,13800,0,13800,0,3800,2000,2000,3000,3000,2026,32395,2026-09-20
화성시_중기지방재정계획_2026-2030.pdf,중기지방재정계획,2026~2030,백만원,교통약자이동지원센 터 확대 운영,기간:2026 ~ 2030,55378,0,55378,0,11076,11076,11076,11076,11076,2026,32441,2026-09-20
화성시_중기지방재정계획_2026-2030.pdf,중기지방재정계획,2026~2030,백만원,교통안전지도 활동 지원,기간:2026~2030년 연례 반복,3164,0,3164,0,633,633,633,633,633,2026,32456,2026-09-20
화성시_중기지방재정계획_2026-2030.pdf,중기지방재정계획,2026~2030,백만원,교통안전시설 설치 및 관리,기간:2026.1. ~ 2030. 12.,3000,0,3000,0,600,600,600,600,600,2026,32471,2026-09-20
화성시_중기지방재정계획_2026-2030.pdf,중기지방재정계획,2026~2030,백만원,어린이보호구역 개 선(전환사업),기간:26.1.1.~30.12.31.,13800,0,13800,0,3800,2000,2000,3000,3000,2026,32485,2026-09-20
화성시_중기지방재정계획_2026-2030.pdf,중기지방재정계획,2026~2030,백만원,교통사고 잦은 곳 개선사업(전환사업),기간:2025.01~2030.12,2250,0,2250,0,450,450,450,450,450,2026,32528,2026-09-20
화성시_중기지방재정계획_2026-2030.pdf,중기지방재정계획,2026~2030,백만원,"지능형 교통시스템( ITS,BIS) 구축",기간:2025. 1. ~ 2030.,3750,0,3750,0,750,750,750,750,750,2026,32545,2026-09-20
화성시_중기지방재정계획_2026-2030.pdf,중기지방재정계획,2026~2030,백만원,"지능형 교통시스템( ITS, BIS) 운영",기간:2026. 1. ~ 2030. 12.,17593,0,17593,0,3343,3563,3563,3563,3563,2026,32558,2026-09-20
화성시_중기지방재정계획_2026-2030.pdf,중기지방재정계획,2026~2030,백만원,신호시스템 운영,기간:2026.01. ~ 2030. 12.,5664,0,5664,0,1133,1133,1133,1133,1133,2026,32571,2026-09-20
화성시_중기지방재정계획_2026-2030.pdf,중기지방재정계획,2026~2030,백만원,지능형 교통시스템( BIS) 구축(전환사업 ),기간:2026~2030년,2900,0,2900,0,500,600,600,600,600,2026,32585,2026-09-20
화성시_중기지방재정계획_2026-2030.pdf,중기지방재정계획,2026~2030,백만원,신안산선 향남 연장 사업,기간:2020.01~2028.12,200673,2396,198277,0,6302,60000,60000,38400,33575,2026,32628,2026-09-20
화성시_중기지방재정계획_2026-2030.pdf,중기지방재정계획,2026~2030,백만원,동탄인덕원선 복선 전철 건설사업,기간:2024.1~2029.12.,66479,12736,53743,0,15000,16620,11296,5324,5503,2026,32645,2026-09-20
화성시_중기지방재정계획_2026-2030.pdf,중기지방재정계획,2026~2030,백만원,동탄인덕원선 인입 선 역사 신설,기간:2020~2029년,147906,4331,143575,0,20000,34715,34715,34145,20000,2026,32661,2026-09-20
화성시_중기지방재정계획_2026-2030.pdf,중기지방재정계획,2026~2030,백만원,동탄인덕원선 이용 여건 개선,기간:2023.06~2029.12,78742,450,78292,0,22,680,680,43680,33230,2026,32672,2026-09-20
화성시_중기지방재정계획_2026-2030.pdf,중기지방재정계획,2026~2030,백만원,신안산선 향남 연장 사업,기간:2020.01~2028.12,200673,2396,198277,0,6302,60000,60000,38400,33575,2026,32717,2026-09-20
화성시_중기지방재정계획_2026-2030.pdf,중기지방재정계획,2026~2030,백만원,동탄인덕원선 복선 전철 건설사업,기간:2024.1~2029.12.,66479,12736,53743,0,15000,16620,11296,5324,5503,2026,32734,2026-09-20
화성시_중기지방재정계획_2026-2030.pdf,중기지방재정계획,2026~2030,백만원,동탄인덕원선 인입 선 역사 신설,기간:2020~2029년,147906,4331,143575,0,20000,34715,34715,34145,20000,2026,32750,2026-09-20
화성시_중기지방재정계획_2026-2030.pdf,중기지방재정계획,2026~2030,백만원,동탄인덕원선 이용 여건 개선,기간:2023.06~2029.12,78742,450,78292,0,22,680,680,43680,33230,2026,32761,2026-09-20
화성시_중기지방재정계획_2026-2030.pdf,중기지방재정계획,2026~2030,백만원,병점역 복합환승센 터 건립,기간:2022. 1.~2030.12.,640,500,140,0,22,118,0,0,0,2026,32802,2026-09-20
화성시_중기지방재정계획_2026-2030.pdf,중기지방재정계획,2026~2030,백만원,화성시 버스공영제 추진,기간:2026~2030,101055,0,101055,0,20211,20211,20211,20211,20211,2026,32819,2026-09-20
화성시_중기지방재정계획_2026-2030.pdf,중기지방재정계획,2026~2030,백만원,화성시 무상교통 추 진,기간:2025년 ~ 2029년,45365,0,45365,0,7499,7499,7499,11434,11434,2026,32829,2026-09-20
화성시_중기지방재정계획_2026-2030.pdf,중기지방재정계획,2026~2030,백만원,운수업계 재정지원,기간:2026년~2030년,93000,0,93000,0,17000,17000,17000,21000,21000,2026,32840,2026-09-20
화성시_중기지방재정계획_2026-2030.pdf,중기지방재정계획,2026~2030,백만원,출퇴근시간대(광역 급행버스) 증차운행 지원(자체),기간:2025. ~ 2030.,31196,0,31196,0,5965,5965,5965,5965,7336,2026,32852,2026-09-20
화성시_중기지방재정계획_2026-2030.pdf,중기지방재정계획,2026~2030,백만원,출퇴근시간대(광역 급행버스) 증차운행 지원(보조),기간:2025. ~ 2030.,2903,0,2903,0,581,581,581,581,581,2026,32891,2026-09-20
화성시_중기지방재정계획_2026-2030.pdf,중기지방재정계획,2026~2030,백만원,도시형 교통모델 운 영,기간:2026.~2030.,7570,0,7570,0,1514,1514,1514,1514,1514,2026,32907,2026-09-20
화성시_중기지방재정계획_2026-2030.pdf,중기지방재정계획,2026~2030,백만원,공영버스 운영손실 보상,기간:2026년~2030년,2340,0,2340,0,468,468,468,468,468,2026,32923,2026-09-20
화성시_중기지방재정계획_2026-2030.pdf,중기지방재정계획,2026~2030,백만원,2층버스 운영비 지 원,기간:2025. ~ 2030.,3888,0,3888,0,778,778,778,778,778,2026,32936,2026-09-20
화성시_중기지방재정계획_2026-2030.pdf,중기지방재정계획,2026~2030,백만원,출퇴근시간대(광역 급행버스) 증차운행 지원(보조),기간:2025. ~ 2030.,2903,0,2903,0,581,581,581,581,581,2026,32981,2026-09-20
화성시_중기지방재정계획_2026-2030.pdf,중기지방재정계획,2026~2030,백만원,도시형 교통모델 운 영,기간:2026.~2030.,7570,0,7570,0,1514,1514,1514,1514,1514,2026,32997,2026-09-20
화성시_중기지방재정계획_2026-2030.pdf,중기지방재정계획,2026~2030,백만원,공영버스 운영손실 보상,기간:2026년~2030년,2340,0,2340,0,468,468,468,468,468,2026,33013,2026-09-20
화성시_중기지방재정계획_2026-2030.pdf,중기지방재정계획,2026~2030,백만원,2층버스 운영비 지 원,기간:2025. ~ 2030.,3888,0,3888,0,778,778,778,778,778,2026,33026,2026-09-20
화성시_중기지방재정계획_2026-2030.pdf,중기지방재정계획,2026~2030,백만원,저상버스 도입비 지 원,기간:연례반복,2250,0,2250,0,450,450,450,450,450,2026,33073,2026-09-20
화성시_중기지방재정계획_2026-2030.pdf,중기지방재정계획,2026~2030,백만원,대광위 광역버스 준 공영제 운영비 지원,기간:2025. ~ 2030.,27283,0,27283,0,5457,5457,5457,5457,5457,2026,33091,2026-09-20
화성시_중기지방재정계획_2026-2030.pdf,중기지방재정계획,2026~2030,백만원,광역버스 공공관리 제 운영,기간:2025. ~ 2030.,64065,0,64065,0,12813,12813,12813,12813,12813,2026,33103,2026-09-20
화성시_중기지방재정계획_2026-2030.pdf,중기지방재정계획,2026~2030,백만원,경기도 수요응답형 버스(DRT) 운송사업 지원,기간:2026~2030,35369,0,35369,0,7074,7074,7074,7074,7074,2026,33115,2026-09-20
화성시_중기지방재정계획_2026-2030.pdf,중기지방재정계획,2026~2030,백만원,시내버스 운송업체 재정지원,기간:2025. ~ 2030.,14081,0,14081,0,2496,2496,2496,3096,3496,2026,33166,2026-09-20
화성시_중기지방재정계획_2026-2030.pdf,중기지방재정계획,2026~2030,백만원,경기도 어린이 청소 년 교통비 지원,기간:2025년 ~ 2029년,3765,0,3765,0,753,753,753,753,753,2026,33178,2026-09-20
화성시_중기지방재정계획_2026-2030.pdf,중기지방재정계획,2026~2030,백만원,시내버스 운송업체 경영 및 서비스 개 선지원,기간:2025. ~ 2030.,3115,0,3115,0,599,599,599,659,659,2026,33191,2026-09-20
화성시_중기지방재정계획_2026-2030.pdf,중기지방재정계획,2026~2030,백만원,시내 및 마을버스 청소년요금할인 결 손 보전 지원,기간:2026. ~ 2030.,2142,0,2142,0,321,321,321,321,858,2026,33204,2026-09-20
화성시_중기지방재정계획_2026-2030.pdf,중기지방재정계획,2026~2030,백만원,2층 저상버스 보급 지원,기간:2026~2030,4140,0,4140,0,540,900,900,900,900,2026,33216,2026-09-20
화성시_중기지방재정계획_2026-2030.pdf,중기지방재정계획,2026~2030,백만원,시내버스 운송업체 재정지원,기간:2025. ~ 2030.,14081,0,14081,0,2496,2496,2496,3096,3496,2026,33266,2026-09-20
화성시_중기지방재정계획_2026-2030.pdf,중기지방재정계획,2026~2030,백만원,경기도 어린이 청소 년 교통비 지원,기간:2025년 ~ 2029년,3765,0,3765,0,753,753,753,753,753,2026,33278,2026-09-20
화성시_중기지방재정계획_2026-2030.pdf,중기지방재정계획,2026~2030,백만원,시내버스 운송업체 경영 및 서비스 개 선지원,기간:2025. ~ 2030.,3115,0,3115,0,599,599,599,659,659,2026,33291,2026-09-20
화성시_중기지방재정계획_2026-2030.pdf,중기지방재정계획,2026~2030,백만원,시내 및 마을버스 청소년요금할인 결 손 보전 지원,기간:2026. ~ 2030.,2142,0,2142,0,321,321,321,321,858,2026,33304,2026-09-20
화성시_중기지방재정계획_2026-2030.pdf,중기지방재정계획,2026~2030,백만원,2층 저상버스 보급 지원,기간:2026~2030,4140,0,4140,0,540,900,900,900,900,2026,33316,2026-09-20
화성시_중기지방재정계획_2026-2030.pdf,중기지방재정계획,2026~2030,백만원,2층 전기버스 보급 지원,기간:2026~2030,14030,0,14030,0,1830,3050,3050,3050,3050,2026,33360,2026-09-20
화성시_중기지방재정계획_2026-2030.pdf,중기지방재정계획,2026~2030,백만원,동탄2 광역교통개선 대책 운수업계 보조 금,2025~2026,1400,0,1400,0,1400,0,0,0,0,2026,33377,2026-09-20
화성시_중기지방재정계획_2026-2030.pdf,중기지방재정계획,2026~2030,백만원,시내버스 공공관리 제 운영 지원,기간:2024년~,42779,0,42779,0,8556,8556,8556,8556,8556,2026,33390,2026-09-20
화성시_중기지방재정계획_2026-2030.pdf,중기지방재정계획,2026~2030,백만원,The 경기패스,기간:연례반복,67500,0,67500,0,13500,13500,13500,13500,13500,2026,33403,2026-09-20
화성시_중기지방재정계획_2026-2030.pdf,중기지방재정계획,2026~2030,백만원,자 소  계 2026 2027 2028 2029 2030 The 경기패스 추가 지원,기간:연례반복,4980,0,4980,0,996,996,996,996,996,2026,33447,2026-09-20
화성시_중기지방재정계획_2026-2030.pdf,중기지방재정계획,2026~2030,백만원,친환경버스 도입 보 조,기간:2026~2030,5500,0,5500,0,550,700,850,1000,2400,2026,33460,2026-09-20
화성시_중기지방재정계획_2026-2030.pdf,중기지방재정계획,2026~2030,백만원,경기도 마을버스 운 수종사자 처우개선 비 지원,기간:2026~2030,5772,0,5772,0,1154,1154,1154,1154,1154,2026,33471,2026-09-20
화성시_중기지방재정계획_2026-2030.pdf,중기지방재정계획,2026~2030,백만원,교통편익시설 설치 및 정비,기간:25. 1. 1. ~ 30.,10750,0,10750,0,2150,2150,2150,2150,2150,2026,33486,2026-09-20
화성시_중기지방재정계획_2026-2030.pdf,중기지방재정계획,2026~2030,백만원,경기도 버스 인프라 지원(전환사업),기간:25. 1. 1. ~ 30.,3501,0,3501,0,597,645,696,752,812,2026,33498,2026-09-20
화성시_중기지방재정계획_2026-2030.pdf,중기지방재정계획,2026~2030,백만원,자 소  계 2026 2027 2028 2029 2030 The 경기패스 추가 지원,기간:연례반복,4980,0,4980,0,996,996,996,996,996,2026,33538,2026-09-20
화성시_중기지방재정계획_2026-2030.pdf,중기지방재정계획,2026~2030,백만원,친환경버스 도입 보 조,기간:2026~2030,5500,0,5500,0,550,700,850,1000,2400,2026,33551,2026-09-20
화성시_중기지방재정계획_2026-2030.pdf,중기지방재정계획,2026~2030,백만원,경기도 마을버스 운 수종사자 처우개선 비 지원,기간:2026~2030,5772,0,5772,0,1154,1154,1154,1154,1154,2026,33562,2026-09-20
화성시_중기지방재정계획_2026-2030.pdf,중기지방재정계획,2026~2030,백만원,교통편익시설 설치 및 정비,기간:25. 1. 1. ~ 30.,10750,0,10750,0,2150,2150,2150,2150,2150,2026,33577,2026-09-20
화성시_중기지방재정계획_2026-2030.pdf,중기지방재정계획,2026~2030,백만원,경기도 버스 인프라 지원(전환사업),기간:25. 1. 1. ~ 30.,3501,0,3501,0,597,645,696,752,812,2026,33589,2026-09-20
화성시_중기지방재정계획_2026-2030.pdf,중기지방재정계획,2026~2030,백만원,공공와이파이 통신 비 지원,기간:25. 1. 1. ~ 30.,863,0,863,0,173,173,173,173,173,2026,33630,2026-09-20
화성시_중기지방재정계획_2026-2030.pdf,중기지방재정계획,2026~2030,백만원,향남 버스공영차고 지 조성,기간:2022.01~2029.12,16600,1100,15500,0,0,4000,5000,5000,1500,2026,33644,2026-09-20
화성시_중기지방재정계획_2026-2030.pdf,중기지방재정계획,2026~2030,백만원,동탄권 버스공영차 고지 조성사업,기간:2025년 ~2029년,26000,0,26000,0,9400,0,0,2000,14600,2026,33656,2026-09-20
화성시_중기지방재정계획_2026-2030.pdf,중기지방재정계획,2026~2030,백만원,동탄버스공영차고지 운영,기간:2026.~2030.,1813,0,1813,0,363,363,363,363,363,2026,33669,2026-09-20
화성시_중기지방재정계획_2026-2030.pdf,중기지방재정계획,2026~2030,백만원,밀폐형 버스정류소 설치사업,기간:2026.~2030.,10699,0,10699,0,2100,1995,2095,2199,2309,2026,33682,2026-09-20
화성시_중기지방재정계획_2026-2030.pdf,중기지방재정계획,2026~2030,백만원,대중교통 소외지역 행복택시 운영,기간:2025.01~2028.12,12350,0,12350,0,2470,2470,2470,2470,2470,2026,33727,2026-09-20
화성시_중기지방재정계획_2026-2030.pdf,중기지방재정계획,2026~2030,백만원,택시 카드단말기 통 신료 지원,2026. 1. 1. ~ 2030. 12.,361,0,361,0,72,72,72,72,72,2026,33745,2026-09-20
화성시_중기지방재정계획_2026-2030.pdf,중기지방재정계획,2026~2030,백만원,택시 카드결제 수수 료 지원,기간:2026. 1. 1. ~,2049,0,2049,0,410,410,410,410,410,2026,33760,2026-09-20
화성시_중기지방재정계획_2026-2030.pdf,중기지방재정계획,2026~2030,백만원,법인택시 운수종사 자 처우개선 지원,기간:2026. 1. 1. ~,2690,0,2690,0,684,502,502,502,502,2026,33776,2026-09-20
화성시_중기지방재정계획_2026-2030.pdf,중기지방재정계획,2026~2030,백만원,대중교통 소외지역 행복택시 운영,기간:2025.01~2028.12,12350,0,12350,0,2470,2470,2470,2470,2470,2026,33823,2026-09-20
화성시_중기지방재정계획_2026-2030.pdf,중기지방재정계획,2026~2030,백만원,택시 카드단말기 통 신료 지원,2026. 1. 1. ~ 2030. 12.,361,0,361,0,72,72,72,72,72,2026,33841,2026-09-20
화성시_중기지방재정계획_2026-2030.pdf,중기지방재정계획,2026~2030,백만원,택시 카드결제 수수 료 지원,기간:2026. 1. 1. ~,2049,0,2049,0,410,410,410,410,410,2026,33856,2026-09-20
화성시_중기지방재정계획_2026-2030.pdf,중기지방재정계획,2026~2030,백만원,법인택시 운수종사 자 처우개선 지원,기간:2026. 1. 1. ~,2690,0,2690,0,684,502,502,502,502,2026,33872,2026-09-20
화성시_중기지방재정계획_2026-2030.pdf,중기지방재정계획,2026~2030,백만원,일반택시 장기무사 고 근속자 융자 지 원,2026. 1. 1. ~ 2030. 12. 31.,26,0,26,0,10,6,4,4,4,2026,33917,2026-09-20
화성시_중기지방재정계획_2026-2030.pdf,중기지방재정계획,2026~2030,백만원,운수업계 유가보조 금 지원(택시),기간:2026. 1. 1. ~2030.,7700,0,7700,0,1280,1280,1280,1580,2280,2026,33933,2026-09-20
화성시_중기지방재정계획_2026-2030.pdf,중기지방재정계획,2026~2030,백만원,택시 불법행위 지도 단속,2026. 1. 1. ~ 2030. 12.,12,0,12,0,2,2,2,2,2,2026,33946,2026-09-20
화성시_중기지방재정계획_2026-2030.pdf,중기지방재정계획,2026~2030,백만원,여객자동차 법규위 반 신고포상,2026. 1. 1. ~ 2030. 12. 31.,10,0,10,0,2,2,2,2,2,2026,33958,2026-09-20
화성시_중기지방재정계획_2026-2030.pdf,중기지방재정계획,2026~2030,백만원,노후택시 대폐차 비 용 지원,2026. 1. 1. ~ 2030. 12.,325,0,325,0,65,65,65,65,65,2026,33971,2026-09-20
화성시_중기지방재정계획_2026-2030.pdf,중기지방재정계획,2026~2030,백만원,운수업계 유가보조 금 지원(화물),기간:2026. 1. ~ 12.,81600,0,81600,0,14000,14000,14000,19800,19800,2026,34014,2026-09-20
화성시_중기지방재정계획_2026-2030.pdf,중기지방재정계획,2026~2030,백만원,공영주차장 위탁운 영,기간:2025. 1 ~ 2029.,44995,0,44995,0,8152,8561,8980,9420,9882,2026,34028,2026-09-20
화성시_중기지방재정계획_2026-2030.pdf,중기지방재정계획,2026~2030,백만원,동탄산단 공영주차 장 주차타워 조성공 사,기간:2026~2028,19100,0,19100,0,934,16995,1171,0,0,2026,34042,2026-09-20
화성시_중기지방재정계획_2026-2030.pdf,중기지방재정계획,2026~2030,백만원,동탄2지구 주12 공 영주차장 조성공사,기간:2026.1.1.~,2870,0,2870,0,0,0,956,957,957,2026,34053,2026-09-20
화성시_중기지방재정계획_2026-2030.pdf,중기지방재정계획,2026~2030,백만원,동탄2지구 주13 공 영주차장 조성공사,기간:2026.1.~2028.12.,2280,0,2280,0,1880,0,400,0,0,2026,34064,2026-09-20
화성시_중기지방재정계획_2026-2030.pdf,중기지방재정계획,2026~2030,백만원,운수업계 유가보조 금 지원(화물),기간:2026. 1. ~ 12.,81600,0,81600,0,14000,14000,14000,19800,19800,2026,34103,2026-09-20
화성시_중기지방재정계획_2026-2030.pdf,중기지방재정계획,2026~2030,백만원,공영주차장 위탁운 영,기간:2025. 1 ~ 2029.,44995,0,44995,0,8152,8561,8980,9420,9882,2026,34117,2026-09-20
화성시_중기지방재정계획_2026-2030.pdf,중기지방재정계획,2026~2030,백만원,동탄산단 공영주차 장 주차타워 조성공 사,기간:2026~2028,19100,0,19100,0,934,16995,1171,0,0,2026,34131,2026-09-20
화성시_중기지방재정계획_2026-2030.pdf,중기지방재정계획,2026~2030,백만원,동탄2지구 주12 공 영주차장 조성공사,기간:2026.1.1.~,2870,0,2870,0,0,0,956,957,957,2026,34142,2026-09-20
화성시_중기지방재정계획_2026-2030.pdf,중기지방재정계획,2026~2030,백만원,동탄2지구 주13 공 영주차장 조성공사,기간:2026.1.~2028.12.,2280,0,2280,0,1880,0,400,0,0,2026,34153,2026-09-20
화성시_중기지방재정계획_2026-2030.pdf,중기지방재정계획,2026~2030,백만원,자 소  계 2026 2027 2028 2029 2030 동탄2지구 주44 공 영주차장 조성공사,기간:2026.1.~2028.12.,2770,0,2770,0,2370,0,400,0,0,2026,34191,2026-09-20
화성시_중기지방재정계획_2026-2030.pdf,중기지방재정계획,2026~2030,백만원,동탄2지구 주63 공 영주차장 조성공사,2025. 5. ~ 2026. 12.,2624,2124,500,0,500,0,0,0,0,2026,34201,2026-09-20
화성시_중기지방재정계획_2026-2030.pdf,중기지방재정계획,2026~2030,백만원,태안3지구 주3 공영 주차장 조성공사,기간:2026.1.~12.,3570,0,3570,0,3200,0,370,0,0,2026,34212,2026-09-20
화성시_중기지방재정계획_2026-2030.pdf,중기지방재정계획,2026~2030,백만원,남양뉴타운 주12 공 영주차장 조성공사,2025. 5. ~ 2026. 12.,2470,70,2400,0,2400,0,0,0,0,2026,34222,2026-09-20
화성시_중기지방재정계획_2026-2030.pdf,중기지방재정계획,2026~2030,백만원,비봉지구 주1 공영 주차장 조성공사,기간:2025. 5. ~ 2026.,2270,70,2200,0,2200,0,0,0,0,2026,34233,2026-09-20
화성시_중기지방재정계획_2026-2030.pdf,중기지방재정계획,2026~2030,백만원,비봉지구 주6 공영 주차장 조성공사,기간:2026.1.~2028.12.,2105,0,2105,0,0,0,2105,0,0,2026,34245,2026-09-20
화성시_중기지방재정계획_2026-2030.pdf,중기지방재정계획,2026~2030,백만원,자 소  계 2026 2027 2028 2029 2030 제부도 1호 공영주 차장 조성공사,기간:2026.1.~2029.12.,4100,0,4100,0,0,0,3050,1050,0,2026,34284,2026-09-20
화성시_중기지방재정계획_2026-2030.pdf,중기지방재정계획,2026~2030,백만원,주차환경 개선사업,기간:연례반복,5190,0,5190,0,1038,1038,1038,1038,1038,2026,34294,2026-09-20
화성시_중기지방재정계획_2026-2030.pdf,중기지방재정계획,2026~2030,백만원,공영주차장 보수 및 관리,기간:연례반복,6610,0,6610,0,1242,1342,1342,1342,1342,2026,34306,2026-09-20
화성시_중기지방재정계획_2026-2030.pdf,중기지방재정계획,2026~2030,백만원,불법주정차 단속운 영 및 관리,기간:연례반복,8778,0,8778,0,1756,1756,1756,1756,1756,2026,34333,2026-09-20
화성시_중기지방재정계획_2026-2030.pdf,중기지방재정계획,2026~2030,백만원,주정차금지구역 도 색 및 표지판 설치,기간:2025.01~2030.12,15436,0,15436,0,970,995,4504,4484,4484,2026,34345,2026-09-20
화성시_중기지방재정계획_2026-2030.pdf,중기지방재정계획,2026~2030,백만원,자 소  계 2026 2027 2028 2029 2030 제부도 1호 공영주 차장 조성공사,기간:2026.1.~2029.12.,4100,0,4100,0,0,0,3050,1050,0,2026,34385,2026-09-20
화성시_중기지방재정계획_2026-2030.pdf,중기지방재정계획,2026~2030,백만원,주차환경 개선사업,기간:연례반복,5190,0,5190,0,1038,1038,1038,1038,1038,2026,34395,2026-09-20
화성시_중기지방재정계획_2026-2030.pdf,중기지방재정계획,2026~2030,백만원,공영주차장 보수 및 관리,기간:연례반복,6610,0,6610,0,1242,1342,1342,1342,1342,2026,34407,2026-09-20
화성시_중기지방재정계획_2026-2030.pdf,중기지방재정계획,2026~2030,백만원,불법주정차 단속운 영 및 관리,기간:연례반복,8778,0,8778,0,1756,1756,1756,1756,1756,2026,34434,2026-09-20
화성시_중기지방재정계획_2026-2030.pdf,중기지방재정계획,2026~2030,백만원,주정차금지구역 도 색 및 표지판 설치,기간:2025.01~2030.12,15436,0,15436,0,970,995,4504,4484,4484,2026,34446,2026-09-20
화성시_중기지방재정계획_2026-2030.pdf,중기지방재정계획,2026~2030,백만원,교통유발부담금 부 과 및 징수,기간:연례반복,1178,0,1178,0,285,285,202,202,202,2026,34487,2026-09-20
화성시_중기지방재정계획_2026-2030.pdf,중기지방재정계획,2026~2030,백만원,청사 운영 관리,기간:2025년~(매년 반복),2400,0,2400,0,480,480,480,480,480,2026,34499,2026-09-20
화성시_중기지방재정계획_2026-2030.pdf,중기지방재정계획,2026~2030,백만원,국가하천 유지보수,기간: 2026. 1. ~ 2030.,3000,0,3000,0,600,600,600,600,600,2026,34516,2026-09-20
화성시_중기지방재정계획_2026-2030.pdf,중기지방재정계획,2026~2030,백만원,이 자 소  계 2026 2027 2028 2029 2030 지방하천 유지관리,기간: 2026. 1.~2030.,15500,0,15500,0,3100,3100,3100,3100,3100,2026,34556,2026-09-20
화성시_중기지방재정계획_2026-2030.pdf,중기지방재정계획,2026~2030,백만원,지방하천 소규모 준 설,기간:2026.1. ~ 2030.12.,3000,0,3000,0,600,600,600,600,600,2026,34570,2026-09-20
화성시_중기지방재정계획_2026-2030.pdf,중기지방재정계획,2026~2030,백만원,통합건설사업관리 용역,기간:2024. 3. ~ 2028. 8.,5845,1800,4045,0,1400,1400,1245,0,0,2026,34583,2026-09-20
화성시_중기지방재정계획_2026-2030.pdf,중기지방재정계획,2026~2030,백만원,소하천정비(방하천) (전환사업),기간: 2016. 1. ~ 2027. 3.,18400,15150,3250,0,2300,950,0,0,0,2026,34597,2026-09-20
화성시_중기지방재정계획_2026-2030.pdf,중기지방재정계획,2026~2030,백만원,소하천정비(까치매 천)(전환사업),기간: 2018. 1. ~ 2027.,17400,15032,2368,0,1000,1368,0,0,0,2026,34608,2026-09-20
화성시_중기지방재정계획_2026-2030.pdf,중기지방재정계획,2026~2030,백만원,이 자 소  계 2026 2027 2028 2029 2030 지방하천 유지관리,기간: 2026. 1.~2030.,15500,0,15500,0,3100,3100,3100,3100,3100,2026,34653,2026-09-20
화성시_중기지방재정계획_2026-2030.pdf,중기지방재정계획,2026~2030,백만원,지방하천 소규모 준 설,기간:2026.1. ~ 2030.12.,3000,0,3000,0,600,600,600,600,600,2026,34667,2026-09-20
화성시_중기지방재정계획_2026-2030.pdf,중기지방재정계획,2026~2030,백만원,통합건설사업관리 용역,기간:2024. 3. ~ 2028. 8.,5845,1800,4045,0,1400,1400,1245,0,0,2026,34680,2026-09-20
화성시_중기지방재정계획_2026-2030.pdf,중기지방재정계획,2026~2030,백만원,소하천정비(방하천) (전환사업),기간: 2016. 1. ~ 2027. 3.,18400,15150,3250,0,2300,950,0,0,0,2026,34694,2026-09-20
화성시_중기지방재정계획_2026-2030.pdf,중기지방재정계획,2026~2030,백만원,소하천정비(까치매 천)(전환사업),기간: 2018. 1. ~ 2027.,17400,15032,2368,0,1000,1368,0,0,0,2026,34705,2026-09-20
화성시_중기지방재정계획_2026-2030.pdf,중기지방재정계획,2026~2030,백만원,자 소  계 2026 2027 2028 2029 2030 소하천정비(능안천) (전환사업),기간:2018. 1. ~ 2028.,25701,17150,8551,0,900,3600,1100,1100,1851,2026,34751,2026-09-20
화성시_중기지방재정계획_2026-2030.pdf,중기지방재정계획,2026~2030,백만원,소하천정비(주미골 천),기간:2019. 1. ~ 2028. 9.,14000,6200,7800,0,650,2730,2070,2350,0,2026,34764,2026-09-20
화성시_중기지방재정계획_2026-2030.pdf,중기지방재정계획,2026~2030,백만원,소하천정비(작골천) (전환사업),기간:2019. 1. ~ 2028. 12.,25714,7900,17814,0,700,2000,2000,4600,8514,2026,34778,2026-09-20
화성시_중기지방재정계획_2026-2030.pdf,중기지방재정계획,2026~2030,백만원,소하천정비(개월천),기간:2019. 1. ~ 2027. 10.,5030,2850,2180,0,0,1180,1000,0,0,2026,34788,2026-09-20
화성시_중기지방재정계획_2026-2030.pdf,중기지방재정계획,2026~2030,백만원,소하천정비(띠밭천) (전환사업),기간:2020. 1. ~ 2029. 12.,11400,1900,9500,0,0,400,3808,2646,2646,2026,34799,2026-09-20
화성시_중기지방재정계획_2026-2030.pdf,중기지방재정계획,2026~2030,백만원,소하천정비(돌서지 천)(전환사업),기간:2020. 1. ~ 2029.,21000,2386,18614,0,0,200,1414,7500,9500,2026,34810,2026-09-20
화성시_중기지방재정계획_2026-2030.pdf,중기지방재정계획,2026~2030,백만원,이 자 소  계 2026 2027 2028 2029 2030 소하천정비(기안천),기간:2024. 1. ~2026.,3100,200,2900,0,0,2900,0,0,0,2026,34850,2026-09-20
화성시_중기지방재정계획_2026-2030.pdf,중기지방재정계획,2026~2030,백만원,소하천정비(가재천),기간:2022. 1. ~ 2027. 12.,6000,200,5800,0,0,4600,1200,0,0,2026,34862,2026-09-20
화성시_중기지방재정계획_2026-2030.pdf,중기지방재정계획,2026~2030,백만원,소하천정비(동학천),기간:2023. 1. ~ 2028. 12.,7500,320,7180,0,0,0,4750,2430,0,2026,34872,2026-09-20
화성시_중기지방재정계획_2026-2030.pdf,중기지방재정계획,2026~2030,백만원,소하천정비(갈천천) (2공구),기간:2023. 1. ~ 2030. 12.,11000,280,10720,0,0,260,5500,3500,1460,2026,34883,2026-09-20
화성시_중기지방재정계획_2026-2030.pdf,중기지방재정계획,2026~2030,백만원,소하천정비(삼정천),기간:2023. 3 ~ 2029. 12,18950,600,18350,0,0,6100,6100,6150,0,2026,34893,2026-09-20
화성시_중기지방재정계획_2026-2030.pdf,중기지방재정계획,2026~2030,백만원,소하천정비(평리천),기간:2024. 1. ~ 2029.,24000,400,23600,0,500,950,1000,7650,13500,2026,34906,2026-09-20
화성시_중기지방재정계획_2026-2030.pdf,중기지방재정계획,2026~2030,백만원,이 자 소  계 2026 2027 2028 2029 2030 소하천정비(기안천),기간:2024. 1. ~2026.,3100,200,2900,0,0,2900,0,0,0,2026,34947,2026-09-20
화성시_중기지방재정계획_2026-2030.pdf,중기지방재정계획,2026~2030,백만원,소하천정비(가재천),기간:2022. 1. ~ 2027. 12.,6000,200,5800,0,0,4600,1200,0,0,2026,34959,2026-09-20
화성시_중기지방재정계획_2026-2030.pdf,중기지방재정계획,2026~2030,백만원,소하천정비(동학천),기간:2023. 1. ~ 2028. 12.,7500,320,7180,0,0,0,4750,2430,0,2026,34969,2026-09-20
화성시_중기지방재정계획_2026-2030.pdf,중기지방재정계획,2026~2030,백만원,소하천정비(갈천천) (2공구),기간:2023. 1. ~ 2030. 12.,11000,280,10720,0,0,260,5500,3500,1460,2026,34980,2026-09-20
화성시_중기지방재정계획_2026-2030.pdf,중기지방재정계획,2026~2030,백만원,소하천정비(삼정천),기간:2023. 3 ~ 2029. 12,18950,600,18350,0,0,6100,6100,6150,0,2026,34990,2026-09-20
화성시_중기지방재정계획_2026-2030.pdf,중기지방재정계획,2026~2030,백만원,소하천정비(평리천),기간:2024. 1. ~ 2029.,24000,400,23600,0,500,950,1000,7650,13500,2026,35003,2026-09-20
화성시_중기지방재정계획_2026-2030.pdf,중기지방재정계획,2026~2030,백만원,자 소  계 2026 2027 2028 2029 2030 소하천정비(삼벵이 천),기간:2025. 1. ~ 2029. 12.,18624,300,18324,0,50,1124,1124,10126,5900,2026,35045,2026-09-20
화성시_중기지방재정계획_2026-2030.pdf,중기지방재정계획,2026~2030,백만원,소하천 정비(미럭천 ),기간:2026. 1. ~ 2030. 12.,7000,0,7000,0,200,1000,1500,2300,2000,2026,35056,2026-09-20
화성시_중기지방재정계획_2026-2030.pdf,중기지방재정계획,2026~2030,백만원,소하천정비(안길천),기간:2026. 1. ~ 2030. 12.,7500,0,7500,0,200,1000,2000,2000,2300,2026,35066,2026-09-20
화성시_중기지방재정계획_2026-2030.pdf,중기지방재정계획,2026~2030,백만원,소하천정비(까치매 천)(2공구),기간:2023. 10. ~ 2028. 12.,4300,200,4100,0,0,200,2000,1900,0,2026,35077,2026-09-20
화성시_중기지방재정계획_2026-2030.pdf,중기지방재정계획,2026~2030,백만원,소하천정비종합계획 재수립,기간:2022.03~2027.12.,3900,2500,1400,0,1400,0,0,0,0,2026,35088,2026-09-20
화성시_중기지방재정계획_2026-2030.pdf,중기지방재정계획,2026~2030,백만원,황계지구 풍수해생 활권 종합정비사업,기간: 2023. 3. ~ 2029. 12.,34352,600,33752,0,1800,4000,4000,15952,8000,2026,35101,2026-09-20
화성시_중기지방재정계획_2026-2030.pdf,중기지방재정계획,2026~2030,백만원,소하천 유지관리,기간: 2026. 1.~2030.,5000,0,5000,0,1000,1000,1000,1000,1000,2026,35146,2026-09-20
화성시_중기지방재정계획_2026-2030.pdf,중기지방재정계획,2026~2030,백만원,소하천 제방보수(만 세구),기간: 2026.1.1.~,5200,0,5200,0,1040,1040,1040,1040,1040,2026,35162,2026-09-20
화성시_중기지방재정계획_2026-2030.pdf,중기지방재정계획,2026~2030,백만원,소하천 유지관리(만 세구),기간: 2026.1.1.~,17500,0,17500,0,3500,3500,3500,3500,3500,2026,35174,2026-09-20
화성시_중기지방재정계획_2026-2030.pdf,중기지방재정계획,2026~2030,백만원,구거정비 공사(만세 구),기간: 2026.1.~2030.12.,3446,0,3446,0,646,700,700,700,700,2026,35186,2026-09-20
화성시_중기지방재정계획_2026-2030.pdf,중기지방재정계획,2026~2030,백만원,소하천 유지관리,기간: 2026. 1.~2030.,5000,0,5000,0,1000,1000,1000,1000,1000,2026,35231,2026-09-20
화성시_중기지방재정계획_2026-2030.pdf,중기지방재정계획,2026~2030,백만원,소하천 제방보수(만 세구),기간: 2026.1.1.~,5200,0,5200,0,1040,1040,1040,1040,1040,2026,35247,2026-09-20
화성시_중기지방재정계획_2026-2030.pdf,중기지방재정계획,2026~2030,백만원,소하천 유지관리(만 세구),기간: 2026.1.1.~,17500,0,17500,0,3500,3500,3500,3500,3500,2026,35259,2026-09-20
화성시_중기지방재정계획_2026-2030.pdf,중기지방재정계획,2026~2030,백만원,구거정비 공사(만세 구),기간: 2026.1.~2030.12.,3446,0,3446,0,646,700,700,700,700,2026,35271,2026-09-20
화성시_중기지방재정계획_2026-2030.pdf,중기지방재정계획,2026~2030,백만원,소하천 제방보수(효 행구),기간: 2026.01.01.~,500,0,500,0,100,100,100,100,100,2026,35315,2026-09-20
화성시_중기지방재정계획_2026-2030.pdf,중기지방재정계획,2026~2030,백만원,소하천 유지관리(효 행구),기간: 2026.1.1.~,7500,0,7500,0,1500,1500,1500,1500,1500,2026,35327,2026-09-20
화성시_중기지방재정계획_2026-2030.pdf,중기지방재정계획,2026~2030,백만원,2035 도시관리계획( 재정비) 용역,기간:2025년~2028년,1800,0,1800,0,1000,800,0,0,0,2026,35342,2026-09-20
화성시_중기지방재정계획_2026-2030.pdf,중기지방재정계획,2026~2030,백만원,개발제한구역 주민 지원사업,기간:2026.1.1. ~,15814,0,15814,0,3669,3852,4045,4247,0,2026,35358,2026-09-20
화성시_중기지방재정계획_2026-2030.pdf,중기지방재정계획,2026~2030,백만원,도시재생 뉴딜사업 황계지역,기간:2019.01~2025.12,15000,15000,0,0,0,0,0,0,0,2026,35405,2026-09-20
화성시_중기지방재정계획_2026-2030.pdf,중기지방재정계획,2026~2030,백만원,도시재생 뉴딜사업 황계지역,기간:2019.01~2025.12,15000,15000,0,0,0,0,0,0,0,2026,35427,2026-09-20
화성시_중기지방재정계획_2026-2030.pdf,중기지방재정계획,2026~2030,백만원,송산지역 도시재생 뉴딜사업,기간:2021.01.01~2026.12.31.,33292,28203,5089,0,5089,0,0,0,0,2026,35446,2026-09-20
화성시_중기지방재정계획_2026-2030.pdf,중기지방재정계획,2026~2030,백만원,도시재생 뉴딜사업 황계지역,기간:2019.01~2025.12,15000,15000,0,0,0,0,0,0,0,2026,35491,2026-09-20
화성시_중기지방재정계획_2026-2030.pdf,중기지방재정계획,2026~2030,백만원,도시재생 뉴딜사업 황계지역,기간:2019.01~2025.12,15000,15000,0,0,0,0,0,0,0,2026,35513,2026-09-20
화성시_중기지방재정계획_2026-2030.pdf,중기지방재정계획,2026~2030,백만원,송산지역 도시재생 뉴딜사업,기간:2021.01.01~2026.12.31.,33292,28203,5089,0,5089,0,0,0,0,2026,35532,2026-09-20
화성시_중기지방재정계획_2026-2030.pdf,중기지방재정계획,2026~2030,백만원,병점지역 도시재생 뉴딜사업,기간:2021.01~2030.12,33885,22936,10948,0,7368,2283,575,361,361,2026,35580,2026-09-20
화성시_중기지방재정계획_2026-2030.pdf,중기지방재정계획,2026~2030,백만원,병점 스마트 도시재 생뉴딜사업,기간:2021.07~2030.12.,5400,2930,2470,0,300,543,543,543,543,2026,35599,2026-09-20
화성시_중기지방재정계획_2026-2030.pdf,중기지방재정계획,2026~2030,백만원,공동주택 공용시설 개보수 지원사업,기간: 2026. 1. ~ 2030. 12.,10000,0,10000,0,2000,2000,2000,2000,2000,2026,35648,2026-09-20
화성시_중기지방재정계획_2026-2030.pdf,중기지방재정계획,2026~2030,백만원,공동주택 안전관련 시설 설치 비용 지 원사업,기간: 2026. 1. ~ 2030. 12.,1750,0,1750,0,350,350,350,350,350,2026,35664,2026-09-20
화성시_중기지방재정계획_2026-2030.pdf,중기지방재정계획,2026~2030,백만원,공동주택 승강기 교 체 및 보수 지원사 업,기간: 2026. 1. ~ 2030. 12.,12000,0,12000,0,2400,2400,2400,2400,2400,2026,35681,2026-09-20
화성시_중기지방재정계획_2026-2030.pdf,중기지방재정계획,2026~2030,백만원,공동주택 경비실 에 어컨 설치 비용 지 원사업,기간: 2026. 1. ~ 2030. 12.,144,0,144,0,29,29,29,29,29,2026,35698,2026-09-20
화성시_중기지방재정계획_2026-2030.pdf,중기지방재정계획,2026~2030,백만원,공동주택 공용시설 개보수 지원사업,기간: 2026. 1. ~ 2030. 12.,10000,0,10000,0,2000,2000,2000,2000,2000,2026,35745,2026-09-20
화성시_중기지방재정계획_2026-2030.pdf,중기지방재정계획,2026~2030,백만원,공동주택 안전관련 시설 설치 비용 지 원사업,기간: 2026. 1. ~ 2030. 12.,1750,0,1750,0,350,350,350,350,350,2026,35761,2026-09-20
화성시_중기지방재정계획_2026-2030.pdf,중기지방재정계획,2026~2030,백만원,공동주택 승강기 교 체 및 보수 지원사 업,기간: 2026. 1. ~ 2030. 12.,12000,0,12000,0,2400,2400,2400,2400,2400,2026,35778,2026-09-20
화성시_중기지방재정계획_2026-2030.pdf,중기지방재정계획,2026~2030,백만원,공동주택 경비실 에 어컨 설치 비용 지 원사업,기간: 2026. 1. ~ 2030. 12.,144,0,144,0,29,29,29,29,29,2026,35795,2026-09-20
화성시_중기지방재정계획_2026-2030.pdf,중기지방재정계획,2026~2030,백만원,공동주택 경비 및 청소 노동자 휴게시 설 개선 지원사업,기간: 2026. 1. ~ 2030. 12.,1100,0,1100,0,220,220,220,220,220,2026,35840,2026-09-20
화성시_중기지방재정계획_2026-2030.pdf,중기지방재정계획,2026~2030,백만원,공공임대주택 공동 전기료 지원사업,기간: 2026. 1. ~ 2030. 12.,950,0,950,0,190,190,190,190,190,2026,35857,2026-09-20
화성시_중기지방재정계획_2026-2030.pdf,중기지방재정계획,2026~2030,백만원,건축사 업무대행,기간:2026. 1. ~ 2030. 12.,3900,0,3900,0,780,780,780,780,780,2026,35873,2026-09-20
화성시_중기지방재정계획_2026-2030.pdf,중기지방재정계획,2026~2030,백만원,소규모 공동주택 지 원,기간: 2025.~2029.,3250,0,3250,0,650,650,650,650,650,2026,35887,2026-09-20
화성시_중기지방재정계획_2026-2030.pdf,중기지방재정계획,2026~2030,백만원,발전소주변지역 공 공사회복지,기간:2025.1.~2030.12.,3918,0,3918,0,784,784,784,784,784,2026,35940,2026-09-20
화성시_중기지방재정계획_2026-2030.pdf,중기지방재정계획,2026~2030,백만원,발전소주변지역 융 자지원사업,기간:2025.1.~2030.12.,3055,0,3055,0,611,611,611,611,611,2026,35958,2026-09-20
화성시_중기지방재정계획_2026-2030.pdf,중기지방재정계획,2026~2030,백만원,천연가스 생산기지 주변지역 지원(특별 ),기간:2025.1.~2030.12.,3123,0,3123,0,606,615,625,634,643,2026,35974,2026-09-20
화성시_중기지방재정계획_2026-2030.pdf,중기지방재정계획,2026~2030,백만원,화성시민캠퍼스 운 영관리,기간:2025.01~2029.12,2324,0,2324,0,400,412,424,537,550,2026,35988,2026-09-20
화성시_중기지방재정계획_2026-2030.pdf,중기지방재정계획,2026~2030,백만원,발전소주변지역 공 공사회복지,기간:2025.1.~2030.12.,3918,0,3918,0,784,784,784,784,784,2026,36034,2026-09-20
화성시_중기지방재정계획_2026-2030.pdf,중기지방재정계획,2026~2030,백만원,발전소주변지역 융 자지원사업,기간:2025.1.~2030.12.,3055,0,3055,0,611,611,611,611,611,2026,36052,2026-09-20
화성시_중기지방재정계획_2026-2030.pdf,중기지방재정계획,2026~2030,백만원,천연가스 생산기지 주변지역 지원(특별 ),기간:2025.1.~2030.12.,3123,0,3123,0,606,615,625,634,643,2026,36068,2026-09-20
화성시_중기지방재정계획_2026-2030.pdf,중기지방재정계획,2026~2030,백만원,화성시민캠퍼스 운 영관리,기간:2025.01~2029.12,2324,0,2324,0,400,412,424,537,550,2026,36082,2026-09-20
화성시_중기지방재정계획_2026-2030.pdf,중기지방재정계획,2026~2030,백만원,풀무골 수변공원 조 성,기간:2015.08~2027.12.,15130,15130,0,0,0,0,0,0,0,2026,36122,2026-09-20
화성시_중기지방재정계획_2026-2030.pdf,중기지방재정계획,2026~2030,백만원,장지저수지 주변 생 태형 문화공원 조성,기간:2019. 05. 01. ~,48365,27986,20379,0,2000,3605,4774,10000,0,2026,36134,2026-09-20
화성시_중기지방재정계획_2026-2030.pdf,중기지방재정계획,2026~2030,백만원,병점근린공원 리모 델링,기간:2024. 1. 1. ~,1050,550,500,0,500,0,0,0,0,2026,36146,2026-09-20
화성시_중기지방재정계획_2026-2030.pdf,중기지방재정계획,2026~2030,백만원,만의공원 조성사업,기간:2025. 1. ~ 2028.,12060,0,12060,0,1190,4670,6200,0,0,2026,36160,2026-09-20
화성시_중기지방재정계획_2026-2030.pdf,중기지방재정계획,2026~2030,백만원,장기미집행 공원조 성,기간:2019. 4. ~ 2030.,104746,48748,55998,0,24055,7986,7986,7986,7986,2026,36172,2026-09-20
화성시_중기지방재정계획_2026-2030.pdf,중기지방재정계획,2026~2030,백만원,자 소  계 2026 2027 2028 2029 2030 제부도 근린공원 조 성,기간:2021.12~2026.10,12405,8684,3721,0,3721,0,0,0,0,2026,36213,2026-09-20
화성시_중기지방재정계획_2026-2030.pdf,중기지방재정계획,2026~2030,백만원,담봉 근린공원 진입 도로 조성,기간:2019. 4. ~ 2027.,1285,0,1285,0,55,1230,0,0,0,2026,36228,2026-09-20
화성시_중기지방재정계획_2026-2030.pdf,중기지방재정계획,2026~2030,백만원,새솔동 시화 친수공 간 특화 조성(2단계 ),기간:2025. 1. ~ 2028.,6281,380,5901,0,1900,0,4001,0,0,2026,36242,2026-09-20
화성시_중기지방재정계획_2026-2030.pdf,중기지방재정계획,2026~2030,백만원,손바닥공원 리모델 링 사업,기간:2024. 1. ~ 2026.,415,415,0,0,0,0,0,0,0,2026,36255,2026-09-20
화성시_중기지방재정계획_2026-2030.pdf,중기지방재정계획,2026~2030,백만원,쌈지공원 조성(전환 사업),기간:2025. 1. ~ 2029. 12.,2000,0,2000,0,650,450,450,450,0,2026,36271,2026-09-20
화성시_중기지방재정계획_2026-2030.pdf,중기지방재정계획,2026~2030,백만원,자 소  계 2026 2027 2028 2029 2030 제부도 근린공원 조 성,기간:2021.12~2026.10,12405,8684,3721,0,3721,0,0,0,0,2026,36310,2026-09-20
화성시_중기지방재정계획_2026-2030.pdf,중기지방재정계획,2026~2030,백만원,담봉 근린공원 진입 도로 조성,기간:2019. 4. ~ 2027.,1285,0,1285,0,55,1230,0,0,0,2026,36325,2026-09-20
화성시_중기지방재정계획_2026-2030.pdf,중기지방재정계획,2026~2030,백만원,새솔동 시화 친수공 간 특화 조성(2단계 ),기간:2025. 1. ~ 2028.,6281,380,5901,0,1900,0,4001,0,0,2026,36339,2026-09-20
화성시_중기지방재정계획_2026-2030.pdf,중기지방재정계획,2026~2030,백만원,손바닥공원 리모델 링 사업,기간:2024. 1. ~ 2026.,415,415,0,0,0,0,0,0,0,2026,36352,2026-09-20
화성시_중기지방재정계획_2026-2030.pdf,중기지방재정계획,2026~2030,백만원,쌈지공원 조성(전환 사업),기간:2025. 1. ~ 2029. 12.,2000,0,2000,0,650,450,450,450,0,2026,36368,2026-09-20
화성시_중기지방재정계획_2026-2030.pdf,중기지방재정계획,2026~2030,백만원,우리꽃식물원 식물 관리,기간:2025. 1. ~ 2029.,2580,0,2580,0,645,645,645,645,0,2026,36411,2026-09-20
화성시_중기지방재정계획_2026-2030.pdf,중기지방재정계획,2026~2030,백만원,우리꽃식물원 경관 조성,기간:2026.01~2030.12,4349,749,3600,0,0,900,900,900,900,2026,36424,2026-09-20
화성시_중기지방재정계획_2026-2030.pdf,중기지방재정계획,2026~2030,백만원,여울공원 전시온실( 식물원) 건립,기간:2023. 10. ~ 2027. 11.,53754,16739,37015,0,20000,10166,6849,0,0,2026,36438,2026-09-20
화성시_중기지방재정계획_2026-2030.pdf,중기지방재정계획,2026~2030,백만원,동부권 공공정원화 사업,기간:2024. 10. ~ 2027. 12.,31400,1867,29533,0,0,14657,4958,4959,4959,2026,36450,2026-09-20
화성시_중기지방재정계획_2026-2030.pdf,중기지방재정계획,2026~2030,백만원,우리꽃식물원 확장 사업,기간:2025. 1. ~ 2017. 12.,18000,5363,12637,0,250,6387,3000,3000,0,2026,36506,2026-09-20
화성시_중기지방재정계획_2026-2030.pdf,중기지방재정계획,2026~2030,백만원,지역사회 통합건강 증진사업 인건비(효 행구),2026. 1. ~ 2030. 12.,345,0,345,0,69,69,69,69,69,2026,36527,2026-09-20
화성시_중기지방재정계획_2026-2030.pdf,중기지방재정계획,2026~2030,백만원,우리꽃식물원 확장 사업,기간:2025. 1. ~ 2017. 12.,18000,5363,12637,0,250,6387,3000,3000,0,2026,36580,2026-09-20
화성시_중기지방재정계획_2026-2030.pdf,중기지방재정계획,2026~2030,백만원,지역사회 통합건강 증진사업 인건비(효 행구),2026. 1. ~ 2030. 12.,345,0,345,0,69,69,69,69,69,2026,36601,2026-09-20
