재정국(예산재정과)
2026~2030년
화성시 
중기지방재정계획
HWASEONG CITY





중기지방재정계획 개요
1. 제도 개요
2. 계획 수립 및 방향
Ⅰ

- 3 -
- 4 -
- 5 -
- 6 -
시정 현황
1. 시정 일반현황
2. 시정 운영방향
Ⅱ

- 9 -
- 10 -
- 11 -
- 12 -
- 13 -
- 14 -
- 15 -

중기 재정운용 여건 및 방향
1. 국내외 재정운용 여건 및 방향
2. 화성시 재정운용 여건 및 방향
Ⅲ

- 19 -
- 20 -
- 21 -
- 22 -
- 23 -
- 24 -
- 25 -
- 26 -
- 27 -

중기지방재정계획
1. 재정계획 총괄
2. 중기재정계획
Ⅳ

- 31 -
- 32 -
- 33 -
- 34 -
- 35 -
- 36 -
- 37 -
- 38 -
- 39 -
- 40 -
- 41 -
- 42 -
- 43 -
- 44 -
- 45 -
- 46 -
- 47 -
- 48 -
- 49 -
- 50 -
- 51 -
- 52 -
- 53 -
- 54 -
- 55 -
- 56 -
- 57 -
- 58 -
- 59 -
- 60 -
- 61 -
- 62 -
- 63 -
- 64 -
- 65 -
- 66 -
- 67 -
- 68 -
- 69 -
- 70 -
- 71 -
- 72 -
- 73 -
- 74 -
- 75 -
- 76 -
- 77 -
- 78 -
- 79 -
- 80 -
- 81 -
- 82 -
- 83 -
- 84 -
- 85 -
- 86 -
- 87 -
- 88 -
- 89 -
- 90 -
- 91 -
- 92 -
분야별 투자계획
Ⅴ

- 95 -
- 96 -
- 97 -
- 98 -
- 99 -
- 100 -
- 101 -
- 102 -
- 103 -
- 104 -
- 105 -
- 106 -
- 107 -

분야별 세부 사업계획서
1. 부문별 현황(총괄)
2. 세부사업계획서
Ⅵ
- 111 -
  부문별 현황(총괄)1
- 111 -
  부문별 현황(총괄)1
- 111 -
- 113 -
중중기기지지방방재재정정계계획획((22002266  ~~  22003300))  부부문문별별  현현황황((총총괄괄))
회계구분 : 일반 , 특별회계 , 기금
분    야 : 전체
부    문 : 전체 (단위 : 백만원)
분야·부문별1 건수 비율 재원 총사업비 기투자
연     도     별     투     자     계     획
향  후
소  계 2026 2027 2028 2029 2030
합 계 1,166 100.0
계 27,677,497 2,820,612 24,476,177 4,443,162 4,927,709 5,011,275 5,016,439 5,077,592 380,708
의무 13,133,582 930,042 12,202,996 2,428,922 2,479,475 2,447,775 2,391,204 2,455,620 543
재량 14,543,915 1,890,570 12,273,180 2,014,240 2,448,233 2,563,500 2,625,235 2,621,972 380,165
국고보조금 4,060,552 105,288 3,954,885 777,303 807,617 793,855 783,531 792,579 380
균특보조금 218,459 63,611 154,848 39,476 28,050 23,737 33,554 30,031 0
기금보조금 3,000 3,000 0 0 0 0 0 0 0
시도비 1,541,854 93,386 1,448,386 300,462 289,053 285,286 286,903 286,682 81
시군구비 21,587,067 2,551,407 18,655,413 3,256,564 3,711,573 3,821,282 3,897,694 3,968,300 380,246
지방소멸대응기
금 0 0 0 0 0 0 0 0 0
지방채 266,565 3,920 262,645 69,357 91,415 87,115 14,758 0 0
(채무부담) 0 0 0 0 0 0 0 0 0
(민자 등) 1,833,345 312,186 1,060,718 110,664 27,120 27,038 534,902 360,994 460,440
(010) 일반공공행정 107 11.3
계 2,810,668 46,111 2,764,556 579,761 517,149 514,916 563,733 588,998 0
의무 358,577 0 358,577 78,715 67,739 68,156 70,853 73,115 0
재량 2,452,090 46,111 2,405,979 501,046 449,411 446,760 492,880 515,883 0
국고보조금 5,928 0 5,928 1,216 1,218 1,220 1,222 1,052 0
균특보조금 5,274 5,000 274 55 55 55 55 55 0
기금보조금 0 0 0 0 0 0 0 0 0
시도비 2,388 0 2,388 595 448 448 448 448 0
시군구비 2,783,078 41,111 2,741,966 563,894 515,429 513,193 562,007 587,443 0
지방소멸대응기
금 0 0 0 0 0 0 0 0 0
지방채 14,000 0 14,000 14,000 0 0 0 0 0
(채무부담) 0 0 0 0 0 0 0 0 0
(민자 등) 0 0 0 0 0 0 0 0 0
- 113 -
중중기기지지방방재재정정계계획획((22002266  ~~  22003300))  부부문문별별  현현황황((총총괄괄))
회계구분 : 일반 , 특별회계 , 기금
분    야 : 전체
부    문 : 전체 (단위 : 백만원)
분야·부문별1 건수 비율 재원 총사업비 기투자
연     도     별     투     자     계     획
향  후
소  계 2026 2027 2028 2029 2030
합 계 1,166 100.0
계 27,677,497 2,820,612 24,476,177 4,443,162 4,927,709 5,011,275 5,016,439 5,077,592 380,708
의무 13,133,582 930,042 12,202,996 2,428,922 2,479,475 2,447,775 2,391,204 2,455,620 543
재량 14,543,915 1,890,570 12,273,180 2,014,240 2,448,233 2,563,500 2,625,235 2,621,972 380,165
국고보조금 4,060,552 105,288 3,954,885 777,303 807,617 793,855 783,531 792,579 380
균특보조금 218,459 63,611 154,848 39,476 28,050 23,737 33,554 30,031 0
기금보조금 3,000 3,000 0 0 0 0 0 0 0
시도비 1,541,854 93,386 1,448,386 300,462 289,053 285,286 286,903 286,682 81
시군구비 21,587,067 2,551,407 18,655,413 3,256,564 3,711,573 3,821,282 3,897,694 3,968,300 380,246
지방소멸대응기
금 0 0 0 0 0 0 0 0 0
지방채 266,565 3,920 262,645 69,357 91,415 87,115 14,758 0 0
(채무부담) 0 0 0 0 0 0 0 0 0
(민자 등) 1,833,345 312,186 1,060,718 110,664 27,120 27,038 534,902 360,994 460,440
(010) 일반공공행정 107 11.3
계 2,810,668 46,111 2,764,556 579,761 517,149 514,916 563,733 588,998 0
의무 358,577 0 358,577 78,715 67,739 68,156 70,853 73,115 0
재량 2,452,090 46,111 2,405,979 501,046 449,411 446,760 492,880 515,883 0
국고보조금 5,928 0 5,928 1,216 1,218 1,220 1,222 1,052 0
균특보조금 5,274 5,000 274 55 55 55 55 55 0
기금보조금 0 0 0 0 0 0 0 0 0
시도비 2,388 0 2,388 595 448 448 448 448 0
시군구비 2,783,078 41,111 2,741,966 563,894 515,429 513,193 562,007 587,443 0
지방소멸대응기
금 0 0 0 0 0 0 0 0 0
지방채 14,000 0 14,000 14,000 0 0 0 0 0
(채무부담) 0 0 0 0 0 0 0 0 0
(민자 등) 0 0 0 0 0 0 0 0 0
- 113 -
- 114 -
중중기기지지방방재재정정계계획획((22002266  ~~  22003300))  부부문문별별  현현황황((총총괄괄))
회계구분 : 일반 , 특별회계 , 기금
분    야 : 전체
부    문 : 전체 (단위 : 백만원)
분야·부문별1 건수 비율 재원 총사업비 기투자
연     도     별     투     자     계     획
향  후
소  계 2026 2027 2028 2029 2030
(011) 입법및선거관
리 5 0.1
계 32,169 0 32,169 12,481 4,919 4,921 4,923 4,925 0
의무 22,825 0 22,825 10,496 3,081 3,082 3,082 3,083 0
재량 9,344 0 9,344 1,984 1,838 1,839 1,840 1,842 0
국고보조금 0 0 0 0 0 0 0 0 0
균특보조금 0 0 0 0 0 0 0 0 0
기금보조금 0 0 0 0 0 0 0 0 0
시도비 46 0 46 46 0 0 0 0 0
시군구비 32,122 0 32,122 12,434 4,919 4,921 4,923 4,925 0
지방소멸대응기
금 0 0 0 0 0 0 0 0 0
지방채 0 0 0 0 0 0 0 0 0
(채무부담) 0 0 0 0 0 0 0 0 0
(민자 등) 0 0 0 0 0 0 0 0 0
(013) 지방행정ㆍ재
정지원 7 0.6
계 156,938 0 156,938 40,352 10,388 10,422 40,457 55,319 0
의무 7,352 0 7,352 1,491 1,497 1,505 1,512 1,347 0
재량 149,586 0 149,586 38,861 8,891 8,917 38,945 53,973 0
국고보조금 668 0 668 164 166 168 170 0 0
균특보조금 0 0 0 0 0 0 0 0 0
기금보조금 0 0 0 0 0 0 0 0 0
시도비 476 0 476 95 95 95 95 95 0
시군구비 155,794 0 155,794 40,093 10,127 10,159 40,191 55,224 0
지방소멸대응기
금 0 0 0 0 0 0 0 0 0
지방채 0 0 0 0 0 0 0 0 0
(채무부담) 0 0 0 0 0 0 0 0 0
(민자 등) 0 0 0 0 0 0 0 0 0
- 115 -
중중기기지지방방재재정정계계획획((22002266  ~~  22003300))  부부문문별별  현현황황((총총괄괄))
회계구분 : 일반 , 특별회계 , 기금
분    야 : 전체
부    문 : 전체 (단위 : 백만원)
분야·부문별1 건수 비율 재원 총사업비 기투자
연     도     별     투     자     계     획
향  후
소  계 2026 2027 2028 2029 2030
(016) 일반행정 95 10.5
계 2,621,561 46,111 2,575,450 526,928 501,842 499,573 518,353 528,754 0
의무 328,401 0 328,401 66,727 63,160 63,570 66,258 68,685 0
재량 2,293,160 46,111 2,247,049 460,201 438,682 436,003 452,095 460,068 0
국고보조금 5,260 0 5,260 1,052 1,052 1,052 1,052 1,052 0
균특보조금 5,274 5,000 274 55 55 55 55 55 0
기금보조금 0 0 0 0 0 0 0 0 0
시도비 1,866 0 1,866 454 353 353 353 353 0
시군구비 2,595,161 41,111 2,554,050 511,367 500,382 498,113 516,893 527,294 0
지방소멸대응기
금 0 0 0 0 0 0 0 0 0
지방채 14,000 0 14,000 14,000 0 0 0 0 0
(채무부담) 0 0 0 0 0 0 0 0 0
(민자 등) 0 0 0 0 0 0 0 0 0
(020) 공공질서및안전 12 2.4
계 591,150 0 591,150 103,517 107,989 113,986 127,100 138,558 0
의무 101,622 0 101,622 20,759 19,700 19,687 20,680 20,796 0
재량 489,528 0 489,528 82,758 88,290 94,299 106,420 117,762 0
국고보조금 271 0 271 54 54 54 54 54 0
균특보조금 0 0 0 0 0 0 0 0 0
기금보조금 0 0 0 0 0 0 0 0 0
시도비 2,749 0 2,749 550 550 550 550 550 0
시군구비 588,130 0 588,130 102,912 107,385 113,382 126,496 137,954 0
지방소멸대응기
금 0 0 0 0 0 0 0 0 0
지방채 0 0 0 0 0 0 0 0 0
(채무부담) 0 0 0 0 0 0 0 0 0
(민자 등) 0 0 0 0 0 0 0 0 0
- 114 -
- 115 -
중중기기지지방방재재정정계계획획((22002266  ~~  22003300))  부부문문별별  현현황황((총총괄괄))
회계구분 : 일반 , 특별회계 , 기금
분    야 : 전체
부    문 : 전체 (단위 : 백만원)
분야·부문별1 건수 비율 재원 총사업비 기투자
연     도     별     투     자     계     획
향  후
소  계 2026 2027 2028 2029 2030
(016) 일반행정 95 10.5
계 2,621,561 46,111 2,575,450 526,928 501,842 499,573 518,353 528,754 0
의무 328,401 0 328,401 66,727 63,160 63,570 66,258 68,685 0
재량 2,293,160 46,111 2,247,049 460,201 438,682 436,003 452,095 460,068 0
국고보조금 5,260 0 5,260 1,052 1,052 1,052 1,052 1,052 0
균특보조금 5,274 5,000 274 55 55 55 55 55 0
기금보조금 0 0 0 0 0 0 0 0 0
시도비 1,866 0 1,866 454 353 353 353 353 0
시군구비 2,595,161 41,111 2,554,050 511,367 500,382 498,113 516,893 527,294 0
지방소멸대응기
금 0 0 0 0 0 0 0 0 0
지방채 14,000 0 14,000 14,000 0 0 0 0 0
(채무부담) 0 0 0 0 0 0 0 0 0
(민자 등) 0 0 0 0 0 0 0 0 0
(020) 공공질서및안전 12 2.4
계 591,150 0 591,150 103,517 107,989 113,986 127,100 138,558 0
의무 101,622 0 101,622 20,759 19,700 19,687 20,680 20,796 0
재량 489,528 0 489,528 82,758 88,290 94,299 106,420 117,762 0
국고보조금 271 0 271 54 54 54 54 54 0
균특보조금 0 0 0 0 0 0 0 0 0
기금보조금 0 0 0 0 0 0 0 0 0
시도비 2,749 0 2,749 550 550 550 550 550 0
시군구비 588,130 0 588,130 102,912 107,385 113,382 126,496 137,954 0
지방소멸대응기
금 0 0 0 0 0 0 0 0 0
지방채 0 0 0 0 0 0 0 0 0
(채무부담) 0 0 0 0 0 0 0 0 0
(민자 등) 0 0 0 0 0 0 0 0 0
- 115 -
- 116 -
중중기기지지방방재재정정계계획획((22002266  ~~  22003300))  부부문문별별  현현황황((총총괄괄))
회계구분 : 일반 , 특별회계 , 기금
분    야 : 전체
부    문 : 전체 (단위 : 백만원)
분야·부문별1 건수 비율 재원 총사업비 기투자
연     도     별     투     자     계     획
향  후
소  계 2026 2027 2028 2029 2030
(025) 재난방재ㆍ민
방위 12 2.4
계 591,150 0 591,150 103,517 107,989 113,986 127,100 138,558 0
의무 101,622 0 101,622 20,759 19,700 19,687 20,680 20,796 0
재량 489,528 0 489,528 82,758 88,290 94,299 106,420 117,762 0
국고보조금 271 0 271 54 54 54 54 54 0
균특보조금 0 0 0 0 0 0 0 0 0
기금보조금 0 0 0 0 0 0 0 0 0
시도비 2,749 0 2,749 550 550 550 550 550 0
시군구비 588,130 0 588,130 102,912 107,385 113,382 126,496 137,954 0
지방소멸대응기
금 0 0 0 0 0 0 0 0 0
지방채 0 0 0 0 0 0 0 0 0
(채무부담) 0 0 0 0 0 0 0 0 0
(민자 등) 0 0 0 0 0 0 0 0 0
(050) 교육 14 1.1
계 279,483 0 279,483 51,687 51,994 52,211 58,749 64,842 0
의무 130,589 0 130,589 22,773 22,974 23,054 28,354 33,434 0
재량 148,894 0 148,894 28,914 29,020 29,157 30,395 31,408 0
국고보조금 2,338 0 2,338 475 476 466 466 456 0
균특보조금 0 0 0 0 0 0 0 0 0
기금보조금 0 0 0 0 0 0 0 0 0
시도비 944 0 944 194 187 187 187 187 0
시군구비 276,202 0 276,202 51,017 51,331 51,559 58,096 64,199 0
지방소멸대응기
금 0 0 0 0 0 0 0 0 0
지방채 0 0 0 0 0 0 0 0 0
(채무부담) 0 0 0 0 0 0 0 0 0
(민자 등) 0 0 0 0 0 0 0 0 0
- 117 -
중중기기지지방방재재정정계계획획((22002266  ~~  22003300))  부부문문별별  현현황황((총총괄괄))
회계구분 : 일반 , 특별회계 , 기금
분    야 : 전체
부    문 : 전체 (단위 : 백만원)
분야·부문별1 건수 비율 재원 총사업비 기투자
연     도     별     투     자     계     획
향  후
소  계 2026 2027 2028 2029 2030
(051) 유아및초중등
교육 12 1.1
계 259,817 0 259,817 47,807 48,077 48,277 54,777 60,877 0
의무 125,257 0 125,257 21,691 21,891 21,991 27,291 32,391 0
재량 134,560 0 134,560 26,116 26,186 26,286 27,486 28,486 0
국고보조금 0 0 0 0 0 0 0 0 0
균특보조금 0 0 0 0 0 0 0 0 0
기금보조금 0 0 0 0 0 0 0 0 0
시도비 100 0 100 20 20 20 20 20 0
시군구비 259,717 0 259,717 47,787 48,057 48,257 54,757 60,857 0
지방소멸대응기
금 0 0 0 0 0 0 0 0 0
지방채 0 0 0 0 0 0 0 0 0
(채무부담) 0 0 0 0 0 0 0 0 0
(민자 등) 0 0 0 0 0 0 0 0 0
(053) 평생ㆍ직업교
육 2 0.1
계 19,666 0 19,666 3,879 3,917 3,934 3,972 3,964 0
의무 5,331 0 5,331 1,081 1,083 1,063 1,063 1,043 0
재량 14,334 0 14,334 2,798 2,834 2,871 2,909 2,922 0
국고보조금 2,338 0 2,338 475 476 466 466 456 0
균특보조금 0 0 0 0 0 0 0 0 0
기금보조금 0 0 0 0 0 0 0 0 0
시도비 844 0 844 174 167 167 167 167 0
시군구비 16,485 0 16,485 3,230 3,274 3,301 3,339 3,341 0
지방소멸대응기
금 0 0 0 0 0 0 0 0 0
지방채 0 0 0 0 0 0 0 0 0
(채무부담) 0 0 0 0 0 0 0 0 0
(민자 등) 0 0 0 0 0 0 0 0 0
- 116 -
- 117 -
중중기기지지방방재재정정계계획획((22002266  ~~  22003300))  부부문문별별  현현황황((총총괄괄))
회계구분 : 일반 , 특별회계 , 기금
분    야 : 전체
부    문 : 전체 (단위 : 백만원)
분야·부문별1 건수 비율 재원 총사업비 기투자
연     도     별     투     자     계     획
향  후
소  계 2026 2027 2028 2029 2030
(051) 유아및초중등
교육 12 1.1
계 259,817 0 259,817 47,807 48,077 48,277 54,777 60,877 0
의무 125,257 0 125,257 21,691 21,891 21,991 27,291 32,391 0
재량 134,560 0 134,560 26,116 26,186 26,286 27,486 28,486 0
국고보조금 0 0 0 0 0 0 0 0 0
균특보조금 0 0 0 0 0 0 0 0 0
기금보조금 0 0 0 0 0 0 0 0 0
시도비 100 0 100 20 20 20 20 20 0
시군구비 259,717 0 259,717 47,787 48,057 48,257 54,757 60,857 0
지방소멸대응기
금 0 0 0 0 0 0 0 0 0
지방채 0 0 0 0 0 0 0 0 0
(채무부담) 0 0 0 0 0 0 0 0 0
(민자 등) 0 0 0 0 0 0 0 0 0
(053) 평생ㆍ직업교
육 2 0.1
계 19,666 0 19,666 3,879 3,917 3,934 3,972 3,964 0
의무 5,331 0 5,331 1,081 1,083 1,063 1,063 1,043 0
재량 14,334 0 14,334 2,798 2,834 2,871 2,909 2,922 0
국고보조금 2,338 0 2,338 475 476 466 466 456 0
균특보조금 0 0 0 0 0 0 0 0 0
기금보조금 0 0 0 0 0 0 0 0 0
시도비 844 0 844 174 167 167 167 167 0
시군구비 16,485 0 16,485 3,230 3,274 3,301 3,339 3,341 0
지방소멸대응기
금 0 0 0 0 0 0 0 0 0
지방채 0 0 0 0 0 0 0 0 0
(채무부담) 0 0 0 0 0 0 0 0 0
(민자 등) 0 0 0 0 0 0 0 0 0
- 117 -
- 118 -
중중기기지지방방재재정정계계획획((22002266  ~~  22003300))  부부문문별별  현현황황((총총괄괄))
회계구분 : 일반 , 특별회계 , 기금
분    야 : 전체
부    문 : 전체 (단위 : 백만원)
분야·부문별1 건수 비율 재원 총사업비 기투자
연     도     별     투     자     계     획
향  후
소  계 2026 2027 2028 2029 2030
(060) 문화및관광 114 5.7
계 1,751,146 354,753 1,395,851 281,288 306,399 287,284 285,261 235,618 543
의무 504,590 128,468 375,580 76,037 73,167 65,390 74,182 86,804 543
재량 1,246,556 226,285 1,020,271 205,252 233,233 221,894 211,079 148,814 0
국고보조금 44,725 6,326 38,019 12,387 9,337 6,043 5,828 4,423 380
균특보조금 3,565 200 3,365 724 660 660 660 660 0
기금보조금 0 0 0 0 0 0 0 0 0
시도비 53,741 21,086 32,573 14,172 4,970 4,508 4,457 4,467 81
시군구비 1,626,761 327,140 1,299,539 231,650 291,433 276,073 274,316 226,068 81
지방소멸대응기
금 0 0 0 0 0 0 0 0 0
지방채 22,355 0 22,355 22,355 0 0 0 0 0
(채무부담) 0 0 0 0 0 0 0 0 0
(민자 등) 212,665 212,665 0 0 0 0 0 0 0
(061) 문화예술 39 2.9
계 798,445 99,553 698,892 105,051 177,520 174,481 135,324 106,516 0
의무 72,378 20,739 51,639 10,449 10,345 10,215 10,315 10,315 0
재량 726,067 78,814 647,253 94,602 167,175 164,266 125,009 96,201 0
국고보조금 9,918 0 9,918 1,984 1,984 1,984 1,984 1,984 0
균특보조금 3,308 0 3,308 704 651 651 651 651 0
기금보조금 0 0 0 0 0 0 0 0 0
시도비 24,760 13,620 11,140 3,198 2,031 1,971 1,971 1,971 0
시군구비 751,060 85,933 665,127 89,766 172,855 169,876 130,719 101,911 0
지방소멸대응기
금 0 0 0 0 0 0 0 0 0
지방채 9,400 0 9,400 9,400 0 0 0 0 0
(채무부담) 0 0 0 0 0 0 0 0 0
(민자 등) 107,600 107,600 0 0 0 0 0 0 0
- 119 -
중중기기지지방방재재정정계계획획((22002266  ~~  22003300))  부부문문별별  현현황황((총총괄괄))
회계구분 : 일반 , 특별회계 , 기금
분    야 : 전체
부    문 : 전체 (단위 : 백만원)
분야·부문별1 건수 비율 재원 총사업비 기투자
연     도     별     투     자     계     획
향  후
소  계 2026 2027 2028 2029 2030
(062) 관광 20 0.5
계 278,493 162,707 115,786 55,882 14,102 14,196 14,291 17,315 0
의무 88,755 81,025 7,730 3,305 1,106 1,106 1,106 1,106 0
재량 189,738 81,682 108,056 52,577 12,996 13,089 13,185 16,209 0
국고보조금 375 0 375 75 75 75 75 75 0
균특보조금 257 200 57 20 9 9 9 9 0
기금보조금 0 0 0 0 0 0 0 0 0
시도비 5,407 3,260 2,147 933 303 303 303 303 0
시군구비 261,953 159,247 102,707 44,353 13,714 13,808 13,904 16,927 0
지방소멸대응기
금 0 0 0 0 0 0 0 0 0
지방채 10,500 0 10,500 10,500 0 0 0 0 0
(채무부담) 0 0 0 0 0 0 0 0 0
(민자 등) 0 0 0 0 0 0 0 0 0
(063) 체육 40 1.9
계 491,779 32,930 458,849 102,814 90,457 76,014 85,892 103,672 0
의무 301,802 17,754 284,048 52,102 54,384 47,520 56,520 73,521 0
재량 189,977 15,176 174,801 50,712 36,072 28,494 29,372 30,150 0
국고보조금 23,771 4,460 19,311 5,456 6,302 3,001 3,001 1,551 0
균특보조금 0 0 0 0 0 0 0 0 0
기금보조금 0 0 0 0 0 0 0 0 0
시도비 16,816 1,398 15,418 7,794 1,906 1,906 1,906 1,906 0
시군구비 448,737 27,072 421,665 87,109 82,249 71,107 80,985 100,215 0
지방소멸대응기
금 0 0 0 0 0 0 0 0 0
지방채 2,455 0 2,455 2,455 0 0 0 0 0
(채무부담) 0 0 0 0 0 0 0 0 0
(민자 등) 104,565 104,565 0 0 0 0 0 0 0
- 118 -
- 119 -
중중기기지지방방재재정정계계획획((22002266  ~~  22003300))  부부문문별별  현현황황((총총괄괄))
회계구분 : 일반 , 특별회계 , 기금
분    야 : 전체
부    문 : 전체 (단위 : 백만원)
분야·부문별1 건수 비율 재원 총사업비 기투자
연     도     별     투     자     계     획
향  후
소  계 2026 2027 2028 2029 2030
(062) 관광 20 0.5
계 278,493 162,707 115,786 55,882 14,102 14,196 14,291 17,315 0
의무 88,755 81,025 7,730 3,305 1,106 1,106 1,106 1,106 0
재량 189,738 81,682 108,056 52,577 12,996 13,089 13,185 16,209 0
국고보조금 375 0 375 75 75 75 75 75 0
균특보조금 257 200 57 20 9 9 9 9 0
기금보조금 0 0 0 0 0 0 0 0 0
시도비 5,407 3,260 2,147 933 303 303 303 303 0
시군구비 261,953 159,247 102,707 44,353 13,714 13,808 13,904 16,927 0
지방소멸대응기
금 0 0 0 0 0 0 0 0 0
지방채 10,500 0 10,500 10,500 0 0 0 0 0
(채무부담) 0 0 0 0 0 0 0 0 0
(민자 등) 0 0 0 0 0 0 0 0 0
(063) 체육 40 1.9
계 491,779 32,930 458,849 102,814 90,457 76,014 85,892 103,672 0
의무 301,802 17,754 284,048 52,102 54,384 47,520 56,520 73,521 0
재량 189,977 15,176 174,801 50,712 36,072 28,494 29,372 30,150 0
국고보조금 23,771 4,460 19,311 5,456 6,302 3,001 3,001 1,551 0
균특보조금 0 0 0 0 0 0 0 0 0
기금보조금 0 0 0 0 0 0 0 0 0
시도비 16,816 1,398 15,418 7,794 1,906 1,906 1,906 1,906 0
시군구비 448,737 27,072 421,665 87,109 82,249 71,107 80,985 100,215 0
지방소멸대응기
금 0 0 0 0 0 0 0 0 0
지방채 2,455 0 2,455 2,455 0 0 0 0 0
(채무부담) 0 0 0 0 0 0 0 0 0
(민자 등) 104,565 104,565 0 0 0 0 0 0 0
- 119 -
- 120 -
중중기기지지방방재재정정계계획획((22002266  ~~  22003300))  부부문문별별  현현황황((총총괄괄))
회계구분 : 일반 , 특별회계 , 기금
분    야 : 전체
부    문 : 전체 (단위 : 백만원)
분야·부문별1 건수 비율 재원 총사업비 기투자
연     도     별     투     자     계     획
향  후
소  계 2026 2027 2028 2029 2030
(065) 문화및관광일
반 15 0.5
계 182,430 59,563 122,324 17,541 24,321 22,593 49,754 8,115 543
의무 41,655 8,949 32,163 10,181 7,331 6,549 6,241 1,862 543
재량 140,775 50,614 90,161 7,361 16,990 16,044 43,513 6,253 0
국고보조금 10,661 1,866 8,416 4,873 976 984 769 814 380
균특보조금 0 0 0 0 0 0 0 0 0
기금보조금 0 0 0 0 0 0 0 0 0
시도비 6,758 2,809 3,868 2,247 730 327 277 286 81
시군구비 165,011 54,889 110,041 10,421 22,615 21,281 48,708 7,015 81
지방소멸대응기
금 0 0 0 0 0 0 0 0 0
지방채 0 0 0 0 0 0 0 0 0
(채무부담) 0 0 0 0 0 0 0 0 0
(민자 등) 500 500 0 0 0 0 0 0 0
(070) 환경 91 10.6
계 3,185,247 216,818 2,589,617 532,597 578,022 556,802 455,060 467,135 378,812
의무 1,186,915 127,337 1,059,578 236,029 274,972 253,660 144,553 150,364 0
재량 1,998,332 89,480 1,530,039 296,569 303,050 303,141 310,508 316,771 378,812
국고보조금 304,246 15,207 289,040 53,002 84,463 71,724 39,418 40,432 0
균특보조금 57,516 19,495 38,021 12,821 3,472 905 10,711 10,111 0
기금보조금 0 0 0 0 0 0 0 0 0
시도비 61,240 5,781 55,459 11,543 15,550 11,538 8,097 8,732 0
시군구비 2,762,245 176,335 2,207,098 455,231 474,537 472,635 396,834 407,860 378,812
지방소멸대응기
금 0 0 0 0 0 0 0 0 0
지방채 0 0 0 0 0 0 0 0 0
(채무부담) 0 0 0 0 0 0 0 0 0
(민자 등) 946 378 568 568 0 0 0 0 0
- 121 -
중중기기지지방방재재정정계계획획((22002266  ~~  22003300))  부부문문별별  현현황황((총총괄괄))
회계구분 : 일반 , 특별회계 , 기금
분    야 : 전체
부    문 : 전체 (단위 : 백만원)
분야·부문별1 건수 비율 재원 총사업비 기투자
연     도     별     투     자     계     획
향  후
소  계 2026 2027 2028 2029 2030
(071) 상하수도ㆍ수
질 61 6.9
계 1,906,337 211,590 1,694,747 320,942 370,675 349,393 323,362 330,374 0
의무 513,224 123,182 390,042 70,423 110,080 88,813 58,432 62,293 0
재량 1,393,113 88,408 1,304,705 250,519 260,595 260,580 264,930 268,081 0
국고보조금 168,345 13,091 155,254 26,210 57,713 44,974 12,668 13,689 0
균특보조금 55,174 19,495 35,679 12,216 2,867 300 10,448 9,848 0
기금보조금 0 0 0 0 0 0 0 0 0
시도비 53,121 5,750 47,371 9,880 13,917 9,906 6,516 7,151 0
시군구비 1,629,696 173,253 1,456,443 272,635 296,178 294,213 293,731 299,686 0
지방소멸대응기
금 0 0 0 0 0 0 0 0 0
지방채 0 0 0 0 0 0 0 0 0
(채무부담) 0 0 0 0 0 0 0 0 0
(민자 등) 946 378 568 568 0 0 0 0 0
(072) 폐기물 20 2.6
계 1,005,102 465 625,825 157,080 154,160 154,205 78,162 82,218 378,812
의무 430,750 0 430,750 117,627 117,596 117,552 38,509 39,466 0
재량 574,352 465 195,075 39,454 36,563 36,653 39,653 42,752 378,812
국고보조금 1,670 0 1,670 334 334 334 334 334 0
균특보조금 676 0 676 135 135 135 135 135 0
기금보조금 0 0 0 0 0 0 0 0 0
시도비 902 0 902 180 180 180 180 180 0
시군구비 1,001,855 465 622,578 156,431 153,510 153,556 77,512 81,568 378,812
지방소멸대응기
금 0 0 0 0 0 0 0 0 0
지방채 0 0 0 0 0 0 0 0 0
(채무부담) 0 0 0 0 0 0 0 0 0
(민자 등) 0 0 0 0 0 0 0 0 0
- 120 -
- 121 -
중중기기지지방방재재정정계계획획((22002266  ~~  22003300))  부부문문별별  현현황황((총총괄괄))
회계구분 : 일반 , 특별회계 , 기금
분    야 : 전체
부    문 : 전체 (단위 : 백만원)
분야·부문별1 건수 비율 재원 총사업비 기투자
연     도     별     투     자     계     획
향  후
소  계 2026 2027 2028 2029 2030
(071) 상하수도ㆍ수
질 61 6.9
계 1,906,337 211,590 1,694,747 320,942 370,675 349,393 323,362 330,374 0
의무 513,224 123,182 390,042 70,423 110,080 88,813 58,432 62,293 0
재량 1,393,113 88,408 1,304,705 250,519 260,595 260,580 264,930 268,081 0
국고보조금 168,345 13,091 155,254 26,210 57,713 44,974 12,668 13,689 0
균특보조금 55,174 19,495 35,679 12,216 2,867 300 10,448 9,848 0
기금보조금 0 0 0 0 0 0 0 0 0
시도비 53,121 5,750 47,371 9,880 13,917 9,906 6,516 7,151 0
시군구비 1,629,696 173,253 1,456,443 272,635 296,178 294,213 293,731 299,686 0
지방소멸대응기
금 0 0 0 0 0 0 0 0 0
지방채 0 0 0 0 0 0 0 0 0
(채무부담) 0 0 0 0 0 0 0 0 0
(민자 등) 946 378 568 568 0 0 0 0 0
(072) 폐기물 20 2.6
계 1,005,102 465 625,825 157,080 154,160 154,205 78,162 82,218 378,812
의무 430,750 0 430,750 117,627 117,596 117,552 38,509 39,466 0
재량 574,352 465 195,075 39,454 36,563 36,653 39,653 42,752 378,812
국고보조금 1,670 0 1,670 334 334 334 334 334 0
균특보조금 676 0 676 135 135 135 135 135 0
기금보조금 0 0 0 0 0 0 0 0 0
시도비 902 0 902 180 180 180 180 180 0
시군구비 1,001,855 465 622,578 156,431 153,510 153,556 77,512 81,568 378,812
지방소멸대응기
금 0 0 0 0 0 0 0 0 0
지방채 0 0 0 0 0 0 0 0 0
(채무부담) 0 0 0 0 0 0 0 0 0
(민자 등) 0 0 0 0 0 0 0 0 0
- 121 -
- 122 -
중중기기지지방방재재정정계계획획((22002266  ~~  22003300))  부부문문별별  현현황황((총총괄괄))
회계구분 : 일반 , 특별회계 , 기금
분    야 : 전체
부    문 : 전체 (단위 : 백만원)
분야·부문별1 건수 비율 재원 총사업비 기투자
연     도     별     투     자     계     획
향  후
소  계 2026 2027 2028 2029 2030
(073) 대기 5 1.0
계 244,193 558 243,635 48,796 48,304 48,304 48,621 49,611 0
의무 236,782 0 236,782 47,098 47,014 47,014 47,331 48,324 0
재량 7,411 558 6,853 1,697 1,289 1,290 1,289 1,287 0
국고보조금 131,460 0 131,460 26,327 26,285 26,285 26,285 26,278 0
균특보조금 1,666 0 1,666 470 470 470 128 128 0
기금보조금 0 0 0 0 0 0 0 0 0
시도비 6,277 0 6,277 1,276 1,276 1,276 1,225 1,225 0
시군구비 104,790 558 104,232 20,723 20,273 20,273 20,983 21,980 0
지방소멸대응기
금 0 0 0 0 0 0 0 0 0
지방채 0 0 0 0 0 0 0 0 0
(채무부담) 0 0 0 0 0 0 0 0 0
(민자 등) 0 0 0 0 0 0 0 0 0
(076) 환경보호일반 5 0.1
계 29,615 4,205 25,410 5,780 4,883 4,899 4,916 4,932 0
의무 6,158 4,155 2,004 881 281 281 281 281 0
재량 23,456 50 23,406 4,899 4,602 4,619 4,635 4,651 0
국고보조금 2,771 2,116 655 131 131 131 131 131 0
균특보조금 0 0 0 0 0 0 0 0 0
기금보조금 0 0 0 0 0 0 0 0 0
시도비 940 31 910 206 176 176 176 176 0
시군구비 25,904 2,059 23,845 5,443 4,576 4,592 4,609 4,625 0
지방소멸대응기
금 0 0 0 0 0 0 0 0 0
지방채 0 0 0 0 0 0 0 0 0
(채무부담) 0 0 0 0 0 0 0 0 0
(민자 등) 0 0 0 0 0 0 0 0 0
- 123 -
중중기기지지방방재재정정계계획획((22002266  ~~  22003300))  부부문문별별  현현황황((총총괄괄))
회계구분 : 일반 , 특별회계 , 기금
분    야 : 전체
부    문 : 전체 (단위 : 백만원)
분야·부문별1 건수 비율 재원 총사업비 기투자
연     도     별     투     자     계     획
향  후
소  계 2026 2027 2028 2029 2030
(080) 사회복지 221 27.8
계 7,368,832 573,881 6,794,951 1,354,175 1,305,795 1,341,872 1,387,333 1,405,776 0
의무 6,114,372 250,190 5,864,181 1,160,002 1,145,163 1,150,102 1,187,059 1,221,856 0
재량 1,254,460 323,691 930,769 194,173 160,632 191,770 200,274 183,920 0
국고보조금 3,256,632 19,713 3,236,918 636,049 638,617 640,989 656,801 664,462 0
균특보조금 65,973 4,351 61,622 12,408 12,237 12,279 12,325 12,374 0
기금보조금 3,000 3,000 0 0 0 0 0 0 0
시도비 964,068 4,641 959,427 190,835 190,767 191,793 192,453 193,580 0
시군구비 3,079,159 542,176 2,536,983 514,883 464,174 496,810 525,755 535,361 0
지방소멸대응기
금 0 0 0 0 0 0 0 0 0
지방채 0 0 0 0 0 0 0 0 0
(채무부담) 0 0 0 0 0 0 0 0 0
(민자 등) 0 0 0 0 0 0 0 0 0
(081) 기초생활보장 5 2.1
계 505,160 0 505,160 100,166 100,544 101,007 101,475 101,969 0
의무 470,213 0 470,213 94,095 93,934 93,997 94,056 94,130 0
재량 34,948 0 34,948 6,071 6,610 7,010 7,419 7,838 0
국고보조금 421,294 0 421,294 84,166 84,205 84,256 84,303 84,364 0
균특보조금 0 0 0 0 0 0 0 0 0
기금보조금 0 0 0 0 0 0 0 0 0
시도비 33,229 0 33,229 6,630 6,637 6,645 6,653 6,663 0
시군구비 50,638 0 50,638 9,370 9,702 10,105 10,518 10,942 0
지방소멸대응기
금 0 0 0 0 0 0 0 0 0
지방채 0 0 0 0 0 0 0 0 0
(채무부담) 0 0 0 0 0 0 0 0 0
(민자 등) 0 0 0 0 0 0 0 0 0
- 122 -
- 123 -
중중기기지지방방재재정정계계획획((22002266  ~~  22003300))  부부문문별별  현현황황((총총괄괄))
회계구분 : 일반 , 특별회계 , 기금
분    야 : 전체
부    문 : 전체 (단위 : 백만원)
분야·부문별1 건수 비율 재원 총사업비 기투자
연     도     별     투     자     계     획
향  후
소  계 2026 2027 2028 2029 2030
(080) 사회복지 221 27.8
계 7,368,832 573,881 6,794,951 1,354,175 1,305,795 1,341,872 1,387,333 1,405,776 0
의무 6,114,372 250,190 5,864,181 1,160,002 1,145,163 1,150,102 1,187,059 1,221,856 0
재량 1,254,460 323,691 930,769 194,173 160,632 191,770 200,274 183,920 0
국고보조금 3,256,632 19,713 3,236,918 636,049 638,617 640,989 656,801 664,462 0
균특보조금 65,973 4,351 61,622 12,408 12,237 12,279 12,325 12,374 0
기금보조금 3,000 3,000 0 0 0 0 0 0 0
시도비 964,068 4,641 959,427 190,835 190,767 191,793 192,453 193,580 0
시군구비 3,079,159 542,176 2,536,983 514,883 464,174 496,810 525,755 535,361 0
지방소멸대응기
금 0 0 0 0 0 0 0 0 0
지방채 0 0 0 0 0 0 0 0 0
(채무부담) 0 0 0 0 0 0 0 0 0
(민자 등) 0 0 0 0 0 0 0 0 0
(081) 기초생활보장 5 2.1
계 505,160 0 505,160 100,166 100,544 101,007 101,475 101,969 0
의무 470,213 0 470,213 94,095 93,934 93,997 94,056 94,130 0
재량 34,948 0 34,948 6,071 6,610 7,010 7,419 7,838 0
국고보조금 421,294 0 421,294 84,166 84,205 84,256 84,303 84,364 0
균특보조금 0 0 0 0 0 0 0 0 0
기금보조금 0 0 0 0 0 0 0 0 0
시도비 33,229 0 33,229 6,630 6,637 6,645 6,653 6,663 0
시군구비 50,638 0 50,638 9,370 9,702 10,105 10,518 10,942 0
지방소멸대응기
금 0 0 0 0 0 0 0 0 0
지방채 0 0 0 0 0 0 0 0 0
(채무부담) 0 0 0 0 0 0 0 0 0
(민자 등) 0 0 0 0 0 0 0 0 0
- 123 -
- 124 -
중중기기지지방방재재정정계계획획((22002266  ~~  22003300))  부부문문별별  현현황황((총총괄괄))
회계구분 : 일반 , 특별회계 , 기금
분    야 : 전체
부    문 : 전체 (단위 : 백만원)
분야·부문별1 건수 비율 재원 총사업비 기투자
연     도     별     투     자     계     획
향  후
소  계 2026 2027 2028 2029 2030
(082) 취약계층지원 57 3.6
계 903,689 26,787 876,902 167,018 161,799 166,618 195,636 185,831 0
의무 744,285 484 743,801 141,130 141,963 143,054 153,362 164,292 0
재량 159,404 26,303 133,101 25,888 19,836 23,564 42,274 21,539 0
국고보조금 273,124 0 273,124 54,117 54,140 54,198 54,557 56,113 0
균특보조금 9,799 0 9,799 1,960 1,960 1,960 1,960 1,960 0
기금보조금 0 0 0 0 0 0 0 0 0
시도비 56,502 2,437 54,065 10,561 10,646 10,794 11,032 11,032 0
시군구비 564,263 24,350 539,914 100,380 95,053 99,667 128,088 116,726 0
지방소멸대응기
금 0 0 0 0 0 0 0 0 0
지방채 0 0 0 0 0 0 0 0 0
(채무부담) 0 0 0 0 0 0 0 0 0
(민자 등) 0 0 0 0 0 0 0 0 0
(086) 노동 8 0.7
계 182,103 160 181,943 36,778 35,601 36,501 36,521 36,541 0
의무 57,784 160 57,624 12,221 11,321 11,341 11,361 11,381 0
재량 124,320 0 124,320 24,558 24,280 25,160 25,160 25,160 0
국고보조금 460 0 460 460 0 0 0 0 0
균특보조금 50 0 50 10 10 10 10 10 0
기금보조금 0 0 0 0 0 0 0 0 0
시도비 37,605 0 37,605 7,735 7,467 7,467 7,467 7,467 0
시군구비 143,988 160 143,828 28,573 28,124 29,024 29,044 29,064 0
지방소멸대응기
금 0 0 0 0 0 0 0 0 0
지방채 0 0 0 0 0 0 0 0 0
(채무부담) 0 0 0 0 0 0 0 0 0
(민자 등) 0 0 0 0 0 0 0 0 0
- 125 -
중중기기지지방방재재정정계계획획((22002266  ~~  22003300))  부부문문별별  현현황황((총총괄괄))
회계구분 : 일반 , 특별회계 , 기금
분    야 : 전체
부    문 : 전체 (단위 : 백만원)
분야·부문별1 건수 비율 재원 총사업비 기투자
연     도     별     투     자     계     획
향  후
소  계 2026 2027 2028 2029 2030
(087) 보훈 4 0.3
계 64,747 0 64,747 12,177 12,177 12,177 13,497 14,717 0
의무 10,505 0 10,505 2,001 2,001 2,001 2,201 2,301 0
재량 54,242 0 54,242 10,176 10,176 10,176 11,296 12,416 0
국고보조금 0 0 0 0 0 0 0 0 0
균특보조금 0 0 0 0 0 0 0 0 0
기금보조금 0 0 0 0 0 0 0 0 0
시도비 7,562 0 7,562 1,512 1,512 1,512 1,512 1,512 0
시군구비 57,185 0 57,185 10,665 10,665 10,665 11,985 13,205 0
지방소멸대응기
금 0 0 0 0 0 0 0 0 0
지방채 0 0 0 0 0 0 0 0 0
(채무부담) 0 0 0 0 0 0 0 0 0
(민자 등) 0 0 0 0 0 0 0 0 0
(089) 사회복지일반 1 0.0
계 4,007 0 4,007 801 801 801 801 801 0
의무 2,323 0 2,323 465 465 465 465 465 0
재량 1,684 0 1,684 337 337 337 337 337 0
국고보조금 0 0 0 0 0 0 0 0 0
균특보조금 0 0 0 0 0 0 0 0 0
기금보조금 0 0 0 0 0 0 0 0 0
시도비 675 0 675 135 135 135 135 135 0
시군구비 3,332 0 3,332 666 666 666 666 666 0
지방소멸대응기
금 0 0 0 0 0 0 0 0 0
지방채 0 0 0 0 0 0 0 0 0
(채무부담) 0 0 0 0 0 0 0 0 0
(민자 등) 0 0 0 0 0 0 0 0 0
- 124 -
- 125 -
중중기기지지방방재재정정계계획획((22002266  ~~  22003300))  부부문문별별  현현황황((총총괄괄))
회계구분 : 일반 , 특별회계 , 기금
분    야 : 전체
부    문 : 전체 (단위 : 백만원)
분야·부문별1 건수 비율 재원 총사업비 기투자
연     도     별     투     자     계     획
향  후
소  계 2026 2027 2028 2029 2030
(087) 보훈 4 0.3
계 64,747 0 64,747 12,177 12,177 12,177 13,497 14,717 0
의무 10,505 0 10,505 2,001 2,001 2,001 2,201 2,301 0
재량 54,242 0 54,242 10,176 10,176 10,176 11,296 12,416 0
국고보조금 0 0 0 0 0 0 0 0 0
균특보조금 0 0 0 0 0 0 0 0 0
기금보조금 0 0 0 0 0 0 0 0 0
시도비 7,562 0 7,562 1,512 1,512 1,512 1,512 1,512 0
시군구비 57,185 0 57,185 10,665 10,665 10,665 11,985 13,205 0
지방소멸대응기
금 0 0 0 0 0 0 0 0 0
지방채 0 0 0 0 0 0 0 0 0
(채무부담) 0 0 0 0 0 0 0 0 0
(민자 등) 0 0 0 0 0 0 0 0 0
(089) 사회복지일반 1 0.0
계 4,007 0 4,007 801 801 801 801 801 0
의무 2,323 0 2,323 465 465 465 465 465 0
재량 1,684 0 1,684 337 337 337 337 337 0
국고보조금 0 0 0 0 0 0 0 0 0
균특보조금 0 0 0 0 0 0 0 0 0
기금보조금 0 0 0 0 0 0 0 0 0
시도비 675 0 675 135 135 135 135 135 0
시군구비 3,332 0 3,332 666 666 666 666 666 0
지방소멸대응기
금 0 0 0 0 0 0 0 0 0
지방채 0 0 0 0 0 0 0 0 0
(채무부담) 0 0 0 0 0 0 0 0 0
(민자 등) 0 0 0 0 0 0 0 0 0
- 125 -
- 126 -
중중기기지지방방재재정정계계획획((22002266  ~~  22003300))  부부문문별별  현현황황((총총괄괄))
회계구분 : 일반 , 특별회계 , 기금
분    야 : 전체
부    문 : 전체 (단위 : 백만원)
분야·부문별1 건수 비율 재원 총사업비 기투자
연     도     별     투     자     계     획
향  후
소  계 2026 2027 2028 2029 2030
(08A) 보육 72 11.1
계 2,727,399 214 2,727,185 533,974 536,117 538,474 554,702 563,918 0
의무 2,457,822 49 2,457,773 487,206 488,566 489,844 495,030 497,126 0
재량 269,577 165 269,412 46,767 47,551 48,630 59,672 66,792 0
국고보조금 1,465,203 0 1,465,203 288,855 290,902 291,935 295,969 297,541 0
균특보조금 21,182 0 21,182 4,348 4,157 4,189 4,225 4,264 0
기금보조금 0 0 0 0 0 0 0 0 0
시도비 619,945 25 619,920 123,842 123,823 123,891 123,963 124,400 0
시군구비 621,069 190 620,879 116,928 117,235 118,458 130,545 137,713 0
지방소멸대응기
금 0 0 0 0 0 0 0 0 0
지방채 0 0 0 0 0 0 0 0 0
(채무부담) 0 0 0 0 0 0 0 0 0
(민자 등) 0 0 0 0 0 0 0 0 0
(08B) 가족·여성 14 1.3
계 310,639 93 310,546 59,385 59,560 59,241 65,356 67,004 0
의무 272,959 36 272,923 52,256 52,393 52,034 57,435 58,805 0
재량 37,680 57 37,623 7,130 7,168 7,207 7,921 8,199 0
국고보조금 122,591 0 122,591 24,519 24,518 24,518 24,518 24,518 0
균특보조금 3,117 0 3,117 623 623 623 623 623 0
기금보조금 0 0 0 0 0 0 0 0 0
시도비 23,638 11 23,627 4,773 4,813 4,813 4,813 4,414 0
시군구비 161,293 82 161,211 29,470 29,605 29,286 35,401 37,448 0
지방소멸대응기
금 0 0 0 0 0 0 0 0 0
지방채 0 0 0 0 0 0 0 0 0
(채무부담) 0 0 0 0 0 0 0 0 0
(민자 등) 0 0 0 0 0 0 0 0 0
- 127 -
중중기기지지방방재재정정계계획획((22002266  ~~  22003300))  부부문문별별  현현황황((총총괄괄))
회계구분 : 일반 , 특별회계 , 기금
분    야 : 전체
부    문 : 전체 (단위 : 백만원)
분야·부문별1 건수 비율 재원 총사업비 기투자
연     도     별     투     자     계     획
향  후
소  계 2026 2027 2028 2029 2030
(08C) 노인 46 8.1
계 2,468,013 488,475 1,979,537 411,336 377,375 385,124 392,607 413,095 0
의무 1,992,721 193,361 1,799,360 360,650 344,540 347,383 363,164 383,624 0
재량 475,291 295,114 180,177 50,686 32,835 37,742 29,443 29,472 0
국고보조금 967,347 19,713 947,634 182,563 183,481 184,708 196,078 200,803 0
균특보조금 31,694 4,351 27,342 5,440 5,460 5,470 5,480 5,490 0
기금보조금 3,000 3,000 0 0 0 0 0 0 0
시도비 173,623 2,169 171,454 33,387 33,475 34,276 34,618 35,698 0
시군구비 1,292,349 459,242 833,107 189,945 154,958 160,670 156,431 171,103 0
지방소멸대응기
금 0 0 0 0 0 0 0 0 0
지방채 0 0 0 0 0 0 0 0 0
(채무부담) 0 0 0 0 0 0 0 0 0
(민자 등) 0 0 0 0 0 0 0 0 0
(08D) 청소년 14 0.6
계 203,074 58,152 144,922 32,539 21,820 41,927 26,737 21,899 0
의무 105,760 56,100 49,660 9,979 9,981 9,983 9,985 9,732 0
재량 97,315 2,052 95,263 22,560 11,840 31,944 16,752 12,167 0
국고보조금 6,612 0 6,612 1,369 1,371 1,373 1,376 1,122 0
균특보조금 131 0 131 26 26 26 26 26 0
기금보조금 0 0 0 0 0 0 0 0 0
시도비 11,290 0 11,290 2,258 2,258 2,258 2,258 2,258 0
시군구비 185,041 58,152 126,889 28,885 18,165 38,269 23,078 18,493 0
지방소멸대응기
금 0 0 0 0 0 0 0 0 0
지방채 0 0 0 0 0 0 0 0 0
(채무부담) 0 0 0 0 0 0 0 0 0
(민자 등) 0 0 0 0 0 0 0 0 0
- 126 -
- 127 -
중중기기지지방방재재정정계계획획((22002266  ~~  22003300))  부부문문별별  현현황황((총총괄괄))
회계구분 : 일반 , 특별회계 , 기금
분    야 : 전체
부    문 : 전체 (단위 : 백만원)
분야·부문별1 건수 비율 재원 총사업비 기투자
연     도     별     투     자     계     획
향  후
소  계 2026 2027 2028 2029 2030
(08C) 노인 46 8.1
계 2,468,013 488,475 1,979,537 411,336 377,375 385,124 392,607 413,095 0
의무 1,992,721 193,361 1,799,360 360,650 344,540 347,383 363,164 383,624 0
재량 475,291 295,114 180,177 50,686 32,835 37,742 29,443 29,472 0
국고보조금 967,347 19,713 947,634 182,563 183,481 184,708 196,078 200,803 0
균특보조금 31,694 4,351 27,342 5,440 5,460 5,470 5,480 5,490 0
기금보조금 3,000 3,000 0 0 0 0 0 0 0
시도비 173,623 2,169 171,454 33,387 33,475 34,276 34,618 35,698 0
시군구비 1,292,349 459,242 833,107 189,945 154,958 160,670 156,431 171,103 0
지방소멸대응기
금 0 0 0 0 0 0 0 0 0
지방채 0 0 0 0 0 0 0 0 0
(채무부담) 0 0 0 0 0 0 0 0 0
(민자 등) 0 0 0 0 0 0 0 0 0
(08D) 청소년 14 0.6
계 203,074 58,152 144,922 32,539 21,820 41,927 26,737 21,899 0
의무 105,760 56,100 49,660 9,979 9,981 9,983 9,985 9,732 0
재량 97,315 2,052 95,263 22,560 11,840 31,944 16,752 12,167 0
국고보조금 6,612 0 6,612 1,369 1,371 1,373 1,376 1,122 0
균특보조금 131 0 131 26 26 26 26 26 0
기금보조금 0 0 0 0 0 0 0 0 0
시도비 11,290 0 11,290 2,258 2,258 2,258 2,258 2,258 0
시군구비 185,041 58,152 126,889 28,885 18,165 38,269 23,078 18,493 0
지방소멸대응기
금 0 0 0 0 0 0 0 0 0
지방채 0 0 0 0 0 0 0 0 0
(채무부담) 0 0 0 0 0 0 0 0 0
(민자 등) 0 0 0 0 0 0 0 0 0
- 127 -
- 128 -
중중기기지지방방재재정정계계획획((22002266  ~~  22003300))  부부문문별별  현현황황((총총괄괄))
회계구분 : 일반 , 특별회계 , 기금
분    야 : 전체
부    문 : 전체 (단위 : 백만원)
분야·부문별1 건수 비율 재원 총사업비 기투자
연     도     별     투     자     계     획
향  후
소  계 2026 2027 2028 2029 2030
(090) 보건 55 1.7
계 406,996 207 406,789 79,777 79,181 79,644 80,813 87,374 0
의무 361,316 19 361,297 69,782 70,423 70,998 71,711 78,382 0
재량 45,680 188 45,492 9,995 8,758 8,646 9,102 8,992 0
국고보조금 118,920 0 118,920 22,103 22,549 22,638 22,766 28,864 0
균특보조금 1,533 0 1,533 307 307 307 307 307 0
기금보조금 0 0 0 0 0 0 0 0 0
시도비 98,040 6 98,034 18,936 19,270 19,593 19,937 20,298 0
시군구비 188,504 201 188,302 38,431 37,055 37,106 37,804 37,906 0
지방소멸대응기
금 0 0 0 0 0 0 0 0 0
지방채 0 0 0 0 0 0 0 0 0
(채무부담) 0 0 0 0 0 0 0 0 0
(민자 등) 161 0 161 32 32 32 32 32 0
(091) 보건의료 54 1.6
계 392,838 207 392,631 76,940 76,294 76,843 77,979 84,574 0
의무 348,375 19 348,356 67,190 67,797 68,424 69,137 75,808 0
재량 44,463 188 44,275 9,750 8,498 8,420 8,842 8,766 0
국고보조금 112,977 0 112,977 20,912 21,341 21,457 21,584 27,682 0
균특보조금 1,533 0 1,533 307 307 307 307 307 0
기금보조금 0 0 0 0 0 0 0 0 0
시도비 96,680 6 96,674 18,664 18,998 19,321 19,665 20,026 0
시군구비 181,648 201 181,447 37,057 35,648 35,759 36,424 36,559 0
지방소멸대응기
금 0 0 0 0 0 0 0 0 0
지방채 0 0 0 0 0 0 0 0 0
(채무부담) 0 0 0 0 0 0 0 0 0
(민자 등) 161 0 161 32 32 32 32 32 0
- 129 -
중중기기지지방방재재정정계계획획((22002266  ~~  22003300))  부부문문별별  현현황황((총총괄괄))
회계구분 : 일반 , 특별회계 , 기금
분    야 : 전체
부    문 : 전체 (단위 : 백만원)
분야·부문별1 건수 비율 재원 총사업비 기투자
연     도     별     투     자     계     획
향  후
소  계 2026 2027 2028 2029 2030
(093) 식품의약안전 1 0.1
계 14,159 0 14,159 2,837 2,887 2,800 2,834 2,800 0
의무 12,941 0 12,941 2,592 2,627 2,574 2,574 2,574 0
재량 1,217 0 1,217 245 260 226 260 226 0
국고보조금 5,943 0 5,943 1,190 1,208 1,182 1,182 1,182 0
균특보조금 0 0 0 0 0 0 0 0 0
기금보조금 0 0 0 0 0 0 0 0 0
시도비 1,360 0 1,360 272 272 272 272 272 0
시군구비 6,855 0 6,855 1,375 1,407 1,347 1,380 1,347 0
지방소멸대응기
금 0 0 0 0 0 0 0 0 0
지방채 0 0 0 0 0 0 0 0 0
(채무부담) 0 0 0 0 0 0 0 0 0
(민자 등) 0 0 0 0 0 0 0 0 0
(100) 농림해양수산 150 6.1
계 1,557,008 52,585 1,504,423 333,832 284,951 282,061 297,687 305,892 0
의무 717,732 21,526 696,206 141,751 138,077 135,170 139,970 141,238 0
재량 839,276 31,059 808,217 192,081 146,874 146,891 157,717 164,655 0
국고보조금 185,581 9,102 176,479 36,439 35,104 34,849 35,127 34,960 0
균특보조금 22,086 3,500 18,586 4,192 5,042 3,117 3,117 3,117 0
기금보조금 0 0 0 0 0 0 0 0 0
시도비 111,687 1,534 110,153 23,566 21,610 21,232 21,938 21,807 0
시군구비 1,237,655 38,449 1,199,205 269,634 223,195 222,863 237,505 246,009 0
지방소멸대응기
금 0 0 0 0 0 0 0 0 0
지방채 0 0 0 0 0 0 0 0 0
(채무부담) 0 0 0 0 0 0 0 0 0
(민자 등) 3,135 2,125 1,010 986 6 6 6 6 0
- 128 -
- 129 -
중중기기지지방방재재정정계계획획((22002266  ~~  22003300))  부부문문별별  현현황황((총총괄괄))
회계구분 : 일반 , 특별회계 , 기금
분    야 : 전체
부    문 : 전체 (단위 : 백만원)
분야·부문별1 건수 비율 재원 총사업비 기투자
연     도     별     투     자     계     획
향  후
소  계 2026 2027 2028 2029 2030
(093) 식품의약안전 1 0.1
계 14,159 0 14,159 2,837 2,887 2,800 2,834 2,800 0
의무 12,941 0 12,941 2,592 2,627 2,574 2,574 2,574 0
재량 1,217 0 1,217 245 260 226 260 226 0
국고보조금 5,943 0 5,943 1,190 1,208 1,182 1,182 1,182 0
균특보조금 0 0 0 0 0 0 0 0 0
기금보조금 0 0 0 0 0 0 0 0 0
시도비 1,360 0 1,360 272 272 272 272 272 0
시군구비 6,855 0 6,855 1,375 1,407 1,347 1,380 1,347 0
지방소멸대응기
금 0 0 0 0 0 0 0 0 0
지방채 0 0 0 0 0 0 0 0 0
(채무부담) 0 0 0 0 0 0 0 0 0
(민자 등) 0 0 0 0 0 0 0 0 0
(100) 농림해양수산 150 6.1
계 1,557,008 52,585 1,504,423 333,832 284,951 282,061 297,687 305,892 0
의무 717,732 21,526 696,206 141,751 138,077 135,170 139,970 141,238 0
재량 839,276 31,059 808,217 192,081 146,874 146,891 157,717 164,655 0
국고보조금 185,581 9,102 176,479 36,439 35,104 34,849 35,127 34,960 0
균특보조금 22,086 3,500 18,586 4,192 5,042 3,117 3,117 3,117 0
기금보조금 0 0 0 0 0 0 0 0 0
시도비 111,687 1,534 110,153 23,566 21,610 21,232 21,938 21,807 0
시군구비 1,237,655 38,449 1,199,205 269,634 223,195 222,863 237,505 246,009 0
지방소멸대응기
금 0 0 0 0 0 0 0 0 0
지방채 0 0 0 0 0 0 0 0 0
(채무부담) 0 0 0 0 0 0 0 0 0
(민자 등) 3,135 2,125 1,010 986 6 6 6 6 0
- 129 -
- 130 -
중중기기지지방방재재정정계계획획((22002266  ~~  22003300))  부부문문별별  현현황황((총총괄괄))
회계구분 : 일반 , 특별회계 , 기금
분    야 : 전체
부    문 : 전체 (단위 : 백만원)
분야·부문별1 건수 비율 재원 총사업비 기투자
연     도     별     투     자     계     획
향  후
소  계 2026 2027 2028 2029 2030
(101) 농업ㆍ농촌 75 4.0
계 1,007,948 17,549 990,399 198,960 190,719 188,973 202,717 209,030 0
의무 537,308 14,750 522,557 106,199 101,945 101,585 105,953 106,874 0
재량 470,640 2,798 467,842 92,761 88,774 87,388 96,763 102,155 0
국고보조금 175,604 8,462 167,142 34,297 33,305 33,051 33,328 33,161 0
균특보조금 13,413 0 13,413 2,683 2,683 2,683 2,683 2,683 0
기금보조금 0 0 0 0 0 0 0 0 0
시도비 100,191 810 99,381 20,722 19,442 19,312 20,018 19,887 0
시군구비 718,740 8,277 710,463 141,259 135,289 133,928 146,688 153,299 0
지방소멸대응기
금 0 0 0 0 0 0 0 0 0
지방채 0 0 0 0 0 0 0 0 0
(채무부담) 0 0 0 0 0 0 0 0 0
(민자 등) 2,155 2,125 30 6 6 6 6 6 0
(102) 임업ㆍ산촌 62 1.8
계 479,074 27,816 451,257 121,002 79,926 81,628 83,404 85,297 0
의무 127,143 406 126,737 25,095 24,930 25,238 25,564 25,911 0
재량 351,930 27,410 324,520 95,907 54,996 56,390 57,840 59,386 0
국고보조금 4,480 0 4,480 967 878 878 878 878 0
균특보조금 0 0 0 0 0 0 0 0 0
기금보조금 0 0 0 0 0 0 0 0 0
시도비 4,775 173 4,602 1,504 775 775 775 775 0
시군구비 469,818 27,643 442,175 118,531 78,273 79,975 81,752 83,644 0
지방소멸대응기
금 0 0 0 0 0 0 0 0 0
지방채 0 0 0 0 0 0 0 0 0
(채무부담) 0 0 0 0 0 0 0 0 0
(민자 등) 980 0 980 980 0 0 0 0 0
- 131 -
중중기기지지방방재재정정계계획획((22002266  ~~  22003300))  부부문문별별  현현황황((총총괄괄))
회계구분 : 일반 , 특별회계 , 기금
분    야 : 전체
부    문 : 전체 (단위 : 백만원)
분야·부문별1 건수 비율 재원 총사업비 기투자
연     도     별     투     자     계     획
향  후
소  계 2026 2027 2028 2029 2030
(103) 해양수산ㆍ어
촌 13 0.3
계 69,987 7,220 62,767 13,870 14,305 11,460 11,565 11,565 0
의무 53,281 6,370 46,911 10,457 11,202 8,347 8,452 8,452 0
재량 16,705 850 15,855 3,413 3,103 3,113 3,113 3,113 0
국고보조금 5,497 640 4,857 1,175 920 920 920 920 0
균특보조금 8,673 3,500 5,173 1,510 2,360 435 435 435 0
기금보조금 0 0 0 0 0 0 0 0 0
시도비 6,720 551 6,169 1,340 1,393 1,145 1,145 1,145 0
시군구비 49,097 2,529 46,568 9,845 9,633 8,960 9,065 9,065 0
지방소멸대응기
금 0 0 0 0 0 0 0 0 0
지방채 0 0 0 0 0 0 0 0 0
(채무부담) 0 0 0 0 0 0 0 0 0
(민자 등) 0 0 0 0 0 0 0 0 0
(110) 산업ㆍ중소기업및
에너지 42 2.9
계 808,373 85,929 721,489 134,092 136,768 137,870 147,734 165,024 955
의무 510,363 50,469 459,894 86,034 84,697 83,957 94,603 110,603 0
재량 298,010 35,460 261,594 48,058 52,071 53,914 53,131 54,420 955
국고보조금 7,389 2,070 5,319 1,214 1,214 964 964 964 0
균특보조금 149 0 149 30 30 30 30 30 0
기금보조금 0 0 0 0 0 0 0 0 0
시도비 101,366 26,127 75,239 16,119 15,254 15,122 14,372 14,372 0
시군구비 699,468 57,732 640,781 116,729 120,270 121,755 132,369 149,658 955
지방소멸대응기
금 0 0 0 0 0 0 0 0 0
지방채 0 0 0 0 0 0 0 0 0
(채무부담) 0 0 0 0 0 0 0 0 0
(민자 등) 16,450 6,290 10,159 2,078 2,082 2,000 2,000 2,000 0
- 130 -
- 131 -
중중기기지지방방재재정정계계획획((22002266  ~~  22003300))  부부문문별별  현현황황((총총괄괄))
회계구분 : 일반 , 특별회계 , 기금
분    야 : 전체
부    문 : 전체 (단위 : 백만원)
분야·부문별1 건수 비율 재원 총사업비 기투자
연     도     별     투     자     계     획
향  후
소  계 2026 2027 2028 2029 2030
(103) 해양수산ㆍ어
촌 13 0.3
계 69,987 7,220 62,767 13,870 14,305 11,460 11,565 11,565 0
의무 53,281 6,370 46,911 10,457 11,202 8,347 8,452 8,452 0
재량 16,705 850 15,855 3,413 3,103 3,113 3,113 3,113 0
국고보조금 5,497 640 4,857 1,175 920 920 920 920 0
균특보조금 8,673 3,500 5,173 1,510 2,360 435 435 435 0
기금보조금 0 0 0 0 0 0 0 0 0
시도비 6,720 551 6,169 1,340 1,393 1,145 1,145 1,145 0
시군구비 49,097 2,529 46,568 9,845 9,633 8,960 9,065 9,065 0
지방소멸대응기
금 0 0 0 0 0 0 0 0 0
지방채 0 0 0 0 0 0 0 0 0
(채무부담) 0 0 0 0 0 0 0 0 0
(민자 등) 0 0 0 0 0 0 0 0 0
(110) 산업ㆍ중소기업및
에너지 42 2.9
계 808,373 85,929 721,489 134,092 136,768 137,870 147,734 165,024 955
의무 510,363 50,469 459,894 86,034 84,697 83,957 94,603 110,603 0
재량 298,010 35,460 261,594 48,058 52,071 53,914 53,131 54,420 955
국고보조금 7,389 2,070 5,319 1,214 1,214 964 964 964 0
균특보조금 149 0 149 30 30 30 30 30 0
기금보조금 0 0 0 0 0 0 0 0 0
시도비 101,366 26,127 75,239 16,119 15,254 15,122 14,372 14,372 0
시군구비 699,468 57,732 640,781 116,729 120,270 121,755 132,369 149,658 955
지방소멸대응기
금 0 0 0 0 0 0 0 0 0
지방채 0 0 0 0 0 0 0 0 0
(채무부담) 0 0 0 0 0 0 0 0 0
(민자 등) 16,450 6,290 10,159 2,078 2,082 2,000 2,000 2,000 0
- 131 -
- 132 -
중중기기지지방방재재정정계계획획((22002266  ~~  22003300))  부부문문별별  현현황황((총총괄괄))
회계구분 : 일반 , 특별회계 , 기금
분    야 : 전체
부    문 : 전체 (단위 : 백만원)
분야·부문별1 건수 비율 재원 총사업비 기투자
연     도     별     투     자     계     획
향  후
소  계 2026 2027 2028 2029 2030
(111) 산업금융지원 1 0.0
계 2,000 0 2,000 1,000 1,000 0 0 0 0
의무 0 0 0 0 0 0 0 0 0
재량 2,000 0 2,000 1,000 1,000 0 0 0 0
국고보조금 0 0 0 0 0 0 0 0 0
균특보조금 0 0 0 0 0 0 0 0 0
기금보조금 0 0 0 0 0 0 0 0 0
시도비 0 0 0 0 0 0 0 0 0
시군구비 2,000 0 2,000 1,000 1,000 0 0 0 0
지방소멸대응기
금 0 0 0 0 0 0 0 0 0
지방채 0 0 0 0 0 0 0 0 0
(채무부담) 0 0 0 0 0 0 0 0 0
(민자 등) 0 0 0 0 0 0 0 0 0
(113) 무역및투자유
치 3 0.2
계 50,749 750 49,999 7,771 9,073 10,258 10,812 12,086 0
의무 4,500 750 3,750 750 750 750 750 750 0
재량 46,249 0 46,249 7,021 8,323 9,508 10,062 11,336 0
국고보조금 0 0 0 0 0 0 0 0 0
균특보조금 0 0 0 0 0 0 0 0 0
기금보조금 0 0 0 0 0 0 0 0 0
시도비 2,250 0 2,250 750 750 750 0 0 0
시군구비 48,499 750 47,749 7,021 8,323 9,508 10,812 12,086 0
지방소멸대응기
금 0 0 0 0 0 0 0 0 0
지방채 0 0 0 0 0 0 0 0 0
(채무부담) 0 0 0 0 0 0 0 0 0
(민자 등) 0 0 0 0 0 0 0 0 0
- 133 -
중중기기지지방방재재정정계계획획((22002266  ~~  22003300))  부부문문별별  현현황황((총총괄괄))
회계구분 : 일반 , 특별회계 , 기금
분    야 : 전체
부    문 : 전체 (단위 : 백만원)
분야·부문별1 건수 비율 재원 총사업비 기투자
연     도     별     투     자     계     획
향  후
소  계 2026 2027 2028 2029 2030
(114) 산업진흥ㆍ고
도화 2 0.0
계 12,115 0 12,115 1,383 2,183 3,683 4,183 683 0
의무 0 0 0 0 0 0 0 0 0
재량 12,115 0 12,115 1,383 2,183 3,683 4,183 683 0
국고보조금 0 0 0 0 0 0 0 0 0
균특보조금 0 0 0 0 0 0 0 0 0
기금보조금 0 0 0 0 0 0 0 0 0
시도비 50 0 50 10 10 10 10 10 0
시군구비 12,065 0 12,065 1,373 2,173 3,673 4,173 673 0
지방소멸대응기
금 0 0 0 0 0 0 0 0 0
지방채 0 0 0 0 0 0 0 0 0
(채무부담) 0 0 0 0 0 0 0 0 0
(민자 등) 0 0 0 0 0 0 0 0 0
(115) 에너지및자원
개발 1 0.0
계 9,935 9,654 281 281 0 0 0 0 0
의무 9,935 9,654 281 281 0 0 0 0 0
재량 0 0 0 0 0 0 0 0 0
국고보조금 2,070 2,070 0 0 0 0 0 0 0
균특보조금 0 0 0 0 0 0 0 0 0
기금보조금 0 0 0 0 0 0 0 0 0
시도비 0 0 0 0 0 0 0 0 0
시군구비 7,865 7,584 281 281 0 0 0 0 0
지방소멸대응기
금 0 0 0 0 0 0 0 0 0
지방채 0 0 0 0 0 0 0 0 0
(채무부담) 0 0 0 0 0 0 0 0 0
(민자 등) 6,216 6,216 0 0 0 0 0 0 0
- 132 -
- 133 -
중중기기지지방방재재정정계계획획((22002266  ~~  22003300))  부부문문별별  현현황황((총총괄괄))
회계구분 : 일반 , 특별회계 , 기금
분    야 : 전체
부    문 : 전체 (단위 : 백만원)
분야·부문별1 건수 비율 재원 총사업비 기투자
연     도     별     투     자     계     획
향  후
소  계 2026 2027 2028 2029 2030
(114) 산업진흥ㆍ고
도화 2 0.0
계 12,115 0 12,115 1,383 2,183 3,683 4,183 683 0
의무 0 0 0 0 0 0 0 0 0
재량 12,115 0 12,115 1,383 2,183 3,683 4,183 683 0
국고보조금 0 0 0 0 0 0 0 0 0
균특보조금 0 0 0 0 0 0 0 0 0
기금보조금 0 0 0 0 0 0 0 0 0
시도비 50 0 50 10 10 10 10 10 0
시군구비 12,065 0 12,065 1,373 2,173 3,673 4,173 673 0
지방소멸대응기
금 0 0 0 0 0 0 0 0 0
지방채 0 0 0 0 0 0 0 0 0
(채무부담) 0 0 0 0 0 0 0 0 0
(민자 등) 0 0 0 0 0 0 0 0 0
(115) 에너지및자원
개발 1 0.0
계 9,935 9,654 281 281 0 0 0 0 0
의무 9,935 9,654 281 281 0 0 0 0 0
재량 0 0 0 0 0 0 0 0 0
국고보조금 2,070 2,070 0 0 0 0 0 0 0
균특보조금 0 0 0 0 0 0 0 0 0
기금보조금 0 0 0 0 0 0 0 0 0
시도비 0 0 0 0 0 0 0 0 0
시군구비 7,865 7,584 281 281 0 0 0 0 0
지방소멸대응기
금 0 0 0 0 0 0 0 0 0
지방채 0 0 0 0 0 0 0 0 0
(채무부담) 0 0 0 0 0 0 0 0 0
(민자 등) 6,216 6,216 0 0 0 0 0 0 0
- 133 -
- 134 -
중중기기지지방방재재정정계계획획((22002266  ~~  22003300))  부부문문별별  현현황황((총총괄괄))
회계구분 : 일반 , 특별회계 , 기금
분    야 : 전체
부    문 : 전체 (단위 : 백만원)
분야·부문별1 건수 비율 재원 총사업비 기투자
연     도     별     투     자     계     획
향  후
소  계 2026 2027 2028 2029 2030
(116) 산업ㆍ중소기
업일반 35 2.7
계 733,573 75,525 657,093 123,657 124,512 123,929 132,740 152,255 955
의무 495,928 40,064 455,863 85,003 83,947 83,207 93,853 109,853 0
재량 237,645 35,460 201,230 38,654 40,565 40,723 38,886 42,402 955
국고보조금 5,319 0 5,319 1,214 1,214 964 964 964 0
균특보조금 149 0 149 30 30 30 30 30 0
기금보조금 0 0 0 0 0 0 0 0 0
시도비 99,066 26,127 72,939 15,359 14,494 14,362 14,362 14,362 0
시군구비 629,039 49,398 578,686 107,054 108,774 108,574 117,384 136,900 955
지방소멸대응기
금 0 0 0 0 0 0 0 0 0
지방채 0 0 0 0 0 0 0 0 0
(채무부담) 0 0 0 0 0 0 0 0 0
(민자 등) 10,234 74 10,159 2,078 2,082 2,000 2,000 2,000 0
(120) 교통및물류 293 19.0
계 5,847,559 1,191,537 4,656,022 467,475 1,014,683 1,098,862 1,028,952 1,046,051 0
의무 1,350,638 239,967 1,110,671 185,868 245,150 244,648 225,389 209,616 0
재량 4,496,921 951,569 3,545,352 281,607 769,533 854,213 803,563 836,435 0
국고보조금 84,360 33,950 50,410 9,418 10,098 10,398 10,098 10,398 0
균특보조금 8,122 287 7,835 1,567 1,567 1,567 1,567 1,567 0
기금보조금 0 0 0 0 0 0 0 0 0
시도비 97,172 24,508 72,664 16,973 13,487 13,355 14,400 14,449 0
시군구비 5,430,116 1,129,792 4,300,324 406,514 899,616 986,427 988,129 1,019,637 0
지방소멸대응기
금 0 0 0 0 0 0 0 0 0
지방채 227,790 3,000 224,790 33,002 89,915 87,115 14,758 0 0
(채무부담) 0 0 0 0 0 0 0 0 0
(민자 등) 1,598,638 89,378 1,048,820 107,000 25,000 25,000 532,864 358,956 460,440
- 135 -
중중기기지지방방재재정정계계획획((22002266  ~~  22003300))  부부문문별별  현현황황((총총괄괄))
회계구분 : 일반 , 특별회계 , 기금
분    야 : 전체
부    문 : 전체 (단위 : 백만원)
분야·부문별1 건수 비율 재원 총사업비 기투자
연     도     별     투     자     계     획
향  후
소  계 2026 2027 2028 2029 2030
(121) 도로 215 7.6
계 2,908,993 1,041,757 1,867,237 115,245 222,589 184,329 656,599 688,475 0
의무 304,396 220,505 83,891 21,522 15,171 15,498 15,728 15,972 0
재량 2,604,597 821,252 1,783,345 93,722 207,419 168,831 640,870 672,503 0
국고보조금 33,950 33,950 0 0 0 0 0 0 0
균특보조금 287 287 0 0 0 0 0 0 0
기금보조금 0 0 0 0 0 0 0 0 0
시도비 25,600 24,508 1,092 218 218 218 218 218 0
시군구비 2,829,456 980,012 1,849,444 108,326 217,171 181,710 653,980 688,257 0
지방소멸대응기
금 0 0 0 0 0 0 0 0 0
지방채 19,700 3,000 16,700 6,700 5,200 2,400 2,400 0 0
(채무부담) 0 0 0 0 0 0 0 0 0
(민자 등) 1,437,078 89,378 927,700 107,000 15,000 15,000 482,864 307,836 420,000
(123) 도시철도 2 4.5
계 1,220,274 124,688 1,095,586 70,070 449,738 575,678 50 50 0
의무 0 0 0 0 0 0 0 0 0
재량 1,220,274 124,688 1,095,586 70,070 449,738 575,678 50 50 0
국고보조금 0 0 0 0 0 0 0 0 0
균특보조금 0 0 0 0 0 0 0 0 0
기금보조금 0 0 0 0 0 0 0 0 0
시도비 0 0 0 0 0 0 0 0 0
시군구비 1,220,274 124,688 1,095,586 70,070 449,738 575,678 50 50 0
지방소멸대응기
금 0 0 0 0 0 0 0 0 0
지방채 0 0 0 0 0 0 0 0 0
(채무부담) 0 0 0 0 0 0 0 0 0
(민자 등) 0 0 0 0 0 0 0 0 0
- 134 -
- 135 -
중중기기지지방방재재정정계계획획((22002266  ~~  22003300))  부부문문별별  현현황황((총총괄괄))
회계구분 : 일반 , 특별회계 , 기금
분    야 : 전체
부    문 : 전체 (단위 : 백만원)
분야·부문별1 건수 비율 재원 총사업비 기투자
연     도     별     투     자     계     획
향  후
소  계 2026 2027 2028 2029 2030
(121) 도로 215 7.6
계 2,908,993 1,041,757 1,867,237 115,245 222,589 184,329 656,599 688,475 0
의무 304,396 220,505 83,891 21,522 15,171 15,498 15,728 15,972 0
재량 2,604,597 821,252 1,783,345 93,722 207,419 168,831 640,870 672,503 0
국고보조금 33,950 33,950 0 0 0 0 0 0 0
균특보조금 287 287 0 0 0 0 0 0 0
기금보조금 0 0 0 0 0 0 0 0 0
시도비 25,600 24,508 1,092 218 218 218 218 218 0
시군구비 2,829,456 980,012 1,849,444 108,326 217,171 181,710 653,980 688,257 0
지방소멸대응기
금 0 0 0 0 0 0 0 0 0
지방채 19,700 3,000 16,700 6,700 5,200 2,400 2,400 0 0
(채무부담) 0 0 0 0 0 0 0 0 0
(민자 등) 1,437,078 89,378 927,700 107,000 15,000 15,000 482,864 307,836 420,000
(123) 도시철도 2 4.5
계 1,220,274 124,688 1,095,586 70,070 449,738 575,678 50 50 0
의무 0 0 0 0 0 0 0 0 0
재량 1,220,274 124,688 1,095,586 70,070 449,738 575,678 50 50 0
국고보조금 0 0 0 0 0 0 0 0 0
균특보조금 0 0 0 0 0 0 0 0 0
기금보조금 0 0 0 0 0 0 0 0 0
시도비 0 0 0 0 0 0 0 0 0
시군구비 1,220,274 124,688 1,095,586 70,070 449,738 575,678 50 50 0
지방소멸대응기
금 0 0 0 0 0 0 0 0 0
지방채 0 0 0 0 0 0 0 0 0
(채무부담) 0 0 0 0 0 0 0 0 0
(민자 등) 0 0 0 0 0 0 0 0 0
- 135 -
- 136 -
중중기기지지방방재재정정계계획획((22002266  ~~  22003300))  부부문문별별  현현황황((총총괄괄))
회계구분 : 일반 , 특별회계 , 기금
분    야 : 전체
부    문 : 전체 (단위 : 백만원)
분야·부문별1 건수 비율 재원 총사업비 기투자
연     도     별     투     자     계     획
향  후
소  계 2026 2027 2028 2029 2030
(126) 대중교통ㆍ물
류등기타 76 6.9
계 1,718,292 25,092 1,693,200 282,160 342,356 338,855 372,303 357,526 0
의무 1,046,242 19,463 1,026,779 164,345 229,979 229,151 209,660 193,644 0
재량 672,050 5,629 666,421 117,815 112,377 109,704 162,643 163,882 0
국고보조금 50,410 0 50,410 9,418 10,098 10,398 10,098 10,398 0
균특보조금 7,835 0 7,835 1,567 1,567 1,567 1,567 1,567 0
기금보조금 0 0 0 0 0 0 0 0 0
시도비 71,572 0 71,572 16,755 13,268 13,136 14,182 14,231 0
시군구비 1,380,386 25,092 1,355,294 228,118 232,707 229,039 334,099 331,330 0
지방소멸대응기
금 0 0 0 0 0 0 0 0 0
지방채 208,090 0 208,090 26,302 84,715 84,715 12,358 0 0
(채무부담) 0 0 0 0 0 0 0 0 0
(민자 등) 161,560 0 121,120 0 10,000 10,000 50,000 51,120 40,440
(140) 국토및지역개발 66 2.6
계 926,963 298,670 627,894 137,849 137,359 117,590 134,349 100,746 398
의무 210,512 112,066 98,446 35,700 21,062 15,681 15,671 10,332 0
재량 716,451 186,604 529,448 102,149 116,298 101,909 118,678 90,415 398
국고보조금 44,238 18,920 25,319 3,781 3,315 3,315 9,591 5,315 0
균특보조금 46,533 30,778 15,755 5,834 3,141 3,275 3,239 266 0
기금보조금 0 0 0 0 0 0 0 0 0
시도비 43,819 9,704 34,115 6,049 6,034 6,034 9,136 6,863 0
시군구비 789,953 238,349 551,206 122,185 123,370 104,965 112,383 88,303 398
지방소멸대응기
금 0 0 0 0 0 0 0 0 0
지방채 2,420 920 1,500 0 1,500 0 0 0 0
(채무부담) 0 0 0 0 0 0 0 0 0
(민자 등) 1,350 1,350 0 0 0 0 0 0 0
- 137 -
중중기기지지방방재재정정계계획획((22002266  ~~  22003300))  부부문문별별  현현황황((총총괄괄))
회계구분 : 일반 , 특별회계 , 기금
분    야 : 전체
부    문 : 전체 (단위 : 백만원)
분야·부문별1 건수 비율 재원 총사업비 기투자
연     도     별     투     자     계     획
향  후
소  계 2026 2027 2028 2029 2030
(141) 수자원 30 1.1
계 358,222 76,838 281,384 23,976 49,552 55,401 83,794 68,661 0
의무 28,400 15,032 13,368 3,200 3,568 2,200 2,200 2,200 0
재량 329,822 61,806 268,016 20,776 45,984 53,201 81,594 66,461 0
국고보조금 19,176 0 19,176 1,300 2,400 2,400 8,676 4,400 0
균특보조금 186 186 0 0 0 0 0 0 0
기금보조금 0 0 0 0 0 0 0 0 0
시도비 26,588 0 26,588 4,050 4,600 4,600 7,738 5,600 0
시군구비 312,272 76,652 235,620 18,626 42,552 48,401 67,380 58,661 0
지방소멸대응기
금 0 0 0 0 0 0 0 0 0
지방채 0 0 0 0 0 0 0 0 0
(채무부담) 0 0 0 0 0 0 0 0 0
(민자 등) 0 0 0 0 0 0 0 0 0
(142) 지역및도시 36 1.4
계 568,741 221,832 346,510 113,873 87,807 62,189 50,555 32,085 398
의무 182,112 97,034 85,078 32,500 17,494 13,481 13,471 8,132 0
재량 386,629 124,798 261,432 81,373 70,314 48,708 37,084 23,954 398
국고보조금 25,062 18,920 6,143 2,481 915 915 915 915 0
균특보조금 46,347 30,592 15,755 5,834 3,141 3,275 3,239 266 0
기금보조금 0 0 0 0 0 0 0 0 0
시도비 17,231 9,704 7,527 1,999 1,434 1,434 1,398 1,263 0
시군구비 477,681 161,697 315,586 103,559 80,818 56,564 45,003 29,642 398
지방소멸대응기
금 0 0 0 0 0 0 0 0 0
지방채 2,420 920 1,500 0 1,500 0 0 0 0
(채무부담) 0 0 0 0 0 0 0 0 0
(민자 등) 1,350 1,350 0 0 0 0 0 0 0
- 136 -
- 137 -
중중기기지지방방재재정정계계획획((22002266  ~~  22003300))  부부문문별별  현현황황((총총괄괄))
회계구분 : 일반 , 특별회계 , 기금
분    야 : 전체
부    문 : 전체 (단위 : 백만원)
분야·부문별1 건수 비율 재원 총사업비 기투자
연     도     별     투     자     계     획
향  후
소  계 2026 2027 2028 2029 2030
(141) 수자원 30 1.1
계 358,222 76,838 281,384 23,976 49,552 55,401 83,794 68,661 0
의무 28,400 15,032 13,368 3,200 3,568 2,200 2,200 2,200 0
재량 329,822 61,806 268,016 20,776 45,984 53,201 81,594 66,461 0
국고보조금 19,176 0 19,176 1,300 2,400 2,400 8,676 4,400 0
균특보조금 186 186 0 0 0 0 0 0 0
기금보조금 0 0 0 0 0 0 0 0 0
시도비 26,588 0 26,588 4,050 4,600 4,600 7,738 5,600 0
시군구비 312,272 76,652 235,620 18,626 42,552 48,401 67,380 58,661 0
지방소멸대응기
금 0 0 0 0 0 0 0 0 0
지방채 0 0 0 0 0 0 0 0 0
(채무부담) 0 0 0 0 0 0 0 0 0
(민자 등) 0 0 0 0 0 0 0 0 0
(142) 지역및도시 36 1.4
계 568,741 221,832 346,510 113,873 87,807 62,189 50,555 32,085 398
의무 182,112 97,034 85,078 32,500 17,494 13,481 13,471 8,132 0
재량 386,629 124,798 261,432 81,373 70,314 48,708 37,084 23,954 398
국고보조금 25,062 18,920 6,143 2,481 915 915 915 915 0
균특보조금 46,347 30,592 15,755 5,834 3,141 3,275 3,239 266 0
기금보조금 0 0 0 0 0 0 0 0 0
시도비 17,231 9,704 7,527 1,999 1,434 1,434 1,398 1,263 0
시군구비 477,681 161,697 315,586 103,559 80,818 56,564 45,003 29,642 398
지방소멸대응기
금 0 0 0 0 0 0 0 0 0
지방채 2,420 920 1,500 0 1,500 0 0 0 0
(채무부담) 0 0 0 0 0 0 0 0 0
(민자 등) 1,350 1,350 0 0 0 0 0 0 0
- 137 -
- 138 -
중중기기지지방방재재정정계계획획((22002266  ~~  22003300))  부부문문별별  현현황황((총총괄괄))
회계구분 : 일반 , 특별회계 , 기금
분    야 : 전체
부    문 : 전체 (단위 : 백만원)
분야·부문별1 건수 비율 재원 총사업비 기투자
연     도     별     투     자     계     획
향  후
소  계 2026 2027 2028 2029 2030
(160) 예비비 0 0.7
계 181,939 0 181,939 36,354 33,520 35,042 37,236 39,787 0
의무 53,500 0 53,500 10,700 10,700 10,700 10,700 10,700 0
재량 128,439 0 128,439 25,654 22,820 24,342 26,536 29,087 0
국고보조금 0 0 0 0 0 0 0 0 0
균특보조금 0 0 0 0 0 0 0 0 0
기금보조금 0 0 0 0 0 0 0 0 0
시도비 0 0 0 0 0 0 0 0 0
시군구비 181,939 0 181,939 36,354 33,520 35,042 37,236 39,787 0
지방소멸대응기
금 0 0 0 0 0 0 0 0 0
지방채 0 0 0 0 0 0 0 0 0
(채무부담) 0 0 0 0 0 0 0 0 0
(민자 등) 0 0 0 0 0 0 0 0 0
(161) 예비비 0 0.7
계 181,939 0 181,939 36,354 33,520 35,042 37,236 39,787 0
의무 53,500 0 53,500 10,700 10,700 10,700 10,700 10,700 0
재량 128,439 0 128,439 25,654 22,820 24,342 26,536 29,087 0
국고보조금 0 0 0 0 0 0 0 0 0
균특보조금 0 0 0 0 0 0 0 0 0
기금보조금 0 0 0 0 0 0 0 0 0
시도비 0 0 0 0 0 0 0 0 0
시군구비 181,939 0 181,939 36,354 33,520 35,042 37,236 39,787 0
지방소멸대응기
금 0 0 0 0 0 0 0 0 0
지방채 0 0 0 0 0 0 0 0 0
(채무부담) 0 0 0 0 0 0 0 0 0
(민자 등) 0 0 0 0 0 0 0 0 0
- 139 -
중중기기지지방방재재정정계계획획((22002266  ~~  22003300))  부부문문별별  현현황황((총총괄괄))
회계구분 : 일반 , 특별회계 , 기금
분    야 : 전체
부    문 : 전체 (단위 : 백만원)
분야·부문별1 건수 비율 재원 총사업비 기투자
연     도     별     투     자     계     획
향  후
소  계 2026 2027 2028 2029 2030
(900) 기타 1 8.0
계 1,962,134 121 1,962,013 350,759 373,897 393,136 412,430 431,790 0
의무 1,532,856 0 1,532,856 304,775 305,652 306,572 307,477 308,380 0
재량 429,277 121 429,156 45,984 68,244 86,564 104,953 123,410 0
국고보조금 5,925 0 5,925 1,163 1,172 1,194 1,197 1,200 0
균특보조금 7,710 0 7,710 1,538 1,540 1,542 1,544 1,546 0
기금보조금 0 0 0 0 0 0 0 0 0
시도비 4,640 0 4,640 929 927 927 928 929 0
시군구비 1,943,859 121 1,943,738 347,128 370,258 389,474 408,762 428,117 0
지방소멸대응기
금 0 0 0 0 0 0 0 0 0
지방채 0 0 0 0 0 0 0 0 0
(채무부담) 0 0 0 0 0 0 0 0 0
(민자 등) 0 0 0 0 0 0 0 0 0
(901) 기타 1 8.0
계 1,962,134 121 1,962,013 350,759 373,897 393,136 412,430 431,790 0
의무 1,532,856 0 1,532,856 304,775 305,652 306,572 307,477 308,380 0
재량 429,277 121 429,156 45,984 68,244 86,564 104,953 123,410 0
국고보조금 5,925 0 5,925 1,163 1,172 1,194 1,197 1,200 0
균특보조금 7,710 0 7,710 1,538 1,540 1,542 1,544 1,546 0
기금보조금 0 0 0 0 0 0 0 0 0
시도비 4,640 0 4,640 929 927 927 928 929 0
시군구비 1,943,859 121 1,943,738 347,128 370,258 389,474 408,762 428,117 0
지방소멸대응기
금 0 0 0 0 0 0 0 0 0
지방채 0 0 0 0 0 0 0 0 0
(채무부담) 0 0 0 0 0 0 0 0 0
(민자 등) 0 0 0 0 0 0 0 0 0
- 138 -
- 139 -
중중기기지지방방재재정정계계획획((22002266  ~~  22003300))  부부문문별별  현현황황((총총괄괄))
회계구분 : 일반 , 특별회계 , 기금
분    야 : 전체
부    문 : 전체 (단위 : 백만원)
분야·부문별1 건수 비율 재원 총사업비 기투자
연     도     별     투     자     계     획
향  후
소  계 2026 2027 2028 2029 2030
(900) 기타 1 8.0
계 1,962,134 121 1,962,013 350,759 373,897 393,136 412,430 431,790 0
의무 1,532,856 0 1,532,856 304,775 305,652 306,572 307,477 308,380 0
재량 429,277 121 429,156 45,984 68,244 86,564 104,953 123,410 0
국고보조금 5,925 0 5,925 1,163 1,172 1,194 1,197 1,200 0
균특보조금 7,710 0 7,710 1,538 1,540 1,542 1,544 1,546 0
기금보조금 0 0 0 0 0 0 0 0 0
시도비 4,640 0 4,640 929 927 927 928 929 0
시군구비 1,943,859 121 1,943,738 347,128 370,258 389,474 408,762 428,117 0
지방소멸대응기
금 0 0 0 0 0 0 0 0 0
지방채 0 0 0 0 0 0 0 0 0
(채무부담) 0 0 0 0 0 0 0 0 0
(민자 등) 0 0 0 0 0 0 0 0 0
(901) 기타 1 8.0
계 1,962,134 121 1,962,013 350,759 373,897 393,136 412,430 431,790 0
의무 1,532,856 0 1,532,856 304,775 305,652 306,572 307,477 308,380 0
재량 429,277 121 429,156 45,984 68,244 86,564 104,953 123,410 0
국고보조금 5,925 0 5,925 1,163 1,172 1,194 1,197 1,200 0
균특보조금 7,710 0 7,710 1,538 1,540 1,542 1,544 1,546 0
기금보조금 0 0 0 0 0 0 0 0 0
시도비 4,640 0 4,640 929 927 927 928 929 0
시군구비 1,943,859 121 1,943,738 347,128 370,258 389,474 408,762 428,117 0
지방소멸대응기
금 0 0 0 0 0 0 0 0 0
지방채 0 0 0 0 0 0 0 0 0
(채무부담) 0 0 0 0 0 0 0 0 0
(민자 등) 0 0 0 0 0 0 0 0 0
- 139 -
- 141 -
  세부사업계획서2
- 141 -
  세부사업계획서2
- 141 -
- 143 -
세세부부사사업업계계획획서서
회계연도 : 2026년
회계구분 : 일반 , 특별회계 , 기금
분    야 : 전체
부    문 : 전체 (단위 : 백만원)
분야ㆍ부문ㆍ정책ㆍ단위ㆍ세부사
업 사 업 개 요 국가계
획
투
자
심
사
지
방
채
BTL
의무지출
재원 총사업비 기투자
연     도     별     투     자     계     획
향  후
법
정
보
조
이
자 소  계 2026 2027 2028 2029 2030
합  계
계 21,349,678 2,435,891 18,533,477 3,211,837 3,800,318 3,859,443 3,820,496 3,841,384 380,310
의무 10,805,433 871,645 9,933,245 1,941,801 2,033,099 2,002,770 1,945,516 2,010,059 543
재량 10,544,246 1,564,246 8,600,232 1,270,036 1,767,220 1,856,673 1,874,979 1,831,325 379,767
국고보조금 3,967,077 99,691 3,867,006 754,761 791,149 777,419 767,317 776,360 380
균특보조금 187,507 63,611 123,896 25,200 23,728 19,403 29,550 26,015 0
기금보조금 3,000 3,000 0 0 0 0 0 0 0
시도비 1,407,391 62,982 1,344,327 272,043 270,071 266,547 268,090 267,577 81
시군구비 15,520,594 2,202,687 12,938,059 2,092,931 2,623,956 2,708,960 2,740,781 2,771,431 379,848
지방채 264,110 3,920 260,190 66,902 91,415 87,115 14,758 0 0
(민자 등) 1,727,319 208,059 1,058,820 109,000 27,000 27,000 534,864 360,956 460,440
일반공공행정 825,146 45,997 779,149 182,690 133,276 130,799 163,615 168,769 0
입법및선거관리 28,571 0 28,571 11,536 4,259 4,259 4,259 4,259 0
지방의회 운영 지원 21,294 0 21,294 4,259 4,259 4,259 4,259 4,259 0
의회운영 지원 14,615 0 14,615 2,923 2,923 2,923 2,923 2,923 0
의정활동 역량 강화
기간: 연례반복
대상: 의원 및 직원
규모: 92명
내용: 교육 및 연수
N N N N N N
계 2,278 0 2,278 456 456 456 456 456 0
재량 2,278 0 2,278 456 456 456 456 456 0
시군구비 2,278 0 2,278 456 456 456 456 456 0
의정활동 지원 기간: 연례반복
대상: 소속 의원 및 직원 N N N Y N N 계 12,337 0 12,337 2,467 2,467 2,467 2,467 2,467 0
- 143 -
세세부부사사업업계계획획서서
회계연도 : 2026년
회계구분 : 일반 , 특별회계 , 기금
분    야 : 전체
부    문 : 전체 (단위 : 백만원)
분야ㆍ부문ㆍ정책ㆍ단위ㆍ세부사
업 사 업 개 요 국가계
획
투
자
심
사
지
방
채
BTL
의무지출
재원 총사업비 기투자
연     도     별     투     자     계     획
향  후
법
정
보
조
이
자 소  계 2026 2027 2028 2029 2030
합  계
계 21,349,678 2,435,891 18,533,477 3,211,837 3,800,318 3,859,443 3,820,496 3,841,384 380,310
의무 10,805,433 871,645 9,933,245 1,941,801 2,033,099 2,002,770 1,945,516 2,010,059 543
재량 10,544,246 1,564,246 8,600,232 1,270,036 1,767,220 1,856,673 1,874,979 1,831,325 379,767
국고보조금 3,967,077 99,691 3,867,006 754,761 791,149 777,419 767,317 776,360 380
균특보조금 187,507 63,611 123,896 25,200 23,728 19,403 29,550 26,015 0
기금보조금 3,000 3,000 0 0 0 0 0 0 0
시도비 1,407,391 62,982 1,344,327 272,043 270,071 266,547 268,090 267,577 81
시군구비 15,520,594 2,202,687 12,938,059 2,092,931 2,623,956 2,708,960 2,740,781 2,771,431 379,848
지방채 264,110 3,920 260,190 66,902 91,415 87,115 14,758 0 0
(민자 등) 1,727,319 208,059 1,058,820 109,000 27,000 27,000 534,864 360,956 460,440
일반공공행정 825,146 45,997 779,149 182,690 133,276 130,799 163,615 168,769 0
입법및선거관리 28,571 0 28,571 11,536 4,259 4,259 4,259 4,259 0
지방의회 운영 지원 21,294 0 21,294 4,259 4,259 4,259 4,259 4,259 0
의회운영 지원 14,615 0 14,615 2,923 2,923 2,923 2,923 2,923 0
의정활동 역량 강화
기간: 연례반복
대상: 의원 및 직원
규모: 92명
내용: 교육 및 연수
N N N N N N
계 2,278 0 2,278 456 456 456 456 456 0
재량 2,278 0 2,278 456 456 456 456 456 0
시군구비 2,278 0 2,278 456 456 456 456 456 0
의정활동 지원 기간: 연례반복
대상: 소속 의원 및 직원 N N N Y N N 계 12,337 0 12,337 2,467 2,467 2,467 2,467 2,467 0
- 143 -
- 144 -
세세부부사사업업계계획획서서
회계연도 : 2026년
회계구분 : 일반 , 특별회계 , 기금
분    야 : 전체
부    문 : 전체 (단위 : 백만원)
분야ㆍ부문ㆍ정책ㆍ단위ㆍ세부사
업 사 업 개 요 국가계
획
투
자
심
사
지
방
채
BTL
의무지출
재원 총사업비 기투자
연     도     별     투     자     계     획
향  후
법
정
보
조
이
자 소  계 2026 2027 2028 2029 2030
규모: 92명
내용: 의정활동 지원 예산 N N N Y N N
의무 12,337 0 12,337 2,467 2,467 2,467 2,467 2,467 0
시군구비 12,337 0 12,337 2,467 2,467 2,467 2,467 2,467 0
의정활동 홍보 6,680 0 6,680 1,336 1,336 1,336 1,336 1,336 0
언론 및 간행물을
통한 의정활동 홍보
기간:연례반복
대상:관내시민
규모:의회홍보등
내용:의회홍보
N N N N N N
계 2,515 0 2,515 503 503 503 503 503 0
재량 2,515 0 2,515 503 503 503 503 503 0
시군구비 2,515 0 2,515 503 503 503 503 503 0
다양한 미디어를 통
한 의정활동 홍보
기간: 연중상시
대상: 관내
규모: 화성시민 
내용: 화성시민 대상 의
회 홍보
N N N N N N
계 4,165 0 4,165 833 833 833 833 833 0
재량 4,165 0 4,165 833 833 833 833 833 0
시군구비 4,165 0 4,165 833 833 833 833 833 0
공정 선거관리 7,277 0 7,277 7,277 0 0 0 0 0
선거 및 투표관리 7,277 0 7,277 7,277 0 0 0 0 0
지방선거 의무경비
지원
기간:2026.1.~6.
대상:관내시민
규모:관내시민
내용:제9회 전국동시지
방선거 실시에 따른 법
정의무경비 부담
Y 중
앙선
거관
리위
원회
N N N Y N N
계 7,277 0 7,277 7,277 0 0 0 0 0
의무 7,277 0 7,277 7,277 0 0 0 0 0
시군구비 7,277 0 7,277 7,277 0 0 0 0 0
지방행정ㆍ재정지원 136,561 0 136,561 36,288 6,300 6,312 36,324 51,337 0
공공기관 선진화 도모 130,000 0 130,000 35,000 5,000 5,000 35,000 50,000 0
공기업ㆍ공공기관 운영
지원 130,000 0 130,000 35,000 5,000 5,000 35,000 50,000 0
화성도시공사 운영
지원
기간:2026.1.1.~2030.12.31.
대상:화성도시공사 지원부서 N N N N N N 계 30,000 0 30,000 5,000 5,000 5,000 5,000 10,000 0
- 145 -
세세부부사사업업계계획획서서
회계연도 : 2026년
회계구분 : 일반 , 특별회계 , 기금
분    야 : 전체
부    문 : 전체 (단위 : 백만원)
분야ㆍ부문ㆍ정책ㆍ단위ㆍ세부사
업 사 업 개 요 국가계
획
투
자
심
사
지
방
채
BTL
의무지출
재원 총사업비 기투자
연     도     별     투     자     계     획
향  후
법
정
보
조
이
자 소  계 2026 2027 2028 2029 2030
규모:화성도시공사 제반 경비 
내용:도시공사 운영지원 N N N N N N
재량 30,000 0 30,000 5,000 5,000 5,000 5,000 10,000 0
시군구비 30,000 0 30,000 5,000 5,000 5,000 5,000 10,000 0
화성도시공사 3기
신도시 사업 지원
기간:2025.1.~2026.12.
대상:화성도시공사
규모:현금 출자 400억원
내용:화성도시공사 출자
Y N N N N N
계 100,000 0 100,000 30,000 0 0 30,000 40,000 0
재량 100,000 0 100,000 30,000 0 0 30,000 40,000 0
시군구비 100,000 0 100,000 30,000 0 0 30,000 40,000 0
공평과세 실현 93 0 93 18 19 19 19 19 0
지방세수 증대 93 0 93 18 19 19 19 19 0
납세고지서 송달
기간: 연례 반복
대상: 화성시 납세자
내용: 지방세 납세고지
서 출력 및 발송 비용
N N N N N N
계 93 0 93 18 19 19 19 19 0
재량 93 0 93 18 19 19 19 19 0
시군구비 93 0 93 18 19 19 19 19 0
공평과세 실현(만세구 세
무1과) 1,141 0 1,141 228 228 228 228 228 0
지방세수 증대(만세구
세무1과) 1,141 0 1,141 228 228 228 228 228 0
납세고지서 송달(만
세구 세무1과)
기간: 연례반복
대상: 화성시 납세자
내용: 지방세 납세고지서 
출력 및 발송 비용
N N N N N N
계 1,141 0 1,141 228 228 228 228 228 0
재량 1,141 0 1,141 228 228 228 228 228 0
시군구비 1,141 0 1,141 228 228 228 228 228 0
공평과세 실현(만세구 세
무2과) 1,141 0 1,141 228 228 228 228 228 0
지방세수 증대(만세구
세무2과) 1,141 0 1,141 228 228 228 228 228 0
납세고지서 송달(만
세구 세무2과)
기간: 연례반복
대상: 화성시 납세자 N N N N N N 계 1,141 0 1,141 228 228 228 228 228 0
- 144 -
- 145 -
세세부부사사업업계계획획서서
회계연도 : 2026년
회계구분 : 일반 , 특별회계 , 기금
분    야 : 전체
부    문 : 전체 (단위 : 백만원)
분야ㆍ부문ㆍ정책ㆍ단위ㆍ세부사
업 사 업 개 요 국가계
획
투
자
심
사
지
방
채
BTL
의무지출
재원 총사업비 기투자
연     도     별     투     자     계     획
향  후
법
정
보
조
이
자 소  계 2026 2027 2028 2029 2030
규모:화성도시공사 제반 경비 
내용:도시공사 운영지원 N N N N N N
재량 30,000 0 30,000 5,000 5,000 5,000 5,000 10,000 0
시군구비 30,000 0 30,000 5,000 5,000 5,000 5,000 10,000 0
화성도시공사 3기
신도시 사업 지원
기간:2025.1.~2026.12.
대상:화성도시공사
규모:현금 출자 400억원
내용:화성도시공사 출자
Y N N N N N
계 100,000 0 100,000 30,000 0 0 30,000 40,000 0
재량 100,000 0 100,000 30,000 0 0 30,000 40,000 0
시군구비 100,000 0 100,000 30,000 0 0 30,000 40,000 0
공평과세 실현 93 0 93 18 19 19 19 19 0
지방세수 증대 93 0 93 18 19 19 19 19 0
납세고지서 송달
기간: 연례 반복
대상: 화성시 납세자
내용: 지방세 납세고지
서 출력 및 발송 비용
N N N N N N
계 93 0 93 18 19 19 19 19 0
재량 93 0 93 18 19 19 19 19 0
시군구비 93 0 93 18 19 19 19 19 0
공평과세 실현(만세구 세
무1과) 1,141 0 1,141 228 228 228 228 228 0
지방세수 증대(만세구
세무1과) 1,141 0 1,141 228 228 228 228 228 0
납세고지서 송달(만
세구 세무1과)
기간: 연례반복
대상: 화성시 납세자
내용: 지방세 납세고지서 
출력 및 발송 비용
N N N N N N
계 1,141 0 1,141 228 228 228 228 228 0
재량 1,141 0 1,141 228 228 228 228 228 0
시군구비 1,141 0 1,141 228 228 228 228 228 0
공평과세 실현(만세구 세
무2과) 1,141 0 1,141 228 228 228 228 228 0
지방세수 증대(만세구
세무2과) 1,141 0 1,141 228 228 228 228 228 0
납세고지서 송달(만
세구 세무2과)
기간: 연례반복
대상: 화성시 납세자 N N N N N N 계 1,141 0 1,141 228 228 228 228 228 0
- 145 -
- 146 -
세세부부사사업업계계획획서서
회계연도 : 2026년
회계구분 : 일반 , 특별회계 , 기금
분    야 : 전체
부    문 : 전체 (단위 : 백만원)
분야ㆍ부문ㆍ정책ㆍ단위ㆍ세부사
업 사 업 개 요 국가계
획
투
자
심
사
지
방
채
BTL
의무지출
재원 총사업비 기투자
연     도     별     투     자     계     획
향  후
법
정
보
조
이
자 소  계 2026 2027 2028 2029 2030
내용: 지방세 납세고지서 
출력 및 발송 비용 N N N N N N
재량 1,141 0 1,141 228 228 228 228 228 0
시군구비 1,141 0 1,141 228 228 228 228 228 0
공평과세 실현(효행구) 1,141 0 1,141 228 228 228 228 228 0
지방세수 증대(효행구) 1,141 0 1,141 228 228 228 228 228 0
납세고지서 송달(효
행구)
기간: 연례 반복
대상: 화성시 납세자
내용: 지방세 납세고지서 
출력 및 발송 비용
N N N N N N
계 1,141 0 1,141 228 228 228 228 228 0
재량 1,141 0 1,141 228 228 228 228 228 0
시군구비 1,141 0 1,141 228 228 228 228 228 0
자주 재원 확충(동탄구) 3,045 0 3,045 585 597 609 621 633 0
현년도 지방세 세원관리
(동탄구) 3,045 0 3,045 585 597 609 621 633 0
고지서 및 안내문
송달(동탄구)
기간:2025.01.01.~ 2030.12.31.
대상:동탄지역 거주자, 
사업자 및 부동산, 자동차 등 
재산 소유자
규모:동탄지역 세대주 등 약 40만명
내용:동탄지역 지방세 납부 
의무자
N N N N N N
계 3,045 0 3,045 585 597 609 621 633 0
재량 3,045 0 3,045 585 597 609 621 633 0
시군구비 3,045 0 3,045 585 597 609 621 633 0
일반행정 660,014 45,997 614,017 134,866 122,717 120,228 123,033 113,174 0
대도시 선진 행정체계 확
립 26,660 0 26,660 4,832 4,832 4,332 5,832 6,832 0
정책 연구·협업 지원 26,660 0 26,660 4,832 4,832 4,332 5,832 6,832 0
정책연구·협업
기간:2025~2029
대상:화성시 정책 참여
시민 및 공직자 등
규모:화성시 협업행정
운영 1식
내용:화성시 협업행정
운영
N N N N N N
계 1,660 0 1,660 332 332 332 332 332 0
재량 1,660 0 1,660 332 332 332 332 332 0
시군구비 1,660 0 1,660 332 332 332 332 332 0
- 147 -
세세부부사사업업계계획획서서
회계연도 : 2026년
회계구분 : 일반 , 특별회계 , 기금
분    야 : 전체
부    문 : 전체 (단위 : 백만원)
분야ㆍ부문ㆍ정책ㆍ단위ㆍ세부사
업 사 업 개 요 국가계
획
투
자
심
사
지
방
채
BTL
의무지출
재원 총사업비 기투자
연     도     별     투     자     계     획
향  후
법
정
보
조
이
자 소  계 2026 2027 2028 2029 2030
화성시연구원 운영
기간:2025. 1. ~ 2025.12.
대상:화성시 전체
규모:화성시 전체
내용:시정 주요분야에
대한 정책연구 및 개발
N N N N N N
계 25,000 0 25,000 4,500 4,500 4,000 5,500 6,500 0
재량 25,000 0 25,000 4,500 4,500 4,000 5,500 6,500 0
시군구비 25,000 0 25,000 4,500 4,500 4,000 5,500 6,500 0
균형발전 정책 추진 1,963 0 1,963 393 393 393 393 393 0
지속가능발전도시 구현 1,963 0 1,963 393 393 393 393 393 0
지속가능발전사업
지원
기간:연례반복
대상:관내시민
규모:SDGs 이행평가 사
업 추진
내용:SDGs 이행평가 사
업 추진
N N N N N N
계 1,963 0 1,963 393 393 393 393 393 0
재량 1,963 0 1,963 393 393 393 393 393 0
시군구비 1,963 0 1,963 393 393 393 393 393 0
의회협력 및 법무·적극행
정 추진 4,259 0 4,259 852 852 852 852 852 0
법무행정지원 4,259 0 4,259 852 852 852 852 852 0
법무행정운영
기간:2026.1.1.~2030.12.31.(반복)
대상:내부 공무원 및 관내 
기업체 및 시민
규모:내부 공무원 전체 및 
관내기업체 및 시민 전체 대상
내용:내부 법률 지원 및 시민 
대상 무료법률 상담
N N N Y N N
계 4,259 0 4,259 852 852 852 852 852 0
의무 4,259 0 4,259 852 852 852 852 852 0
시군구비 4,259 0 4,259 852 852 852 852 852 0
시민행정기반구축 5,595 0 5,595 1,119 1,119 1,119 1,119 1,119 0
효과적인 군공항 대응을
위한 대국민 홍보 추진 3,736 0 3,736 747 747 747 747 747 0
기획홍보 및 홍보물
제작
기간: 2026. 1. 1. ~
대상: 화성시민
규모: 화성시 전역
내용: 수원군공항 화성
이전 반대에 대한 대응
홍보활동 전개
N N N N N N
계 3,736 0 3,736 747 747 747 747 747 0
재량 3,736 0 3,736 747 747 747 747 747 0
시군구비 3,736 0 3,736 747 747 747 747 747 0
- 146 -
- 147 -
세세부부사사업업계계획획서서
회계연도 : 2026년
회계구분 : 일반 , 특별회계 , 기금
분    야 : 전체
부    문 : 전체 (단위 : 백만원)
분야ㆍ부문ㆍ정책ㆍ단위ㆍ세부사
업 사 업 개 요 국가계
획
투
자
심
사
지
방
채
BTL
의무지출
재원 총사업비 기투자
연     도     별     투     자     계     획
향  후
법
정
보
조
이
자 소  계 2026 2027 2028 2029 2030
화성시연구원 운영
기간:2025. 1. ~ 2025.12.
대상:화성시 전체
규모:화성시 전체
내용:시정 주요분야에
대한 정책연구 및 개발
N N N N N N
계 25,000 0 25,000 4,500 4,500 4,000 5,500 6,500 0
재량 25,000 0 25,000 4,500 4,500 4,000 5,500 6,500 0
시군구비 25,000 0 25,000 4,500 4,500 4,000 5,500 6,500 0
균형발전 정책 추진 1,963 0 1,963 393 393 393 393 393 0
지속가능발전도시 구현 1,963 0 1,963 393 393 393 393 393 0
지속가능발전사업
지원
기간:연례반복
대상:관내시민
규모:SDGs 이행평가 사
업 추진
내용:SDGs 이행평가 사
업 추진
N N N N N N
계 1,963 0 1,963 393 393 393 393 393 0
재량 1,963 0 1,963 393 393 393 393 393 0
시군구비 1,963 0 1,963 393 393 393 393 393 0
의회협력 및 법무·적극행
정 추진 4,259 0 4,259 852 852 852 852 852 0
법무행정지원 4,259 0 4,259 852 852 852 852 852 0
법무행정운영
기간:2026.1.1.~2030.12.31.(반복)
대상:내부 공무원 및 관내 
기업체 및 시민
규모:내부 공무원 전체 및 
관내기업체 및 시민 전체 대상
내용:내부 법률 지원 및 시민 
대상 무료법률 상담
N N N Y N N
계 4,259 0 4,259 852 852 852 852 852 0
의무 4,259 0 4,259 852 852 852 852 852 0
시군구비 4,259 0 4,259 852 852 852 852 852 0
시민행정기반구축 5,595 0 5,595 1,119 1,119 1,119 1,119 1,119 0
효과적인 군공항 대응을
위한 대국민 홍보 추진 3,736 0 3,736 747 747 747 747 747 0
기획홍보 및 홍보물
제작
기간: 2026. 1. 1. ~
대상: 화성시민
규모: 화성시 전역
내용: 수원군공항 화성
이전 반대에 대한 대응
홍보활동 전개
N N N N N N
계 3,736 0 3,736 747 747 747 747 747 0
재량 3,736 0 3,736 747 747 747 747 747 0
시군구비 3,736 0 3,736 747 747 747 747 747 0
- 147 -
- 148 -
세세부부사사업업계계획획서서
회계연도 : 2026년
회계구분 : 일반 , 특별회계 , 기금
분    야 : 전체
부    문 : 전체 (단위 : 백만원)
분야ㆍ부문ㆍ정책ㆍ단위ㆍ세부사
업 사 업 개 요 국가계
획
투
자
심
사
지
방
채
BTL
의무지출
재원 총사업비 기투자
연     도     별     투     자     계     획
향  후
법
정
보
조
이
자 소  계 2026 2027 2028 2029 2030
효과적인 군공항 피해대
응을 위한 보상지원 1,859 0 1,859 372 372 372 372 372 0
군용비행장 소음피
해 보상금 지급
기간:2026. 1. 1. ~
대상:군용비행장 소음대책
지역 내 거주민
규모:군용비행장 소음대책
지역(수원, 오산비행장)
내용:군용비행장 소음대책
지역 내 거주민에 대한 군
소음 보상금 지급
Y 국
방부 N N N N Y N
계 1,859 0 1,859 372 372 372 372 372 0
의무 1,859 0 1,859 372 372 372 372 372 0
국고보조금 855 0 855 171 171 171 171 171 0
시군구비 1,004 0 1,004 201 201 201 201 201 0
도시정보 기반제공 2,403 0 2,403 481 481 481 481 481 0
공간정보 행정서비스 지
원 2,403 0 2,403 481 481 481 481 481 0
행정공간정보 체계
구축
기간:2026. 1 ~ 2030. 12
대상:화성시 전역
규모:공간정보시스템 H/W 2
대 등
내용:고해상도 디지털 항공
사진 관리 등 공간정보시스
템 운영
N N N N N N
계 2,403 0 2,403 481 481 481 481 481 0
재량 2,403 0 2,403 481 481 481 481 481 0
시군구비 2,403 0 2,403 481 481 481 481 481 0
디지털 기반 미래적 스마
트행정서비스 구축 33,409 0 33,409 6,596 6,600 6,668 6,737 6,807 0
원활한 행정정보망 구축 17,007 0 17,007 3,352 3,377 3,401 3,426 3,451 0
정보통신보강사업
기간:연례반복
대상:화성시청 등
규모:해당 없음
내용:백신 라이센스 구
매 등
N N N N N N
계 6,425 0 6,425 1,236 1,260 1,285 1,310 1,334 0
재량 6,425 0 6,425 1,236 1,260 1,285 1,310 1,334 0
시군구비 6,425 0 6,425 1,236 1,260 1,285 1,310 1,334 0
청내 통신장비 및
회선 관리
기간:2026.01~2030.12
대상:청내 내부지원
규모:행정망, 전화망 각
시스템 1식
내용:행정시스템 운영,
각종 통신장비 관리
N N N N N N
계 10,582 0 10,582 2,116 2,116 2,116 2,116 2,116 0
재량 10,582 0 10,582 2,116 2,116 2,116 2,116 2,116 0
시군구비 10,582 0 10,582 2,116 2,116 2,116 2,116 2,116 0
- 149 -
세세부부사사업업계계획획서서
회계연도 : 2026년
회계구분 : 일반 , 특별회계 , 기금
분    야 : 전체
부    문 : 전체 (단위 : 백만원)
분야ㆍ부문ㆍ정책ㆍ단위ㆍ세부사
업 사 업 개 요 국가계
획
투
자
심
사
지
방
채
BTL
의무지출
재원 총사업비 기투자
연     도     별     투     자     계     획
향  후
법
정
보
조
이
자 소  계 2026 2027 2028 2029 2030
대민행정서비스 향상지
원 16,401 0 16,401 3,244 3,224 3,267 3,311 3,356 0
정보화 운영환경 지
원
기간:2026.01~2030.12
대상:공무원
규모:PC 650대, 모니터
800대, 
내용:전산장비(PC, 모니
터) 구입, 전산장비 유
지관리
N N N N N N
계 3,593 0 3,593 698 708 719 729 739 0
재량 3,593 0 3,593 698 708 719 729 739 0
시군구비 3,593 0 3,593 698 708 719 729 739 0
행정정보시스템 운
영
기간:2026.1.1.~
2030.12.31.
대상:화성시 공무원 전체
규모:해당없음
내용:행정정보시스템
운영
N N N Y N N
계 2,470 0 2,470 535 476 481 486 491 0
의무 2,470 0 2,470 535 476 481 486 491 0
시군구비 2,470 0 2,470 535 476 481 486 491 0
공공 와이파이 구축
및 운영
기간:2026.01~2030.12
대상:화성시민 
규모: 공공와이파이 시
스템 1식
내용:화성시민의 정보
화 접근성 강화
N N N N N N
계 3,120 0 3,120 624 624 624 624 624 0
재량 3,120 0 3,120 624 624 624 624 624 0
시군구비 3,120 0 3,120 624 624 624 624 624 0
공공기관 통합업무
시스템 운영
기간:2026. 1. ~ 2030. 12.
대상:화성시 공공기관 업무시스템
규모:화성시 공공기관 
업무시스템 ERP, 그룹웨어, 
협업도구, 웹메일 등 총 39개 
시스템
내용:공공기관 통합업무시스템
클라우드 이용
N N N N N N
계 7,219 0 7,219 1,387 1,415 1,443 1,472 1,502 0
재량 7,219 0 7,219 1,387 1,415 1,443 1,472 1,502 0
시군구비 7,219 0 7,219 1,387 1,415 1,443 1,472 1,502 0
시민행정 기반구축 2,340 0 2,340 450 459 468 477 486 0
통합방위 지원 2,340 0 2,340 450 459 468 477 486 0
예비군 육성 지원
기간:연례반복
대상:화성시 예비군
규모:50,000명
내용:예비군 육성지원
N N N Y N N
계 2,340 0 2,340 450 459 468 477 486 0
의무 2,340 0 2,340 450 459 468 477 486 0
시군구비 2,340 0 2,340 450 459 468 477 486 0
- 148 -
- 149 -
세세부부사사업업계계획획서서
회계연도 : 2026년
회계구분 : 일반 , 특별회계 , 기금
분    야 : 전체
부    문 : 전체 (단위 : 백만원)
분야ㆍ부문ㆍ정책ㆍ단위ㆍ세부사
업 사 업 개 요 국가계
획
투
자
심
사
지
방
채
BTL
의무지출
재원 총사업비 기투자
연     도     별     투     자     계     획
향  후
법
정
보
조
이
자 소  계 2026 2027 2028 2029 2030
대민행정서비스 향상지
원 16,401 0 16,401 3,244 3,224 3,267 3,311 3,356 0
정보화 운영환경 지
원
기간:2026.01~2030.12
대상:공무원
규모:PC 650대, 모니터
800대, 
내용:전산장비(PC, 모니
터) 구입, 전산장비 유
지관리
N N N N N N
계 3,593 0 3,593 698 708 719 729 739 0
재량 3,593 0 3,593 698 708 719 729 739 0
시군구비 3,593 0 3,593 698 708 719 729 739 0
행정정보시스템 운
영
기간:2026.1.1.~
2030.12.31.
대상:화성시 공무원 전체
규모:해당없음
내용:행정정보시스템
운영
N N N Y N N
계 2,470 0 2,470 535 476 481 486 491 0
의무 2,470 0 2,470 535 476 481 486 491 0
시군구비 2,470 0 2,470 535 476 481 486 491 0
공공 와이파이 구축
및 운영
기간:2026.01~2030.12
대상:화성시민 
규모: 공공와이파이 시
스템 1식
내용:화성시민의 정보
화 접근성 강화
N N N N N N
계 3,120 0 3,120 624 624 624 624 624 0
재량 3,120 0 3,120 624 624 624 624 624 0
시군구비 3,120 0 3,120 624 624 624 624 624 0
공공기관 통합업무
시스템 운영
기간:2026. 1. ~ 2030. 12.
대상:화성시 공공기관 업무시스템
규모:화성시 공공기관 
업무시스템 ERP, 그룹웨어, 
협업도구, 웹메일 등 총 39개 
시스템
내용:공공기관 통합업무시스템
클라우드 이용
N N N N N N
계 7,219 0 7,219 1,387 1,415 1,443 1,472 1,502 0
재량 7,219 0 7,219 1,387 1,415 1,443 1,472 1,502 0
시군구비 7,219 0 7,219 1,387 1,415 1,443 1,472 1,502 0
시민행정 기반구축 2,340 0 2,340 450 459 468 477 486 0
통합방위 지원 2,340 0 2,340 450 459 468 477 486 0
예비군 육성 지원
기간:연례반복
대상:화성시 예비군
규모:50,000명
내용:예비군 육성지원
N N N Y N N
계 2,340 0 2,340 450 459 468 477 486 0
의무 2,340 0 2,340 450 459 468 477 486 0
시군구비 2,340 0 2,340 450 459 468 477 486 0
- 149 -
- 150 -
세세부부사사업업계계획획서서
회계연도 : 2026년
회계구분 : 일반 , 특별회계 , 기금
분    야 : 전체
부    문 : 전체 (단위 : 백만원)
분야ㆍ부문ㆍ정책ㆍ단위ㆍ세부사
업 사 업 개 요 국가계
획
투
자
심
사
지
방
채
BTL
의무지출
재원 총사업비 기투자
연     도     별     투     자     계     획
향  후
법
정
보
조
이
자 소  계 2026 2027 2028 2029 2030
내부고객 지원 73,487 0 73,487 14,284 14,405 14,528 15,072 15,198 0
행정지원업무 운영 5,007 0 5,007 834 834 834 1,253 1,253 0
행정기록물 관리
기간:연례반복
대상:화성시 기록물
규모:50,000여권 이상
내용:DB구축사업, 기록
물 이관, 유지보수 등
N N N N N N
계 5,007 0 5,007 834 834 834 1,253 1,253 0
재량 5,007 0 5,007 834 834 834 1,253 1,253 0
시군구비 5,007 0 5,007 834 834 834 1,253 1,253 0
직원복지향상 65,946 0 65,946 12,943 13,065 13,188 13,312 13,438 0
맞춤형 복지제도 운
영
기간:2026.1. ~ 2030.12.
대상:화성시 직원
규모:4,400명 (2026년
기준)
내용:직원 개인별 맞춤
형 복지제도 지원
N N N Y N N
계 52,470 0 52,470 10,286 10,389 10,493 10,598 10,704 0
의무 52,470 0 52,470 10,286 10,389 10,493 10,598 10,704 0
시군구비 52,470 0 52,470 10,286 10,389 10,493 10,598 10,704 0
직원복지 시책추진
기간:2026. 1. ~ 2030. 12.
대상:화성시 직원
규모:4,400명(2026년 기준)
내용:직원통근버스 운영,
행정종합배상공제 가입, 기
숙사 유지 관리, 임신 및
출산 축하선물 지급 등
N N N N N N
계 10,201 0 10,201 2,040 2,040 2,040 2,040 2,040 0
재량 10,201 0 10,201 2,040 2,040 2,040 2,040 2,040 0
시군구비 10,201 0 10,201 2,040 2,040 2,040 2,040 2,040 0
직장 어린이집 운영
기간:연례반복
대상:화성시 직원 자녀(
만 6세이하 미취학아동)
규모:화성시 직원 자녀
내용:화성시청 직장어
린이집 운영
N N N Y N N
계 3,275 0 3,275 617 635 654 674 694 0
의무 3,275 0 3,275 617 635 654 674 694 0
시군구비 3,275 0 3,275 617 635 654 674 694 0
글로벌 역량강화 2,534 0 2,534 507 507 507 507 507 0
공무국외출장 지원
기간:2025년~2030년
대상:화성시소속공무원
규모:200명 내외
내용:공무국외출장지원
N N N N N N
계 2,534 0 2,534 507 507 507 507 507 0
재량 2,534 0 2,534 507 507 507 507 507 0
- 151 -
세세부부사사업업계계획획서서
회계연도 : 2026년
회계구분 : 일반 , 특별회계 , 기금
분    야 : 전체
부    문 : 전체 (단위 : 백만원)
분야ㆍ부문ㆍ정책ㆍ단위ㆍ세부사
업 사 업 개 요 국가계
획
투
자
심
사
지
방
채
BTL
의무지출
재원 총사업비 기투자
연     도     별     투     자     계     획
향  후
법
정
보
조
이
자 소  계 2026 2027 2028 2029 2030
N N N N N N 시군구비 2,534 0 2,534 507 507 507 507 507 0
시민 자치도시 기반 구축 47,500 0 47,500 9,197 9,143 9,221 9,730 10,209 0
시정종합행정추진 1,261 0 1,261 305 174 174 305 305 0
자율방범대 지원
기간:연례반복
대상:자율방법대
규모:자율방법대
내용:방범순찰활동 실
비 지원
Y N N N N N
계 1,261 0 1,261 305 174 174 305 305 0
재량 1,261 0 1,261 305 174 174 305 305 0
시군구비 1,261 0 1,261 305 174 174 305 305 0
주민자치센터 지원 14,597 0 14,597 2,590 2,655 2,719 3,084 3,549 0
주민자치센터 운영
지원
기간:2025.01~2030.12
대상:읍면동 주민자치
센터
규모:읍면동 주민자치
센터 29개소
내용:운영비 지원 및 우
수 읍면동 포상
N N N N N N
계 14,597 0 14,597 2,590 2,655 2,719 3,084 3,549 0
재량 14,597 0 14,597 2,590 2,655 2,719 3,084 3,549 0
시군구비 14,597 0 14,597 2,590 2,655 2,719 3,084 3,549 0
주민자치회 체계 구축 6,585 0 6,585 1,317 1,317 1,317 1,317 1,317 0
주민자치 역량강화
지원
기간:2025.01~2030.12
대상:주민자치회 시범
실시 읍면동
규모:화성시, 읍면동 주
민자치회 29개소
내용:주민자치회 지원,
컨설팅 등
N N N N N N
계 6,585 0 6,585 1,317 1,317 1,317 1,317 1,317 0
재량 6,585 0 6,585 1,317 1,317 1,317 1,317 1,317 0
시군구비 6,585 0 6,585 1,317 1,317 1,317 1,317 1,317 0
마을공동체 기반조성 4,992 0 4,992 998 998 998 998 998 0
경기행복마을관리소
설치 운영
기간:2025.01~2029.12
대상: 병점1동, 화산동,
서신면
규모:2개 동, 1개 면
내용:생활밀착형 공공
서비스 제공 등
N N N N Y N
계 1,750 0 1,750 350 350 350 350 350 0
의무 1,750 0 1,750 350 350 350 350 350 0
시도비 525 0 525 105 105 105 105 105 0
- 150 -
- 151 -
세세부부사사업업계계획획서서
회계연도 : 2026년
회계구분 : 일반 , 특별회계 , 기금
분    야 : 전체
부    문 : 전체 (단위 : 백만원)
분야ㆍ부문ㆍ정책ㆍ단위ㆍ세부사
업 사 업 개 요 국가계
획
투
자
심
사
지
방
채
BTL
의무지출
재원 총사업비 기투자
연     도     별     투     자     계     획
향  후
법
정
보
조
이
자 소  계 2026 2027 2028 2029 2030
N N N N N N 시군구비 2,534 0 2,534 507 507 507 507 507 0
시민 자치도시 기반 구축 47,500 0 47,500 9,197 9,143 9,221 9,730 10,209 0
시정종합행정추진 1,261 0 1,261 305 174 174 305 305 0
자율방범대 지원
기간:연례반복
대상:자율방법대
규모:자율방법대
내용:방범순찰활동 실
비 지원
Y N N N N N
계 1,261 0 1,261 305 174 174 305 305 0
재량 1,261 0 1,261 305 174 174 305 305 0
시군구비 1,261 0 1,261 305 174 174 305 305 0
주민자치센터 지원 14,597 0 14,597 2,590 2,655 2,719 3,084 3,549 0
주민자치센터 운영
지원
기간:2025.01~2030.12
대상:읍면동 주민자치
센터
규모:읍면동 주민자치
센터 29개소
내용:운영비 지원 및 우
수 읍면동 포상
N N N N N N
계 14,597 0 14,597 2,590 2,655 2,719 3,084 3,549 0
재량 14,597 0 14,597 2,590 2,655 2,719 3,084 3,549 0
시군구비 14,597 0 14,597 2,590 2,655 2,719 3,084 3,549 0
주민자치회 체계 구축 6,585 0 6,585 1,317 1,317 1,317 1,317 1,317 0
주민자치 역량강화
지원
기간:2025.01~2030.12
대상:주민자치회 시범
실시 읍면동
규모:화성시, 읍면동 주
민자치회 29개소
내용:주민자치회 지원,
컨설팅 등
N N N N N N
계 6,585 0 6,585 1,317 1,317 1,317 1,317 1,317 0
재량 6,585 0 6,585 1,317 1,317 1,317 1,317 1,317 0
시군구비 6,585 0 6,585 1,317 1,317 1,317 1,317 1,317 0
마을공동체 기반조성 4,992 0 4,992 998 998 998 998 998 0
경기행복마을관리소
설치 운영
기간:2025.01~2029.12
대상: 병점1동, 화산동,
서신면
규모:2개 동, 1개 면
내용:생활밀착형 공공
서비스 제공 등
N N N N Y N
계 1,750 0 1,750 350 350 350 350 350 0
의무 1,750 0 1,750 350 350 350 350 350 0
시도비 525 0 525 105 105 105 105 105 0
- 151 -
- 152 -
세세부부사사업업계계획획서서
회계연도 : 2026년
회계구분 : 일반 , 특별회계 , 기금
분    야 : 전체
부    문 : 전체 (단위 : 백만원)
분야ㆍ부문ㆍ정책ㆍ단위ㆍ세부사
업 사 업 개 요 국가계
획
투
자
심
사
지
방
채
BTL
의무지출
재원 총사업비 기투자
연     도     별     투     자     계     획
향  후
법
정
보
조
이
자 소  계 2026 2027 2028 2029 2030
N N N N Y N 시군구비 1,225 0 1,225 245 245 245 245 245 0
마을공동체지원센터
운영 지원
기간: 2025.01.~2030.12.
대상: 화성시마을공동체지
원센터
규모: 화성시마을공동체지
원센터 1개소
내용: 화성시마을공동체지
원센터 운영 사무 민간위탁
N N N N N N
계 3,242 0 3,242 648 648 648 648 648 0
재량 3,242 0 3,242 648 648 648 648 648 0
시군구비 3,242 0 3,242 648 648 648 648 648 0
자원봉사 활성화 지원 17,823 0 17,823 3,565 3,565 3,565 3,565 3,565 0
자원봉사센터 지원
기간: 2025. 01. ~ 2030.
12.
대상: 화성시자원봉사센터
규모: 화성시자원봉사센터
1개소 
내용: 화성시자원봉사센터
운영비 지원
N N N Y N N
계 15,384 0 15,384 3,077 3,077 3,077 3,077 3,077 0
의무 15,384 0 15,384 3,077 3,077 3,077 3,077 3,077 0
시군구비 15,384 0 15,384 3,077 3,077 3,077 3,077 3,077 0
자원봉사 정책 개발
기간:2025.1 ~2030.12.
대상:자원봉사자 및 지
역공헌활동자
규모:45,000명
내용:봉사공헌마일리지
지급  및 자원봉사 홍보
물 제작 등
N N N N N N
계 2,439 0 2,439 488 488 488 488 488 0
재량 2,439 0 2,439 488 488 488 488 488 0
시군구비 2,439 0 2,439 488 488 488 488 488 0
사회 공익서비스 지원 2,242 0 2,242 422 435 448 461 475 0
사회 공익서비스 지
원
기간:2025.01~2030.12
대상:화성시 사회단체
규모:8개 사회단체
내용:사회단체 공익활
동사업 지원
N N N Y N N
계 2,242 0 2,242 422 435 448 461 475 0
의무 2,242 0 2,242 422 435 448 461 475 0
시군구비 2,242 0 2,242 422 435 448 461 475 0
시민 자치도시 기반 구축(
만세구) 1,815 0 1,815 323 323 323 423 423 0
시정종합행정추진(만세
구) 1,815 0 1,815 323 323 323 423 423 0
자율방범대 지원(만
세구)
기간:연례반복
대상:만세구 소속 자율방범대 N N N N N N 계 1,815 0 1,815 323 323 323 423 423 0
- 153 -
세세부부사사업업계계획획서서
회계연도 : 2026년
회계구분 : 일반 , 특별회계 , 기금
분    야 : 전체
부    문 : 전체 (단위 : 백만원)
분야ㆍ부문ㆍ정책ㆍ단위ㆍ세부사
업 사 업 개 요 국가계
획
투
자
심
사
지
방
채
BTL
의무지출
재원 총사업비 기투자
연     도     별     투     자     계     획
향  후
법
정
보
조
이
자 소  계 2026 2027 2028 2029 2030
내용:12개 지대 자율방범대 
방범순찰활동 실비 지원 N N N N N N
재량 1,815 0 1,815 323 323 323 423 423 0
시군구비 1,815 0 1,815 323 323 323 423 423 0
시민 자치도시 기반 구축(
효행구) 625 0 625 105 105 105 155 155 0
시정종합행정추진(효행
구) 625 0 625 105 105 105 155 155 0
자율방범대 지원(효
행구)
기간:연례반복
대상:자율방범대
내용:자율방범대
방범순찰활동 실비 지원
N N N N N N
계 625 0 625 105 105 105 155 155 0
재량 625 0 625 105 105 105 155 155 0
시군구비 625 0 625 105 105 105 155 155 0
시민 자치도시 기반 구축(
병점구) 425 0 425 81 81 81 91 91 0
시정종합행정추진(병점
구) 425 0 425 81 81 81 91 91 0
자율방범대 지원(병
점구) N N N N N N
계 425 0 425 81 81 81 91 91 0
재량 425 0 425 81 81 81 91 91 0
시군구비 425 0 425 81 81 81 91 91 0
시민 자치도시 기반 구축(
동탄구) 855 0 855 165 165 165 175 185 0
시정종합행정추진(동탄
구) 855 0 855 165 165 165 175 185 0
자율방범대 지원(동
탄구)
기간:연례반복
대상:자율방범대
내용:자율방범대
방범순찰활동 실비지원
N N N N N N
계 855 0 855 165 165 165 175 185 0
재량 855 0 855 165 165 165 175 185 0
시군구비 855 0 855 165 165 165 175 185 0
공정하고 투명한 인사행정 11,192 0 11,192 2,151 2,194 2,238 2,282 2,327 0
- 152 -
- 153 -
세세부부사사업업계계획획서서
회계연도 : 2026년
회계구분 : 일반 , 특별회계 , 기금
분    야 : 전체
부    문 : 전체 (단위 : 백만원)
분야ㆍ부문ㆍ정책ㆍ단위ㆍ세부사
업 사 업 개 요 국가계
획
투
자
심
사
지
방
채
BTL
의무지출
재원 총사업비 기투자
연     도     별     투     자     계     획
향  후
법
정
보
조
이
자 소  계 2026 2027 2028 2029 2030
내용:12개 지대 자율방범대 
방범순찰활동 실비 지원 N N N N N N
재량 1,815 0 1,815 323 323 323 423 423 0
시군구비 1,815 0 1,815 323 323 323 423 423 0
시민 자치도시 기반 구축(
효행구) 625 0 625 105 105 105 155 155 0
시정종합행정추진(효행
구) 625 0 625 105 105 105 155 155 0
자율방범대 지원(효
행구)
기간:연례반복
대상:자율방범대
내용:자율방범대
방범순찰활동 실비 지원
N N N N N N
계 625 0 625 105 105 105 155 155 0
재량 625 0 625 105 105 105 155 155 0
시군구비 625 0 625 105 105 105 155 155 0
시민 자치도시 기반 구축(
병점구) 425 0 425 81 81 81 91 91 0
시정종합행정추진(병점
구) 425 0 425 81 81 81 91 91 0
자율방범대 지원(병
점구) N N N N N N
계 425 0 425 81 81 81 91 91 0
재량 425 0 425 81 81 81 91 91 0
시군구비 425 0 425 81 81 81 91 91 0
시민 자치도시 기반 구축(
동탄구) 855 0 855 165 165 165 175 185 0
시정종합행정추진(동탄
구) 855 0 855 165 165 165 175 185 0
자율방범대 지원(동
탄구)
기간:연례반복
대상:자율방범대
내용:자율방범대
방범순찰활동 실비지원
N N N N N N
계 855 0 855 165 165 165 175 185 0
재량 855 0 855 165 165 165 175 185 0
시군구비 855 0 855 165 165 165 175 185 0
공정하고 투명한 인사행정 11,192 0 11,192 2,151 2,194 2,238 2,282 2,327 0
- 153 -
- 154 -
세세부부사사업업계계획획서서
회계연도 : 2026년
회계구분 : 일반 , 특별회계 , 기금
분    야 : 전체
부    문 : 전체 (단위 : 백만원)
분야ㆍ부문ㆍ정책ㆍ단위ㆍ세부사
업 사 업 개 요 국가계
획
투
자
심
사
지
방
채
BTL
의무지출
재원 총사업비 기투자
연     도     별     투     자     계     획
향  후
법
정
보
조
이
자 소  계 2026 2027 2028 2029 2030
공무원 역량 강화 11,192 0 11,192 2,151 2,194 2,238 2,282 2,327 0
자체 직장 교육
기간:2025.1.1.~
2030.12.31.
대상:직원
규모:1000명
내용:화성시 소속 공무
원 교육
N N N Y N N
계 2,382 0 2,382 458 467 476 485 495 0
의무 2,382 0 2,382 458 467 476 485 495 0
시군구비 2,382 0 2,382 458 467 476 485 495 0
직원 위탁 교육
기간:2025.1.1.~
2030.12.31.
대상:직원
규모;연 1700명 위탁교
육 실시
내용:위탁교육 실시 및
직무 전문역량 강화
N N N Y N N
계 8,811 0 8,811 1,693 1,727 1,761 1,797 1,833 0
의무 8,811 0 8,811 1,693 1,727 1,761 1,797 1,833 0
시군구비 8,811 0 8,811 1,693 1,727 1,761 1,797 1,833 0
신속, 공정, 감동 민원서
비스 제공 13,428 0 13,428 2,940 2,685 2,635 2,585 2,585 0
신속, 정확, 친절 민원
서비스 제공 13,428 0 13,428 2,940 2,685 2,635 2,585 2,585 0
민원발급기 구입 및
유지 관리
기간: 2026~2030년
대상:화성시민
규모:시청 및 출장소,
읍면동 29개소
내용:민원발급기 운영
및 유지보수 
N N N N N N
계 3,229 0 3,229 850 595 595 595 595 0
재량 3,229 0 3,229 850 595 595 595 595 0
시군구비 3,229 0 3,229 850 595 595 595 595 0
화성시 콜센터 운영
기간:2026.1.1.~
2030.12.31.
대상:화성시민
규모:화성시 콜센터 상
담사 28명
내용:콜센터 민간위탁
금 및 운영비
N N N N N N
계 8,135 0 8,135 1,627 1,627 1,627 1,627 1,627 0
재량 8,135 0 8,135 1,627 1,627 1,627 1,627 1,627 0
시군구비 8,135 0 8,135 1,627 1,627 1,627 1,627 1,627 0
민원 업무 추진
기간:연례반복
대상:민원실
규모:해당사항없음
내용:민원실 운영 경비
등
N N N N N N
계 2,064 0 2,064 463 463 413 363 363 0
재량 2,064 0 2,064 463 463 413 363 363 0
시군구비 2,064 0 2,064 463 463 413 363 363 0
- 155 -
세세부부사사업업계계획획서서
회계연도 : 2026년
회계구분 : 일반 , 특별회계 , 기금
분    야 : 전체
부    문 : 전체 (단위 : 백만원)
분야ㆍ부문ㆍ정책ㆍ단위ㆍ세부사
업 사 업 개 요 국가계
획
투
자
심
사
지
방
채
BTL
의무지출
재원 총사업비 기투자
연     도     별     투     자     계     획
향  후
법
정
보
조
이
자 소  계 2026 2027 2028 2029 2030
신속, 공정, 감동 민원서
비스 제공(만세구) 161 0 161 32 32 32 32 32 0
신속, 정확, 친절 민원
서비스 제공(만세구) 161 0 161 32 32 32 32 32 0
민원 업무 추진(만
세구)
기간:연례반복
대상:민원실
규모:해당사항없음
내용:민원실 운영 경비
등
N N N N N N
계 161 0 161 32 32 32 32 32 0
재량 161 0 161 32 32 32 32 32 0
시군구비 161 0 161 32 32 32 32 32 0
신속, 공정, 감동 민원서
비스 제공(효행구) 128 0 128 26 26 26 26 26 0
신속, 정확, 친절 민원
서비스 제공(효행구) 128 0 128 26 26 26 26 26 0
민원 업무 추진(효
행구)
기간:연례반복
대상:민원실
규모:해당사항없음
내용:민원실 운영 경비
등
N N N N N N
계 128 0 128 26 26 26 26 26 0
재량 128 0 128 26 26 26 26 26 0
시군구비 128 0 128 26 26 26 26 26 0
재무활동(예산재정과) 33,810 0 33,810 0 0 0 14,700 19,110 0
내부거래지출 33,810 0 33,810 0 0 0 14,700 19,110 0
통합재정안정화기금
재정안정화계정 적
립
기간:2024.1.~2028.12.
대상:통합재정안정화기금
규모:직전연도 순세계잉여
금의 10% 이상
내용:여유자금 관리 효율성
증대를 위한 순세계잉여금
의무 적립
N N N N N N
계 33,810 0 33,810 0 0 0 14,700 19,110 0
재량 33,810 0 33,810 0 0 0 14,700 19,110 0
시군구비 33,810 0 33,810 0 0 0 14,700 19,110 0
청사 조성, 관리 및 효율
적인 공유재산 관리 250,179 30,997 219,182 59,796 53,151 50,706 35,870 19,659 0
시청사 및 차량 관리 232,783 30,997 201,786 56,421 49,646 47,201 32,365 16,154 0
화성시의회 청사 건
립
기간: 2020.09.~2026.06.
위치: 남양리 2000번지 Y N N N N N 계 44,206 26,269 17,937 17,937 0 0 0 0 0
- 154 -
- 155 -
세세부부사사업업계계획획서서
회계연도 : 2026년
회계구분 : 일반 , 특별회계 , 기금
분    야 : 전체
부    문 : 전체 (단위 : 백만원)
분야ㆍ부문ㆍ정책ㆍ단위ㆍ세부사
업 사 업 개 요 국가계
획
투
자
심
사
지
방
채
BTL
의무지출
재원 총사업비 기투자
연     도     별     투     자     계     획
향  후
법
정
보
조
이
자 소  계 2026 2027 2028 2029 2030
신속, 공정, 감동 민원서
비스 제공(만세구) 161 0 161 32 32 32 32 32 0
신속, 정확, 친절 민원
서비스 제공(만세구) 161 0 161 32 32 32 32 32 0
민원 업무 추진(만
세구)
기간:연례반복
대상:민원실
규모:해당사항없음
내용:민원실 운영 경비
등
N N N N N N
계 161 0 161 32 32 32 32 32 0
재량 161 0 161 32 32 32 32 32 0
시군구비 161 0 161 32 32 32 32 32 0
신속, 공정, 감동 민원서
비스 제공(효행구) 128 0 128 26 26 26 26 26 0
신속, 정확, 친절 민원
서비스 제공(효행구) 128 0 128 26 26 26 26 26 0
민원 업무 추진(효
행구)
기간:연례반복
대상:민원실
규모:해당사항없음
내용:민원실 운영 경비
등
N N N N N N
계 128 0 128 26 26 26 26 26 0
재량 128 0 128 26 26 26 26 26 0
시군구비 128 0 128 26 26 26 26 26 0
재무활동(예산재정과) 33,810 0 33,810 0 0 0 14,700 19,110 0
내부거래지출 33,810 0 33,810 0 0 0 14,700 19,110 0
통합재정안정화기금
재정안정화계정 적
립
기간:2024.1.~2028.12.
대상:통합재정안정화기금
규모:직전연도 순세계잉여
금의 10% 이상
내용:여유자금 관리 효율성
증대를 위한 순세계잉여금
의무 적립
N N N N N N
계 33,810 0 33,810 0 0 0 14,700 19,110 0
재량 33,810 0 33,810 0 0 0 14,700 19,110 0
시군구비 33,810 0 33,810 0 0 0 14,700 19,110 0
청사 조성, 관리 및 효율
적인 공유재산 관리 250,179 30,997 219,182 59,796 53,151 50,706 35,870 19,659 0
시청사 및 차량 관리 232,783 30,997 201,786 56,421 49,646 47,201 32,365 16,154 0
화성시의회 청사 건
립
기간: 2020.09.~2026.06.
위치: 남양리 2000번지 Y N N N N N 계 44,206 26,269 17,937 17,937 0 0 0 0 0
- 155 -
- 156 -
세세부부사사업업계계획획서서
회계연도 : 2026년
회계구분 : 일반 , 특별회계 , 기금
분    야 : 전체
부    문 : 전체 (단위 : 백만원)
분야ㆍ부문ㆍ정책ㆍ단위ㆍ세부사
업 사 업 개 요 국가계
획
투
자
심
사
지
방
채
BTL
의무지출
재원 총사업비 기투자
연     도     별     투     자     계     획
향  후
법
정
보
조
이
자 소  계 2026 2027 2028 2029 2030
규모: 11,804.07㎡
      (지하2층/지상6층)
내용: 화성시의회 청사 이전 건립
Y N N N N N
재량 44,206 26,269 17,937 17,937 0 0 0 0 0
시군구비 44,206 26,269 17,937 17,937 0 0 0 0 0
남양읍 행정복지센
터 건립
기간: 
2021.10.~2027.07.
위치: 남양읍 남양리
1340번지 일원
규모: 연면적 5,828.77
㎡(지하1층, 지상3층)
내용: 남양읍 행정복지
센터 신축
Y Y N N N N
계 28,818 3,888 24,930 17,000 7,930 0 0 0 0
재량 28,818 3,888 24,930 17,000 7,930 0 0 0 0
시군구비 14,818 3,888 10,930 3,000 7,930 0 0 0 0
지방채 14,000 0 14,000 14,000 0 0 0 0 0
봉담읍 행정복지센
터 건립 추진
기간: 
2020.03.~2029.10.
위치: 봉담읍 상리 27-1
규모:부지면적: 12,826
㎡, 연면적: 16,104㎡
내용: 봉담읍 복합문화
센터 건립
Y N N N N N
계 56,497 160 56,337 2,182 15,197 24,606 14,352 0 0
재량 56,497 160 56,337 2,182 15,197 24,606 14,352 0 0
시군구비 56,497 160 56,337 2,182 15,197 24,606 14,352 0 0
향남읍 행정복지센
터 이전 건립 추진
기간: 2020.03.~2029.07.
위치: 향남읍 평리 221-10
번지 일원
규모: 5,765㎡(지하1층/지
상3층)
내용: 향남읍행정복지센터
건립 등
Y N N N N N
계 36,493 680 35,813 7,148 14,365 10,441 3,859 0 0
재량 36,493 680 35,813 7,148 14,365 10,441 3,859 0 0
시군구비 36,493 680 35,813 7,148 14,365 10,441 3,859 0 0
시ㆍ의회청사 및 관
사관리
기간: 2026.01.~2030.12.
대상: 화성시청 및 스마트
도시 통합운영센터
규모: 연면적 31,700.96㎡
내용: 청사시설물 유지관리
N N N Y N N
계 51,871 0 51,871 9,774 9,774 9,774 10,774 11,774 0
의무 51,871 0 51,871 9,774 9,774 9,774 10,774 11,774 0
시군구비 51,871 0 51,871 9,774 9,774 9,774 10,774 11,774 0
공용차량 유지 및
관리
기간: 2026.01~2030.12
대상: 화성시 공용차량
규모: 화성시 공용차량(
1520대)
내용: 공용차량 유지관
리(유류, 정비등 상시운
영)
N N N Y N N
계 14,898 0 14,898 2,380 2,380 2,380 3,380 4,380 0
의무 14,898 0 14,898 2,380 2,380 2,380 3,380 4,380 0
시군구비 14,898 0 14,898 2,380 2,380 2,380 3,380 4,380 0
- 157 -
세세부부사사업업계계획획서서
회계연도 : 2026년
회계구분 : 일반 , 특별회계 , 기금
분    야 : 전체
부    문 : 전체 (단위 : 백만원)
분야ㆍ부문ㆍ정책ㆍ단위ㆍ세부사
업 사 업 개 요 국가계
획
투
자
심
사
지
방
채
BTL
의무지출
재원 총사업비 기투자
연     도     별     투     자     계     획
향  후
법
정
보
조
이
자 소  계 2026 2027 2028 2029 2030
효율적인 공유재산 관리 17,396 0 17,396 3,375 3,505 3,505 3,505 3,505 0
시유재산 관리
기간: 
2026.01.~2030.12.
대상: 공유(일반)재산
규모: 공유(일반)재산
내용:시유재산 대부 및
매각 관리
N N N Y N N
계 17,396 0 17,396 3,375 3,505 3,505 3,505 3,505 0
의무 17,396 0 17,396 3,375 3,505 3,505 3,505 3,505 0
시군구비 17,396 0 17,396 3,375 3,505 3,505 3,505 3,505 0
체계적 토지정보 관리 10,997 0 10,997 2,199 2,199 2,199 2,199 2,199 0
지적 종합행정 운영 10,997 0 10,997 2,199 2,199 2,199 2,199 2,199 0
지적재조사사업 추
진
기간:2026. 1. 1. ~
2030. 12. 31.
대상:지적불부합지구
규모:지적불부합지구
해당 면적
내용:잘못된 지적정보
를 바로잡아 정확한  토
지정보를 제공하고 시
민재산권 보호
Y 국
토교
통부
N N N N Y N
계 10,997 0 10,997 2,199 2,199 2,199 2,199 2,199 0
의무 10,997 0 10,997 2,199 2,199 2,199 2,199 2,199 0
국고보조금 1,730 0 1,730 346 346 346 346 346 0
시군구비 9,267 0 9,267 1,853 1,853 1,853 1,853 1,853 0
효율적인 부동산정보 관리 8,559 0 8,559 1,697 1,704 1,712 1,719 1,727 0
개별공시지가 조사·결
정 2,100 0 2,100 420 420 420 420 420 0
개별공시지가 조사
ㆍ산정
기간:2026.1.~ 2030.12.
대상:대상 필지 소유자
규모:화성시
내용:개별공시지가 조
사 및 산정
Y 국
토교
통부
N N N N Y N
계 2,100 0 2,100 420 420 420 420 420 0
의무 2,100 0 2,100 420 420 420 420 420 0
국고보조금 650 0 650 130 130 130 130 130 0
시군구비 1,450 0 1,450 290 290 290 290 290 0
개발부담금 적기 부과·
징수 3,705 0 3,705 726 734 741 748 756 0
개발부담금 부과
기간:2026.1. ~ 203.12.
대상:개발부담금 
납부대상자
N N N N N N 계 3,705 0 3,705 726 734 741 748 756 0
- 156 -
- 157 -
세세부부사사업업계계획획서서
회계연도 : 2026년
회계구분 : 일반 , 특별회계 , 기금
분    야 : 전체
부    문 : 전체 (단위 : 백만원)
분야ㆍ부문ㆍ정책ㆍ단위ㆍ세부사
업 사 업 개 요 국가계
획
투
자
심
사
지
방
채
BTL
의무지출
재원 총사업비 기투자
연     도     별     투     자     계     획
향  후
법
정
보
조
이
자 소  계 2026 2027 2028 2029 2030
효율적인 공유재산 관리 17,396 0 17,396 3,375 3,505 3,505 3,505 3,505 0
시유재산 관리
기간: 
2026.01.~2030.12.
대상: 공유(일반)재산
규모: 공유(일반)재산
내용:시유재산 대부 및
매각 관리
N N N Y N N
계 17,396 0 17,396 3,375 3,505 3,505 3,505 3,505 0
의무 17,396 0 17,396 3,375 3,505 3,505 3,505 3,505 0
시군구비 17,396 0 17,396 3,375 3,505 3,505 3,505 3,505 0
체계적 토지정보 관리 10,997 0 10,997 2,199 2,199 2,199 2,199 2,199 0
지적 종합행정 운영 10,997 0 10,997 2,199 2,199 2,199 2,199 2,199 0
지적재조사사업 추
진
기간:2026. 1. 1. ~
2030. 12. 31.
대상:지적불부합지구
규모:지적불부합지구
해당 면적
내용:잘못된 지적정보
를 바로잡아 정확한  토
지정보를 제공하고 시
민재산권 보호
Y 국
토교
통부
N N N N Y N
계 10,997 0 10,997 2,199 2,199 2,199 2,199 2,199 0
의무 10,997 0 10,997 2,199 2,199 2,199 2,199 2,199 0
국고보조금 1,730 0 1,730 346 346 346 346 346 0
시군구비 9,267 0 9,267 1,853 1,853 1,853 1,853 1,853 0
효율적인 부동산정보 관리 8,559 0 8,559 1,697 1,704 1,712 1,719 1,727 0
개별공시지가 조사·결
정 2,100 0 2,100 420 420 420 420 420 0
개별공시지가 조사
ㆍ산정
기간:2026.1.~ 2030.12.
대상:대상 필지 소유자
규모:화성시
내용:개별공시지가 조
사 및 산정
Y 국
토교
통부
N N N N Y N
계 2,100 0 2,100 420 420 420 420 420 0
의무 2,100 0 2,100 420 420 420 420 420 0
국고보조금 650 0 650 130 130 130 130 130 0
시군구비 1,450 0 1,450 290 290 290 290 290 0
개발부담금 적기 부과·
징수 3,705 0 3,705 726 734 741 748 756 0
개발부담금 부과
기간:2026.1. ~ 203.12.
대상:개발부담금 
납부대상자
N N N N N N 계 3,705 0 3,705 726 734 741 748 756 0
- 157 -
- 158 -
세세부부사사업업계계획획서서
회계연도 : 2026년
회계구분 : 일반 , 특별회계 , 기금
분    야 : 전체
부    문 : 전체 (단위 : 백만원)
분야ㆍ부문ㆍ정책ㆍ단위ㆍ세부사
업 사 업 개 요 국가계
획
투
자
심
사
지
방
채
BTL
의무지출
재원 총사업비 기투자
연     도     별     투     자     계     획
향  후
법
정
보
조
이
자 소  계 2026 2027 2028 2029 2030
규모:화성시 서남부권
내용:개발부담금 부과 및 
징수
N N N N N N
재량 3,705 0 3,705 726 734 741 748 756 0
시군구비 3,705 0 3,705 726 734 741 748 756 0
주소정보 활용 2,755 0 2,755 551 551 551 551 551 0
주소정보의 구축 및
정비
기간:2025.01~2029.12
대상:화성시 관내
규모:화성시 관내
내용:도로명판 확충 및
유지관리
N N N N N N
계 2,755 0 2,755 551 551 551 551 551 0
재량 2,755 0 2,755 551 551 551 551 551 0
시군구비 2,755 0 2,755 551 551 551 551 551 0
주민 행정 편의 도모 1,463 0 1,463 463 250 250 250 250 0
미지급용지 보상 1,463 0 1,463 463 250 250 250 250 0
미지급용지 보상
기간:2024.01~2028.12
대상:화성시 일원
규모:토지 약 80필지(면
적 약 8,000㎡)
내용:도로 미지급용지
보상
N N N Y N N
계 1,463 0 1,463 463 250 250 250 250 0
의무 1,463 0 1,463 463 250 250 250 250 0
시군구비 1,463 0 1,463 463 250 250 250 250 0
공공시설 건립 15,000 15,000 0 0 0 0 0 0 0
복합청사 건립 15,000 15,000 0 0 0 0 0 0 0
향남문화복합센터
건립(공공도서관)
기간:2019.10~2024.4.
위치:향남읍 하길리
1512번지(오음공원 내)
규모:연면적 7,221.19㎡
(지하1/지상3)
주요시설:공공도서관,
국민체육센터, 다함께
돌봄센터, 공동육아나
눔터
Y N N N N N
계 15,000 15,000 0 0 0 0 0 0 0
재량 15,000 15,000 0 0 0 0 0 0 0
균특보조금 5,000 5,000 0 0 0 0 0 0 0
시군구비 10,000 10,000 0 0 0 0 0 0 0
시정 홍보 17,488 0 17,488 3,433 3,514 3,514 3,514 3,514 0
- 159 -
세세부부사사업업계계획획서서
회계연도 : 2026년
회계구분 : 일반 , 특별회계 , 기금
분    야 : 전체
부    문 : 전체 (단위 : 백만원)
분야ㆍ부문ㆍ정책ㆍ단위ㆍ세부사
업 사 업 개 요 국가계
획
투
자
심
사
지
방
채
BTL
의무지출
재원 총사업비 기투자
연     도     별     투     자     계     획
향  후
법
정
보
조
이
자 소  계 2026 2027 2028 2029 2030
효율적 보도체계 구축 17,488 0 17,488 3,433 3,514 3,514 3,514 3,514 0
대언론 홍보채널 강
화
기간:2026~2030년 
대상:언론사
규모:360여개 언론매체
내용:체계적 시정보도
를 위한 기획·조정기
능 수행
N N N N N N
계 10,920 0 10,920 2,120 2,200 2,200 2,200 2,200 0
재량 10,920 0 10,920 2,120 2,200 2,200 2,200 2,200 0
시군구비 10,920 0 10,920 2,120 2,200 2,200 2,200 2,200 0
방송 홍보채널 강화
2026~2030년
화성시민을 비롯한 전
국민
TV,라디오, 인터넷포털
방송매체를 활용 주요
정책 홍보
N N N N N N
계 6,568 0 6,568 1,314 1,314 1,314 1,314 1,314 0
재량 6,568 0 6,568 1,314 1,314 1,314 1,314 1,314 0
시군구비 6,568 0 6,568 1,314 1,314 1,314 1,314 1,314 0
시정 홍보 13,188 0 13,188 2,638 2,638 2,638 2,638 2,638 0
도시브랜드 홍보 1,081 0 1,081 216 216 216 216 216 0
화성시 공모전
기간:2025.01~2029.12
대상:전국민(지역, 성별, 연령
제한 없음)
규모:화성시  SNS 공모전 운영 1
식 (공모전 계획 작성, 공고, 사
전 홍보 및 수상작 심사, 시상식
운영 및 사후홍보)
내용:SNS 영상 공모전(화성시 가
치 전파)
Y N N N N N
계 1,081 0 1,081 216 216 216 216 216 0
재량 1,081 0 1,081 216 216 216 216 216 0
시군구비 1,081 0 1,081 216 216 216 216 216 0
다양한 매체를 통한 시
정정보 제공 12,107 0 12,107 2,421 2,421 2,421 2,421 2,421 0
미디어 홍보매체 운
영
기간:2026.01~2030.12
대상:화성시민을 비롯한 전
국민
규모:TV, 라디오, 인터넷포
털 등
내용:미디어매체 활용 우리
시 홍보영상 제작 및 송출
N N N N N N
계 2,383 0 2,383 477 477 477 477 477 0
재량 2,383 0 2,383 477 477 477 477 477 0
시군구비 2,383 0 2,383 477 477 477 477 477 0
홍보시설 활용 홍보
기간:2026.01~2030.12
대상:화성시민 포함 서울경기권 시민
규모:유동인구가 많은 곳의 
민간홍보시
설물 및 통합예약시스템상 시설
내용:민간매체 및 AR 활용 우리시 
이미지 홍보
N N N N N N
계 3,250 0 3,250 650 650 650 650 650 0
재량 3,250 0 3,250 650 650 650 650 650 0
- 158 -
- 159 -
세세부부사사업업계계획획서서
회계연도 : 2026년
회계구분 : 일반 , 특별회계 , 기금
분    야 : 전체
부    문 : 전체 (단위 : 백만원)
분야ㆍ부문ㆍ정책ㆍ단위ㆍ세부사
업 사 업 개 요 국가계
획
투
자
심
사
지
방
채
BTL
의무지출
재원 총사업비 기투자
연     도     별     투     자     계     획
향  후
법
정
보
조
이
자 소  계 2026 2027 2028 2029 2030
효율적 보도체계 구축 17,488 0 17,488 3,433 3,514 3,514 3,514 3,514 0
대언론 홍보채널 강
화
기간:2026~2030년 
대상:언론사
규모:360여개 언론매체
내용:체계적 시정보도
를 위한 기획·조정기
능 수행
N N N N N N
계 10,920 0 10,920 2,120 2,200 2,200 2,200 2,200 0
재량 10,920 0 10,920 2,120 2,200 2,200 2,200 2,200 0
시군구비 10,920 0 10,920 2,120 2,200 2,200 2,200 2,200 0
방송 홍보채널 강화
2026~2030년
화성시민을 비롯한 전
국민
TV,라디오, 인터넷포털
방송매체를 활용 주요
정책 홍보
N N N N N N
계 6,568 0 6,568 1,314 1,314 1,314 1,314 1,314 0
재량 6,568 0 6,568 1,314 1,314 1,314 1,314 1,314 0
시군구비 6,568 0 6,568 1,314 1,314 1,314 1,314 1,314 0
시정 홍보 13,188 0 13,188 2,638 2,638 2,638 2,638 2,638 0
도시브랜드 홍보 1,081 0 1,081 216 216 216 216 216 0
화성시 공모전
기간:2025.01~2029.12
대상:전국민(지역, 성별, 연령
제한 없음)
규모:화성시  SNS 공모전 운영 1
식 (공모전 계획 작성, 공고, 사
전 홍보 및 수상작 심사, 시상식
운영 및 사후홍보)
내용:SNS 영상 공모전(화성시 가
치 전파)
Y N N N N N
계 1,081 0 1,081 216 216 216 216 216 0
재량 1,081 0 1,081 216 216 216 216 216 0
시군구비 1,081 0 1,081 216 216 216 216 216 0
다양한 매체를 통한 시
정정보 제공 12,107 0 12,107 2,421 2,421 2,421 2,421 2,421 0
미디어 홍보매체 운
영
기간:2026.01~2030.12
대상:화성시민을 비롯한 전
국민
규모:TV, 라디오, 인터넷포
털 등
내용:미디어매체 활용 우리
시 홍보영상 제작 및 송출
N N N N N N
계 2,383 0 2,383 477 477 477 477 477 0
재량 2,383 0 2,383 477 477 477 477 477 0
시군구비 2,383 0 2,383 477 477 477 477 477 0
홍보시설 활용 홍보
기간:2026.01~2030.12
대상:화성시민 포함 서울경기권 시민
규모:유동인구가 많은 곳의 
민간홍보시
설물 및 통합예약시스템상 시설
내용:민간매체 및 AR 활용 우리시 
이미지 홍보
N N N N N N
계 3,250 0 3,250 650 650 650 650 650 0
재량 3,250 0 3,250 650 650 650 650 650 0
- 159 -
- 160 -
세세부부사사업업계계획획서서
회계연도 : 2026년
회계구분 : 일반 , 특별회계 , 기금
분    야 : 전체
부    문 : 전체 (단위 : 백만원)
분야ㆍ부문ㆍ정책ㆍ단위ㆍ세부사
업 사 업 개 요 국가계
획
투
자
심
사
지
방
채
BTL
의무지출
재원 총사업비 기투자
연     도     별     투     자     계     획
향  후
법
정
보
조
이
자 소  계 2026 2027 2028 2029 2030
N N N N N N 시군구비 3,250 0 3,250 650 650 650 650 650 0
시 대표 홈페이지
운영
기간:2026.01~2030.12  
대상: 시 대표 홈페이지 이
용자
규모: 시 대표 홈페이지 이
용 대상, 홈페이지 1식
내용: 시 대표 홈페이지 운
영
N N N N N N
계 2,870 0 2,870 574 574 574 574 574 0
재량 2,870 0 2,870 574 574 574 574 574 0
시군구비 2,870 0 2,870 574 574 574 574 574 0
화성시 통합예약시
스템 운영
기간: 2026.01~2030.12
대상:화성시 공공시설물 및
공공서비스 통합 예약시스
템 이용대상자
규모:화성시 공공서비스 통
합 예약시스템  1식
내용:공공서비스를 편리하
게 예약·이용
N N N N N N
계 3,604 0 3,604 721 721 721 721 721 0
재량 3,604 0 3,604 721 721 721 721 721 0
시군구비 3,604 0 3,604 721 721 721 721 721 0
인공지능(AI) 활성화 전략
추진 6,460 0 6,460 1,292 1,292 1,292 1,292 1,292 0
인공지능 박람회 업무
추진 4,990 0 4,990 998 998 998 998 998 0
화성 인공지능 박람
회 개최 추진
기간:연례반복
대상:화성시 관내 인공지능 관련 
기업 및 화성시 시민 (참관객 
2만명 예상)
규모:인공지능 관련 기업 54개사 
100부스 (※ 관외기업 별도)
내용: 화성시 인공지능 박람회
(전시회, 컨퍼런스, 비지니스 매칭, 
교육.체험.워크숍, 부대행사)
Y N N N N N
계 4,990 0 4,990 998 998 998 998 998 0
재량 4,990 0 4,990 998 998 998 998 998 0
시군구비 4,990 0 4,990 998 998 998 998 998 0
인공지능 컨퍼런스 업무
추진 1,470 0 1,470 294 294 294 294 294 0
화성 인공지능 컨퍼
런스 개최 추진
기간: 2025. ~ 2029.
대상: 화성시 관내 인공지능 관련 
기업 및 화성시 시민 (참관객 
3,000명 이상 예상)
규모: 10개 섹션 컨퍼런스 운영, 
연사 70여명, 부스 20개 등
내용: 화성시 인공지능 컨퍼런스
(전시회, 컨퍼런스, 비지니스 
포럼, 부대행사)
Y N N N N N
계 1,470 0 1,470 294 294 294 294 294 0
재량 1,470 0 1,470 294 294 294 294 294 0
시군구비 1,470 0 1,470 294 294 294 294 294 0
신뢰받는 인공지능 환경
구현 68 0 68 14 14 14 14 14 0
인공지능 기반 시민공감
서비스 추진 68 0 68 14 14 14 14 14 0
- 161 -
세세부부사사업업계계획획서서
회계연도 : 2026년
회계구분 : 일반 , 특별회계 , 기금
분    야 : 전체
부    문 : 전체 (단위 : 백만원)
분야ㆍ부문ㆍ정책ㆍ단위ㆍ세부사
업 사 업 개 요 국가계
획
투
자
심
사
지
방
채
BTL
의무지출
재원 총사업비 기투자
연     도     별     투     자     계     획
향  후
법
정
보
조
이
자 소  계 2026 2027 2028 2029 2030
인공지능 도입 사업
발굴 추진
기간:2026.  1 ~ 2030.
12
대상:관내 전역
규모:신규 사업 발굴 및
추진
내용:인공지능 도입 사
업 발굴 및 추진
N N N N N N
계 68 0 68 14 14 14 14 14 0
재량 68 0 68 14 14 14 14 14 0
시군구비 68 0 68 14 14 14 14 14 0
데이터기반 행정 추진 5,123 0 5,123 1,228 1,002 1,002 946 946 0
데이터 중심 과학행정
구현 1,994 0 1,994 741 341 341 285 285 0
공공데이터 기관 평
가 대응
기간: 2026. 6. ~ 11.
대상: 화성시 실적
규모: 기관 보유DB 전체
내용: 컨설팅 용역
N N N N N N
계 668 0 668 156 156 156 100 100 0
재량 668 0 668 156 156 156 100 100 0
시군구비 668 0 668 156 156 156 100 100 0
빅데이터 플랫폼 운
영
기간: 2026 연중
대상: 시민, 전국민
규모: 유지보수 1식, 민
간데이터 구매 약 60여
종
내용: 유지보수, 데이터
구입
N N N N N N
계 779 0 779 156 156 156 156 156 0
재량 779 0 779 156 156 156 156 156 0
시군구비 779 0 779 156 156 156 156 156 0
문제해결형 도시데
이터플랫폼 고도화
기간: 2026. 1. ~ 11.
대상: 전국민, 화성시민
규모: 플랫폼 고도화 1
식
내용: 플랫폼 고도화
N N N N N N
계 400 0 400 400 0 0 0 0 0
재량 400 0 400 400 0 0 0 0 0
시군구비 400 0 400 400 0 0 0 0 0
데이터 활용 역량
강화
기간: 2026 연중
대상: 시민, 공무원
규모: 교육 3회, 교육자료
구입 10부, 자격증 취득비
지원 15명, 공모전 총12팀
시상
내용:  데이터 역량 강화
N N N N N N
계 147 0 147 29 29 29 29 29 0
재량 147 0 147 29 29 29 29 29 0
시군구비 147 0 147 29 29 29 29 29 0
통계 관리 3,129 0 3,129 486 661 661 661 661 0
- 160 -
- 161 -
세세부부사사업업계계획획서서
회계연도 : 2026년
회계구분 : 일반 , 특별회계 , 기금
분    야 : 전체
부    문 : 전체 (단위 : 백만원)
분야ㆍ부문ㆍ정책ㆍ단위ㆍ세부사
업 사 업 개 요 국가계
획
투
자
심
사
지
방
채
BTL
의무지출
재원 총사업비 기투자
연     도     별     투     자     계     획
향  후
법
정
보
조
이
자 소  계 2026 2027 2028 2029 2030
인공지능 도입 사업
발굴 추진
기간:2026.  1 ~ 2030.
12
대상:관내 전역
규모:신규 사업 발굴 및
추진
내용:인공지능 도입 사
업 발굴 및 추진
N N N N N N
계 68 0 68 14 14 14 14 14 0
재량 68 0 68 14 14 14 14 14 0
시군구비 68 0 68 14 14 14 14 14 0
데이터기반 행정 추진 5,123 0 5,123 1,228 1,002 1,002 946 946 0
데이터 중심 과학행정
구현 1,994 0 1,994 741 341 341 285 285 0
공공데이터 기관 평
가 대응
기간: 2026. 6. ~ 11.
대상: 화성시 실적
규모: 기관 보유DB 전체
내용: 컨설팅 용역
N N N N N N
계 668 0 668 156 156 156 100 100 0
재량 668 0 668 156 156 156 100 100 0
시군구비 668 0 668 156 156 156 100 100 0
빅데이터 플랫폼 운
영
기간: 2026 연중
대상: 시민, 전국민
규모: 유지보수 1식, 민
간데이터 구매 약 60여
종
내용: 유지보수, 데이터
구입
N N N N N N
계 779 0 779 156 156 156 156 156 0
재량 779 0 779 156 156 156 156 156 0
시군구비 779 0 779 156 156 156 156 156 0
문제해결형 도시데
이터플랫폼 고도화
기간: 2026. 1. ~ 11.
대상: 전국민, 화성시민
규모: 플랫폼 고도화 1
식
내용: 플랫폼 고도화
N N N N N N
계 400 0 400 400 0 0 0 0 0
재량 400 0 400 400 0 0 0 0 0
시군구비 400 0 400 400 0 0 0 0 0
데이터 활용 역량
강화
기간: 2026 연중
대상: 시민, 공무원
규모: 교육 3회, 교육자료
구입 10부, 자격증 취득비
지원 15명, 공모전 총12팀
시상
내용:  데이터 역량 강화
N N N N N N
계 147 0 147 29 29 29 29 29 0
재량 147 0 147 29 29 29 29 29 0
시군구비 147 0 147 29 29 29 29 29 0
통계 관리 3,129 0 3,129 486 661 661 661 661 0
- 161 -
- 162 -
세세부부사사업업계계획획서서
회계연도 : 2026년
회계구분 : 일반 , 특별회계 , 기금
분    야 : 전체
부    문 : 전체 (단위 : 백만원)
분야ㆍ부문ㆍ정책ㆍ단위ㆍ세부사
업 사 업 개 요 국가계
획
투
자
심
사
지
방
채
BTL
의무지출
재원 총사업비 기투자
연     도     별     투     자     계     획
향  후
법
정
보
조
이
자 소  계 2026 2027 2028 2029 2030
통계업무 지원
기간: 2026 연중
대상: 시민, 대국민
규모: 통계연보(ebook 1식,
책자 165부), 통계상황실 3
개소 운영(동/서/남부상황
실)
내용: 통계연보 제작 및 통
계상황실 운영
N N N N N N
계 208 0 208 42 42 42 42 42 0
재량 208 0 208 42 42 42 42 42 0
시군구비 208 0 208 42 42 42 42 42 0
화성시(경기도) 사
회조사(보조)
기간: 2026. 8.(예정)
대상: 관내 표본 가구
규모: 1,200가구 
내용: 통계 조사 실시
N N N N Y N
계 373 0 373 75 75 75 75 75 0
의무 373 0 373 75 75 75 75 75 0
시도비 100 0 100 20 20 20 20 20 0
시군구비 273 0 273 55 55 55 55 55 0
경제총조사
기간: 2026. 6. ~ 7.
대상: 산업 전반
규모: 확정 전
내용: 통계 조사 실시
Y 통
계청 N N N N Y N
계 2,548 0 2,548 370 544 544 544 544 0
의무 2,548 0 2,548 370 544 544 544 544 0
국고보조금 785 0 785 157 157 157 157 157 0
시군구비 1,763 0 1,763 213 388 388 388 388 0
수요자 중심 행정인프라
구축(병점구) 6,645 0 6,645 1,329 1,329 1,329 1,329 1,329 0
청사시설 관리(병점구) 6,645 0 6,645 1,329 1,329 1,329 1,329 1,329 0
청사관리(병점구)
기간:2026. 1. 1. ~ 2030. 12. 31.
대상:동부출장소 및 동부권 
면동청사 (출장소, 외부청사, 
면1개소, 일반동 6개소)
규모:동부출장소, 외부청사, 
면1개소, 일반동 6개소
내용:동부출장소 및 동부권 
면동청사 관리
N N N N N N
계 6,645 0 6,645 1,329 1,329 1,329 1,329 1,329 0
재량 6,645 0 6,645 1,329 1,329 1,329 1,329 1,329 0
시군구비 6,645 0 6,645 1,329 1,329 1,329 1,329 1,329 0
시민 중심 행정인프라 구
축(동탄구) 10,608 0 10,608 2,080 2,100 2,121 2,143 2,164 0
청사시설 관리(동탄구) 10,608 0 10,608 2,080 2,100 2,121 2,143 2,164 0
- 163 -
세세부부사사업업계계획획서서
회계연도 : 2026년
회계구분 : 일반 , 특별회계 , 기금
분    야 : 전체
부    문 : 전체 (단위 : 백만원)
분야ㆍ부문ㆍ정책ㆍ단위ㆍ세부사
업 사 업 개 요 국가계
획
투
자
심
사
지
방
채
BTL
의무지출
재원 총사업비 기투자
연     도     별     투     자     계     획
향  후
법
정
보
조
이
자 소  계 2026 2027 2028 2029 2030
청사 운영 관리(동
탄구)
기간: 2025~2030
대상: 동탄출장소
규모: 동탄출장소, 동탄
권역 행정복지센터
내용: 청사 시설물 관리
등 
N N N Y N N
계 10,608 0 10,608 2,080 2,100 2,121 2,143 2,164 0
의무 10,608 0 10,608 2,080 2,100 2,121 2,143 2,164 0
시군구비 10,608 0 10,608 2,080 2,100 2,121 2,143 2,164 0
봉담읍 사업경비 10,925 0 10,925 2,498 1,926 2,041 2,164 2,295 0
주민행정 편의도모 5,185 0 5,185 902 965 1,032 1,104 1,182 0
청사관리
기간:연례반복
대상:관내시민
규모:봉담읍 행정복지
센터 청사 전반
내용:청사유지 관리비
N N N N N N
계 2,096 0 2,096 343 378 416 457 503 0
재량 2,096 0 2,096 343 378 416 457 503 0
시군구비 2,096 0 2,096 343 378 416 457 503 0
통·리·반장 활동
지원
기간:2026.1.~2030.12.
대상:봉담읍 통리장
규모:통리장 84명
내용:통리장 활동수당
N N N Y N N
계 3,089 0 3,089 559 587 616 647 679 0
의무 3,089 0 3,089 559 587 616 647 679 0
시군구비 3,089 0 3,089 559 587 616 647 679 0
지역사회 개발 5,739 0 5,739 1,596 961 1,009 1,060 1,113 0
주민참여예산(주민
숙원사업)
2026.
봉담읍 일원
구거 마을안길 농로정
비
주민참여예산 선정사업
N N N N N N
계 680 0 680 680 0 0 0 0 0
재량 680 0 680 680 0 0 0 0 0
시군구비 680 0 680 680 0 0 0 0 0
생활환경 개선
기간:2026.1. ~ 2030.12.
대상:봉담읍 일원
규모:가로보안등 설치
및 유지관리
내용:가로보안등 보수
및 신설
N N N N N N
계 5,059 0 5,059 916 961 1,009 1,060 1,113 0
재량 5,059 0 5,059 916 961 1,009 1,060 1,113 0
시군구비 5,059 0 5,059 916 961 1,009 1,060 1,113 0
- 162 -
- 163 -
세세부부사사업업계계획획서서
회계연도 : 2026년
회계구분 : 일반 , 특별회계 , 기금
분    야 : 전체
부    문 : 전체 (단위 : 백만원)
분야ㆍ부문ㆍ정책ㆍ단위ㆍ세부사
업 사 업 개 요 국가계
획
투
자
심
사
지
방
채
BTL
의무지출
재원 총사업비 기투자
연     도     별     투     자     계     획
향  후
법
정
보
조
이
자 소  계 2026 2027 2028 2029 2030
청사 운영 관리(동
탄구)
기간: 2025~2030
대상: 동탄출장소
규모: 동탄출장소, 동탄
권역 행정복지센터
내용: 청사 시설물 관리
등 
N N N Y N N
계 10,608 0 10,608 2,080 2,100 2,121 2,143 2,164 0
의무 10,608 0 10,608 2,080 2,100 2,121 2,143 2,164 0
시군구비 10,608 0 10,608 2,080 2,100 2,121 2,143 2,164 0
봉담읍 사업경비 10,925 0 10,925 2,498 1,926 2,041 2,164 2,295 0
주민행정 편의도모 5,185 0 5,185 902 965 1,032 1,104 1,182 0
청사관리
기간:연례반복
대상:관내시민
규모:봉담읍 행정복지
센터 청사 전반
내용:청사유지 관리비
N N N N N N
계 2,096 0 2,096 343 378 416 457 503 0
재량 2,096 0 2,096 343 378 416 457 503 0
시군구비 2,096 0 2,096 343 378 416 457 503 0
통·리·반장 활동
지원
기간:2026.1.~2030.12.
대상:봉담읍 통리장
규모:통리장 84명
내용:통리장 활동수당
N N N Y N N
계 3,089 0 3,089 559 587 616 647 679 0
의무 3,089 0 3,089 559 587 616 647 679 0
시군구비 3,089 0 3,089 559 587 616 647 679 0
지역사회 개발 5,739 0 5,739 1,596 961 1,009 1,060 1,113 0
주민참여예산(주민
숙원사업)
2026.
봉담읍 일원
구거 마을안길 농로정
비
주민참여예산 선정사업
N N N N N N
계 680 0 680 680 0 0 0 0 0
재량 680 0 680 680 0 0 0 0 0
시군구비 680 0 680 680 0 0 0 0 0
생활환경 개선
기간:2026.1. ~ 2030.12.
대상:봉담읍 일원
규모:가로보안등 설치
및 유지관리
내용:가로보안등 보수
및 신설
N N N N N N
계 5,059 0 5,059 916 961 1,009 1,060 1,113 0
재량 5,059 0 5,059 916 961 1,009 1,060 1,113 0
시군구비 5,059 0 5,059 916 961 1,009 1,060 1,113 0
- 163 -
- 164 -
세세부부사사업업계계획획서서
회계연도 : 2026년
회계구분 : 일반 , 특별회계 , 기금
분    야 : 전체
부    문 : 전체 (단위 : 백만원)
분야ㆍ부문ㆍ정책ㆍ단위ㆍ세부사
업 사 업 개 요 국가계
획
투
자
심
사
지
방
채
BTL
의무지출
재원 총사업비 기투자
연     도     별     투     자     계     획
향  후
법
정
보
조
이
자 소  계 2026 2027 2028 2029 2030
우정읍 사업경비 2,810 0 2,810 562 562 562 562 562 0
지역사회 개발 2,810 0 2,810 562 562 562 562 562 0
생활환경 개선
기간: 2026년~2030년
대상: 우정읍 관내
규모: 가로등 3,930개,
지적측량 7건
내용: 가로(보안)등 유
지보수, 민원 관련 지도
단속 지적측량
N N N N N N
계 2,810 0 2,810 562 562 562 562 562 0
재량 2,810 0 2,810 562 562 562 562 562 0
시군구비 2,810 0 2,810 562 562 562 562 562 0
향남읍 사업경비 9,223 0 9,223 2,381 1,705 1,709 1,713 1,717 0
주민행정 편의도모 2,867 0 2,867 566 569 573 577 582 0
통·리·반장 활동
지원
기간:2025~2029
대상:이장, 반장
규모:89명
내용:상여금 및 수당
N N N Y N N
계 2,867 0 2,867 566 569 573 577 582 0
의무 2,867 0 2,867 566 569 573 577 582 0
시군구비 2,867 0 2,867 566 569 573 577 582 0
지역사회 개발 6,356 0 6,356 1,815 1,135 1,135 1,135 1,135 0
주민참여예산(주민
숙원사업)
기간:2025~2029
대상:향남읍민
내용:주민대표기구 의견을 
반영하여 지역사회 문제를 
해결하고 지역 주민 다수가 
혜택을 받는 사업 추진
N N N N N N
계 680 0 680 680 0 0 0 0 0
재량 680 0 680 680 0 0 0 0 0
시군구비 680 0 680 680 0 0 0 0 0
생활환경 개선
기간:2025~2029
대상:향남읍민
규모:향남읍 수혜주민
내용:불법광고물, 생활
폐기물 및 가로등과 관
련된 향남읍 생활 개선
을 위한 사업
N N N N N N
계 5,676 0 5,676 1,135 1,135 1,135 1,135 1,135 0
재량 5,676 0 5,676 1,135 1,135 1,135 1,135 1,135 0
시군구비 5,676 0 5,676 1,135 1,135 1,135 1,135 1,135 0
남양읍 사업경비 6,746 0 6,746 1,890 1,210 1,210 1,218 1,218 0
- 165 -
세세부부사사업업계계획획서서
회계연도 : 2026년
회계구분 : 일반 , 특별회계 , 기금
분    야 : 전체
부    문 : 전체 (단위 : 백만원)
분야ㆍ부문ㆍ정책ㆍ단위ㆍ세부사
업 사 업 개 요 국가계
획
투
자
심
사
지
방
채
BTL
의무지출
재원 총사업비 기투자
연     도     별     투     자     계     획
향  후
법
정
보
조
이
자 소  계 2026 2027 2028 2029 2030
주민행정 편의도모 1,216 0 1,216 240 240 240 248 248 0
청사관리
기간:2026. 1. 1. ~ 2030. 
12.31.
대상:남양읍 청사 및 직원
규모:남양읍 청사 1채 및 
남양읍 직원 40명
내용:남양읍 청사 관리를 
위한 공사, 용역 계약 및 
물품구입, 각종 비용지급
N N N Y N N
계 1,216 0 1,216 240 240 240 248 248 0
의무 1,216 0 1,216 240 240 240 248 248 0
시군구비 1,216 0 1,216 240 240 240 248 248 0
지역사회 개발 5,530 0 5,530 1,650 970 970 970 970 0
주민참여예산(주민
숙원사업)
기간:2025. 1. ~ 2029. 12.
대상:남양읍 주민
내용:주민숙원사업 추진
N N N N N N
계 680 0 680 680 0 0 0 0 0
재량 680 0 680 680 0 0 0 0 0
시군구비 680 0 680 680 0 0 0 0 0
생활환경 개선
기간:2026. 1. ~ 2030. 12.
대상:남양읍 관내 가로(보안)등
및  생활민원 처리대상
규모:남양읍 관내 가로(보안)등
및  생활민원 처리대상
내용:가로(보안)등 관리 및 생활
민원 처리를 위한 예산 집행
N N N N N N
계 4,850 0 4,850 970 970 970 970 970 0
재량 4,850 0 4,850 970 970 970 970 970 0
시군구비 4,850 0 4,850 970 970 970 970 970 0
매송면 사업경비 2,923 0 2,923 1,080 454 459 463 468 0
2,923 0 2,923 1,080 454 459 463 468 0
주민참여예산(주민
숙원사업)
기간:2026. 1. 1. ~ 12. 31.
대상:매송면 주민
규모:2026년 8개 사업
내용:지역사회 문제해결을 
위해 필요한 도로 보수 등 
사업 추진
N N N N N N
계 630 0 630 630 0 0 0 0 0
재량 630 0 630 630 0 0 0 0 0
시군구비 630 0 630 630 0 0 0 0 0
생활환경 개선
기간:연례 반복
대상:매송면 일원
규모:매송면 시설물 1식
내용:관내 시설물 유지보수 
및 공공요금 납부
N N N N N N
계 2,293 0 2,293 450 454 459 463 468 0
재량 2,293 0 2,293 450 454 459 463 468 0
- 164 -
- 165 -
세세부부사사업업계계획획서서
회계연도 : 2026년
회계구분 : 일반 , 특별회계 , 기금
분    야 : 전체
부    문 : 전체 (단위 : 백만원)
분야ㆍ부문ㆍ정책ㆍ단위ㆍ세부사
업 사 업 개 요 국가계
획
투
자
심
사
지
방
채
BTL
의무지출
재원 총사업비 기투자
연     도     별     투     자     계     획
향  후
법
정
보
조
이
자 소  계 2026 2027 2028 2029 2030
주민행정 편의도모 1,216 0 1,216 240 240 240 248 248 0
청사관리
기간:2026. 1. 1. ~ 2030. 
12.31.
대상:남양읍 청사 및 직원
규모:남양읍 청사 1채 및 
남양읍 직원 40명
내용:남양읍 청사 관리를 
위한 공사, 용역 계약 및 
물품구입, 각종 비용지급
N N N Y N N
계 1,216 0 1,216 240 240 240 248 248 0
의무 1,216 0 1,216 240 240 240 248 248 0
시군구비 1,216 0 1,216 240 240 240 248 248 0
지역사회 개발 5,530 0 5,530 1,650 970 970 970 970 0
주민참여예산(주민
숙원사업)
기간:2025. 1. ~ 2029. 12.
대상:남양읍 주민
내용:주민숙원사업 추진
N N N N N N
계 680 0 680 680 0 0 0 0 0
재량 680 0 680 680 0 0 0 0 0
시군구비 680 0 680 680 0 0 0 0 0
생활환경 개선
기간:2026. 1. ~ 2030. 12.
대상:남양읍 관내 가로(보안)등
및  생활민원 처리대상
규모:남양읍 관내 가로(보안)등
및  생활민원 처리대상
내용:가로(보안)등 관리 및 생활
민원 처리를 위한 예산 집행
N N N N N N
계 4,850 0 4,850 970 970 970 970 970 0
재량 4,850 0 4,850 970 970 970 970 970 0
시군구비 4,850 0 4,850 970 970 970 970 970 0
매송면 사업경비 2,923 0 2,923 1,080 454 459 463 468 0
2,923 0 2,923 1,080 454 459 463 468 0
주민참여예산(주민
숙원사업)
기간:2026. 1. 1. ~ 12. 31.
대상:매송면 주민
규모:2026년 8개 사업
내용:지역사회 문제해결을 
위해 필요한 도로 보수 등 
사업 추진
N N N N N N
계 630 0 630 630 0 0 0 0 0
재량 630 0 630 630 0 0 0 0 0
시군구비 630 0 630 630 0 0 0 0 0
생활환경 개선
기간:연례 반복
대상:매송면 일원
규모:매송면 시설물 1식
내용:관내 시설물 유지보수 
및 공공요금 납부
N N N N N N
계 2,293 0 2,293 450 454 459 463 468 0
재량 2,293 0 2,293 450 454 459 463 468 0
- 165 -
- 166 -
세세부부사사업업계계획획서서
회계연도 : 2026년
회계구분 : 일반 , 특별회계 , 기금
분    야 : 전체
부    문 : 전체 (단위 : 백만원)
분야ㆍ부문ㆍ정책ㆍ단위ㆍ세부사
업 사 업 개 요 국가계
획
투
자
심
사
지
방
채
BTL
의무지출
재원 총사업비 기투자
연     도     별     투     자     계     획
향  후
법
정
보
조
이
자 소  계 2026 2027 2028 2029 2030
N N N N N N 시군구비 2,293 0 2,293 450 454 459 463 468 0
비봉면 사업경비 2,089 0 2,089 418 418 418 418 418 0
지역사회 개발 2,089 0 2,089 418 418 418 418 418 0
생활환경 개선
기간: 2025~2029
대상: 비봉면민
규모: 약 7000명
내용: 생활환경 개선
N N N N N N
계 2,089 0 2,089 418 418 418 418 418 0
재량 2,089 0 2,089 418 418 418 418 418 0
시군구비 2,089 0 2,089 418 418 418 418 418 0
마도면 사업경비 3,732 0 3,732 1,250 620 620 620 620 0
3,732 0 3,732 1,250 620 620 620 620 0
주민참여예산(주민
숙원사업)
2026. 1. 1. ~12.31.
마도면 관내
주민숙원사업 추진
당면사업 업무추진비
및 소규모 주민편익사
업 추진
N N N N N N
계 630 0 630 630 0 0 0 0 0
재량 630 0 630 630 0 0 0 0 0
시군구비 630 0 630 630 0 0 0 0 0
생활환경 개선
기간: 2026년~2030년
대상: 마도면 관내
규모: 가로등등 2,400등
내용: 가로등 및 보안등
유지관리
N N N N N N
계 3,102 0 3,102 620 620 620 620 620 0
재량 3,102 0 3,102 620 620 620 620 620 0
시군구비 3,102 0 3,102 620 620 620 620 620 0
송산면 사업경비 2,950 0 2,950 580 585 590 595 600 0
2,950 0 2,950 580 585 590 595 600 0
생활환경 개선
기간: 2025년 ~ 2030년
대상: 송산면 주민
규모: 송산면 기반시설 
내용: 송산면 기반시설 유
지관리
N N N N N N
계 2,950 0 2,950 580 585 590 595 600 0
재량 2,950 0 2,950 580 585 590 595 600 0
- 167 -
세세부부사사업업계계획획서서
회계연도 : 2026년
회계구분 : 일반 , 특별회계 , 기금
분    야 : 전체
부    문 : 전체 (단위 : 백만원)
분야ㆍ부문ㆍ정책ㆍ단위ㆍ세부사
업 사 업 개 요 국가계
획
투
자
심
사
지
방
채
BTL
의무지출
재원 총사업비 기투자
연     도     별     투     자     계     획
향  후
법
정
보
조
이
자 소  계 2026 2027 2028 2029 2030
N N N N N N 시군구비 2,950 0 2,950 580 585 590 595 600 0
서신면 사업경비 3,649 0 3,649 1,234 604 604 604 604 0
지역사회 개발 3,649 0 3,649 1,234 604 604 604 604 0
주민참여예산(주민
숙원사업)
2026. 1. ~ 2026. 12.
서신면 주민
서신면 관내 전 구간 도로,
마을 18개 지역
서신면 마을별 주민참여예
산 사업(마을 정비공사) 및
관내 도로유지 보수
N N N N N N
계 630 0 630 630 0 0 0 0 0
재량 630 0 630 630 0 0 0 0 0
시군구비 630 0 630 630 0 0 0 0 0
생활환경 개선
기간:2026.1.~2026.12.
대상:서신면 주민
규모:2025년(1,756개소),
2026년(50개 신규설치 예정)
내용:서신면 관내 가로등
및 보안등 수리, 전기사용
량 요금 납부
N N N N N N
계 3,019 0 3,019 604 604 604 604 604 0
재량 3,019 0 3,019 604 604 604 604 604 0
시군구비 3,019 0 3,019 604 604 604 604 604 0
팔탄면 사업경비 2,874 0 2,874 520 546 573 602 632 0
2,874 0 2,874 520 546 573 602 632 0
생활환경 개선
기간:2026년~2030년
대상:팔탄면 관내
규모:9,587명
내용:관내 가로등 및 보
안등의 유지 보수
N N N N N N
계 2,874 0 2,874 520 546 573 602 632 0
재량 2,874 0 2,874 520 546 573 602 632 0
시군구비 2,874 0 2,874 520 546 573 602 632 0
양감면 사업경비 630 0 630 630 0 0 0 0 0
630 0 630 630 0 0 0 0 0
주민참여예산(주민
숙원사업) N N N N N N
계 630 0 630 630 0 0 0 0 0
재량 630 0 630 630 0 0 0 0 0
- 166 -
- 167 -
세세부부사사업업계계획획서서
회계연도 : 2026년
회계구분 : 일반 , 특별회계 , 기금
분    야 : 전체
부    문 : 전체 (단위 : 백만원)
분야ㆍ부문ㆍ정책ㆍ단위ㆍ세부사
업 사 업 개 요 국가계
획
투
자
심
사
지
방
채
BTL
의무지출
재원 총사업비 기투자
연     도     별     투     자     계     획
향  후
법
정
보
조
이
자 소  계 2026 2027 2028 2029 2030
N N N N N N 시군구비 2,950 0 2,950 580 585 590 595 600 0
서신면 사업경비 3,649 0 3,649 1,234 604 604 604 604 0
지역사회 개발 3,649 0 3,649 1,234 604 604 604 604 0
주민참여예산(주민
숙원사업)
2026. 1. ~ 2026. 12.
서신면 주민
서신면 관내 전 구간 도로,
마을 18개 지역
서신면 마을별 주민참여예
산 사업(마을 정비공사) 및
관내 도로유지 보수
N N N N N N
계 630 0 630 630 0 0 0 0 0
재량 630 0 630 630 0 0 0 0 0
시군구비 630 0 630 630 0 0 0 0 0
생활환경 개선
기간:2026.1.~2026.12.
대상:서신면 주민
규모:2025년(1,756개소),
2026년(50개 신규설치 예정)
내용:서신면 관내 가로등
및 보안등 수리, 전기사용
량 요금 납부
N N N N N N
계 3,019 0 3,019 604 604 604 604 604 0
재량 3,019 0 3,019 604 604 604 604 604 0
시군구비 3,019 0 3,019 604 604 604 604 604 0
팔탄면 사업경비 2,874 0 2,874 520 546 573 602 632 0
2,874 0 2,874 520 546 573 602 632 0
생활환경 개선
기간:2026년~2030년
대상:팔탄면 관내
규모:9,587명
내용:관내 가로등 및 보
안등의 유지 보수
N N N N N N
계 2,874 0 2,874 520 546 573 602 632 0
재량 2,874 0 2,874 520 546 573 602 632 0
시군구비 2,874 0 2,874 520 546 573 602 632 0
양감면 사업경비 630 0 630 630 0 0 0 0 0
630 0 630 630 0 0 0 0 0
주민참여예산(주민
숙원사업) N N N N N N
계 630 0 630 630 0 0 0 0 0
재량 630 0 630 630 0 0 0 0 0
- 167 -
- 168 -
세세부부사사업업계계획획서서
회계연도 : 2026년
회계구분 : 일반 , 특별회계 , 기금
분    야 : 전체
부    문 : 전체 (단위 : 백만원)
분야ㆍ부문ㆍ정책ㆍ단위ㆍ세부사
업 사 업 개 요 국가계
획
투
자
심
사
지
방
채
BTL
의무지출
재원 총사업비 기투자
연     도     별     투     자     계     획
향  후
법
정
보
조
이
자 소  계 2026 2027 2028 2029 2030
N N N N N N 시군구비 630 0 630 630 0 0 0 0 0
정남면 사업경비 5,629 0 5,629 1,630 1,000 1,000 1,000 1,000 0
주민행정 편의도모 2,589 0 2,589 518 518 518 518 518 0
청사관리
기간:2026~2030
대상:관내시민
규모:면사무소 유지관리
내용:면사무소  소규모
수리 및 관리 유지
N N N Y N N
계 2,589 0 2,589 518 518 518 518 518 0
의무 2,589 0 2,589 518 518 518 518 518 0
시군구비 2,589 0 2,589 518 518 518 518 518 0
지역사회 개발 3,040 0 3,040 1,112 482 482 482 482 0
주민참여예산(주민
숙원사업)
기간: 매년
대상: 마을주민
규모: 매년 6억3천
내용: 주민숙원사업
N N N N N N
계 630 0 630 630 0 0 0 0 0
재량 630 0 630 630 0 0 0 0 0
시군구비 630 0 630 630 0 0 0 0 0
생활환경 개선
기간:연례반복
대상:정남면민
규모:정남면 일대
내용:불법 유동광고물
정비, 가로등 및 보안등
관리 등
N N N N N N
계 2,410 0 2,410 482 482 482 482 482 0
재량 2,410 0 2,410 482 482 482 482 482 0
시군구비 2,410 0 2,410 482 482 482 482 482 0
공공질서및안전 163,001 0 163,001 27,604 28,174 28,474 35,774 42,974 0
재난방재ㆍ민방위 163,001 0 163,001 27,604 28,174 28,474 35,774 42,974 0
IT기반 통합정보서비스 제
공 71,617 0 71,617 10,123 10,123 10,123 17,123 24,123 0
첨단 정보도시 기반조성 13,167 0 13,167 2,633 2,633 2,633 2,633 2,633 0
미래 스마트도시 인
프라 구축 및 운영
기간:2026.  1. ~2030. 12.
대상:화성시 전역 
자가통신망 장비 및 광케이블 N N N N N N 계 13,167 0 13,167 2,633 2,633 2,633 2,633 2,633 0
- 169 -
세세부부사사업업계계획획서서
회계연도 : 2026년
회계구분 : 일반 , 특별회계 , 기금
분    야 : 전체
부    문 : 전체 (단위 : 백만원)
분야ㆍ부문ㆍ정책ㆍ단위ㆍ세부사
업 사 업 개 요 국가계
획
투
자
심
사
지
방
채
BTL
의무지출
재원 총사업비 기투자
연     도     별     투     자     계     획
향  후
법
정
보
조
이
자 소  계 2026 2027 2028 2029 2030
규모:센터 및 국사 내 통신 
스위치 150대 등
내용:스마트도시 서비스 
인프라의 체계적인 
예방점검과 효율적인 관리
N N N N N N
재량 13,167 0 13,167 2,633 2,633 2,633 2,633 2,633 0
시군구비 13,167 0 13,167 2,633 2,633 2,633 2,633 2,633 0
CCTV 통합관제센터 운영 49,885 0 49,885 6,377 6,377 6,377 12,377 18,377 0
안전영상 CCTV 운영
기간:2025.01~2030.12
대상:화성시 전역
규모:생활방범 CCTV 12,518
대(5,090개소), 차량방범
카메라 369대(207개소)
내용:안전영상 CCTV운영
N N N N N N
계 41,191 0 41,191 5,238 5,238 5,238 10,238 15,238 0
재량 41,191 0 41,191 5,238 5,238 5,238 10,238 15,238 0
시군구비 41,191 0 41,191 5,238 5,238 5,238 10,238 15,238 0
안전영상 CCTV 설치
및 개선
기간:2025.1. ~ 2029.12.
대상:화성시 전역
규모:年 CCTV 120대 신
규설치
내용:안전영상 CCTV 설
치 및 개선
N N N N N N
계 8,694 0 8,694 1,139 1,139 1,139 2,139 3,139 0
재량 8,694 0 8,694 1,139 1,139 1,139 2,139 3,139 0
시군구비 8,694 0 8,694 1,139 1,139 1,139 2,139 3,139 0
스마트도시 통합운영센
터 통합관리운영 8,565 0 8,565 1,113 1,113 1,113 2,113 3,113 0
통합운영센터 정보
통신보안운영
기간:2025.01~2029.12
대상:스마트도시 통합운영센터 
     정보보안시스템 운영관리
내용: 백신 라이선스 구입(서버용 : 
425조, 단말용 : 2,370조),  
정보보호시스템 유지관리, 
주요정보통신기반시설 취약점 
분석평가 (지정자산: 671대)
노후보안장비 교체
N N N Y N N
계 8,565 0 8,565 1,113 1,113 1,113 2,113 3,113 0
의무 8,565 0 8,565 1,113 1,113 1,113 2,113 3,113 0
시군구비 8,565 0 8,565 1,113 1,113 1,113 2,113 3,113 0
안전 총괄대응 구축 55,019 0 55,019 11,004 11,004 11,004 11,004 11,004 0
안전정책 일반 12,019 0 12,019 2,404 2,404 2,404 2,404 2,404 0
시민안전보험
기간:2025.01~2030.12
대상:화성시민
규모:약 100만명
보험금 지급
N N N N N N
계 12,019 0 12,019 2,404 2,404 2,404 2,404 2,404 0
재량 12,019 0 12,019 2,404 2,404 2,404 2,404 2,404 0
시군구비 12,019 0 12,019 2,404 2,404 2,404 2,404 2,404 0
- 168 -
- 169 -
세세부부사사업업계계획획서서
회계연도 : 2026년
회계구분 : 일반 , 특별회계 , 기금
분    야 : 전체
부    문 : 전체 (단위 : 백만원)
분야ㆍ부문ㆍ정책ㆍ단위ㆍ세부사
업 사 업 개 요 국가계
획
투
자
심
사
지
방
채
BTL
의무지출
재원 총사업비 기투자
연     도     별     투     자     계     획
향  후
법
정
보
조
이
자 소  계 2026 2027 2028 2029 2030
규모:센터 및 국사 내 통신 
스위치 150대 등
내용:스마트도시 서비스 
인프라의 체계적인 
예방점검과 효율적인 관리
N N N N N N
재량 13,167 0 13,167 2,633 2,633 2,633 2,633 2,633 0
시군구비 13,167 0 13,167 2,633 2,633 2,633 2,633 2,633 0
CCTV 통합관제센터 운영 49,885 0 49,885 6,377 6,377 6,377 12,377 18,377 0
안전영상 CCTV 운영
기간:2025.01~2030.12
대상:화성시 전역
규모:생활방범 CCTV 12,518
대(5,090개소), 차량방범
카메라 369대(207개소)
내용:안전영상 CCTV운영
N N N N N N
계 41,191 0 41,191 5,238 5,238 5,238 10,238 15,238 0
재량 41,191 0 41,191 5,238 5,238 5,238 10,238 15,238 0
시군구비 41,191 0 41,191 5,238 5,238 5,238 10,238 15,238 0
안전영상 CCTV 설치
및 개선
기간:2025.1. ~ 2029.12.
대상:화성시 전역
규모:年 CCTV 120대 신
규설치
내용:안전영상 CCTV 설
치 및 개선
N N N N N N
계 8,694 0 8,694 1,139 1,139 1,139 2,139 3,139 0
재량 8,694 0 8,694 1,139 1,139 1,139 2,139 3,139 0
시군구비 8,694 0 8,694 1,139 1,139 1,139 2,139 3,139 0
스마트도시 통합운영센
터 통합관리운영 8,565 0 8,565 1,113 1,113 1,113 2,113 3,113 0
통합운영센터 정보
통신보안운영
기간:2025.01~2029.12
대상:스마트도시 통합운영센터 
     정보보안시스템 운영관리
내용: 백신 라이선스 구입(서버용 : 
425조, 단말용 : 2,370조),  
정보보호시스템 유지관리, 
주요정보통신기반시설 취약점 
분석평가 (지정자산: 671대)
노후보안장비 교체
N N N Y N N
계 8,565 0 8,565 1,113 1,113 1,113 2,113 3,113 0
의무 8,565 0 8,565 1,113 1,113 1,113 2,113 3,113 0
시군구비 8,565 0 8,565 1,113 1,113 1,113 2,113 3,113 0
안전 총괄대응 구축 55,019 0 55,019 11,004 11,004 11,004 11,004 11,004 0
안전정책 일반 12,019 0 12,019 2,404 2,404 2,404 2,404 2,404 0
시민안전보험
기간:2025.01~2030.12
대상:화성시민
규모:약 100만명
보험금 지급
N N N N N N
계 12,019 0 12,019 2,404 2,404 2,404 2,404 2,404 0
재량 12,019 0 12,019 2,404 2,404 2,404 2,404 2,404 0
시군구비 12,019 0 12,019 2,404 2,404 2,404 2,404 2,404 0
- 169 -
- 170 -
세세부부사사업업계계획획서서
회계연도 : 2026년
회계구분 : 일반 , 특별회계 , 기금
분    야 : 전체
부    문 : 전체 (단위 : 백만원)
분야ㆍ부문ㆍ정책ㆍ단위ㆍ세부사
업 사 업 개 요 국가계
획
투
자
심
사
지
방
채
BTL
의무지출
재원 총사업비 기투자
연     도     별     투     자     계     획
향  후
법
정
보
조
이
자 소  계 2026 2027 2028 2029 2030
재난관리기금 운영 43,000 0 43,000 8,600 8,600 8,600 8,600 8,600 0
재난예방 및 복구에
관한 사업
기간:2026.01~2030.12
대상:재난예방 및 복구
관련부서
규모:재난 예방 및 복구 
시설
내용:재난대비 관련 보
수정비 및 연구용역
N N N N N N
계 43,000 0 43,000 8,600 8,600 8,600 8,600 8,600 0
재량 43,000 0 43,000 8,600 8,600 8,600 8,600 8,600 0
시군구비 43,000 0 43,000 8,600 8,600 8,600 8,600 8,600 0
재난 총괄대응 구축 6,235 0 6,235 1,247 1,247 1,247 1,247 1,247 0
자연재난 관리 6,235 0 6,235 1,247 1,247 1,247 1,247 1,247 0
자연재난 안전관리
기간:2024.01~2028.12
대상:화성시 전역
규모:재난예경보 시스
템 설치 지역
내용:자연재난 예방 및
응급복구 등
N N N N N N
계 1,935 0 1,935 387 387 387 387 387 0
재량 1,935 0 1,935 387 387 387 387 387 0
시군구비 1,935 0 1,935 387 387 387 387 387 0
재난 예경보시스템
확충사업
기간:2026.01~2030.12
대상:화성시 주요 하천
및 해안가 일원
규모:재난예경보시스템
설치 지역
내용:재난 예경보시스
템 확충
N N N N Y N
계 4,300 0 4,300 860 860 860 860 860 0
의무 4,300 0 4,300 860 860 860 860 860 0
시도비 430 0 430 86 86 86 86 86 0
시군구비 3,870 0 3,870 774 774 774 774 774 0
재난재해 대책(병점구) 18,500 0 18,500 3,700 3,700 3,700 3,700 3,700 0
재난재해 안전관리(병점
구) 18,500 0 18,500 3,700 3,700 3,700 3,700 3,700 0
재난재해 복구(병점
구)
기간:연례반복
대상:동부권 시민
규모:반정천 외 18개소
등
내용:하천 내 제방정비
등
N N N N N N
계 16,500 0 16,500 3,300 3,300 3,300 3,300 3,300 0
재량 16,500 0 16,500 3,300 3,300 3,300 3,300 3,300 0
시군구비 16,500 0 16,500 3,300 3,300 3,300 3,300 3,300 0
- 171 -
세세부부사사업업계계획획서서
회계연도 : 2026년
회계구분 : 일반 , 특별회계 , 기금
분    야 : 전체
부    문 : 전체 (단위 : 백만원)
분야ㆍ부문ㆍ정책ㆍ단위ㆍ세부사
업 사 업 개 요 국가계
획
투
자
심
사
지
방
채
BTL
의무지출
재원 총사업비 기투자
연     도     별     투     자     계     획
향  후
법
정
보
조
이
자 소  계 2026 2027 2028 2029 2030
우수집수정 및 준설
(병점구)
기간:연례반복
대상:동부권 시민
규모:지하차도 저수조
10개소 등
내용:도로 측구, 집수정
등 준설
N N N Y N N
계 2,000 0 2,000 400 400 400 400 400 0
의무 2,000 0 2,000 400 400 400 400 400 0
시군구비 2,000 0 2,000 400 400 400 400 400 0
재난재해 대책(동탄구) 11,630 0 11,630 1,530 2,100 2,400 2,700 2,900 0
재난재해 안전관리(동탄
구) 11,630 0 11,630 1,530 2,100 2,400 2,700 2,900 0
우수집수정 준설(동
탄구)
기간:2026. 1.  ~ 2030. 12.
대상: 화성시 동탄권 도로 빗물
받이, 지하차도 배수시설
규모: 동탄권 일원 도로 및 지하
차도 배수로 준설 1식
내용: 우기대비 지하차도 저수조
및 도로변 빗물받이 준설
N N N N N N
계 2,000 0 2,000 400 400 400 400 400 0
재량 2,000 0 2,000 400 400 400 400 400 0
시군구비 2,000 0 2,000 400 400 400 400 400 0
하천 유지관리(동탄
구)
기간: 2025. 1. ~ 2029. 12.
대상: 화성시 동탄권 내 하
천
규모: 동탄권 하천, 소하천
, 구거(지방하천 4개소 총
13km/소하천 4개소 총 8km)
내용: 하천 시설물 유지관
리 및 준설
N N N N N N
계 9,630 0 9,630 1,130 1,700 2,000 2,300 2,500 0
재량 9,630 0 9,630 1,130 1,700 2,000 2,300 2,500 0
시군구비 9,630 0 9,630 1,130 1,700 2,000 2,300 2,500 0
교육 268,902 0 268,902 49,560 49,880 50,100 56,620 62,740 0
유아및초중등교육 258,707 0 258,707 47,561 47,861 48,061 54,561 60,661 0
행복한 교육도시 조성 258,707 0 258,707 47,561 47,861 48,061 54,561 60,661 0
미래인재 양성 기반 구
축 90,831 0 90,831 14,866 14,966 14,966 20,466 25,566 0
인재육성재단 운영
지원
기간:2026.01.~2030.12.
대상:관내 초중고 학생동아
리, 지역사회 교육관련 단
체 및 지역주민
규모:화성시민 전체 대상
내용:초중고 학생동아리 및
지역사회가 함께하는 학생
주도형 축제 운영
Y N N Y N N
계 64,300 0 64,300 9,700 9,800 9,800 15,000 20,000 0
의무 64,300 0 64,300 9,700 9,800 9,800 15,000 20,000 0
시군구비 64,300 0 64,300 9,700 9,800 9,800 15,000 20,000 0
- 170 -
- 171 -
세세부부사사업업계계획획서서
회계연도 : 2026년
회계구분 : 일반 , 특별회계 , 기금
분    야 : 전체
부    문 : 전체 (단위 : 백만원)
분야ㆍ부문ㆍ정책ㆍ단위ㆍ세부사
업 사 업 개 요 국가계
획
투
자
심
사
지
방
채
BTL
의무지출
재원 총사업비 기투자
연     도     별     투     자     계     획
향  후
법
정
보
조
이
자 소  계 2026 2027 2028 2029 2030
우수집수정 및 준설
(병점구)
기간:연례반복
대상:동부권 시민
규모:지하차도 저수조
10개소 등
내용:도로 측구, 집수정
등 준설
N N N Y N N
계 2,000 0 2,000 400 400 400 400 400 0
의무 2,000 0 2,000 400 400 400 400 400 0
시군구비 2,000 0 2,000 400 400 400 400 400 0
재난재해 대책(동탄구) 11,630 0 11,630 1,530 2,100 2,400 2,700 2,900 0
재난재해 안전관리(동탄
구) 11,630 0 11,630 1,530 2,100 2,400 2,700 2,900 0
우수집수정 준설(동
탄구)
기간:2026. 1.  ~ 2030. 12.
대상: 화성시 동탄권 도로 빗물
받이, 지하차도 배수시설
규모: 동탄권 일원 도로 및 지하
차도 배수로 준설 1식
내용: 우기대비 지하차도 저수조
및 도로변 빗물받이 준설
N N N N N N
계 2,000 0 2,000 400 400 400 400 400 0
재량 2,000 0 2,000 400 400 400 400 400 0
시군구비 2,000 0 2,000 400 400 400 400 400 0
하천 유지관리(동탄
구)
기간: 2025. 1. ~ 2029. 12.
대상: 화성시 동탄권 내 하
천
규모: 동탄권 하천, 소하천
, 구거(지방하천 4개소 총
13km/소하천 4개소 총 8km)
내용: 하천 시설물 유지관
리 및 준설
N N N N N N
계 9,630 0 9,630 1,130 1,700 2,000 2,300 2,500 0
재량 9,630 0 9,630 1,130 1,700 2,000 2,300 2,500 0
시군구비 9,630 0 9,630 1,130 1,700 2,000 2,300 2,500 0
교육 268,902 0 268,902 49,560 49,880 50,100 56,620 62,740 0
유아및초중등교육 258,707 0 258,707 47,561 47,861 48,061 54,561 60,661 0
행복한 교육도시 조성 258,707 0 258,707 47,561 47,861 48,061 54,561 60,661 0
미래인재 양성 기반 구
축 90,831 0 90,831 14,866 14,966 14,966 20,466 25,566 0
인재육성재단 운영
지원
기간:2026.01.~2030.12.
대상:관내 초중고 학생동아
리, 지역사회 교육관련 단
체 및 지역주민
규모:화성시민 전체 대상
내용:초중고 학생동아리 및
지역사회가 함께하는 학생
주도형 축제 운영
Y N N Y N N
계 64,300 0 64,300 9,700 9,800 9,800 15,000 20,000 0
의무 64,300 0 64,300 9,700 9,800 9,800 15,000 20,000 0
시군구비 64,300 0 64,300 9,700 9,800 9,800 15,000 20,000 0
- 171 -
- 172 -
세세부부사사업업계계획획서서
회계연도 : 2026년
회계구분 : 일반 , 특별회계 , 기금
분    야 : 전체
부    문 : 전체 (단위 : 백만원)
분야ㆍ부문ㆍ정책ㆍ단위ㆍ세부사
업 사 업 개 요 국가계
획
투
자
심
사
지
방
채
BTL
의무지출
재원 총사업비 기투자
연     도     별     투     자     계     획
향  후
법
정
보
조
이
자 소  계 2026 2027 2028 2029 2030
장학관 운영
기간:2025.01.~2029.12.
대상:관내 대학생
규모:입사생 438명
내용:화성시장학관 운
영으로 지역 우수인재
양성
N N N Y N N
계 14,000 0 14,000 2,600 2,700 2,800 2,900 3,000 0
의무 14,000 0 14,000 2,600 2,700 2,800 2,900 3,000 0
시군구비 14,000 0 14,000 2,600 2,700 2,800 2,900 3,000 0
고등학교 무상교육
비 분담금 전출
기간: 2025년~2029년
대상:화성시 고등학생
규모:31개 고등학교
내용:무상교육경비지원
N N N Y N N
계 2,804 0 2,804 561 561 561 561 561 0
의무 2,804 0 2,804 561 561 561 561 561 0
시군구비 2,804 0 2,804 561 561 561 561 561 0
초등학생 입학축하
금 지원
기간:2024.01~2029.12
대상:초등학교 등 입학
생
규모:10,500명
내용:입학축하금 지원
N N N N N N
계 9,728 0 9,728 2,006 1,906 1,806 2,006 2,006 0
재량 9,728 0 9,728 2,006 1,906 1,806 2,006 2,006 0
시군구비 9,728 0 9,728 2,006 1,906 1,806 2,006 2,006 0
학교보조사업 추진 64,603 0 64,603 12,921 12,921 12,921 12,921 12,921 0
학교환경 개선 지원
기간:2026.01~2030.12
대상:관내 초중고특수
학교
규모:연 50여 개교 내외
내용:학교환경개선사업
N N N N N N
계 21,500 0 21,500 4,300 4,300 4,300 4,300 4,300 0
재량 21,500 0 21,500 4,300 4,300 4,300 4,300 4,300 0
시군구비 21,500 0 21,500 4,300 4,300 4,300 4,300 4,300 0
통학버스 운영 지원
기간:2026.01~2030.12
대상:관내 초, 중학교 중
통학여건이 어려운학교 선
정
규모:통학버스 임차료 지원
내용:통학버스 운영지원
N N N N N N
계 22,500 0 22,500 4,500 4,500 4,500 4,500 4,500 0
재량 22,500 0 22,500 4,500 4,500 4,500 4,500 4,500 0
시군구비 22,500 0 22,500 4,500 4,500 4,500 4,500 4,500 0
방과후학교 운영지
원
기간: 2026.01.~2030.12.
대상: 관내 초·중·특수학교
규모: 관내 초·중·특수학교 중
사업선정교
내용: 방과후학교 프로그램 및
오케스트라 강사비 및 교재교구
비 지원
N N N N N N
계 2,750 0 2,750 550 550 550 550 550 0
재량 2,750 0 2,750 550 550 550 550 550 0
- 173 -
세세부부사사업업계계획획서서
회계연도 : 2026년
회계구분 : 일반 , 특별회계 , 기금
분    야 : 전체
부    문 : 전체 (단위 : 백만원)
분야ㆍ부문ㆍ정책ㆍ단위ㆍ세부사
업 사 업 개 요 국가계
획
투
자
심
사
지
방
채
BTL
의무지출
재원 총사업비 기투자
연     도     별     투     자     계     획
향  후
법
정
보
조
이
자 소  계 2026 2027 2028 2029 2030
N N N N N N 시군구비 2,750 0 2,750 550 550 550 550 550 0
교복 지원
기간:2026.01~2030.12
대상:관내 중고등학교
및 대안교육기관 등
규모:23,842여명
내용:학생 교복 및 체육
복비 지원
N N N N Y N
계 12,071 0 12,071 2,414 2,414 2,414 2,414 2,414 0
의무 12,071 0 12,071 2,414 2,414 2,414 2,414 2,414 0
시도비 100 0 100 20 20 20 20 20 0
시군구비 11,971 0 11,971 2,394 2,394 2,394 2,394 2,394 0
수영체험활동 지원
기간:2026.01.~2030.12.
대상:관내 초등학교 3~6학
년
규모:관내 초등학교(교육지
원청과 대응지원)
내용:생존수영 교육과정 운
영비(수영강습비, 버스임차
료 등) 지원
N N N N N N
계 5,782 0 5,782 1,156 1,156 1,156 1,156 1,156 0
재량 5,782 0 5,782 1,156 1,156 1,156 1,156 1,156 0
시군구비 5,782 0 5,782 1,156 1,156 1,156 1,156 1,156 0
유치원 보조사업 추진 4,415 0 4,415 883 883 883 883 883 0
유치원 지원
기간: 2026.01~2030.12
대상: 관내 사립유치원
및 교사 등
규모: 사립유치원 58개
원
내용: 사립유치원 지원
N N N N N N
계 4,415 0 4,415 883 883 883 883 883 0
재량 4,415 0 4,415 883 883 883 883 883 0
시군구비 4,415 0 4,415 883 883 883 883 883 0
지역교육협력사업 32,083 0 32,083 6,417 6,417 6,417 6,417 6,417 0
화성지역교육협력사
업 운영
기간:2025.01~2029.12
대상:관내 초중고등학
교
규모:관내 191교
내용:경기도교육청 협
력 화성미래교육도시
운영
N N N N Y N
계 32,083 0 32,083 6,417 6,417 6,417 6,417 6,417 0
의무 32,083 0 32,083 6,417 6,417 6,417 6,417 6,417 0
시군구비 32,083 0 32,083 6,417 6,417 6,417 6,417 6,417 0
이음터 사업 추진 66,776 0 66,776 12,475 12,675 12,875 13,875 14,875 0
이음터 운영
기간: 2026. 1. ~ 2030. 12.
대상: 화성시민
규모:  이음터 7개소 N N N N N N 계 66,776 0 66,776 12,475 12,675 12,875 13,875 14,875 0
- 172 -
- 173 -
세세부부사사업업계계획획서서
회계연도 : 2026년
회계구분 : 일반 , 특별회계 , 기금
분    야 : 전체
부    문 : 전체 (단위 : 백만원)
분야ㆍ부문ㆍ정책ㆍ단위ㆍ세부사
업 사 업 개 요 국가계
획
투
자
심
사
지
방
채
BTL
의무지출
재원 총사업비 기투자
연     도     별     투     자     계     획
향  후
법
정
보
조
이
자 소  계 2026 2027 2028 2029 2030
N N N N N N 시군구비 2,750 0 2,750 550 550 550 550 550 0
교복 지원
기간:2026.01~2030.12
대상:관내 중고등학교
및 대안교육기관 등
규모:23,842여명
내용:학생 교복 및 체육
복비 지원
N N N N Y N
계 12,071 0 12,071 2,414 2,414 2,414 2,414 2,414 0
의무 12,071 0 12,071 2,414 2,414 2,414 2,414 2,414 0
시도비 100 0 100 20 20 20 20 20 0
시군구비 11,971 0 11,971 2,394 2,394 2,394 2,394 2,394 0
수영체험활동 지원
기간:2026.01.~2030.12.
대상:관내 초등학교 3~6학
년
규모:관내 초등학교(교육지
원청과 대응지원)
내용:생존수영 교육과정 운
영비(수영강습비, 버스임차
료 등) 지원
N N N N N N
계 5,782 0 5,782 1,156 1,156 1,156 1,156 1,156 0
재량 5,782 0 5,782 1,156 1,156 1,156 1,156 1,156 0
시군구비 5,782 0 5,782 1,156 1,156 1,156 1,156 1,156 0
유치원 보조사업 추진 4,415 0 4,415 883 883 883 883 883 0
유치원 지원
기간: 2026.01~2030.12
대상: 관내 사립유치원
및 교사 등
규모: 사립유치원 58개
원
내용: 사립유치원 지원
N N N N N N
계 4,415 0 4,415 883 883 883 883 883 0
재량 4,415 0 4,415 883 883 883 883 883 0
시군구비 4,415 0 4,415 883 883 883 883 883 0
지역교육협력사업 32,083 0 32,083 6,417 6,417 6,417 6,417 6,417 0
화성지역교육협력사
업 운영
기간:2025.01~2029.12
대상:관내 초중고등학
교
규모:관내 191교
내용:경기도교육청 협
력 화성미래교육도시
운영
N N N N Y N
계 32,083 0 32,083 6,417 6,417 6,417 6,417 6,417 0
의무 32,083 0 32,083 6,417 6,417 6,417 6,417 6,417 0
시군구비 32,083 0 32,083 6,417 6,417 6,417 6,417 6,417 0
이음터 사업 추진 66,776 0 66,776 12,475 12,675 12,875 13,875 14,875 0
이음터 운영
기간: 2026. 1. ~ 2030. 12.
대상: 화성시민
규모:  이음터 7개소 N N N N N N 계 66,776 0 66,776 12,475 12,675 12,875 13,875 14,875 0
- 173 -
- 174 -
세세부부사사업업계계획획서서
회계연도 : 2026년
회계구분 : 일반 , 특별회계 , 기금
분    야 : 전체
부    문 : 전체 (단위 : 백만원)
분야ㆍ부문ㆍ정책ㆍ단위ㆍ세부사
업 사 업 개 요 국가계
획
투
자
심
사
지
방
채
BTL
의무지출
재원 총사업비 기투자
연     도     별     투     자     계     획
향  후
법
정
보
조
이
자 소  계 2026 2027 2028 2029 2030
내용: 이음터 및 
이음터도서관 운영 및 
마을동아리, 마을학교, 
학교연계, 특화프로그램 운영
N N N N N N
재량 66,776 0 66,776 12,475 12,675 12,875 13,875 14,875 0
시군구비 66,776 0 66,776 12,475 12,675 12,875 13,875 14,875 0
평생ㆍ직업교육 10,194 0 10,194 1,998 2,019 2,039 2,059 2,079 0
평생학습 도시화 10,194 0 10,194 1,998 2,019 2,039 2,059 2,079 0
평생학습 지원 강화 2,594 0 2,594 518 519 519 519 519 0
일반 평생교육 이용
권 지원
기간:2026~2030
대상:관내 만19세이상
성인
규모:저소득층, 지역특
화, 디지털
내용:평생교육 강좌 수
강료 및 교재비 지원
Y 교
육부 N N N N Y N
계 2,594 0 2,594 518 519 519 519 519 0
의무 2,594 0 2,594 518 519 519 519 519 0
국고보조금 1,815 0 1,815 363 363 363 363 363 0
시도비 235 0 235 47 47 47 47 47 0
시군구비 545 0 545 109 109 109 109 109 0
평생학습시설 운영ㆍ관
리 7,600 0 7,600 1,480 1,500 1,520 1,540 1,560 0
평생학습시설 운영
ㆍ관리
기간:2026.01~2030.12
대상:화성시민
규모:평생학습관, 화성
시민대학
내용:시설관리를 통해
안전ㆍ보건 확보 이행
N N N N N N
계 7,600 0 7,600 1,480 1,500 1,520 1,540 1,560 0
재량 7,600 0 7,600 1,480 1,500 1,520 1,540 1,560 0
시군구비 7,600 0 7,600 1,480 1,500 1,520 1,540 1,560 0
문화및관광 1,624,007 334,382 1,289,082 243,018 287,082 271,170 268,794 219,019 543
문화예술 769,755 97,823 671,932 98,228 172,559 169,583 130,213 101,350 0
문화도시 조성 204,201 0 204,201 47,883 36,807 36,797 40,802 41,912 0
지역문화역량강화 182,075 0 182,075 43,881 32,481 32,481 36,066 37,166 0
- 175 -
세세부부사사업업계계획획서서
회계연도 : 2026년
회계구분 : 일반 , 특별회계 , 기금
분    야 : 전체
부    문 : 전체 (단위 : 백만원)
분야ㆍ부문ㆍ정책ㆍ단위ㆍ세부사
업 사 업 개 요 국가계
획
투
자
심
사
지
방
채
BTL
의무지출
재원 총사업비 기투자
연     도     별     투     자     계     획
향  후
법
정
보
조
이
자 소  계 2026 2027 2028 2029 2030
화성시문화관광재단
지원
기간 : 2025년~2029년
대상 : 화성시문화재단
내용 :인건비,운영비,사
업비등
Y N N N N N
계 70,000 0 70,000 13,000 13,000 13,000 15,000 16,000 0
재량 70,000 0 70,000 13,000 13,000 13,000 15,000 16,000 0
시군구비 70,000 0 70,000 13,000 13,000 13,000 15,000 16,000 0
동탄복합문화센터
운영
기간 : 2026년~2030년
대상:화성시문화관광재
단
규모:41명
내용: 문화센터 프로그
램 운영
N N N N N N
계 37,521 0 37,521 7,104 7,104 7,104 8,104 8,104 0
재량 37,521 0 37,521 7,104 7,104 7,104 8,104 8,104 0
시군구비 37,521 0 37,521 7,104 7,104 7,104 8,104 8,104 0
문화관광재단 공연
장 운영
기간 : 2025년~2030년
대상:화성시공연장 4개
소
규모: 4개 공연장 등
내용:공연장 운영 지원
Y N N N N N
계 26,643 0 26,643 5,214 5,214 5,214 5,500 5,500 0
재량 26,643 0 26,643 5,214 5,214 5,214 5,500 5,500 0
시군구비 26,643 0 26,643 5,214 5,214 5,214 5,500 5,500 0
통합문화이용권 지
원
기간: 2026~2030
대상:기초생활수급자,
차상위계층
규모: 27억원
내용:저수득층 문화예
술분야 사용가능한 카
드 지급
Y 문
화체
육관
광부
N N N N Y N
계 13,964 0 13,964 2,793 2,793 2,793 2,793 2,793 0
의무 13,964 0 13,964 2,793 2,793 2,793 2,793 2,793 0
국고보조금 9,897 0 9,897 1,979 1,979 1,979 1,979 1,979 0
시도비 610 0 610 122 122 122 122 122 0
시군구비 3,456 0 3,456 691 691 691 691 691 0
미디어센터 운영
기간:2026.01~2030.12
대상: 화성시문화관광
재단
내용: 화성시민 대상 미
디어 교육 및 체험
N N N N N N
계 5,911 0 5,911 1,142 1,142 1,142 1,242 1,242 0
재량 5,911 0 5,911 1,142 1,142 1,142 1,242 1,242 0
시군구비 5,911 0 5,911 1,142 1,142 1,142 1,242 1,242 0
생활문화센터 운영
기간:2026.01~2030.12
대상: 화성시문화관광재단
내용: 화성시민의 생활문화예술  
접근기회 제공 
N N N N N N 계 5,793 0 5,793 1,119 1,119 1,119 1,219 1,219 0
- 174 -
- 175 -
세세부부사사업업계계획획서서
회계연도 : 2026년
회계구분 : 일반 , 특별회계 , 기금
분    야 : 전체
부    문 : 전체 (단위 : 백만원)
분야ㆍ부문ㆍ정책ㆍ단위ㆍ세부사
업 사 업 개 요 국가계
획
투
자
심
사
지
방
채
BTL
의무지출
재원 총사업비 기투자
연     도     별     투     자     계     획
향  후
법
정
보
조
이
자 소  계 2026 2027 2028 2029 2030
화성시문화관광재단
지원
기간 : 2025년~2029년
대상 : 화성시문화재단
내용 :인건비,운영비,사
업비등
Y N N N N N
계 70,000 0 70,000 13,000 13,000 13,000 15,000 16,000 0
재량 70,000 0 70,000 13,000 13,000 13,000 15,000 16,000 0
시군구비 70,000 0 70,000 13,000 13,000 13,000 15,000 16,000 0
동탄복합문화센터
운영
기간 : 2026년~2030년
대상:화성시문화관광재
단
규모:41명
내용: 문화센터 프로그
램 운영
N N N N N N
계 37,521 0 37,521 7,104 7,104 7,104 8,104 8,104 0
재량 37,521 0 37,521 7,104 7,104 7,104 8,104 8,104 0
시군구비 37,521 0 37,521 7,104 7,104 7,104 8,104 8,104 0
문화관광재단 공연
장 운영
기간 : 2025년~2030년
대상:화성시공연장 4개
소
규모: 4개 공연장 등
내용:공연장 운영 지원
Y N N N N N
계 26,643 0 26,643 5,214 5,214 5,214 5,500 5,500 0
재량 26,643 0 26,643 5,214 5,214 5,214 5,500 5,500 0
시군구비 26,643 0 26,643 5,214 5,214 5,214 5,500 5,500 0
통합문화이용권 지
원
기간: 2026~2030
대상:기초생활수급자,
차상위계층
규모: 27억원
내용:저수득층 문화예
술분야 사용가능한 카
드 지급
Y 문
화체
육관
광부
N N N N Y N
계 13,964 0 13,964 2,793 2,793 2,793 2,793 2,793 0
의무 13,964 0 13,964 2,793 2,793 2,793 2,793 2,793 0
국고보조금 9,897 0 9,897 1,979 1,979 1,979 1,979 1,979 0
시도비 610 0 610 122 122 122 122 122 0
시군구비 3,456 0 3,456 691 691 691 691 691 0
미디어센터 운영
기간:2026.01~2030.12
대상: 화성시문화관광
재단
내용: 화성시민 대상 미
디어 교육 및 체험
N N N N N N
계 5,911 0 5,911 1,142 1,142 1,142 1,242 1,242 0
재량 5,911 0 5,911 1,142 1,142 1,142 1,242 1,242 0
시군구비 5,911 0 5,911 1,142 1,142 1,142 1,242 1,242 0
생활문화센터 운영
기간:2026.01~2030.12
대상: 화성시문화관광재단
내용: 화성시민의 생활문화예술  
접근기회 제공 
N N N N N N 계 5,793 0 5,793 1,119 1,119 1,119 1,219 1,219 0
- 175 -
- 176 -
세세부부사사업업계계획획서서
회계연도 : 2026년
회계구분 : 일반 , 특별회계 , 기금
분    야 : 전체
부    문 : 전체 (단위 : 백만원)
분야ㆍ부문ㆍ정책ㆍ단위ㆍ세부사
업 사 업 개 요 국가계
획
투
자
심
사
지
방
채
BTL
의무지출
재원 총사업비 기투자
연     도     별     투     자     계     획
향  후
법
정
보
조
이
자 소  계 2026 2027 2028 2029 2030
N N N N N N
재량 5,793 0 5,793 1,119 1,119 1,119 1,219 1,219 0
시군구비 5,793 0 5,793 1,119 1,119 1,119 1,219 1,219 0
홍사용문학관 운영
기간: 2025.1~2030. 12
대상: 노작홍사용 문학
관
내용: 홍사용 선생의 업
적 선양 및 문예강좌
N N N N N N
계 4,206 0 4,206 781 781 781 881 981 0
재량 4,206 0 4,206 781 781 781 881 981 0
시군구비 4,206 0 4,206 781 781 781 881 981 0
예술인 기회소득
기간:2026~2030
대상:중위소득120%이하
예술활동증명완료자
규모:600여명
내용:연150만원 지급
N N N N Y N
계 6,638 0 6,638 1,328 1,328 1,328 1,328 1,328 0
의무 6,638 0 6,638 1,328 1,328 1,328 1,328 1,328 0
시도비 3,319 0 3,319 664 664 664 664 664 0
시군구비 3,319 0 3,319 664 664 664 664 664 0
동탄복합문화센터
공간개선
기간:2026. 1. ~ 2027. 12. 
대상:화성시 노작로 134 (
동탄복합문화센터)
규모:연면적 5,695㎡
내용:동탄복합문화센터 공
간 개선(리모델링)
Y N N N N N
계 11,400 0 11,400 11,400 0 0 0 0 0
재량 11,400 0 11,400 11,400 0 0 0 0 0
시군구비 11,400 0 11,400 11,400 0 0 0 0 0
문화프로그램 지원 5,315 0 5,315 945 965 985 1,205 1,215 0
예술단체 지원
기간:2026~2030
대상:화성시 예술인 및
화성시민
규모:화성시예술인
2,000여명
내용:화성시 예술단체
활동 지원
N N N N N N
계 2,840 0 2,840 530 550 570 590 600 0
재량 2,840 0 2,840 530 550 570 590 600 0
시군구비 2,840 0 2,840 530 550 570 590 600 0
생활문화창작소 운
영(자체)
기간:연례반복
대상:관내시민
내용:생활문화창작소
운영 지원
N N N N N N
계 2,475 0 2,475 415 415 415 615 615 0
재량 2,475 0 2,475 415 415 415 615 615 0
- 177 -
세세부부사사업업계계획획서서
회계연도 : 2026년
회계구분 : 일반 , 특별회계 , 기금
분    야 : 전체
부    문 : 전체 (단위 : 백만원)
분야ㆍ부문ㆍ정책ㆍ단위ㆍ세부사
업 사 업 개 요 국가계
획
투
자
심
사
지
방
채
BTL
의무지출
재원 총사업비 기투자
연     도     별     투     자     계     획
향  후
법
정
보
조
이
자 소  계 2026 2027 2028 2029 2030
N N N N N N 시군구비 2,475 0 2,475 415 415 415 615 615 0
축제문화 활성화 5,711 0 5,711 1,142 1,142 1,142 1,142 1,142 0
읍면동별 자생특화
축제 지원
기간:2025.01~2029.12
대상:각 읍면동
규모:36개 단체 지원
내용:읍면동별 자생특
화 축제 추진
N N N N N N
계 2,770 0 2,770 554 554 554 554 554 0
재량 2,770 0 2,770 554 554 554 554 554 0
시군구비 2,770 0 2,770 554 554 554 554 554 0
지역문화축제 추진
기간:2025.01~2030.12
대상:관내 축제, 행사
규모:관내
내용:지역문화축제 추
진
Y N N Y N N
계 2,941 0 2,941 588 588 588 588 588 0
의무 2,941 0 2,941 588 588 588 588 588 0
시군구비 2,941 0 2,941 588 588 588 588 588 0
역사문화축제 추진 7,906 0 7,906 1,316 1,620 1,590 1,690 1,690 0
정조효문화제 개최(
전환사업)
기간:2025.01. ~
2029.12.
대상:정조효공원, 융건
릉, 용주사 및 만년제~
융릉
규모:방문자 약 6만여명
내용:정조 효 문화제 개
최
Y N N N Y N
계 5,526 0 5,526 846 1,120 1,120 1,220 1,220 0
의무 5,526 0 5,526 846 1,120 1,120 1,220 1,220 0
시도비 1,000 0 1,000 200 200 200 200 200 0
시군구비 4,526 0 4,526 646 920 920 1,020 1,020 0
정조대왕능행차 공
동재현
기간:2025.01~2029.12
대상:시민
규모:총800여명
내용:정조대왕능행차
재현
Y N N N Y N
계 2,380 0 2,380 470 500 470 470 470 0
의무 2,380 0 2,380 470 500 470 470 470 0
시도비 630 0 630 120 150 120 120 120 0
시군구비 1,750 0 1,750 350 350 350 350 350 0
문화기반 구축 및 콘텐
츠 활성화 3,195 0 3,195 599 599 599 699 699 0
- 176 -
- 177 -
세세부부사사업업계계획획서서
회계연도 : 2026년
회계구분 : 일반 , 특별회계 , 기금
분    야 : 전체
부    문 : 전체 (단위 : 백만원)
분야ㆍ부문ㆍ정책ㆍ단위ㆍ세부사
업 사 업 개 요 국가계
획
투
자
심
사
지
방
채
BTL
의무지출
재원 총사업비 기투자
연     도     별     투     자     계     획
향  후
법
정
보
조
이
자 소  계 2026 2027 2028 2029 2030
N N N N N N 시군구비 2,475 0 2,475 415 415 415 615 615 0
축제문화 활성화 5,711 0 5,711 1,142 1,142 1,142 1,142 1,142 0
읍면동별 자생특화
축제 지원
기간:2025.01~2029.12
대상:각 읍면동
규모:36개 단체 지원
내용:읍면동별 자생특
화 축제 추진
N N N N N N
계 2,770 0 2,770 554 554 554 554 554 0
재량 2,770 0 2,770 554 554 554 554 554 0
시군구비 2,770 0 2,770 554 554 554 554 554 0
지역문화축제 추진
기간:2025.01~2030.12
대상:관내 축제, 행사
규모:관내
내용:지역문화축제 추
진
Y N N Y N N
계 2,941 0 2,941 588 588 588 588 588 0
의무 2,941 0 2,941 588 588 588 588 588 0
시군구비 2,941 0 2,941 588 588 588 588 588 0
역사문화축제 추진 7,906 0 7,906 1,316 1,620 1,590 1,690 1,690 0
정조효문화제 개최(
전환사업)
기간:2025.01. ~
2029.12.
대상:정조효공원, 융건
릉, 용주사 및 만년제~
융릉
규모:방문자 약 6만여명
내용:정조 효 문화제 개
최
Y N N N Y N
계 5,526 0 5,526 846 1,120 1,120 1,220 1,220 0
의무 5,526 0 5,526 846 1,120 1,120 1,220 1,220 0
시도비 1,000 0 1,000 200 200 200 200 200 0
시군구비 4,526 0 4,526 646 920 920 1,020 1,020 0
정조대왕능행차 공
동재현
기간:2025.01~2029.12
대상:시민
규모:총800여명
내용:정조대왕능행차
재현
Y N N N Y N
계 2,380 0 2,380 470 500 470 470 470 0
의무 2,380 0 2,380 470 500 470 470 470 0
시도비 630 0 630 120 150 120 120 120 0
시군구비 1,750 0 1,750 350 350 350 350 350 0
문화기반 구축 및 콘텐
츠 활성화 3,195 0 3,195 599 599 599 699 699 0
- 177 -
- 178 -
세세부부사사업업계계획획서서
회계연도 : 2026년
회계구분 : 일반 , 특별회계 , 기금
분    야 : 전체
부    문 : 전체 (단위 : 백만원)
분야ㆍ부문ㆍ정책ㆍ단위ㆍ세부사
업 사 업 개 요 국가계
획
투
자
심
사
지
방
채
BTL
의무지출
재원 총사업비 기투자
연     도     별     투     자     계     획
향  후
법
정
보
조
이
자 소  계 2026 2027 2028 2029 2030
콘텐츠 개발 및 활
성화
기간:연례반복
대상:관내시민
규모:코리요캐릭터개발
등 30여건 등
내용:콘텐츠 개발
N N N N N N
계 3,195 0 3,195 599 599 599 699 699 0
재량 3,195 0 3,195 599 599 599 699 699 0
시군구비 3,195 0 3,195 599 599 599 699 699 0
문화도시 조성 361,445 48,083 313,362 9,619 107,438 104,458 60,917 30,929 0
수장연구시설 건립 38,828 12,739 26,089 0 12,414 2,340 11,335 0 0
수장·연구시설 건
립
기간:2013.03~2028.07
위치:송산면 고정리 공룡알
화석산지 내(송산그린시티
역사공원1)
규모:대지면적 42,760㎡,
건축연면적 6,835㎡
내용:수장(연구)시설 건립
Y N N N N N
계 38,828 12,739 26,089 0 12,414 2,340 11,335 0 0
재량 38,828 12,739 26,089 0 12,414 2,340 11,335 0 0
시군구비 38,828 12,739 26,089 0 12,414 2,340 11,335 0 0
문화기반 구축 및 콘텐
츠 활성화 269,770 25,923 243,848 554 87,949 95,043 39,477 20,824 0
화성시 테마(어린이
)과학관 건립
기간:2019.01~2028.12.
위치:병점동 899번지(병
점복합타운 업무시설7)
규모:연면적 9,000㎡
내용:테마(어린이)과학
관 건립
Y N N N N N
계 145,257 15,554 129,703 120 61,141 61,141 7,301 0 0
재량 145,257 15,554 129,703 120 61,141 61,141 7,301 0 0
시군구비 145,257 15,554 129,703 120 61,141 61,141 7,301 0 0
문화예술타운 건립
기간:2023.1.~2031.6.
대상:봉담읍 동화리 11-1
일원
규모:연면적 4,000㎡, 좌석
수 600석
내용:농수산대학 유휴부지
문화예술타운 건립
Y N N N N N
계 29,107 49 29,058 0 10,907 18,151 0 0 0
재량 29,107 49 29,058 0 10,907 18,151 0 0 0
시군구비 29,107 49 29,058 0 10,907 18,151 0 0 0
화성 열린 문화예술
공간 조성 및 운영
기간:2022. 4. 15. ~ 2032.
4. 14.
대상:화성시민 및 지역예술
인
규모:573㎡(5개실)
내용:지역내 문화예술인들
을 위한 작품활동 공간 제
공 및 시민의 문화향유 기
회 확대
N N N N N N
계 2,289 0 2,289 324 441 441 541 541 0
재량 2,289 0 2,289 324 441 441 541 541 0
시군구비 2,289 0 2,289 324 441 441 541 541 0
- 179 -
세세부부사사업업계계획획서서
회계연도 : 2026년
회계구분 : 일반 , 특별회계 , 기금
분    야 : 전체
부    문 : 전체 (단위 : 백만원)
분야ㆍ부문ㆍ정책ㆍ단위ㆍ세부사
업 사 업 개 요 국가계
획
투
자
심
사
지
방
채
BTL
의무지출
재원 총사업비 기투자
연     도     별     투     자     계     획
향  후
법
정
보
조
이
자 소  계 2026 2027 2028 2029 2030
시립미술관 건립
기간:2021. 11. ~ 2029.
4. 
대상:화성시민
규모:연면적 6,025㎡
내용:화성시립미술관
건립
Y N N N N N
계 58,500 10,262 48,238 0 10,000 10,000 15,000 13,238 0
재량 58,500 10,262 48,238 0 10,000 10,000 15,000 13,238 0
시군구비 58,500 10,262 48,238 0 10,000 10,000 15,000 13,238 0
석우동 51번지 복합
문화시설 건립
기간:2023년~2030년
대상:석우동 51번지
규모:연면적 4,900㎡(지
하2층/지상4층), 주차대
수 40대
내용:복합문화시설 건
립
Y N N N N N
계 24,875 57 24,818 30 5,000 4,788 10,000 5,000 0
재량 24,875 57 24,818 30 5,000 4,788 10,000 5,000 0
시군구비 24,875 57 24,818 30 5,000 4,788 10,000 5,000 0
아트큐브'예술숲'
건립
기간:2025.10. ~ 2030.
6.
대상:화성시민
규모:연면적 2,799m2
내용:아트큐브'예술숲'
건립
Y N N N N N
계 9,742 0 9,742 80 460 522 6,635 2,045 0
재량 9,742 0 9,742 80 460 522 6,635 2,045 0
시군구비 9,742 0 9,742 80 460 522 6,635 2,045 0
문화시설 구축 및 운영 49,847 9,422 40,425 6,065 7,075 7,075 10,105 10,105 0
화성예술의전당 조
성 및 운영
기간:2019. 1. ~ 2029.
12.
위치: 오산동 567-3
규모: 연면적13,749.41
㎡(지하1층/지상3층)
내용:대규모 공연장 조
성
Y N N N N N
계 49,847 9,422 40,425 6,065 7,075 7,075 10,105 10,105 0
재량 49,847 9,422 40,425 6,065 7,075 7,075 10,105 10,105 0
시군구비 49,847 9,422 40,425 6,065 7,075 7,075 10,105 10,105 0
(민자 등) 107,600 107,600 0 0 0 0 0 0 0
문화예술활성화 3,000 0 3,000 3,000 0 0 0 0 0
미술품 수집 및 보
존처리
기간:2026.1.1.~12.31.
대상:미술품
규모:40점
내용:미술품 구매
N N N N N N
계 3,000 0 3,000 3,000 0 0 0 0 0
재량 3,000 0 3,000 3,000 0 0 0 0 0
시군구비 3,000 0 3,000 3,000 0 0 0 0 0
- 178 -
- 179 -
세세부부사사업업계계획획서서
회계연도 : 2026년
회계구분 : 일반 , 특별회계 , 기금
분    야 : 전체
부    문 : 전체 (단위 : 백만원)
분야ㆍ부문ㆍ정책ㆍ단위ㆍ세부사
업 사 업 개 요 국가계
획
투
자
심
사
지
방
채
BTL
의무지출
재원 총사업비 기투자
연     도     별     투     자     계     획
향  후
법
정
보
조
이
자 소  계 2026 2027 2028 2029 2030
시립미술관 건립
기간:2021. 11. ~ 2029.
4. 
대상:화성시민
규모:연면적 6,025㎡
내용:화성시립미술관
건립
Y N N N N N
계 58,500 10,262 48,238 0 10,000 10,000 15,000 13,238 0
재량 58,500 10,262 48,238 0 10,000 10,000 15,000 13,238 0
시군구비 58,500 10,262 48,238 0 10,000 10,000 15,000 13,238 0
석우동 51번지 복합
문화시설 건립
기간:2023년~2030년
대상:석우동 51번지
규모:연면적 4,900㎡(지
하2층/지상4층), 주차대
수 40대
내용:복합문화시설 건
립
Y N N N N N
계 24,875 57 24,818 30 5,000 4,788 10,000 5,000 0
재량 24,875 57 24,818 30 5,000 4,788 10,000 5,000 0
시군구비 24,875 57 24,818 30 5,000 4,788 10,000 5,000 0
아트큐브'예술숲'
건립
기간:2025.10. ~ 2030.
6.
대상:화성시민
규모:연면적 2,799m2
내용:아트큐브'예술숲'
건립
Y N N N N N
계 9,742 0 9,742 80 460 522 6,635 2,045 0
재량 9,742 0 9,742 80 460 522 6,635 2,045 0
시군구비 9,742 0 9,742 80 460 522 6,635 2,045 0
문화시설 구축 및 운영 49,847 9,422 40,425 6,065 7,075 7,075 10,105 10,105 0
화성예술의전당 조
성 및 운영
기간:2019. 1. ~ 2029.
12.
위치: 오산동 567-3
규모: 연면적13,749.41
㎡(지하1층/지상3층)
내용:대규모 공연장 조
성
Y N N N N N
계 49,847 9,422 40,425 6,065 7,075 7,075 10,105 10,105 0
재량 49,847 9,422 40,425 6,065 7,075 7,075 10,105 10,105 0
시군구비 49,847 9,422 40,425 6,065 7,075 7,075 10,105 10,105 0
(민자 등) 107,600 107,600 0 0 0 0 0 0 0
문화예술활성화 3,000 0 3,000 3,000 0 0 0 0 0
미술품 수집 및 보
존처리
기간:2026.1.1.~12.31.
대상:미술품
규모:40점
내용:미술품 구매
N N N N N N
계 3,000 0 3,000 3,000 0 0 0 0 0
재량 3,000 0 3,000 3,000 0 0 0 0 0
시군구비 3,000 0 3,000 3,000 0 0 0 0 0
- 179 -
- 180 -
세세부부사사업업계계획획서서
회계연도 : 2026년
회계구분 : 일반 , 특별회계 , 기금
분    야 : 전체
부    문 : 전체 (단위 : 백만원)
분야ㆍ부문ㆍ정책ㆍ단위ㆍ세부사
업 사 업 개 요 국가계
획
투
자
심
사
지
방
채
BTL
의무지출
재원 총사업비 기투자
연     도     별     투     자     계     획
향  후
법
정
보
조
이
자 소  계 2026 2027 2028 2029 2030
시민 맞춤형 독서문화 허
브 조성 204,108 49,740 154,368 40,726 28,314 28,328 28,493 28,508 0
책 읽는 도시 화성 만들
기 124,557 0 124,557 24,104 25,038 25,038 25,189 25,189 0
청년 도서 구입비
지원
기간:2026~2030
대상:관내 청년
규모:10,000명
내용:인증 지역서점 진
로 취.창업 및 교양 도
서 구입비 50% 지원
N N N N N N
계 5,000 0 5,000 1,000 1,000 1,000 1,000 1,000 0
재량 5,000 0 5,000 1,000 1,000 1,000 1,000 1,000 0
시군구비 5,000 0 5,000 1,000 1,000 1,000 1,000 1,000 0
시립도서관 위탁 운
영
기간:2026년~2030년
대상:위수탁 시립도서
관
규모:관내 공공도서관
19개소, 작은도서관 6개
소
내용:위탁 운영금 지급
N N N N N N
계 110,904 0 110,904 21,373 22,307 22,307 22,458 22,458 0
재량 110,904 0 110,904 21,373 22,307 22,307 22,458 22,458 0
시군구비 110,904 0 110,904 21,373 22,307 22,307 22,458 22,458 0
공공도서관 개관시
간 연장
기간:2026.01~2030.12
대상:시립도서관
규모:화성시 위탁 공공
도서관(어린이도서관 3
개소 제외)
내용:도서관 개관시간
연장
Y 문
화체
육관
광부
N N N N Y N
계 8,272 0 8,272 1,654 1,654 1,654 1,654 1,654 0
의무 8,272 0 8,272 1,654 1,654 1,654 1,654 1,654 0
균특보조금 3,254 0 3,254 651 651 651 651 651 0
시도비 1,627 0 1,627 325 325 325 325 325 0
시군구비 3,391 0 3,391 678 678 678 678 678 0
도서관 다문화서비
스 운영
기간:2026.01~2030.12
대상:지역주민 결혼이
주민, 다문화가족, 지역
주민 등
규모:봉담도서관, 가족
만세센터작은도서관 2
개소
내용:다문화 이해 및 체
험프로그램 운영
Y 문
화체
육관
광부
N N N N Y N
계 29 0 29 6 6 6 6 6 0
의무 29 0 29 6 6 6 6 6 0
국고보조금 20 0 20 4 4 4 4 4 0
시군구비 9 0 9 2 2 2 2 2 0
경기은빛독서나눔이
운영
기간:2026.01~2030.12
대상:은빛독서나눔이 및 
소외계층 아동 N N N N Y N 계 125 0 125 25 25 25 25 25 0
- 181 -
세세부부사사업업계계획획서서
회계연도 : 2026년
회계구분 : 일반 , 특별회계 , 기금
분    야 : 전체
부    문 : 전체 (단위 : 백만원)
분야ㆍ부문ㆍ정책ㆍ단위ㆍ세부사
업 사 업 개 요 국가계
획
투
자
심
사
지
방
채
BTL
의무지출
재원 총사업비 기투자
연     도     별     투     자     계     획
향  후
법
정
보
조
이
자 소  계 2026 2027 2028 2029 2030
규모:은빛독서나눔이 수료 및 활동 
22명
내용:은빛독서나눔이 교육 및  
소외계층 아동의 독서활동 지원
N N N N Y N
의무 125 0 125 25 25 25 25 25 0
시도비 37 0 37 7 7 7 7 7 0
시군구비 87 0 87 17 17 17 17 17 0
공공도서관 독서프
로그램 운영지원
기간:2026.01~2030.12
대상:시립도서관
규모:공공도서관8개소
내용:생애주기별 독서
프로그램 운영 지원
N N N N Y N
계 77 0 77 15 15 15 15 15 0
의무 77 0 77 15 15 15 15 15 0
시도비 23 0 23 5 5 5 5 5 0
시군구비 54 0 54 11 11 11 11 11 0
어린이 천권 읽기
지원
기간:2026.01~2030.12
대상:시립도서관
화성시 공공도서관 3개
소
내용:어린이천권읽기
추진을 위한 도서구입
비 지원
N N N N Y N
계 150 0 150 30 30 30 30 30 0
의무 150 0 150 30 30 30 30 30 0
시도비 45 0 45 9 9 9 9 9 0
시군구비 105 0 105 21 21 21 21 21 0
도서관 조성 63,100 49,740 13,360 13,360 0 0 0 0 0
(가칭)봉담와우복합
문화 도서관 건립(
전환사업)
기간:2020.07~2025.12.
위치:화성시 봉담읍 와
우리 217
규모:연면적 4,473㎡
내용:공공도서관 건립
Y N N N Y N
계 19,900 19,900 0 0 0 0 0 0 0
의무 19,900 19,900 0 0 0 0 0 0 0
시도비 6,920 6,920 0 0 0 0 0 0 0
시군구비 12,980 12,980 0 0 0 0 0 0 0
(가칭)반월도서관
건립
기간:2019.06~2026.12.
위치:반월동 972번지
규모:연면적 4,315㎡
내용:공공도서관 건립
Y N N N N N
계 19,500 18,490 1,010 1,010 0 0 0 0 0
재량 19,500 18,490 1,010 1,010 0 0 0 0 0
- 180 -
- 181 -
세세부부사사업업계계획획서서
회계연도 : 2026년
회계구분 : 일반 , 특별회계 , 기금
분    야 : 전체
부    문 : 전체 (단위 : 백만원)
분야ㆍ부문ㆍ정책ㆍ단위ㆍ세부사
업 사 업 개 요 국가계
획
투
자
심
사
지
방
채
BTL
의무지출
재원 총사업비 기투자
연     도     별     투     자     계     획
향  후
법
정
보
조
이
자 소  계 2026 2027 2028 2029 2030
규모:은빛독서나눔이 수료 및 활동 
22명
내용:은빛독서나눔이 교육 및  
소외계층 아동의 독서활동 지원
N N N N Y N
의무 125 0 125 25 25 25 25 25 0
시도비 37 0 37 7 7 7 7 7 0
시군구비 87 0 87 17 17 17 17 17 0
공공도서관 독서프
로그램 운영지원
기간:2026.01~2030.12
대상:시립도서관
규모:공공도서관8개소
내용:생애주기별 독서
프로그램 운영 지원
N N N N Y N
계 77 0 77 15 15 15 15 15 0
의무 77 0 77 15 15 15 15 15 0
시도비 23 0 23 5 5 5 5 5 0
시군구비 54 0 54 11 11 11 11 11 0
어린이 천권 읽기
지원
기간:2026.01~2030.12
대상:시립도서관
화성시 공공도서관 3개
소
내용:어린이천권읽기
추진을 위한 도서구입
비 지원
N N N N Y N
계 150 0 150 30 30 30 30 30 0
의무 150 0 150 30 30 30 30 30 0
시도비 45 0 45 9 9 9 9 9 0
시군구비 105 0 105 21 21 21 21 21 0
도서관 조성 63,100 49,740 13,360 13,360 0 0 0 0 0
(가칭)봉담와우복합
문화 도서관 건립(
전환사업)
기간:2020.07~2025.12.
위치:화성시 봉담읍 와
우리 217
규모:연면적 4,473㎡
내용:공공도서관 건립
Y N N N Y N
계 19,900 19,900 0 0 0 0 0 0 0
의무 19,900 19,900 0 0 0 0 0 0 0
시도비 6,920 6,920 0 0 0 0 0 0 0
시군구비 12,980 12,980 0 0 0 0 0 0 0
(가칭)반월도서관
건립
기간:2019.06~2026.12.
위치:반월동 972번지
규모:연면적 4,315㎡
내용:공공도서관 건립
Y N N N N N
계 19,500 18,490 1,010 1,010 0 0 0 0 0
재량 19,500 18,490 1,010 1,010 0 0 0 0 0
- 181 -
- 182 -
세세부부사사업업계계획획서서
회계연도 : 2026년
회계구분 : 일반 , 특별회계 , 기금
분    야 : 전체
부    문 : 전체 (단위 : 백만원)
분야ㆍ부문ㆍ정책ㆍ단위ㆍ세부사
업 사 업 개 요 국가계
획
투
자
심
사
지
방
채
BTL
의무지출
재원 총사업비 기투자
연     도     별     투     자     계     획
향  후
법
정
보
조
이
자 소  계 2026 2027 2028 2029 2030
Y N N N N N
시도비 3,800 3,800 0 0 0 0 0 0 0
시군구비 15,700 14,690 1,010 1,010 0 0 0 0 0
(가칭)화성시 독서
문화공간 조성
기간:2021.01~2025.04.
위치:봉담읍 동화리
11-1번지
규모:연면적 5,993.76㎡
내용:독서문화공간 조
성
Y Y N N N N
계 23,700 11,350 12,350 12,350 0 0 0 0 0
재량 23,700 11,350 12,350 12,350 0 0 0 0 0
시도비 2,500 2,500 0 0 0 0 0 0 0
시군구비 11,800 8,850 2,950 2,950 0 0 0 0 0
지방채 9,400 0 9,400 9,400 0 0 0 0 0
도서관 운영 지원 7,175 0 7,175 1,407 1,421 1,435 1,449 1,464 0
직영도서관 시설관
리
기간:2026~2030
대상:중앙·남양 도서관
규모:남양도서관 
4,499㎡  중앙도서관
10,625.69㎡
내용:시설유지보수 등 
N N N N N N
계 7,175 0 7,175 1,407 1,421 1,435 1,449 1,464 0
재량 7,175 0 7,175 1,407 1,421 1,435 1,449 1,464 0
시군구비 7,175 0 7,175 1,407 1,421 1,435 1,449 1,464 0
남양도서관 운영 156 0 156 31 31 31 31 31 0
남양도서관 행정경
비
기간:2026.01~2030.12
대상:화성시립남양도서
관
규모:1개소(연면적
4,499㎡)
내용: 쾌적한 도서관 이
용 환경 조성
N N N N N N
계 156 0 156 31 31 31 31 31 0
재량 156 0 156 31 31 31 31 31 0
시군구비 156 0 156 31 31 31 31 31 0
사립 작은도서관 지원 9,120 0 9,120 1,824 1,824 1,824 1,824 1,824 0
사립 작은도서관 운
영 지원
기간:2026.01~2030.12
대상:사립 작은도서관
규모:134개소
내용:작은도서관 운영
지원
N N N N Y N
계 6,270 0 6,270 1,254 1,254 1,254 1,254 1,254 0
의무 6,270 0 6,270 1,254 1,254 1,254 1,254 1,254 0
- 183 -
세세부부사사업업계계획획서서
회계연도 : 2026년
회계구분 : 일반 , 특별회계 , 기금
분    야 : 전체
부    문 : 전체 (단위 : 백만원)
분야ㆍ부문ㆍ정책ㆍ단위ㆍ세부사
업 사 업 개 요 국가계
획
투
자
심
사
지
방
채
BTL
의무지출
재원 총사업비 기투자
연     도     별     투     자     계     획
향  후
법
정
보
조
이
자 소  계 2026 2027 2028 2029 2030
N N N N Y N
시도비 986 0 986 197 197 197 197 197 0
시군구비 5,285 0 5,285 1,057 1,057 1,057 1,057 1,057 0
사립 작은도서관 아
이돌봄 독서문화프
로그램 지원
기간:연례반복
대상:관내 사립 작은도
서관
규모:19개소
내용:아이돌봄 독서문
화 프로그램 운영비(강
사비, 돌봄실비, 간식비
등) 지원
N N N N Y N
계 2,850 0 2,850 570 570 570 570 570 0
의무 2,850 0 2,850 570 570 570 570 570 0
시도비 855 0 855 171 171 171 171 171 0
시군구비 1,995 0 1,995 399 399 399 399 399 0
관광 252,329 157,307 95,022 47,460 11,020 11,112 11,205 14,225 0
선진 관광도시 육성 252,329 157,307 95,022 47,460 11,020 11,112 11,205 14,225 0
관광산업 진흥 3,000 0 3,000 600 600 600 600 600 0
화성 국가지질공원
활성화(보조)
기간:2026~2030
대상:전국민
규모:2000명
내용:지질공원 운영 및
정비
N N N N Y N
계 3,000 0 3,000 600 600 600 600 600 0
의무 3,000 0 3,000 600 600 600 600 600 0
시도비 900 0 900 180 180 180 180 180 0
시군구비 2,100 0 2,100 420 420 420 420 420 0
관광 홍보 활성화 2,212 0 2,212 442 442 442 442 442 0
화성시티투어 운영
기간:2026~2030
대상:관내 시민 및  타시도 관광
객, 장애인등 취약계층
규모:연중 230회 전후 여행상품
운영
내용:시민 혹은 관광객 대상으로
정기/ 테마투어 ,코레일 연계투
어 등  관광자원과 체험지를 활
용한  여행프로그램  운용
N N N N N N
계 2,212 0 2,212 442 442 442 442 442 0
재량 2,212 0 2,212 442 442 442 442 442 0
시군구비 2,212 0 2,212 442 442 442 442 442 0
관광기반시설 조성·운
영 203,839 156,107 47,732 37,065 1,935 1,935 1,935 4,860 0
- 182 -
- 183 -
세세부부사사업업계계획획서서
회계연도 : 2026년
회계구분 : 일반 , 특별회계 , 기금
분    야 : 전체
부    문 : 전체 (단위 : 백만원)
분야ㆍ부문ㆍ정책ㆍ단위ㆍ세부사
업 사 업 개 요 국가계
획
투
자
심
사
지
방
채
BTL
의무지출
재원 총사업비 기투자
연     도     별     투     자     계     획
향  후
법
정
보
조
이
자 소  계 2026 2027 2028 2029 2030
N N N N Y N
시도비 986 0 986 197 197 197 197 197 0
시군구비 5,285 0 5,285 1,057 1,057 1,057 1,057 1,057 0
사립 작은도서관 아
이돌봄 독서문화프
로그램 지원
기간:연례반복
대상:관내 사립 작은도
서관
규모:19개소
내용:아이돌봄 독서문
화 프로그램 운영비(강
사비, 돌봄실비, 간식비
등) 지원
N N N N Y N
계 2,850 0 2,850 570 570 570 570 570 0
의무 2,850 0 2,850 570 570 570 570 570 0
시도비 855 0 855 171 171 171 171 171 0
시군구비 1,995 0 1,995 399 399 399 399 399 0
관광 252,329 157,307 95,022 47,460 11,020 11,112 11,205 14,225 0
선진 관광도시 육성 252,329 157,307 95,022 47,460 11,020 11,112 11,205 14,225 0
관광산업 진흥 3,000 0 3,000 600 600 600 600 600 0
화성 국가지질공원
활성화(보조)
기간:2026~2030
대상:전국민
규모:2000명
내용:지질공원 운영 및
정비
N N N N Y N
계 3,000 0 3,000 600 600 600 600 600 0
의무 3,000 0 3,000 600 600 600 600 600 0
시도비 900 0 900 180 180 180 180 180 0
시군구비 2,100 0 2,100 420 420 420 420 420 0
관광 홍보 활성화 2,212 0 2,212 442 442 442 442 442 0
화성시티투어 운영
기간:2026~2030
대상:관내 시민 및  타시도 관광
객, 장애인등 취약계층
규모:연중 230회 전후 여행상품
운영
내용:시민 혹은 관광객 대상으로
정기/ 테마투어 ,코레일 연계투
어 등  관광자원과 체험지를 활
용한  여행프로그램  운용
N N N N N N
계 2,212 0 2,212 442 442 442 442 442 0
재량 2,212 0 2,212 442 442 442 442 442 0
시군구비 2,212 0 2,212 442 442 442 442 442 0
관광기반시설 조성·운
영 203,839 156,107 47,732 37,065 1,935 1,935 1,935 4,860 0
- 183 -
- 184 -
세세부부사사업업계계획획서서
회계연도 : 2026년
회계구분 : 일반 , 특별회계 , 기금
분    야 : 전체
부    문 : 전체 (단위 : 백만원)
분야ㆍ부문ㆍ정책ㆍ단위ㆍ세부사
업 사 업 개 요 국가계
획
투
자
심
사
지
방
채
BTL
의무지출
재원 총사업비 기투자
연     도     별     투     자     계     획
향  후
법
정
보
조
이
자 소  계 2026 2027 2028 2029 2030
서해안 황금해안길
조성사업(자체)
기간:2023. ~ 2026.
대상:화성시민 및 관광
객
규모:741,539명
내용:서해안(궁평항 ~
제부마리나항) 해안 데
크 설치
Y N N N N N
계 44,880 38,600 6,280 6,280 0 0 0 0 0
재량 44,880 38,600 6,280 6,280 0 0 0 0 0
시군구비 44,880 38,600 6,280 6,280 0 0 0 0 0
서해안 황금해안길
조성사업(전환사업)
기간:2023. ~ 2026.
대상:화성시민 및 관광객
규모:741,539명
내용:각 관광지 간 연계성
강화에 따른 관광  시너지
효과 증대로 관광객 유치에
따른 지역경제 및 관광산업
활성화
Y N N N N N
계 4,120 4,120 0 0 0 0 0 0 0
재량 4,120 4,120 0 0 0 0 0 0 0
시도비 2,060 2,060 0 0 0 0 0 0 0
시군구비 2,060 2,060 0 0 0 0 0 0 0
고렴산 해상공원 조
성
기간:2019.08~2026.12
위치:서신면 377-46번지
, 장외리 산 41-1번지
일원
규모:면적 93,002㎡(공
유수면 포함)
내용:안고렴섬 해상공
원 조성
Y Y N N N N
계 38,690 28,190 10,500 10,500 0 0 0 0 0
재량 38,690 28,190 10,500 10,500 0 0 0 0 0
시군구비 28,190 28,190 0 0 0 0 0 0 0
지방채 10,500 0 10,500 10,500 0 0 0 0 0
궁평 종합관광지 조
성
기간:2015. ~ 2026.
위치:서신면 궁평리 511
번지 일원
규모:149,867㎡
내용:관광지 지정 및 조
성
Y N N N Y N
계 79,525 77,525 2,000 2,000 0 0 0 0 0
의무 79,525 77,525 2,000 2,000 0 0 0 0 0
시군구비 79,525 77,525 2,000 2,000 0 0 0 0 0
궁평 종합관광지 유
지 관리
기간: 2023. 1. ~ 
위치: 궁평관광지 일원
규모: A=149,867㎡
내용: 궁평관광지 유지
관리
N N N N N N
계 3,135 0 3,135 627 627 627 627 627 0
재량 3,135 0 3,135 627 627 627 627 627 0
시군구비 3,135 0 3,135 627 627 627 627 627 0
전곡항 층상응회암
해상 관찰로 설치
기간:2022.12~2026. 12.
대상:전곡항 방문객
규모:해상데크 및 전망데크 설치
내용:해상관찰로 조성
Y N N N Y N 계 3,500 3,500 0 0 0 0 0 0 0
- 185 -
세세부부사사업업계계획획서서
회계연도 : 2026년
회계구분 : 일반 , 특별회계 , 기금
분    야 : 전체
부    문 : 전체 (단위 : 백만원)
분야ㆍ부문ㆍ정책ㆍ단위ㆍ세부사
업 사 업 개 요 국가계
획
투
자
심
사
지
방
채
BTL
의무지출
재원 총사업비 기투자
연     도     별     투     자     계     획
향  후
법
정
보
조
이
자 소  계 2026 2027 2028 2029 2030
Y N N N Y N
의무 3,500 3,500 0 0 0 0 0 0 0
시도비 600 600 0 0 0 0 0 0 0
시군구비 2,900 2,900 0 0 0 0 0 0 0
관광편의시설 개선
및 유지보수
기간: 2026~2030
대상: 화성시 우정읍, 서신면 일
원
규모: 관광편의시설 유지보수
내용: 관광시설물 노후화에 따른
안전시설 등 유지보수 및 국유재
산 대부료 및 공공요금 납부
N N N N N N
계 4,550 0 4,550 325 325 325 325 3,250 0
재량 4,550 0 4,550 325 325 325 325 3,250 0
시군구비 4,550 0 4,550 325 325 325 325 3,250 0
제부도 도시계획도
로 중로2-3호선 외
3개소 개설
기간:2023.01~2026.12.
위치:서신면 제부리 일
원
규모:L=2,030m, B=8~15m
내용:도시계획도로 개
설
Y N N N N N
계 10,400 250 10,150 10,150 0 0 0 0 0
재량 10,400 250 10,150 10,150 0 0 0 0 0
균특보조금 200 200 0 0 0 0 0 0 0
시군구비 10,200 50 10,150 10,150 0 0 0 0 0
국화도 해안데크 정
비사업
기간:2025.1.~12.
대상:우정읍 국화도 일원
규모:해안데크 철거 및 재
설치 (L=520m, B=2.25m)
내용:해안데크 철거 및 재
설치
N N N N N N
계 5,000 1,000 4,000 4,000 0 0 0 0 0
재량 5,000 1,000 4,000 4,000 0 0 0 0 0
시군구비 5,000 1,000 4,000 4,000 0 0 0 0 0
서해안 관광지 주차
장 조성사업
기간: 2024. 9. ~ 2026.
6.
위치:서신면 송교리
346-15번지 일원
규모: A=9,900㎡, 280면
내용: 도시계획시설(주
차장) 조성
N N N N N N
계 1,900 1,500 400 400 0 0 0 0 0
재량 1,900 1,500 400 400 0 0 0 0 0
시군구비 1,900 1,500 400 400 0 0 0 0 0
궁평주차장 조성
기간: 2024. 3. ~ 2027. 5.
위치: 서신면 백미리 729-2
번지 일원
규모: A=9,000㎡, 200면
내용: 도시계획시설(주차장
) 조성
N N N N N N
계 3,222 1,422 1,800 1,800 0 0 0 0 0
재량 3,222 1,422 1,800 1,800 0 0 0 0 0
- 184 -
- 185 -
세세부부사사업업계계획획서서
회계연도 : 2026년
회계구분 : 일반 , 특별회계 , 기금
분    야 : 전체
부    문 : 전체 (단위 : 백만원)
분야ㆍ부문ㆍ정책ㆍ단위ㆍ세부사
업 사 업 개 요 국가계
획
투
자
심
사
지
방
채
BTL
의무지출
재원 총사업비 기투자
연     도     별     투     자     계     획
향  후
법
정
보
조
이
자 소  계 2026 2027 2028 2029 2030
Y N N N Y N
의무 3,500 3,500 0 0 0 0 0 0 0
시도비 600 600 0 0 0 0 0 0 0
시군구비 2,900 2,900 0 0 0 0 0 0 0
관광편의시설 개선
및 유지보수
기간: 2026~2030
대상: 화성시 우정읍, 서신면 일
원
규모: 관광편의시설 유지보수
내용: 관광시설물 노후화에 따른
안전시설 등 유지보수 및 국유재
산 대부료 및 공공요금 납부
N N N N N N
계 4,550 0 4,550 325 325 325 325 3,250 0
재량 4,550 0 4,550 325 325 325 325 3,250 0
시군구비 4,550 0 4,550 325 325 325 325 3,250 0
제부도 도시계획도
로 중로2-3호선 외
3개소 개설
기간:2023.01~2026.12.
위치:서신면 제부리 일
원
규모:L=2,030m, B=8~15m
내용:도시계획도로 개
설
Y N N N N N
계 10,400 250 10,150 10,150 0 0 0 0 0
재량 10,400 250 10,150 10,150 0 0 0 0 0
균특보조금 200 200 0 0 0 0 0 0 0
시군구비 10,200 50 10,150 10,150 0 0 0 0 0
국화도 해안데크 정
비사업
기간:2025.1.~12.
대상:우정읍 국화도 일원
규모:해안데크 철거 및 재
설치 (L=520m, B=2.25m)
내용:해안데크 철거 및 재
설치
N N N N N N
계 5,000 1,000 4,000 4,000 0 0 0 0 0
재량 5,000 1,000 4,000 4,000 0 0 0 0 0
시군구비 5,000 1,000 4,000 4,000 0 0 0 0 0
서해안 관광지 주차
장 조성사업
기간: 2024. 9. ~ 2026.
6.
위치:서신면 송교리
346-15번지 일원
규모: A=9,900㎡, 280면
내용: 도시계획시설(주
차장) 조성
N N N N N N
계 1,900 1,500 400 400 0 0 0 0 0
재량 1,900 1,500 400 400 0 0 0 0 0
시군구비 1,900 1,500 400 400 0 0 0 0 0
궁평주차장 조성
기간: 2024. 3. ~ 2027. 5.
위치: 서신면 백미리 729-2
번지 일원
규모: A=9,000㎡, 200면
내용: 도시계획시설(주차장
) 조성
N N N N N N
계 3,222 1,422 1,800 1,800 0 0 0 0 0
재량 3,222 1,422 1,800 1,800 0 0 0 0 0
- 185 -
- 186 -
세세부부사사업업계계획획서서
회계연도 : 2026년
회계구분 : 일반 , 특별회계 , 기금
분    야 : 전체
부    문 : 전체 (단위 : 백만원)
분야ㆍ부문ㆍ정책ㆍ단위ㆍ세부사
업 사 업 개 요 국가계
획
투
자
심
사
지
방
채
BTL
의무지출
재원 총사업비 기투자
연     도     별     투     자     계     획
향  후
법
정
보
조
이
자 소  계 2026 2027 2028 2029 2030
N N N N N N 시군구비 3,222 1,422 1,800 1,800 0 0 0 0 0
공공캠핑장 운영
기간: 2025. ~ 2030.
대상: 화성시민 및 관외
시민
규모: 60,000대
내용: 화성시 공공캠핑
장 관리운영
N N N N N N
계 4,917 0 4,917 983 983 983 983 983 0
재량 4,917 0 4,917 983 983 983 983 983 0
시군구비 4,917 0 4,917 983 983 983 983 983 0
해양 레저·관광 육성 34,248 1,200 33,048 7,570 6,370 6,370 6,370 6,370 0
제16회 화성 뱃놀이
축제 개최
기간:2025. 1~2030.12 [5
~6월 중 3일간(예정)]
위치:서신면 전곡항 
규모:(참여예상)30만여
명
내용:시민참여 육해상
퍼레이드, 승선체험 등
Y 문
화체
육관
광부
Y N N N N N
계 8,500 0 8,500 1,700 1,700 1,700 1,700 1,700 0
재량 8,500 0 8,500 1,700 1,700 1,700 1,700 1,700 0
시군구비 8,500 0 8,500 1,700 1,700 1,700 1,700 1,700 0
해양레저스포츠 교
육프로그램 지원(전
환사업)
기간: 2026. ~ 2030.
대상: 화성시민(우선)
외 관외시민
규모: 300명
내용: 해양레저스포츠(
보트, 요트) 면허취득
교육
N N N N Y N
계 1,100 0 1,100 220 220 220 220 220 0
의무 1,100 0 1,100 220 220 220 220 220 0
시도비 550 0 550 110 110 110 110 110 0
시군구비 550 0 550 110 110 110 110 110 0
해양관광 시설 운영
기간 : 2026. 1. 1. ~ 2030.
12. 31.
대상 : 전 국민
규모 : 궁평항, 전곡항, 제
부도 등 해양관광시설
내용 : 해양관광시설 운영
및 유지보수 등
Y N N N N N
계 22,248 0 22,248 4,450 4,450 4,450 4,450 4,450 0
재량 22,248 0 22,248 4,450 4,450 4,450 4,450 4,450 0
시군구비 22,248 0 22,248 4,450 4,450 4,450 4,450 4,450 0
도서지역 레저선박
계류시설 설치
기간:2025~2026
대상:우정읍 국화리
규모:6척 규모 소규모
계류시설(마리나) 조성
내용:6척 규모 소규모
계류시설(마리나) 조성
N N N N N N
계 2,400 1,200 1,200 1,200 0 0 0 0 0
재량 2,400 1,200 1,200 1,200 0 0 0 0 0
시도비 1,200 600 600 600 0 0 0 0 0
- 187 -
세세부부사사업업계계획획서서
회계연도 : 2026년
회계구분 : 일반 , 특별회계 , 기금
분    야 : 전체
부    문 : 전체 (단위 : 백만원)
분야ㆍ부문ㆍ정책ㆍ단위ㆍ세부사
업 사 업 개 요 국가계
획
투
자
심
사
지
방
채
BTL
의무지출
재원 총사업비 기투자
연     도     별     투     자     계     획
향  후
법
정
보
조
이
자 소  계 2026 2027 2028 2029 2030
N N N N N N 시군구비 1,200 600 600 600 0 0 0 0 0
매향리평화기념관 운영 9,031 0 9,031 1,783 1,673 1,764 1,857 1,953 0
매향리평화기념관
시설운영
기간:2025.~2030.
대상:화성시민 및 관람객
규모:평화기념관 본동 1개
동, 존치건축물 6개동, 환
경조형물 1개동
내용:평화기념관 시설관리
및 운영을 통한 관람객 편
의증진
N N N N N N
계 4,699 0 4,699 999 850 900 950 1,000 0
재량 4,699 0 4,699 999 850 900 950 1,000 0
시군구비 4,699 0 4,699 999 850 900 950 1,000 0
매향리평화기념관
전시운영
기간: 2026~2030
대상: 관광객 등
규모: 해당없음
내용: 매향리 평화기념
관 전시운영
N N N N N N
계 4,331 0 4,331 784 823 864 907 953 0
재량 4,331 0 4,331 784 823 864 907 953 0
시군구비 4,331 0 4,331 784 823 864 907 953 0
체육 450,047 23,668 426,379 89,612 83,254 72,010 81,871 99,633 0
체육기반 확충·지원 450,047 23,668 426,379 89,612 83,254 72,010 81,871 99,633 0
시민 체육 역량 강화 50,970 0 50,970 10,173 10,185 10,194 10,204 10,214 0
화성시 체육회 운영
기간:2026.01~2030.12
대상:화성시체육회
규모:인건비 및 운영비
내용:인건비 및 운영비
지원
N N N Y N N
계 8,100 0 8,100 1,620 1,620 1,620 1,620 1,620 0
의무 8,100 0 8,100 1,620 1,620 1,620 1,620 1,620 0
국고보조금 60 0 60 12 12 12 12 12 0
시군구비 8,040 0 8,040 1,608 1,608 1,608 1,608 1,608 0
화성 효 마라톤 대
회 개최
기간:2026.01~20230.12
대상:화성종합경기타운
일원
규모:10,000여명
내용:마라톤 축제
Y N N N N N
계 1,475 0 1,475 295 295 295 295 295 0
재량 1,475 0 1,475 295 295 295 295 295 0
시군구비 1,475 0 1,475 295 295 295 295 295 0
- 186 -
- 187 -
세세부부사사업업계계획획서서
회계연도 : 2026년
회계구분 : 일반 , 특별회계 , 기금
분    야 : 전체
부    문 : 전체 (단위 : 백만원)
분야ㆍ부문ㆍ정책ㆍ단위ㆍ세부사
업 사 업 개 요 국가계
획
투
자
심
사
지
방
채
BTL
의무지출
재원 총사업비 기투자
연     도     별     투     자     계     획
향  후
법
정
보
조
이
자 소  계 2026 2027 2028 2029 2030
N N N N N N 시군구비 1,200 600 600 600 0 0 0 0 0
매향리평화기념관 운영 9,031 0 9,031 1,783 1,673 1,764 1,857 1,953 0
매향리평화기념관
시설운영
기간:2025.~2030.
대상:화성시민 및 관람객
규모:평화기념관 본동 1개
동, 존치건축물 6개동, 환
경조형물 1개동
내용:평화기념관 시설관리
및 운영을 통한 관람객 편
의증진
N N N N N N
계 4,699 0 4,699 999 850 900 950 1,000 0
재량 4,699 0 4,699 999 850 900 950 1,000 0
시군구비 4,699 0 4,699 999 850 900 950 1,000 0
매향리평화기념관
전시운영
기간: 2026~2030
대상: 관광객 등
규모: 해당없음
내용: 매향리 평화기념
관 전시운영
N N N N N N
계 4,331 0 4,331 784 823 864 907 953 0
재량 4,331 0 4,331 784 823 864 907 953 0
시군구비 4,331 0 4,331 784 823 864 907 953 0
체육 450,047 23,668 426,379 89,612 83,254 72,010 81,871 99,633 0
체육기반 확충·지원 450,047 23,668 426,379 89,612 83,254 72,010 81,871 99,633 0
시민 체육 역량 강화 50,970 0 50,970 10,173 10,185 10,194 10,204 10,214 0
화성시 체육회 운영
기간:2026.01~2030.12
대상:화성시체육회
규모:인건비 및 운영비
내용:인건비 및 운영비
지원
N N N Y N N
계 8,100 0 8,100 1,620 1,620 1,620 1,620 1,620 0
의무 8,100 0 8,100 1,620 1,620 1,620 1,620 1,620 0
국고보조금 60 0 60 12 12 12 12 12 0
시군구비 8,040 0 8,040 1,608 1,608 1,608 1,608 1,608 0
화성 효 마라톤 대
회 개최
기간:2026.01~20230.12
대상:화성종합경기타운
일원
규모:10,000여명
내용:마라톤 축제
Y N N N N N
계 1,475 0 1,475 295 295 295 295 295 0
재량 1,475 0 1,475 295 295 295 295 295 0
시군구비 1,475 0 1,475 295 295 295 295 295 0
- 187 -
- 188 -
세세부부사사업업계계획획서서
회계연도 : 2026년
회계구분 : 일반 , 특별회계 , 기금
분    야 : 전체
부    문 : 전체 (단위 : 백만원)
분야ㆍ부문ㆍ정책ㆍ단위ㆍ세부사
업 사 업 개 요 국가계
획
투
자
심
사
지
방
채
BTL
의무지출
재원 총사업비 기투자
연     도     별     투     자     계     획
향  후
법
정
보
조
이
자 소  계 2026 2027 2028 2029 2030
화성시민 한마음 체
육대회 개최
기간:2026.01~2030.12
대상:화성시민
규모:6,000여명
내용:읍면동 대항 종목
경기, 단체 이벤트경기
등
Y N N N N N
계 7,200 0 7,200 1,440 1,440 1,440 1,440 1,440 0
재량 7,200 0 7,200 1,440 1,440 1,440 1,440 1,440 0
시군구비 7,200 0 7,200 1,440 1,440 1,440 1,440 1,440 0
경기마라톤 대회 개
최
기간:2026.01~2030.12
장소:수원시, 화성시 일
원
규모:10,000여명
내용:경기마라톤대회(
수원시 공동개최)
Y N N N N N
계 550 0 550 110 110 110 110 110 0
재량 550 0 550 110 110 110 110 110 0
시군구비 550 0 550 110 110 110 110 110 0
시장기 종목별 대회
개최
기간: 2026~2030년
대상: 종목단체
규모: 연간 15,000여명
내용: 체육대회 개최
Y N N N N N
계 1,174 0 1,174 224 230 235 240 245 0
재량 1,174 0 1,174 224 230 235 240 245 0
시군구비 1,174 0 1,174 224 230 235 240 245 0
스포츠 데이
기간:2026~2030년
대상:화성시민
규모:25만명
내용:지역화폐 지원
N N N N N N
계 6,601 0 6,601 1,310 1,316 1,320 1,325 1,330 0
재량 6,601 0 6,601 1,310 1,316 1,320 1,325 1,330 0
시군구비 6,601 0 6,601 1,310 1,316 1,320 1,325 1,330 0
학교운동부 육성
기간:2026.01~2030.12
대상:학교운동부
규모:13종목 26개 학교
운동부
내용:학교운동부 육성
및 대회출전 등 지원
N N N N N N
계 4,900 0 4,900 980 980 980 980 980 0
재량 4,900 0 4,900 980 980 980 980 980 0
시군구비 4,900 0 4,900 980 980 980 980 980 0
우수(전문)선수 및
지도자 육성
기간:2026.01~2030.12.
대상:화성시 우수선수
및 지도자
규모:약 200여 명
내용:각 종목별 우수선
수 육성 지원
N N N N N N
계 5,000 0 5,000 1,000 1,000 1,000 1,000 1,000 0
재량 5,000 0 5,000 1,000 1,000 1,000 1,000 1,000 0
시군구비 5,000 0 5,000 1,000 1,000 1,000 1,000 1,000 0
- 189 -
세세부부사사업업계계획획서서
회계연도 : 2026년
회계구분 : 일반 , 특별회계 , 기금
분    야 : 전체
부    문 : 전체 (단위 : 백만원)
분야ㆍ부문ㆍ정책ㆍ단위ㆍ세부사
업 사 업 개 요 국가계
획
투
자
심
사
지
방
채
BTL
의무지출
재원 총사업비 기투자
연     도     별     투     자     계     획
향  후
법
정
보
조
이
자 소  계 2026 2027 2028 2029 2030
스포츠강좌이용권
지원
기간:2026.01.~2030.12.
대상:수급권자 및 차상
위계층 만5~18세 유·청
소년
규모:연간 1,000여명
내용:유·청소년 스포
츠강좌 수강비 지원
Y 문
화체
육관
광부
N N N N Y N
계 5,874 0 5,874 1,175 1,175 1,175 1,175 1,175 0
의무 5,874 0 5,874 1,175 1,175 1,175 1,175 1,175 0
국고보조금 4,112 0 4,112 822 822 822 822 822 0
시도비 881 0 881 176 176 176 176 176 0
시군구비 881 0 881 176 176 176 176 176 0
화성시 장애인체육
회 운영
기간:2026.01~2030.12
화성시장애인체육회
규모:화성시체육회 사
무국 직원 8명
내용:화성시 장애인체
육회 사무국 운영지원
N N N N N N
계 2,800 0 2,800 560 560 560 560 560 0
재량 2,800 0 2,800 560 560 560 560 560 0
시군구비 2,800 0 2,800 560 560 560 560 560 0
장애인 스포츠강좌
이용권 지원
기간: 2025. 01. ~ 2029.
12.
대상:관내 장애인
규모: 400여 명
내용:장애인스포츠강좌
이용권 지원
Y 문
화체
육관
광부
N N N N Y N
계 2,376 0 2,376 475 475 475 475 475 0
의무 2,376 0 2,376 475 475 475 475 475 0
국고보조금 1,663 0 1,663 333 333 333 333 333 0
시도비 356 0 356 71 71 71 71 71 0
시군구비 356 0 356 71 71 71 71 71 0
체육인 기회소득
기간:2026. 1. ~ 2030.
12.
대상:화성시 체육인
규모:중위소득 120% 이
하 체육인
내용:기회소득 지원
N N N N Y N
계 4,920 0 4,920 984 984 984 984 984 0
의무 4,920 0 4,920 984 984 984 984 984 0
시도비 2,460 0 2,460 492 492 492 492 492 0
시군구비 2,460 0 2,460 492 492 492 492 492 0
스포츠 마케팅 활성화 125,700 3,500 122,200 25,540 22,740 23,040 25,340 25,540 0
- 188 -
- 189 -
세세부부사사업업계계획획서서
회계연도 : 2026년
회계구분 : 일반 , 특별회계 , 기금
분    야 : 전체
부    문 : 전체 (단위 : 백만원)
분야ㆍ부문ㆍ정책ㆍ단위ㆍ세부사
업 사 업 개 요 국가계
획
투
자
심
사
지
방
채
BTL
의무지출
재원 총사업비 기투자
연     도     별     투     자     계     획
향  후
법
정
보
조
이
자 소  계 2026 2027 2028 2029 2030
스포츠강좌이용권
지원
기간:2026.01.~2030.12.
대상:수급권자 및 차상
위계층 만5~18세 유·청
소년
규모:연간 1,000여명
내용:유·청소년 스포
츠강좌 수강비 지원
Y 문
화체
육관
광부
N N N N Y N
계 5,874 0 5,874 1,175 1,175 1,175 1,175 1,175 0
의무 5,874 0 5,874 1,175 1,175 1,175 1,175 1,175 0
국고보조금 4,112 0 4,112 822 822 822 822 822 0
시도비 881 0 881 176 176 176 176 176 0
시군구비 881 0 881 176 176 176 176 176 0
화성시 장애인체육
회 운영
기간:2026.01~2030.12
화성시장애인체육회
규모:화성시체육회 사
무국 직원 8명
내용:화성시 장애인체
육회 사무국 운영지원
N N N N N N
계 2,800 0 2,800 560 560 560 560 560 0
재량 2,800 0 2,800 560 560 560 560 560 0
시군구비 2,800 0 2,800 560 560 560 560 560 0
장애인 스포츠강좌
이용권 지원
기간: 2025. 01. ~ 2029.
12.
대상:관내 장애인
규모: 400여 명
내용:장애인스포츠강좌
이용권 지원
Y 문
화체
육관
광부
N N N N Y N
계 2,376 0 2,376 475 475 475 475 475 0
의무 2,376 0 2,376 475 475 475 475 475 0
국고보조금 1,663 0 1,663 333 333 333 333 333 0
시도비 356 0 356 71 71 71 71 71 0
시군구비 356 0 356 71 71 71 71 71 0
체육인 기회소득
기간:2026. 1. ~ 2030.
12.
대상:화성시 체육인
규모:중위소득 120% 이
하 체육인
내용:기회소득 지원
N N N N Y N
계 4,920 0 4,920 984 984 984 984 984 0
의무 4,920 0 4,920 984 984 984 984 984 0
시도비 2,460 0 2,460 492 492 492 492 492 0
시군구비 2,460 0 2,460 492 492 492 492 492 0
스포츠 마케팅 활성화 125,700 3,500 122,200 25,540 22,740 23,040 25,340 25,540 0
- 189 -
- 190 -
세세부부사사업업계계획획서서
회계연도 : 2026년
회계구분 : 일반 , 특별회계 , 기금
분    야 : 전체
부    문 : 전체 (단위 : 백만원)
분야ㆍ부문ㆍ정책ㆍ단위ㆍ세부사
업 사 업 개 요 국가계
획
투
자
심
사
지
방
채
BTL
의무지출
재원 총사업비 기투자
연     도     별     투     자     계     획
향  후
법
정
보
조
이
자 소  계 2026 2027 2028 2029 2030
전국 및 국제 규모
스포츠 대회 개최
및 출전
기간:2026.01~2030.12
위치:관내 종목별 경기장
내용:전국 및 국제 규모 대
회 개최 및 출전 지원
내용:대회 개최 및 출전 지
원
Y N N N N N
계 6,200 0 6,200 1,240 1,240 1,240 1,240 1,240 0
재량 6,200 0 6,200 1,240 1,240 1,240 1,240 1,240 0
시군구비 6,200 0 6,200 1,240 1,240 1,240 1,240 1,240 0
재단법인 화성FC 운
영지원
기간:2025년~2030년
대상:(재)화성FC
규모:100여 명
내용:화성FC 사무국 및
선수단 운영 지원
N N N Y N N
계 34,000 0 34,000 6,000 6,000 6,000 8,000 8,000 0
의무 34,000 0 34,000 6,000 6,000 6,000 8,000 8,000 0
시군구비 34,000 0 34,000 6,000 6,000 6,000 8,000 8,000 0
직장운동부 운영
기간:2026.01.01. ~
2030.12.31
대상:화성시청 직장운
동경기부 단원
규모:140명
내용:지도자 및 선수 인
건비  및 운영비 
N N N N N N
계 69,000 0 69,000 13,300 13,500 13,800 14,100 14,300 0
재량 69,000 0 69,000 13,300 13,500 13,800 14,100 14,300 0
시군구비 69,000 0 69,000 13,300 13,500 13,800 14,100 14,300 0
시민프로 축구단 지
원
기간: 2025년~2030년
대상: 화성FC 선수단
규모: 100여 명
내용: 선수단 운영 지원
N N N N Y N
계 5,000 0 5,000 1,000 1,000 1,000 1,000 1,000 0
의무 5,000 0 5,000 1,000 1,000 1,000 1,000 1,000 0
시도비 2,500 0 2,500 500 500 500 500 500 0
시군구비 2,500 0 2,500 500 500 500 500 500 0
공사·공단 실업팀
운영 지원
기간:2025.01.01. ~
2026.12.31.
대상:도시공사 탁구단
단원
규모:22명
내용:지도자 및 선수 인
건비 및 운영비
N N N N N N
계 6,500 3,500 3,000 3,000 0 0 0 0 0
재량 6,500 3,500 3,000 3,000 0 0 0 0 0
시군구비 6,500 3,500 3,000 3,000 0 0 0 0 0
시민 프로축구단 지
원
2026년~2030년
(재)화성FC 선수단
100여 명
선수단 운영 지원
N N N N Y N
계 5,000 0 5,000 1,000 1,000 1,000 1,000 1,000 0
의무 5,000 0 5,000 1,000 1,000 1,000 1,000 1,000 0
- 191 -
세세부부사사업업계계획획서서
회계연도 : 2026년
회계구분 : 일반 , 특별회계 , 기금
분    야 : 전체
부    문 : 전체 (단위 : 백만원)
분야ㆍ부문ㆍ정책ㆍ단위ㆍ세부사
업 사 업 개 요 국가계
획
투
자
심
사
지
방
채
BTL
의무지출
재원 총사업비 기투자
연     도     별     투     자     계     획
향  후
법
정
보
조
이
자 소  계 2026 2027 2028 2029 2030
N N N N Y N
시도비 2,500 0 2,500 500 500 500 500 500 0
시군구비 2,500 0 2,500 500 500 500 500 500 0
체육 인프라 구축 253,244 17,418 235,826 42,345 45,850 38,326 45,876 63,427 0
화성종합경기타운
운영
기간:2026. 1. ~ 2030. 12.
대상:화성종합경기타운 운
영
규모:화성종합경기타운 운
영
내용:화성종합경기타운 운
영 위탁 사업(화성도시공사
)
N N N Y N N
계 35,824 0 35,824 6,565 6,565 6,565 7,565 8,565 0
의무 35,824 0 35,824 6,565 6,565 6,565 7,565 8,565 0
시군구비 35,824 0 35,824 6,565 6,565 6,565 7,565 8,565 0
화성국민체육센터
운영
기간:2026. 1. ~ 2030. 12.
대상:화성국민체육센터 
운영
규모:화성국민체육센터 운
영
내용:화성국민체육센터 운
영 위탁 사업(화성도시공사
)
N N N Y N N
계 24,619 0 24,619 4,324 4,324 4,324 5,324 6,324 0
의무 24,619 0 24,619 4,324 4,324 4,324 5,324 6,324 0
시군구비 24,619 0 24,619 4,324 4,324 4,324 5,324 6,324 0
동탄중앙어울림센터
운영
기간:2026.01~2030.12.
대상:동탄중앙어울림센
터
규모:동탄중앙어울림센
터
내용:동탄중앙어울림센
터운영
N N N Y N N
계 16,100 0 16,100 2,550 2,600 2,650 3,650 4,650 0
의무 16,100 0 16,100 2,550 2,600 2,650 3,650 4,650 0
시군구비 16,100 0 16,100 2,550 2,600 2,650 3,650 4,650 0
반월체육센터 운영
기간:2026.01~2030.12.
대상:반월체육센터 
규모:반월체육센터 운
영 및 시설 유지관리
내용:반월체육센터 운
영 및 시설 유지관리
N N N Y N N
계 16,730 0 16,730 3,300 3,350 3,360 3,360 3,360 0
의무 16,730 0 16,730 3,300 3,350 3,360 3,360 3,360 0
시군구비 16,730 0 16,730 3,300 3,350 3,360 3,360 3,360 0
남부국민체육센터
운영
기간:2026.01~2030.12.
대상:화성남부국민체육
센터 운영
규모:화성남부국민체육
센터 운영
내용:화성남부국민체육
센터 운영 위탁 사업(화
성도시공사)
N N N Y N N
계 11,496 0 11,496 2,299 2,299 2,299 2,299 2,299 0
의무 11,496 0 11,496 2,299 2,299 2,299 2,299 2,299 0
시군구비 11,496 0 11,496 2,299 2,299 2,299 2,299 2,299 0
- 190 -
- 191 -
세세부부사사업업계계획획서서
회계연도 : 2026년
회계구분 : 일반 , 특별회계 , 기금
분    야 : 전체
부    문 : 전체 (단위 : 백만원)
분야ㆍ부문ㆍ정책ㆍ단위ㆍ세부사
업 사 업 개 요 국가계
획
투
자
심
사
지
방
채
BTL
의무지출
재원 총사업비 기투자
연     도     별     투     자     계     획
향  후
법
정
보
조
이
자 소  계 2026 2027 2028 2029 2030
N N N N Y N
시도비 2,500 0 2,500 500 500 500 500 500 0
시군구비 2,500 0 2,500 500 500 500 500 500 0
체육 인프라 구축 253,244 17,418 235,826 42,345 45,850 38,326 45,876 63,427 0
화성종합경기타운
운영
기간:2026. 1. ~ 2030. 12.
대상:화성종합경기타운 운
영
규모:화성종합경기타운 운
영
내용:화성종합경기타운 운
영 위탁 사업(화성도시공사
)
N N N Y N N
계 35,824 0 35,824 6,565 6,565 6,565 7,565 8,565 0
의무 35,824 0 35,824 6,565 6,565 6,565 7,565 8,565 0
시군구비 35,824 0 35,824 6,565 6,565 6,565 7,565 8,565 0
화성국민체육센터
운영
기간:2026. 1. ~ 2030. 12.
대상:화성국민체육센터 
운영
규모:화성국민체육센터 운
영
내용:화성국민체육센터 운
영 위탁 사업(화성도시공사
)
N N N Y N N
계 24,619 0 24,619 4,324 4,324 4,324 5,324 6,324 0
의무 24,619 0 24,619 4,324 4,324 4,324 5,324 6,324 0
시군구비 24,619 0 24,619 4,324 4,324 4,324 5,324 6,324 0
동탄중앙어울림센터
운영
기간:2026.01~2030.12.
대상:동탄중앙어울림센
터
규모:동탄중앙어울림센
터
내용:동탄중앙어울림센
터운영
N N N Y N N
계 16,100 0 16,100 2,550 2,600 2,650 3,650 4,650 0
의무 16,100 0 16,100 2,550 2,600 2,650 3,650 4,650 0
시군구비 16,100 0 16,100 2,550 2,600 2,650 3,650 4,650 0
반월체육센터 운영
기간:2026.01~2030.12.
대상:반월체육센터 
규모:반월체육센터 운
영 및 시설 유지관리
내용:반월체육센터 운
영 및 시설 유지관리
N N N Y N N
계 16,730 0 16,730 3,300 3,350 3,360 3,360 3,360 0
의무 16,730 0 16,730 3,300 3,350 3,360 3,360 3,360 0
시군구비 16,730 0 16,730 3,300 3,350 3,360 3,360 3,360 0
남부국민체육센터
운영
기간:2026.01~2030.12.
대상:화성남부국민체육
센터 운영
규모:화성남부국민체육
센터 운영
내용:화성남부국민체육
센터 운영 위탁 사업(화
성도시공사)
N N N Y N N
계 11,496 0 11,496 2,299 2,299 2,299 2,299 2,299 0
의무 11,496 0 11,496 2,299 2,299 2,299 2,299 2,299 0
시군구비 11,496 0 11,496 2,299 2,299 2,299 2,299 2,299 0
- 191 -
- 192 -
세세부부사사업업계계획획서서
회계연도 : 2026년
회계구분 : 일반 , 특별회계 , 기금
분    야 : 전체
부    문 : 전체 (단위 : 백만원)
분야ㆍ부문ㆍ정책ㆍ단위ㆍ세부사
업 사 업 개 요 국가계
획
투
자
심
사
지
방
채
BTL
의무지출
재원 총사업비 기투자
연     도     별     투     자     계     획
향  후
법
정
보
조
이
자 소  계 2026 2027 2028 2029 2030
향남복합문화센터
운영
기간:2026. 1. ~ 2030. 12.
대상:향남문화복합센터(향
남읍)
대상:향남문화복합센터(향
남읍)
내용:향남문화복합센터 위
탁운영(화성도시공사)
N N N N N N
계 3,235 0 3,235 647 647 647 647 647 0
재량 3,235 0 3,235 647 647 647 647 647 0
시군구비 3,235 0 3,235 647 647 647 647 647 0
화성 반다비체육센
터 운영
기간:2026.01~2030.12.
대상:화성 반다비체육
센터
규모:화성 반다비체육
센터
내용:화성 반다비체육
센터 운영 및 관리
N N N N N N
계 8,500 0 8,500 1,600 1,650 1,700 1,750 1,800 0
재량 8,500 0 8,500 1,600 1,650 1,700 1,750 1,800 0
시군구비 8,500 0 8,500 1,600 1,650 1,700 1,750 1,800 0
체육시설 운영
기간:2026.01. ~ 2030. 12.
대상: 동부권(소규모 체육시설, 
화성시 실내배드민턴장, 
다목적체육관) 및 
서남부권(소규모 체육시설, 
다목적체육관) 체육시설
N N N Y N N
계 69,658 0 69,658 11,332 11,332 11,332 15,332 20,332 0
의무 69,658 0 69,658 11,332 11,332 11,332 15,332 20,332 0
시군구비 69,658 0 69,658 11,332 11,332 11,332 15,332 20,332 0
남양 체육복합센터
조성
기간:2020. 9. ~ 2026.
10.
위치:남양읍 남양리
2236번지 일원
규모:연면적 1,358.22㎡
(지하1층/지상2층)
내용:다목적체육관 및
다함께돌봄센터 복합조
성
Y 문
화체
육관
광부
Y N N N Y N
계 7,724 4,655 3,069 3,069 0 0 0 0 0
의무 7,724 4,655 3,069 3,069 0 0 0 0 0
국고보조금 1,260 1,200 60 60 0 0 0 0 0
시도비 20 0 20 20 0 0 0 0 0
시군구비 6,444 3,455 2,989 2,989 0 0 0 0 0
(민자 등) 1,000 1,000 0 0 0 0 0 0 0
동네 생활체육시설
조성
기간:2018. 10. ~ 2026.
6.
대상:화성시 관내(시민
공모사업 선정대상지)
규모:생활체육시설 확
충
내용:동네 생활체육시
설 확충
N N N N N N
계 110 0 110 110 0 0 0 0 0
재량 110 0 110 110 0 0 0 0 0
시군구비 110 0 110 110 0 0 0 0 0
- 193 -
세세부부사사업업계계획획서서
회계연도 : 2026년
회계구분 : 일반 , 특별회계 , 기금
분    야 : 전체
부    문 : 전체 (단위 : 백만원)
분야ㆍ부문ㆍ정책ㆍ단위ㆍ세부사
업 사 업 개 요 국가계
획
투
자
심
사
지
방
채
BTL
의무지출
재원 총사업비 기투자
연     도     별     투     자     계     획
향  후
법
정
보
조
이
자 소  계 2026 2027 2028 2029 2030
장안 다목적복합센
터 건립
기간:2021. 8. ~ 2026.
12.
위치:장안면 사랑리
138-14번지
규모:연면적 950.88㎡(
지상2층)
내용:실내다목적체육관
, 동아리방 등 다목적복
합센터 건립
Y 문
화체
육관
광부
Y N N N Y N
계 5,585 3,165 2,420 2,420 0 0 0 0 0
의무 5,585 3,165 2,420 2,420 0 0 0 0 0
국고보조금 1,000 1,000 0 0 0 0 0 0 0
시군구비 4,585 2,165 2,420 2,420 0 0 0 0 0
(민자 등) 1,015 1,015 0 0 0 0 0 0 0
체육시설 조성 및
유지관리
기간:2024.01~2028.12
대상:관내 소규모 체육
시설
대상:화성시 전역 체육
시설 
내용:소규모 체육시설
조성 및 유지관리
N N N N N N
계 5,000 0 5,000 1,000 1,000 1,000 1,000 1,000 0
재량 5,000 0 5,000 1,000 1,000 1,000 1,000 1,000 0
시군구비 5,000 0 5,000 1,000 1,000 1,000 1,000 1,000 0
화성시 전역 체육시
설물 정비
기간:2024.01~2030.12
대상:화성시 전역
내용:체육시설물 정비
내용: 화성시 전역 체육
시설물에 대한 유지보
수 관리
N N N N N N
계 4,000 0 4,000 500 500 500 1,000 1,500 0
재량 4,000 0 4,000 500 500 500 1,000 1,500 0
시군구비 4,000 0 4,000 500 500 500 1,000 1,500 0
병점2동 다목적체육
관 건립
기간:2018.11.~2026.12.
위치:병점동 865번지
규모:연면적 1,200㎡(지
상2층)
내용:다목적체육관 건
립
Y 문
화체
육관
광부
Y N N N Y N
계 8,933 8,933 0 0 0 0 0 0 0
의무 8,933 8,933 0 0 0 0 0 0 0
국고보조금 1,000 1,000 0 0 0 0 0 0 0
시군구비 7,933 7,933 0 0 0 0 0 0 0
(민자 등) 1,000 1,000 0 0 0 0 0 0 0
화성 동부 반다비체
육센터 건립
기간:2024~2029년
대상:능동 1133번지(제5호
근린공원 內)
규모:연면적 3,840㎡
내용:동부 반다비체육관 건
립
Y 문
화체
육관
광부
Y N N N Y N
계 19,000 665 18,335 0 5,384 0 0 12,951 0
의무 19,000 665 18,335 0 5,384 0 0 12,951 0
- 192 -
- 193 -
세세부부사사업업계계획획서서
회계연도 : 2026년
회계구분 : 일반 , 특별회계 , 기금
분    야 : 전체
부    문 : 전체 (단위 : 백만원)
분야ㆍ부문ㆍ정책ㆍ단위ㆍ세부사
업 사 업 개 요 국가계
획
투
자
심
사
지
방
채
BTL
의무지출
재원 총사업비 기투자
연     도     별     투     자     계     획
향  후
법
정
보
조
이
자 소  계 2026 2027 2028 2029 2030
장안 다목적복합센
터 건립
기간:2021. 8. ~ 2026.
12.
위치:장안면 사랑리
138-14번지
규모:연면적 950.88㎡(
지상2층)
내용:실내다목적체육관
, 동아리방 등 다목적복
합센터 건립
Y 문
화체
육관
광부
Y N N N Y N
계 5,585 3,165 2,420 2,420 0 0 0 0 0
의무 5,585 3,165 2,420 2,420 0 0 0 0 0
국고보조금 1,000 1,000 0 0 0 0 0 0 0
시군구비 4,585 2,165 2,420 2,420 0 0 0 0 0
(민자 등) 1,015 1,015 0 0 0 0 0 0 0
체육시설 조성 및
유지관리
기간:2024.01~2028.12
대상:관내 소규모 체육
시설
대상:화성시 전역 체육
시설 
내용:소규모 체육시설
조성 및 유지관리
N N N N N N
계 5,000 0 5,000 1,000 1,000 1,000 1,000 1,000 0
재량 5,000 0 5,000 1,000 1,000 1,000 1,000 1,000 0
시군구비 5,000 0 5,000 1,000 1,000 1,000 1,000 1,000 0
화성시 전역 체육시
설물 정비
기간:2024.01~2030.12
대상:화성시 전역
내용:체육시설물 정비
내용: 화성시 전역 체육
시설물에 대한 유지보
수 관리
N N N N N N
계 4,000 0 4,000 500 500 500 1,000 1,500 0
재량 4,000 0 4,000 500 500 500 1,000 1,500 0
시군구비 4,000 0 4,000 500 500 500 1,000 1,500 0
병점2동 다목적체육
관 건립
기간:2018.11.~2026.12.
위치:병점동 865번지
규모:연면적 1,200㎡(지
상2층)
내용:다목적체육관 건
립
Y 문
화체
육관
광부
Y N N N Y N
계 8,933 8,933 0 0 0 0 0 0 0
의무 8,933 8,933 0 0 0 0 0 0 0
국고보조금 1,000 1,000 0 0 0 0 0 0 0
시군구비 7,933 7,933 0 0 0 0 0 0 0
(민자 등) 1,000 1,000 0 0 0 0 0 0 0
화성 동부 반다비체
육센터 건립
기간:2024~2029년
대상:능동 1133번지(제5호
근린공원 內)
규모:연면적 3,840㎡
내용:동부 반다비체육관 건
립
Y 문
화체
육관
광부
Y N N N Y N
계 19,000 665 18,335 0 5,384 0 0 12,951 0
의무 19,000 665 18,335 0 5,384 0 0 12,951 0
- 193 -
- 194 -
세세부부사사업업계계획획서서
회계연도 : 2026년
회계구분 : 일반 , 특별회계 , 기금
분    야 : 전체
부    문 : 전체 (단위 : 백만원)
분야ㆍ부문ㆍ정책ㆍ단위ㆍ세부사
업 사 업 개 요 국가계
획
투
자
심
사
지
방
채
BTL
의무지출
재원 총사업비 기투자
연     도     별     투     자     계     획
향  후
법
정
보
조
이
자 소  계 2026 2027 2028 2029 2030
Y N N N Y N
국고보조금 4,000 200 3,800 0 3,800 0 0 0 0
시군구비 15,000 465 14,535 0 1,584 0 0 12,951 0
서해선 교량하부 체
육시설 조성공사
기간:공사기간 2025. ~ 2027.
대상:향남읍, 남양읍, 팔탄면 주
민
규모:6개소(향남읍 3개소, 남양
읍 2개소, 팔탄면 1개소)
내용:서해선 교량 하부 유휴부지
생활 체육시설 확충
N N N N N N
계 2,730 0 2,730 1,910 820 0 0 0 0
재량 2,730 0 2,730 1,910 820 0 0 0 0
시군구비 2,730 0 2,730 1,910 820 0 0 0 0
비봉 다목적체육관
건립
2025. 7. 17. ~ 2029.
12. 31.
화성시민
연면적 2,500㎡(지상 1
층~지상 3층)
시니어친화형 국민체육
센터 건립(다목적체육
관, GX룸, 건강측정 및
운동친화실 등)
Y 문
화체
육관
광부
Y N N N Y N
계 14,000 0 14,000 720 5,380 3,950 3,950 0 0
의무 14,000 0 14,000 720 5,380 3,950 3,950 0 0
국고보조금 4,000 0 4,000 300 800 1,450 1,450 0 0
시군구비 10,000 0 10,000 420 4,580 2,500 2,500 0 0
2027년 전국체육대회 추
진 17,913 2,750 15,163 11,124 4,039 0 0 0 0
2027년 전국체육대
회 기획 및 운영
기간:2024.~2027.12.
대상:화성특례시민 등
규모:2027년 제108회 전국
체육대회 및 제47회 전국장
애인체육대회 개최
내용:대회 개최준비, 조직
구성 운영, 대회홍보 및 시
설보수 등
N N N N N N
계 4,239 0 4,239 200 4,039 0 0 0 0
재량 4,239 0 4,239 200 4,039 0 0 0 0
시군구비 4,239 0 4,239 200 4,039 0 0 0 0
석우동 축구장 건립
기간:2024. 5. ~ 2026.
8.
대상:화성시민
규모:12,098㎡(축구장 1
면 105m*68m)
내용:2027년 전국(장애
인)체육대회 주 개최지
확정에 따른 축구장 건
립
Y 문
화체
육관
광부
Y N N N N N
계 2,750 2,750 0 0 0 0 0 0 0
재량 2,750 2,750 0 0 0 0 0 0 0
국고보조금 825 825 0 0 0 0 0 0 0
시도비 1,348 1,348 0 0 0 0 0 0 0
시군구비 578 578 0 0 0 0 0 0 0
- 195 -
세세부부사사업업계계획획서서
회계연도 : 2026년
회계구분 : 일반 , 특별회계 , 기금
분    야 : 전체
부    문 : 전체 (단위 : 백만원)
분야ㆍ부문ㆍ정책ㆍ단위ㆍ세부사
업 사 업 개 요 국가계
획
투
자
심
사
지
방
채
BTL
의무지출
재원 총사업비 기투자
연     도     별     투     자     계     획
향  후
법
정
보
조
이
자 소  계 2026 2027 2028 2029 2030
롤러스포츠 경기장
건립
기간:2024. 6. ~ 2026.
8.
대상:화성시민
규모:4,000㎡(200m 트랙
)
내용:2027년 전국(장애
인)체육대회 주 개최지
확정에 따른 롤러스포
츠 경기장 건립
Y 문
화체
육관
광부
Y N N N N N
계 20 0 20 20 0 0 0 0 0
재량 20 0 20 20 0 0 0 0 0
국고보조금 6 0 6 6 0 0 0 0 0
시도비 10 0 10 10 0 0 0 0 0
시군구비 4 0 4 4 0 0 0 0 0
2027년 전국체육대
회 경기장 개보수
기간:2024. 5. ~ 2027.
5.
대상:화성시민
규모:향남종합경기타운
등 전국체육대회 경기
장
내용:2027년 전국(장애
인)체육대회 주 개최지
확정에 따른 경기장 개
보수
Y 문
화체
육관
광부
N N N N N N
계 10,904 0 10,904 10,904 0 0 0 0 0
재량 10,904 0 10,904 10,904 0 0 0 0 0
국고보조금 3,271 0 3,271 3,271 0 0 0 0 0
시도비 5,343 0 5,343 5,343 0 0 0 0 0
시군구비 2,290 0 2,290 2,290 0 0 0 0 0
체육진흥기금 운영 2,221 0 2,221 430 440 450 451 452 0
체육진흥사업 추진
기간:연례반복
대상:관내시민
규모:대외 체육교류 및
체육진흥사업
내용:대외 체육교류 및
체육진흥사업
N N N N N N
계 2,221 0 2,221 430 440 450 451 452 0
재량 2,221 0 2,221 430 440 450 451 452 0
시군구비 2,221 0 2,221 430 440 450 451 452 0
문화및관광일반 151,876 55,584 95,749 7,718 20,249 18,466 45,505 3,811 543
문화도시 조성 95,718 6,784 88,391 6,201 18,797 17,009 44,042 2,342 543
문화유산 활용 및 정책
수립 30,901 5,025 25,334 2,417 7,549 6,752 6,505 2,110 543
화성문화원 운영 지
원
기간:2026.1.1.~ 
2030.12.31.
대상:화성문화원
N N N N N N 계 3,113 0 3,113 617 594 594 654 654 0
- 194 -
- 195 -
세세부부사사업업계계획획서서
회계연도 : 2026년
회계구분 : 일반 , 특별회계 , 기금
분    야 : 전체
부    문 : 전체 (단위 : 백만원)
분야ㆍ부문ㆍ정책ㆍ단위ㆍ세부사
업 사 업 개 요 국가계
획
투
자
심
사
지
방
채
BTL
의무지출
재원 총사업비 기투자
연     도     별     투     자     계     획
향  후
법
정
보
조
이
자 소  계 2026 2027 2028 2029 2030
롤러스포츠 경기장
건립
기간:2024. 6. ~ 2026.
8.
대상:화성시민
규모:4,000㎡(200m 트랙
)
내용:2027년 전국(장애
인)체육대회 주 개최지
확정에 따른 롤러스포
츠 경기장 건립
Y 문
화체
육관
광부
Y N N N N N
계 20 0 20 20 0 0 0 0 0
재량 20 0 20 20 0 0 0 0 0
국고보조금 6 0 6 6 0 0 0 0 0
시도비 10 0 10 10 0 0 0 0 0
시군구비 4 0 4 4 0 0 0 0 0
2027년 전국체육대
회 경기장 개보수
기간:2024. 5. ~ 2027.
5.
대상:화성시민
규모:향남종합경기타운
등 전국체육대회 경기
장
내용:2027년 전국(장애
인)체육대회 주 개최지
확정에 따른 경기장 개
보수
Y 문
화체
육관
광부
N N N N N N
계 10,904 0 10,904 10,904 0 0 0 0 0
재량 10,904 0 10,904 10,904 0 0 0 0 0
국고보조금 3,271 0 3,271 3,271 0 0 0 0 0
시도비 5,343 0 5,343 5,343 0 0 0 0 0
시군구비 2,290 0 2,290 2,290 0 0 0 0 0
체육진흥기금 운영 2,221 0 2,221 430 440 450 451 452 0
체육진흥사업 추진
기간:연례반복
대상:관내시민
규모:대외 체육교류 및
체육진흥사업
내용:대외 체육교류 및
체육진흥사업
N N N N N N
계 2,221 0 2,221 430 440 450 451 452 0
재량 2,221 0 2,221 430 440 450 451 452 0
시군구비 2,221 0 2,221 430 440 450 451 452 0
문화및관광일반 151,876 55,584 95,749 7,718 20,249 18,466 45,505 3,811 543
문화도시 조성 95,718 6,784 88,391 6,201 18,797 17,009 44,042 2,342 543
문화유산 활용 및 정책
수립 30,901 5,025 25,334 2,417 7,549 6,752 6,505 2,110 543
화성문화원 운영 지
원
기간:2026.1.1.~ 
2030.12.31.
대상:화성문화원
N N N N N N 계 3,113 0 3,113 617 594 594 654 654 0
- 195 -
- 196 -
세세부부사사업업계계획획서서
회계연도 : 2026년
회계구분 : 일반 , 특별회계 , 기금
분    야 : 전체
부    문 : 전체 (단위 : 백만원)
분야ㆍ부문ㆍ정책ㆍ단위ㆍ세부사
업 사 업 개 요 국가계
획
투
자
심
사
지
방
채
BTL
의무지출
재원 총사업비 기투자
연     도     별     투     자     계     획
향  후
법
정
보
조
이
자 소  계 2026 2027 2028 2029 2030
규모:직원7명, 원사2개 
운영
내용:화성문화원 인건비 
및 운영비 지원
N N N N N N
재량 3,113 0 3,113 617 594 594 654 654 0
시도비 23 0 23 23 0 0 0 0 0
시군구비 3,091 0 3,091 594 594 594 654 654 0
전통문화 특화 프로
그램 운영
기간:2026.01~2030.12
사업명:용주사 수륙대재,
소외계층 템플스테이 지원
규모:수륙대재(8,000명 참
여), 템플스테이(50~60명)
내용:수륙대재(각종의식 및
봉송, 회향), 템플스테이(
소외계층 전통문화체험 기
회제공)
Y N N N Y N
계 1,482 0 1,482 296 296 296 296 296 0
의무 1,482 0 1,482 296 296 296 296 296 0
시도비 445 0 445 89 89 89 89 89 0
시군구비 1,038 0 1,038 208 208 208 208 208 0
도지정유산 보수정
비(화량진성 발굴조
사)
기간:2021~2027
대상:화성시민
규모:1차~7차 발굴조사 
내용:화성 화량진성 
발굴조사
N N N N Y N
계 3,471 2,080 1,392 584 807 0 0 0 0
의무 3,471 2,080 1,392 584 807 0 0 0 0
국고보조금 13 13 0 0 0 0 0 0 0
시도비 1,708 1,012 696 292 404 0 0 0 0
시군구비 1,751 1,055 696 292 404 0 0 0 0
국가지정유산 및 등
록문화유산 보수정
비(화성 당성 발굴
조사)
기간:1992년 ~ 2030년 
대상:화성시민
규모:1차~16차 발굴조사
내용:화성 당성 발굴조
사
Y 국
가유
산청
N N N N Y N
계 5,138 2,945 1,650 0 542 553 246 310 543
의무 5,138 2,945 1,650 0 542 553 246 310 543
국고보조금 2,577 1,042 1,155 0 380 387 172 217 380
시도비 645 316 248 0 81 83 37 46 81
시군구비 1,915 1,586 248 0 81 83 37 46 81
국가지정유산 및 등록문화유산 보
수정비(화성 마하리 고분군 발굴조
사)
Y 국가
유산청 N N N N Y N 계 3,570 0 3,570 770 700 700 700 700 0
- 197 -
세세부부사사업업계계획획서서
회계연도 : 2026년
회계구분 : 일반 , 특별회계 , 기금
분    야 : 전체
부    문 : 전체 (단위 : 백만원)
분야ㆍ부문ㆍ정책ㆍ단위ㆍ세부사
업 사 업 개 요 국가계
획
투
자
심
사
지
방
채
BTL
의무지출
재원 총사업비 기투자
연     도     별     투     자     계     획
향  후
법
정
보
조
이
자 소  계 2026 2027 2028 2029 2030
기간:2026~2030
대상:봉담읍 마하리 
산40번지 일원
규모:화성 마하리 고분군 
총 면적  76,672㎡
내용:화성 마하리 고분군 
발굴조사 및 종합학술연구
N N N N Y N
의무 3,570 0 3,570 770 700 700 700 700 0
국고보조금 2,499 0 2,499 539 490 490 490 490 0
시도비 536 0 536 116 105 105 105 105 0
시군구비 536 0 536 116 105 105 105 105 0
화성시 연등 음악축
제
기간: 매년 반복사업(매년
5월 중 개최)
대상:화성시민 및 관광객
규모: 4000~6000명 참여 예
상
내용:연등 음악회 및 연등
행렬 등
Y N N N N N
계 750 0 750 150 150 150 150 150 0
재량 750 0 750 150 150 150 150 150 0
시군구비 750 0 750 150 150 150 150 150 0
화성시 무형유산 전
수교육관 건립
기간: 2026년 ~ 2029년 
대상: 화성시 무형유산
규모: 전수교육관 1동
지상2층
내용: 화성시 무형유산
전수교육관 건립
Y 국
가유
산청
Y N N N Y N
계 13,376 0 13,376 0 4,459 4,459 4,459 0 0
의무 13,376 0 13,376 0 4,459 4,459 4,459 0 0
시군구비 13,376 0 13,376 0 4,459 4,459 4,459 0 0
문화유산 복원 및 정비 22,459 1,627 20,832 3,400 8,765 4,334 4,334 0 0
만년제 주변 정비사
업
기간:'24~'29년
대상:화성시민
규모:역사공원조성
9,546㎡
내용:만년제 주변 정비
Y N N N N N
계 19,059 1,627 17,432 0 8,765 4,334 4,334 0 0
재량 19,059 1,627 17,432 0 8,765 4,334 4,334 0 0
시군구비 19,059 1,627 17,432 0 8,765 4,334 4,334 0 0
국가지정유산 및 등
록문화유산 보수정
비(화성 용주사 대
웅보전 요사채 건립
공사)
기간:2026.1~12.
대상:용주로 136 일원
규모:대방요사채 건립
130㎡ 등
내용:요사채 1동 건립
Y 국
가유
산청
N N N N Y N
계 3,400 0 3,400 3,400 0 0 0 0 0
의무 3,400 0 3,400 3,400 0 0 0 0 0
국고보조금 2,380 0 2,380 2,380 0 0 0 0 0
시도비 510 0 510 510 0 0 0 0 0
- 196 -
- 197 -
세세부부사사업업계계획획서서
회계연도 : 2026년
회계구분 : 일반 , 특별회계 , 기금
분    야 : 전체
부    문 : 전체 (단위 : 백만원)
분야ㆍ부문ㆍ정책ㆍ단위ㆍ세부사
업 사 업 개 요 국가계
획
투
자
심
사
지
방
채
BTL
의무지출
재원 총사업비 기투자
연     도     별     투     자     계     획
향  후
법
정
보
조
이
자 소  계 2026 2027 2028 2029 2030
기간:2026~2030
대상:봉담읍 마하리 
산40번지 일원
규모:화성 마하리 고분군 
총 면적  76,672㎡
내용:화성 마하리 고분군 
발굴조사 및 종합학술연구
N N N N Y N
의무 3,570 0 3,570 770 700 700 700 700 0
국고보조금 2,499 0 2,499 539 490 490 490 490 0
시도비 536 0 536 116 105 105 105 105 0
시군구비 536 0 536 116 105 105 105 105 0
화성시 연등 음악축
제
기간: 매년 반복사업(매년
5월 중 개최)
대상:화성시민 및 관광객
규모: 4000~6000명 참여 예
상
내용:연등 음악회 및 연등
행렬 등
Y N N N N N
계 750 0 750 150 150 150 150 150 0
재량 750 0 750 150 150 150 150 150 0
시군구비 750 0 750 150 150 150 150 150 0
화성시 무형유산 전
수교육관 건립
기간: 2026년 ~ 2029년 
대상: 화성시 무형유산
규모: 전수교육관 1동
지상2층
내용: 화성시 무형유산
전수교육관 건립
Y 국
가유
산청
Y N N N Y N
계 13,376 0 13,376 0 4,459 4,459 4,459 0 0
의무 13,376 0 13,376 0 4,459 4,459 4,459 0 0
시군구비 13,376 0 13,376 0 4,459 4,459 4,459 0 0
문화유산 복원 및 정비 22,459 1,627 20,832 3,400 8,765 4,334 4,334 0 0
만년제 주변 정비사
업
기간:'24~'29년
대상:화성시민
규모:역사공원조성
9,546㎡
내용:만년제 주변 정비
Y N N N N N
계 19,059 1,627 17,432 0 8,765 4,334 4,334 0 0
재량 19,059 1,627 17,432 0 8,765 4,334 4,334 0 0
시군구비 19,059 1,627 17,432 0 8,765 4,334 4,334 0 0
국가지정유산 및 등
록문화유산 보수정
비(화성 용주사 대
웅보전 요사채 건립
공사)
기간:2026.1~12.
대상:용주로 136 일원
규모:대방요사채 건립
130㎡ 등
내용:요사채 1동 건립
Y 국
가유
산청
N N N N Y N
계 3,400 0 3,400 3,400 0 0 0 0 0
의무 3,400 0 3,400 3,400 0 0 0 0 0
국고보조금 2,380 0 2,380 2,380 0 0 0 0 0
시도비 510 0 510 510 0 0 0 0 0
- 197 -
- 198 -
세세부부사사업업계계획획서서
회계연도 : 2026년
회계구분 : 일반 , 특별회계 , 기금
분    야 : 전체
부    문 : 전체 (단위 : 백만원)
분야ㆍ부문ㆍ정책ㆍ단위ㆍ세부사
업 사 업 개 요 국가계
획
투
자
심
사
지
방
채
BTL
의무지출
재원 총사업비 기투자
연     도     별     투     자     계     획
향  후
법
정
보
조
이
자 소  계 2026 2027 2028 2029 2030
N N N N Y N 시군구비 510 0 510 510 0 0 0 0 0
역사자료 연구 및 활용 42,357 132 42,225 383 2,483 5,923 33,203 231 0
역사박물관 교육운
영
기간:연중
대상:초중고등, 성인 등
규모:20~40명
내용:학생 대상 프로그
램, 박물관대학 등
Y N N N N N
계 1,157 0 1,157 231 231 231 231 231 0
재량 1,157 0 1,157 231 231 231 231 231 0
시군구비 1,157 0 1,157 231 231 231 231 231 0
역사박물관 확충 건
립
기간:2024. 1. ~ 2030.
12.
대상:화성시민
규모: 연면적 10,500㎡(
예정)
내용:화성시 역사박물
관 확충 건립
Y N N N N N
계 41,200 132 41,068 152 2,252 5,692 32,972 0 0
재량 41,200 132 41,068 152 2,252 5,692 32,972 0 0
시군구비 41,200 132 41,068 152 2,252 5,692 32,972 0 0
문화도시 조성 56,158 48,800 7,358 1,517 1,451 1,457 1,463 1,469 0
화성 독립운동 연구 및
활용 49,386 48,800 586 115 116 117 118 119 0
화성시독립운동역사
문화공원 조성
기간:2016. 4.~2026. 12.
위치:향남읍 제암리 321
번지 일원
규모:공원면적 36,548㎡
내용:화성 독립운동 역
사문화공원 조성 및 기
념관 건립
Y N N N N N
계 48,800 48,800 0 0 0 0 0 0 0
재량 48,800 48,800 0 0 0 0 0 0 0
시군구비 48,800 48,800 0 0 0 0 0 0 0
(민자 등) 500 500 0 0 0 0 0 0 0
기념식 및 추모제
개최
기간:2023.01.01.~
2028.12.31.
대상:독립유공자 가족, 보
훈단체회원, 일반시민 등
규모:2,000명
내용:독립운동가 예우 및
시민대상 역사교육
Y N N N N N
계 586 0 586 115 116 117 118 119 0
재량 586 0 586 115 116 117 118 119 0
시군구비 586 0 586 115 116 117 118 119 0
화성시독립운동기념관
운영 6,772 0 6,772 1,402 1,335 1,340 1,345 1,350 0
- 199 -
세세부부사사업업계계획획서서
회계연도 : 2026년
회계구분 : 일반 , 특별회계 , 기금
분    야 : 전체
부    문 : 전체 (단위 : 백만원)
분야ㆍ부문ㆍ정책ㆍ단위ㆍ세부사
업 사 업 개 요 국가계
획
투
자
심
사
지
방
채
BTL
의무지출
재원 총사업비 기투자
연     도     별     투     자     계     획
향  후
법
정
보
조
이
자 소  계 2026 2027 2028 2029 2030
기념관 운영관리
기간:2026.1.~2030.12.
대상:시민
규모:관람객 연4만명
내용:화성시독립운동기
념관 시설관리 및 운영
N N N N N N
계 5,072 0 5,072 1,072 1,000 1,000 1,000 1,000 0
재량 5,072 0 5,072 1,072 1,000 1,000 1,000 1,000 0
시군구비 5,072 0 5,072 1,072 1,000 1,000 1,000 1,000 0
기념관 전시운영
기간:2026.1.~2030.12.
대상:일반시민, 학생, 
군인 등
규모:전시관람객 연5만명 
내용:화성시독립운동기
념관 전시기획 및 운영
N N N N N N
계 1,700 0 1,700 330 335 340 345 350 0
재량 1,700 0 1,700 330 335 340 345 350 0
시군구비 1,700 0 1,700 330 335 340 345 350 0
환경 3,058,379 211,695 2,467,873 491,323 555,091 537,186 436,106 448,168 378,812
상하수도ㆍ수질 1,846,615 207,274 1,639,341 294,262 361,005 343,051 317,010 324,013 0
수질환경 보전 145,707 1,024 144,683 22,988 53,402 40,644 15,479 12,169 0
수질 적정관리ㆍ개선 91,667 1,024 90,643 12,180 42,594 29,836 4,671 1,361 0
자안천 비점오염저
감시설 건립사업
기간:2022.01~2027.12
위치:팔탄면 노하리 자
안천
규모:용량 33,000㎥/일
내용:자안천 노하교 인
근 장치형 비점오염저
감시설 설치
Y 환
경부 Y N N N Y N
계 9,435 512 8,923 490 8,433 0 0 0 0
의무 9,435 512 8,923 490 8,433 0 0 0 0
국고보조금 4,718 256 4,462 245 4,217 0 0 0 0
시도비 1,338 0 1,338 74 1,265 0 0 0 0
시군구비 3,379 256 3,123 172 2,952 0 0 0 0
비점오염저감시설
유지관리
기간:2025.01~2029.12
대상:동탄산업단지, 전
곡해양일반산업단지 등
내용:비점오염저감시설
적정 관리
내용:비점오염저감시설
유지관리
N N N N N N
계 2,850 0 2,850 570 570 570 570 570 0
재량 2,850 0 2,850 570 570 570 570 570 0
시군구비 2,850 0 2,850 570 570 570 570 570 0
- 198 -
- 199 -
세세부부사사업업계계획획서서
회계연도 : 2026년
회계구분 : 일반 , 특별회계 , 기금
분    야 : 전체
부    문 : 전체 (단위 : 백만원)
분야ㆍ부문ㆍ정책ㆍ단위ㆍ세부사
업 사 업 개 요 국가계
획
투
자
심
사
지
방
채
BTL
의무지출
재원 총사업비 기투자
연     도     별     투     자     계     획
향  후
법
정
보
조
이
자 소  계 2026 2027 2028 2029 2030
기념관 운영관리
기간:2026.1.~2030.12.
대상:시민
규모:관람객 연4만명
내용:화성시독립운동기
념관 시설관리 및 운영
N N N N N N
계 5,072 0 5,072 1,072 1,000 1,000 1,000 1,000 0
재량 5,072 0 5,072 1,072 1,000 1,000 1,000 1,000 0
시군구비 5,072 0 5,072 1,072 1,000 1,000 1,000 1,000 0
기념관 전시운영
기간:2026.1.~2030.12.
대상:일반시민, 학생, 
군인 등
규모:전시관람객 연5만명 
내용:화성시독립운동기
념관 전시기획 및 운영
N N N N N N
계 1,700 0 1,700 330 335 340 345 350 0
재량 1,700 0 1,700 330 335 340 345 350 0
시군구비 1,700 0 1,700 330 335 340 345 350 0
환경 3,058,379 211,695 2,467,873 491,323 555,091 537,186 436,106 448,168 378,812
상하수도ㆍ수질 1,846,615 207,274 1,639,341 294,262 361,005 343,051 317,010 324,013 0
수질환경 보전 145,707 1,024 144,683 22,988 53,402 40,644 15,479 12,169 0
수질 적정관리ㆍ개선 91,667 1,024 90,643 12,180 42,594 29,836 4,671 1,361 0
자안천 비점오염저
감시설 건립사업
기간:2022.01~2027.12
위치:팔탄면 노하리 자
안천
규모:용량 33,000㎥/일
내용:자안천 노하교 인
근 장치형 비점오염저
감시설 설치
Y 환
경부 Y N N N Y N
계 9,435 512 8,923 490 8,433 0 0 0 0
의무 9,435 512 8,923 490 8,433 0 0 0 0
국고보조금 4,718 256 4,462 245 4,217 0 0 0 0
시도비 1,338 0 1,338 74 1,265 0 0 0 0
시군구비 3,379 256 3,123 172 2,952 0 0 0 0
비점오염저감시설
유지관리
기간:2025.01~2029.12
대상:동탄산업단지, 전
곡해양일반산업단지 등
내용:비점오염저감시설
적정 관리
내용:비점오염저감시설
유지관리
N N N N N N
계 2,850 0 2,850 570 570 570 570 570 0
재량 2,850 0 2,850 570 570 570 570 570 0
시군구비 2,850 0 2,850 570 570 570 570 570 0
- 199 -
- 200 -
세세부부사사업업계계획획서서
회계연도 : 2026년
회계구분 : 일반 , 특별회계 , 기금
분    야 : 전체
부    문 : 전체 (단위 : 백만원)
분야ㆍ부문ㆍ정책ㆍ단위ㆍ세부사
업 사 업 개 요 국가계
획
투
자
심
사
지
방
채
BTL
의무지출
재원 총사업비 기투자
연     도     별     투     자     계     획
향  후
법
정
보
조
이
자 소  계 2026 2027 2028 2029 2030
수질정화시설 운영
관리
기간:2025.01~2029.12
대상:동탄권역
규모:시설용량 16,000㎥
/일
내용:동탄 호수공원 물
순환시스템 관리
N N N N N N
계 3,957 0 3,957 791 791 791 791 791 0
재량 3,957 0 3,957 791 791 791 791 791 0
시군구비 3,957 0 3,957 791 791 791 791 791 0
완충저류시설 설치
사업 추진
기간:2024년 ~ 2028년
대상:일반산업단지 9개소
규모:총 20,900㎥ 
내용:산업단지·공업지역에
서 화재‧폭발‧누출 등의
사고 발생 시 유출되는 유
해물질, 소방수 등을 일시
적으로 저장하는 완충저류
시설을 설치하여 하천 등
수질오염 사전예방
Y N N Y N N
계 65,922 22 65,900 6,590 28,000 28,000 3,310 0 0
의무 65,922 22 65,900 6,590 28,000 28,000 3,310 0 0
국고보조금 46,100 0 46,100 4,610 20,000 20,000 1,490 0 0
시군구비 19,822 22 19,800 1,980 8,000 8,000 1,820 0 0
남양호유역 인공습
지 비점오염저감사
업
기간:2025.6. ~ 2027.12.
위치: 장안면 수촌리
114-3번지 일원
인공습지 1개소(20,000
㎥)
내용:남양호 중점관리 
저수지 목표수질 달성을 
위한 수촌2리천 일원 
인공습지 조성
Y N N N Y N
계 9,503 490 9,013 3,738 4,800 475 0 0 0
의무 9,503 490 9,013 3,738 4,800 475 0 0 0
국고보조금 4,752 245 4,507 2,107 2,400 0 0 0 0
시도비 1,425 74 1,352 632 720 0 0 0 0
시군구비 3,326 172 3,155 1,000 1,680 475 0 0 0
공공폐수처리시설 운영
관리 54,040 0 54,040 10,808 10,808 10,808 10,808 10,808 0
공공폐수처리시설
관리
기간 : 2026.01.~2030.12.
대상 : 화성시 일반산업단
지 공공페수처리시설
규모 : 공공폐수처리시설 6
개소
내용 : 시설물 민간위탁 운
영, 폐기물 처리 등
N N N N N N
계 54,040 0 54,040 10,808 10,808 10,808 10,808 10,808 0
재량 54,040 0 54,040 10,808 10,808 10,808 10,808 10,808 0
시군구비 54,040 0 54,040 10,808 10,808 10,808 10,808 10,808 0
상수도 식수 관리 3,654 1,163 2,491 974 967 200 200 150 0
주민복리 증진 향상 3,654 1,163 2,491 974 967 200 200 150 0
- 201 -
세세부부사사업업계계획획서서
회계연도 : 2026년
회계구분 : 일반 , 특별회계 , 기금
분    야 : 전체
부    문 : 전체 (단위 : 백만원)
분야ㆍ부문ㆍ정책ㆍ단위ㆍ세부사
업 사 업 개 요 국가계
획
투
자
심
사
지
방
채
BTL
의무지출
재원 총사업비 기투자
연     도     별     투     자     계     획
향  후
법
정
보
조
이
자 소  계 2026 2027 2028 2029 2030
국화도 마을상수도
개선사업
기간:2025.1~ 2026.12.
대상:경기도 우정읍 국
화도 국화리 주민
규모:우정읍 국화리 일
원(부지 면적: 0.39㎢)
내용:국화도 해수담수
화시설 구시설 해체 및
재설치 , 신시설 설비
개선 등
Y 환
경부 Y N N N Y N
계 2,500 1,163 1,337 670 667 0 0 0 0
의무 2,500 1,163 1,337 670 667 0 0 0 0
균특보조금 1,750 814 936 469 467 0 0 0 0
시군구비 750 349 401 201 200 0 0 0 0
국화도 마을상수도
시설관리
기간:2025. 1. ~ 2030.12.
대상:국화도 주민
규모:간이급수시설 1개소
내용:간이급수시설 대상으
로 취수원 관리, 물탱크청
소, 염소소독시설 유지관리
N N N N N N
계 1,154 0 1,154 304 300 200 200 150 0
재량 1,154 0 1,154 304 300 200 200 150 0
시군구비 1,154 0 1,154 304 300 200 200 150 0
건강한 수돗물 공급 502,806 0 502,806 100,561 100,561 100,561 100,561 100,561 0
정수 관리 305,025 0 305,025 61,005 61,005 61,005 61,005 61,005 0
정수구입
기간:2026. 1. ~ 2026.
12. 
대상:화성시민
규모:432.8원 ×
361,350㎥ × 365일 
내용:맑고 깨끗한 수돗
물 공급
N N N N N N
계 305,025 0 305,025 61,005 61,005 61,005 61,005 61,005 0
재량 305,025 0 305,025 61,005 61,005 61,005 61,005 61,005 0
시군구비 305,025 0 305,025 61,005 61,005 61,005 61,005 61,005 0
배·급수관리 160,281 0 160,281 32,056 32,056 32,056 32,056 32,056 0
상수도시설운영
기간:2026. 1. ~ 2030.
12.
대상:화성시
규모:2,259,254천원
내용:상수도시설 유지
관리 비용
N N N N Y N
계 11,538 0 11,538 2,308 2,308 2,308 2,308 2,308 0
의무 11,538 0 11,538 2,308 2,308 2,308 2,308 2,308 0
시군구비 11,538 0 11,538 2,308 2,308 2,308 2,308 2,308 0
계량기교체 및 관리
기간:2026. 1. ~ 2030. 12.
대상:화성시
규모:8000개소 대상  보호토 정
비, 교체
내용:수도미터기 및 보호통 등
자재구입 및 교체, 보호통 정비(
교체 포함)
N N N N N N
계 14,000 0 14,000 2,800 2,800 2,800 2,800 2,800 0
재량 14,000 0 14,000 2,800 2,800 2,800 2,800 2,800 0
- 200 -
- 201 -
세세부부사사업업계계획획서서
회계연도 : 2026년
회계구분 : 일반 , 특별회계 , 기금
분    야 : 전체
부    문 : 전체 (단위 : 백만원)
분야ㆍ부문ㆍ정책ㆍ단위ㆍ세부사
업 사 업 개 요 국가계
획
투
자
심
사
지
방
채
BTL
의무지출
재원 총사업비 기투자
연     도     별     투     자     계     획
향  후
법
정
보
조
이
자 소  계 2026 2027 2028 2029 2030
국화도 마을상수도
개선사업
기간:2025.1~ 2026.12.
대상:경기도 우정읍 국
화도 국화리 주민
규모:우정읍 국화리 일
원(부지 면적: 0.39㎢)
내용:국화도 해수담수
화시설 구시설 해체 및
재설치 , 신시설 설비
개선 등
Y 환
경부 Y N N N Y N
계 2,500 1,163 1,337 670 667 0 0 0 0
의무 2,500 1,163 1,337 670 667 0 0 0 0
균특보조금 1,750 814 936 469 467 0 0 0 0
시군구비 750 349 401 201 200 0 0 0 0
국화도 마을상수도
시설관리
기간:2025. 1. ~ 2030.12.
대상:국화도 주민
규모:간이급수시설 1개소
내용:간이급수시설 대상으
로 취수원 관리, 물탱크청
소, 염소소독시설 유지관리
N N N N N N
계 1,154 0 1,154 304 300 200 200 150 0
재량 1,154 0 1,154 304 300 200 200 150 0
시군구비 1,154 0 1,154 304 300 200 200 150 0
건강한 수돗물 공급 502,806 0 502,806 100,561 100,561 100,561 100,561 100,561 0
정수 관리 305,025 0 305,025 61,005 61,005 61,005 61,005 61,005 0
정수구입
기간:2026. 1. ~ 2026.
12. 
대상:화성시민
규모:432.8원 ×
361,350㎥ × 365일 
내용:맑고 깨끗한 수돗
물 공급
N N N N N N
계 305,025 0 305,025 61,005 61,005 61,005 61,005 61,005 0
재량 305,025 0 305,025 61,005 61,005 61,005 61,005 61,005 0
시군구비 305,025 0 305,025 61,005 61,005 61,005 61,005 61,005 0
배·급수관리 160,281 0 160,281 32,056 32,056 32,056 32,056 32,056 0
상수도시설운영
기간:2026. 1. ~ 2030.
12.
대상:화성시
규모:2,259,254천원
내용:상수도시설 유지
관리 비용
N N N N Y N
계 11,538 0 11,538 2,308 2,308 2,308 2,308 2,308 0
의무 11,538 0 11,538 2,308 2,308 2,308 2,308 2,308 0
시군구비 11,538 0 11,538 2,308 2,308 2,308 2,308 2,308 0
계량기교체 및 관리
기간:2026. 1. ~ 2030. 12.
대상:화성시
규모:8000개소 대상  보호토 정
비, 교체
내용:수도미터기 및 보호통 등
자재구입 및 교체, 보호통 정비(
교체 포함)
N N N N N N
계 14,000 0 14,000 2,800 2,800 2,800 2,800 2,800 0
재량 14,000 0 14,000 2,800 2,800 2,800 2,800 2,800 0
- 201 -
- 202 -
세세부부사사업업계계획획서서
회계연도 : 2026년
회계구분 : 일반 , 특별회계 , 기금
분    야 : 전체
부    문 : 전체 (단위 : 백만원)
분야ㆍ부문ㆍ정책ㆍ단위ㆍ세부사
업 사 업 개 요 국가계
획
투
자
심
사
지
방
채
BTL
의무지출
재원 총사업비 기투자
연     도     별     투     자     계     획
향  후
법
정
보
조
이
자 소  계 2026 2027 2028 2029 2030
N N N N N N 시군구비 14,000 0 14,000 2,800 2,800 2,800 2,800 2,800 0
상수도시설 유지관
리
기간:2026. 1. ~ 2030. 12.
대상:화성시민
규모: 배수지, 가압장, 구
역측정소 등 총 458개소 등
내용:상수도시설 유지관리
N N N N N N
계 117,649 0 117,649 23,530 23,530 23,530 23,530 23,530 0
재량 117,649 0 117,649 23,530 23,530 23,530 23,530 23,530 0
시군구비 117,649 0 117,649 23,530 23,530 23,530 23,530 23,530 0
상수도시설 동력비
기간:2026. 1. ~ 2030. 12.
대상:화성시
규모:배수지: 25개소 가압
장: 125개소 유량계,압력계
등 227개소
내용:상수도 시설물 전기요
금
N N N N N N
계 17,094 0 17,094 3,419 3,419 3,419 3,419 3,419 0
재량 17,094 0 17,094 3,419 3,419 3,419 3,419 3,419 0
시군구비 17,094 0 17,094 3,419 3,419 3,419 3,419 3,419 0
급수공사관리 37,500 0 37,500 7,500 7,500 7,500 7,500 7,500 0
상수도신설급수공사
기간:2026.01~2030.12
대상:상수도 미공급지
역 주민
규모:급수장치설치
2,500건
내용:신설 급수설비 설
치
N N N N N N
계 37,500 0 37,500 7,500 7,500 7,500 7,500 7,500 0
재량 37,500 0 37,500 7,500 7,500 7,500 7,500 7,500 0
시군구비 37,500 0 37,500 7,500 7,500 7,500 7,500 7,500 0
판매 및 관리활동 12,723 0 12,723 2,545 2,545 2,545 2,545 2,545 0
고객 마케팅 활동 12,723 0 12,723 2,545 2,545 2,545 2,545 2,545 0
상수도 검침업무 민
간위탁
기간:2026. 1. ~2030. 12.
대상:검침업무 민간위탁업
체
규모:월 84,500전 점검
내용:화성시 전지역 수도검
침 및 고지서 송달, 체납도
력 등에 대한 업무 민간위
탁
N N N N N N
계 12,723 0 12,723 2,545 2,545 2,545 2,545 2,545 0
재량 12,723 0 12,723 2,545 2,545 2,545 2,545 2,545 0
시군구비 12,723 0 12,723 2,545 2,545 2,545 2,545 2,545 0
수도시설투자 140,123 38,570 101,553 1,320 27,303 28,919 22,160 21,851 0
배수지 신증설사업 140,123 38,570 101,553 1,320 27,303 28,919 22,160 21,851 0
- 203 -
세세부부사사업업계계획획서서
회계연도 : 2026년
회계구분 : 일반 , 특별회계 , 기금
분    야 : 전체
부    문 : 전체 (단위 : 백만원)
분야ㆍ부문ㆍ정책ㆍ단위ㆍ세부사
업 사 업 개 요 국가계
획
투
자
심
사
지
방
채
BTL
의무지출
재원 총사업비 기투자
연     도     별     투     자     계     획
향  후
법
정
보
조
이
자 소  계 2026 2027 2028 2029 2030
석우배수지 증설사
업
기간:2021.04~2026.12
급수구역:석우동, 반송동, 능동,
반월동, 진안동, 오산동 등
규모:배수지 증설 V=18,000㎥(기
존 V=29,000㎥), 송수관로
D900mm, L=0.03km,  배수관로
D700~900mm, L=1.62km
내용:배수지 증설
N N N N N N
계 24,815 24,215 600 600 0 0 0 0 0
재량 24,815 24,215 600 600 0 0 0 0 0
시군구비 24,815 24,215 600 600 0 0 0 0 0
봉담내리 배수지 축
조사업
기간:2021.03~2028.12
급수구역:매송, 봉담 및 기안동
일부 등
배수지 축조 V=16,000㎥, 송수가
압장 2개소(Q=5,152㎥/일, Q=
2,000㎥/일),   송수관로 D600, L
=1.4km, 배수관로 D700, L=5.6km 
내용:배수지 축조
N N N N N N
계 28,717 2,490 26,227 0 13,113 13,113 0 0 0
재량 28,717 2,490 26,227 0 13,113 13,113 0 0 0
시군구비 28,717 2,490 26,227 0 13,113 13,113 0 0 0
안녕배수지 축조사
업
기간:2021.03~2030.12
대상:안녕동
규모:배수지 축조 V=
12,000㎥
내용:배수지 축조
N N N N N N
계 48,477 1,073 47,404 0 11,851 11,851 11,851 11,851 0
재량 48,477 1,073 47,404 0 11,851 11,851 11,851 11,851 0
시군구비 48,477 1,073 47,404 0 11,851 11,851 11,851 11,851 0
팔탄구장 배수지 증
설사업
기간:2021.01~2030.12.
대상:팔탄 구장배수지
규모:배수지 신설 V=
10,000㎥, 송수관로
D500, L=0.16km, 배수관
로 D600, L=0.42km
내용:배수지 증설
N N N N N N
계 19,929 8,900 11,029 720 0 0 5,309 5,000 0
재량 19,929 8,900 11,029 720 0 0 5,309 5,000 0
시군구비 19,929 8,900 11,029 720 0 0 5,309 5,000 0
남양5배수지 증설사
업
기간:2021.03~2030.12.
대상:남양5배수지
규모:배수지 신설 V=
2,000㎥, 송수관로
D200, L=60.0m, 배수관
로 D250, L=60.0m
내용:배수지 증설
N N N N N N
계 18,185 1,892 16,293 0 2,338 3,955 5,000 5,000 0
재량 18,185 1,892 16,293 0 2,338 3,955 5,000 5,000 0
시군구비 18,185 1,892 16,293 0 2,338 3,955 5,000 5,000 0
수도시설개선 180,203 46,172 134,031 33,995 16,567 20,061 29,949 33,459 0
상수관로 확충사업 140,531 46,172 94,359 26,337 8,638 12,133 22,121 25,130 0
화성1,2송수관로 안
정화사업
기간:2021.01~2030.12
대상:화성1,2송수관로 복선화
규모:
N N N N N N 계 111,181 46,172 65,009 20,467 2,768 6,263 16,251 19,260 0
- 202 -
- 203 -
세세부부사사업업계계획획서서
회계연도 : 2026년
회계구분 : 일반 , 특별회계 , 기금
분    야 : 전체
부    문 : 전체 (단위 : 백만원)
분야ㆍ부문ㆍ정책ㆍ단위ㆍ세부사
업 사 업 개 요 국가계
획
투
자
심
사
지
방
채
BTL
의무지출
재원 총사업비 기투자
연     도     별     투     자     계     획
향  후
법
정
보
조
이
자 소  계 2026 2027 2028 2029 2030
석우배수지 증설사
업
기간:2021.04~2026.12
급수구역:석우동, 반송동, 능동,
반월동, 진안동, 오산동 등
규모:배수지 증설 V=18,000㎥(기
존 V=29,000㎥), 송수관로
D900mm, L=0.03km,  배수관로
D700~900mm, L=1.62km
내용:배수지 증설
N N N N N N
계 24,815 24,215 600 600 0 0 0 0 0
재량 24,815 24,215 600 600 0 0 0 0 0
시군구비 24,815 24,215 600 600 0 0 0 0 0
봉담내리 배수지 축
조사업
기간:2021.03~2028.12
급수구역:매송, 봉담 및 기안동
일부 등
배수지 축조 V=16,000㎥, 송수가
압장 2개소(Q=5,152㎥/일, Q=
2,000㎥/일),   송수관로 D600, L
=1.4km, 배수관로 D700, L=5.6km 
내용:배수지 축조
N N N N N N
계 28,717 2,490 26,227 0 13,113 13,113 0 0 0
재량 28,717 2,490 26,227 0 13,113 13,113 0 0 0
시군구비 28,717 2,490 26,227 0 13,113 13,113 0 0 0
안녕배수지 축조사
업
기간:2021.03~2030.12
대상:안녕동
규모:배수지 축조 V=
12,000㎥
내용:배수지 축조
N N N N N N
계 48,477 1,073 47,404 0 11,851 11,851 11,851 11,851 0
재량 48,477 1,073 47,404 0 11,851 11,851 11,851 11,851 0
시군구비 48,477 1,073 47,404 0 11,851 11,851 11,851 11,851 0
팔탄구장 배수지 증
설사업
기간:2021.01~2030.12.
대상:팔탄 구장배수지
규모:배수지 신설 V=
10,000㎥, 송수관로
D500, L=0.16km, 배수관
로 D600, L=0.42km
내용:배수지 증설
N N N N N N
계 19,929 8,900 11,029 720 0 0 5,309 5,000 0
재량 19,929 8,900 11,029 720 0 0 5,309 5,000 0
시군구비 19,929 8,900 11,029 720 0 0 5,309 5,000 0
남양5배수지 증설사
업
기간:2021.03~2030.12.
대상:남양5배수지
규모:배수지 신설 V=
2,000㎥, 송수관로
D200, L=60.0m, 배수관
로 D250, L=60.0m
내용:배수지 증설
N N N N N N
계 18,185 1,892 16,293 0 2,338 3,955 5,000 5,000 0
재량 18,185 1,892 16,293 0 2,338 3,955 5,000 5,000 0
시군구비 18,185 1,892 16,293 0 2,338 3,955 5,000 5,000 0
수도시설개선 180,203 46,172 134,031 33,995 16,567 20,061 29,949 33,459 0
상수관로 확충사업 140,531 46,172 94,359 26,337 8,638 12,133 22,121 25,130 0
화성1,2송수관로 안
정화사업
기간:2021.01~2030.12
대상:화성1,2송수관로 복선화
규모:
N N N N N N 계 111,181 46,172 65,009 20,467 2,768 6,263 16,251 19,260 0
- 203 -
- 204 -
세세부부사사업업계계획획서서
회계연도 : 2026년
회계구분 : 일반 , 특별회계 , 기금
분    야 : 전체
부    문 : 전체 (단위 : 백만원)
분야ㆍ부문ㆍ정책ㆍ단위ㆍ세부사
업 사 업 개 요 국가계
획
투
자
심
사
지
방
채
BTL
의무지출
재원 총사업비 기투자
연     도     별     투     자     계     획
향  후
법
정
보
조
이
자 소  계 2026 2027 2028 2029 2030
- 화성1송수관로(국지도84호선) 
  : D800, L=10.2km
- 화성2송수관로(국지도 82호선)
  : D500~900, L=19.7km
내용: 화성1, 2송수관로 복선화 사업 추진
N N N N N N
재량 111,181 46,172 65,009 20,467 2,768 6,263 16,251 19,260 0
시군구비 111,181 46,172 65,009 20,467 2,768 6,263 16,251 19,260 0
배수관로 설치공사
기간:2026.01~2030.12
대상:화성시 전역
규모:상수관로 신설(D80
~300mm) L=8km
내용:배수관로 확장공
사 시행
N N N N N N
계 14,350 0 14,350 2,870 2,870 2,870 2,870 2,870 0
재량 14,350 0 14,350 2,870 2,870 2,870 2,870 2,870 0
시군구비 14,350 0 14,350 2,870 2,870 2,870 2,870 2,870 0
원인자부담 관로 설
치공사
기간:2026. 1 . ~ 2030.
12.
대상:원인자부담자
규모:배수관로 D80~D300
L=6,000m    
내용:원인자부담자 관
로설치공자
N N N N N N
계 7,500 0 7,500 1,500 1,500 1,500 1,500 1,500 0
재량 7,500 0 7,500 1,500 1,500 1,500 1,500 1,500 0
시군구비 7,500 0 7,500 1,500 1,500 1,500 1,500 1,500 0
공장밀집지역 배수
관로 설치공사
기간:2026~2030
대상:관내
규모:상수관로 신설 D75
~100mm, L= 1,500m
내용:공장밀집지역 기
업환경 개선사업 선정
지
N N N N N N
계 7,500 0 7,500 1,500 1,500 1,500 1,500 1,500 0
재량 7,500 0 7,500 1,500 1,500 1,500 1,500 1,500 0
시군구비 7,500 0 7,500 1,500 1,500 1,500 1,500 1,500 0
노후관로 및 출수불량지
배·급수관 정비공사 27,500 0 27,500 5,500 5,500 5,500 5,500 5,500 0
노후관로 및 출수불
량지 배·급수관 정
비공사
기간:2026. 1. ~ 2030. 12.
마도면, 정남면, 병점동,
안녕동 외 기타 화성시 전
역
규모:상수관로 교체(D100~
200mm), L=5.2km
내용:노후관 교체 및 출수
불량지 관경확대 사업
N N N N N N
계 27,500 0 27,500 5,500 5,500 5,500 5,500 5,500 0
재량 27,500 0 27,500 5,500 5,500 5,500 5,500 5,500 0
시군구비 27,500 0 27,500 5,500 5,500 5,500 5,500 5,500 0
상수도시설물  GIS DB 구
축사업 360 0 360 160 100 100 0 0 0
상수도 공간정보 수
정 및 개선
기간:2026. 1 .~ 2028. 12.
대상:화성시
규모:34.73㎞
내용:상수관망의 효율적 관
리를 위해, 불탐관로 갱신
·수정하여 정확도 향상
N N N N N N
계 360 0 360 160 100 100 0 0 0
재량 360 0 360 160 100 100 0 0 0
- 205 -
세세부부사사업업계계획획서서
회계연도 : 2026년
회계구분 : 일반 , 특별회계 , 기금
분    야 : 전체
부    문 : 전체 (단위 : 백만원)
분야ㆍ부문ㆍ정책ㆍ단위ㆍ세부사
업 사 업 개 요 국가계
획
투
자
심
사
지
방
채
BTL
의무지출
재원 총사업비 기투자
연     도     별     투     자     계     획
향  후
법
정
보
조
이
자 소  계 2026 2027 2028 2029 2030
N N N N N N 시군구비 360 0 360 160 100 100 0 0 0
수도관 개량지원사업 642 0 642 128 128 128 128 128 0
녹물없는 우리집 수
도관 개량지원사업
기간:2024. 1. ~2024. 12.
대상:녹물 출수 등으로 수
돗물 사용에 어려움을 겪고
있는 노후주택(준공 20년
경과)의 가정용 수도배관(
옥내급수관, 공용배관)
규모:약 800세대 (공용관
641세대, 옥내관 156세대)
내용:녹물없는 우리집 수도
관 개량지원사업
N N N N Y N
계 642 0 642 128 128 128 128 128 0
의무 642 0 642 128 128 128 128 128 0
시도비 321 0 321 64 64 64 64 64 0
시군구비 321 0 321 64 64 64 64 64 0
소방용수시설(소화전)
확충사업 3,000 0 3,000 600 600 600 600 600 0
소방용수시설 확충
사업
기간:2025. 01. ~ 2029.
12.
대상:화성시 전역
규모:지상식 옥외 소화
전 40개
내용:화재 발생 시 골든
타임 확보를 위한 소방
용수시설(소화전) 확충
N N N N N N
계 3,000 0 3,000 600 600 600 600 600 0
재량 3,000 0 3,000 600 600 600 600 600 0
시도비 540 0 540 108 108 108 108 108 0
시군구비 2,460 0 2,460 492 492 492 492 492 0
출수불량지역 가압정 설
치 및 증설 공사 3,000 0 3,000 600 600 600 600 600 0
출수불량지역 가압
장 설치 및 증설 공
사
기간:2026~2030
대상:송산면 독지리
737-21번지 외 2개소
규모:출수불량 지역 3개
소
내용:가압장 설치 및 증
설 공사
N N N N N N
계 3,000 0 3,000 600 600 600 600 600 0
재량 3,000 0 3,000 600 600 600 600 600 0
시군구비 3,000 0 3,000 600 600 600 600 600 0
배수지 시설개선 4,500 0 4,500 0 1,000 1,000 1,000 1,500 0
배수지 시설개선
기간:2026. 1. ~ 2030.12.
대상:화성시
규모:남양6배수 외 24개소
내용:여과망설치, 도로포장
, cctv 서버 및 소프트웨어
구입
N N N N N N
계 4,500 0 4,500 0 1,000 1,000 1,000 1,500 0
재량 4,500 0 4,500 0 1,000 1,000 1,000 1,500 0
- 204 -
- 205 -
세세부부사사업업계계획획서서
회계연도 : 2026년
회계구분 : 일반 , 특별회계 , 기금
분    야 : 전체
부    문 : 전체 (단위 : 백만원)
분야ㆍ부문ㆍ정책ㆍ단위ㆍ세부사
업 사 업 개 요 국가계
획
투
자
심
사
지
방
채
BTL
의무지출
재원 총사업비 기투자
연     도     별     투     자     계     획
향  후
법
정
보
조
이
자 소  계 2026 2027 2028 2029 2030
N N N N N N 시군구비 360 0 360 160 100 100 0 0 0
수도관 개량지원사업 642 0 642 128 128 128 128 128 0
녹물없는 우리집 수
도관 개량지원사업
기간:2024. 1. ~2024. 12.
대상:녹물 출수 등으로 수
돗물 사용에 어려움을 겪고
있는 노후주택(준공 20년
경과)의 가정용 수도배관(
옥내급수관, 공용배관)
규모:약 800세대 (공용관
641세대, 옥내관 156세대)
내용:녹물없는 우리집 수도
관 개량지원사업
N N N N Y N
계 642 0 642 128 128 128 128 128 0
의무 642 0 642 128 128 128 128 128 0
시도비 321 0 321 64 64 64 64 64 0
시군구비 321 0 321 64 64 64 64 64 0
소방용수시설(소화전)
확충사업 3,000 0 3,000 600 600 600 600 600 0
소방용수시설 확충
사업
기간:2025. 01. ~ 2029.
12.
대상:화성시 전역
규모:지상식 옥외 소화
전 40개
내용:화재 발생 시 골든
타임 확보를 위한 소방
용수시설(소화전) 확충
N N N N N N
계 3,000 0 3,000 600 600 600 600 600 0
재량 3,000 0 3,000 600 600 600 600 600 0
시도비 540 0 540 108 108 108 108 108 0
시군구비 2,460 0 2,460 492 492 492 492 492 0
출수불량지역 가압정 설
치 및 증설 공사 3,000 0 3,000 600 600 600 600 600 0
출수불량지역 가압
장 설치 및 증설 공
사
기간:2026~2030
대상:송산면 독지리
737-21번지 외 2개소
규모:출수불량 지역 3개
소
내용:가압장 설치 및 증
설 공사
N N N N N N
계 3,000 0 3,000 600 600 600 600 600 0
재량 3,000 0 3,000 600 600 600 600 600 0
시군구비 3,000 0 3,000 600 600 600 600 600 0
배수지 시설개선 4,500 0 4,500 0 1,000 1,000 1,000 1,500 0
배수지 시설개선
기간:2026. 1. ~ 2030.12.
대상:화성시
규모:남양6배수 외 24개소
내용:여과망설치, 도로포장
, cctv 서버 및 소프트웨어
구입
N N N N N N
계 4,500 0 4,500 0 1,000 1,000 1,000 1,500 0
재량 4,500 0 4,500 0 1,000 1,000 1,000 1,500 0
- 205 -
- 206 -
세세부부사사업업계계획획서서
회계연도 : 2026년
회계구분 : 일반 , 특별회계 , 기금
분    야 : 전체
부    문 : 전체 (단위 : 백만원)
분야ㆍ부문ㆍ정책ㆍ단위ㆍ세부사
업 사 업 개 요 국가계
획
투
자
심
사
지
방
채
BTL
의무지출
재원 총사업비 기투자
연     도     별     투     자     계     획
향  후
법
정
보
조
이
자 소  계 2026 2027 2028 2029 2030
N N N N N N 시군구비 4,500 0 4,500 0 1,000 1,000 1,000 1,500 0
통합가압장 시설개선 670 0 670 670 0 0 0 0 0
통합가압장 시설개
선
기간:2026.1.~12.
대상:화성시 향남읍 발
안로 527
규모:부지면적:
7,456.80㎡
내용:통합가압장 증축
공사 시행
N N N N N N
계 670 0 670 670 0 0 0 0 0
재량 670 0 670 670 0 0 0 0 0
시군구비 670 0 670 670 0 0 0 0 0
하수도사업 운영 861,400 120,345 741,055 131,879 159,661 150,121 146,116 153,278 0
하수처리시설 설치 225,580 75,822 149,758 21,103 26,575 37,388 29,074 35,618 0
남양 공공하수처리
시설 증설
기간:2021.06.~2030.12.
대상:남양읍 일원
규모:처리시설 증설 Q=
7,000㎥/일
내용:처리시설 증설
Y 환
경부 N N N N Y N
계 44,805 20,400 24,405 6,662 1,842 1,542 7,179 7,179 0
의무 44,805 20,400 24,405 6,662 1,842 1,542 7,179 7,179 0
시군구비 44,805 20,400 24,405 6,662 1,842 1,542 7,179 7,179 0
향남 공공하수처리
시설 증설사업
기간:2020.06.~2025.06.
대상:향남읍 일원
규모:하수처리시설 증
설 Q=4,000㎥/일
내용:하수처리시설 증
설
Y 환
경부 N N N N Y N
계 21,541 21,541 0 0 0 0 0 0 0
의무 21,541 21,541 0 0 0 0 0 0 0
국고보조금 9,097 9,097 0 0 0 0 0 0 0
시도비 4,548 4,548 0 0 0 0 0 0 0
시군구비 7,896 7,896 0 0 0 0 0 0 0
와우 공공하수처리
시설 설치사업
기간:2021.05.~2030.12.
.
위치:기안동 3번지 일원
규모:처리장 Q=21,000톤
/일 신설
내용:하수처리장 신설
Y 환
경부 N N N N Y N
계 56,446 4,450 51,996 4,924 9,376 17,189 8,027 12,480 0
의무 56,446 4,450 51,996 4,924 9,376 17,189 8,027 12,480 0
국고보조금 14,936 500 14,436 2,812 4,650 6,974 0 0 0
- 207 -
세세부부사사업업계계획획서서
회계연도 : 2026년
회계구분 : 일반 , 특별회계 , 기금
분    야 : 전체
부    문 : 전체 (단위 : 백만원)
분야ㆍ부문ㆍ정책ㆍ단위ㆍ세부사
업 사 업 개 요 국가계
획
투
자
심
사
지
방
채
BTL
의무지출
재원 총사업비 기투자
연     도     별     투     자     계     획
향  후
법
정
보
조
이
자 소  계 2026 2027 2028 2029 2030
N N N N Y N
시도비 7,468 250 7,218 1,406 2,325 3,487 0 0 0
시군구비 34,042 3,700 30,342 706 2,401 6,728 8,027 12,480 0
동탄2 수질복원센터
증설사업
기간:2021.06.~2029.09.
위치:방교동 795번지 일
원
규모:처리장 Q=36,000톤
/일 증설
내용:하수처리장 증설
Y 환
경부 N N N N Y N
계 66,702 26,471 40,231 9,517 15,358 15,357 0 0 0
의무 66,702 26,471 40,231 9,517 15,358 15,357 0 0 0
국고보조금 16,008 495 15,513 7,055 4,229 4,229 0 0 0
시도비 5,336 165 5,171 1,340 1,916 1,915 0 0 0
시군구비 45,358 25,811 19,547 1,122 9,213 9,213 0 0 0
장안면 노진리 소규
모 공공하수도 설치
사업
기간: 2023. 09. ~ 2030.
12.
위치: 장안면 노진리 
규모: 소규모 공공하수
처리시설 Q=200톤/일,
하수관로 L=11.2km
내용: 공공하수처리시
설 설치
N N N N Y N
계 12,156 1,200 10,956 0 0 0 4,950 6,006 0
의무 12,156 1,200 10,956 0 0 0 4,950 6,006 0
국고보조금 7,294 0 7,294 0 0 0 2,970 4,324 0
시도비 2,431 0 2,431 0 0 0 990 1,441 0
시군구비 2,431 1,200 1,231 0 0 0 990 241 0
양감공공하수처리시
설 증설사업
기간:2024.8. ~2030.9.
대상:양감면 신왕리 일
원
규모:처리장 증설 Q=300
㎥/일
내용:공공하수처리시설
증설
Y 환
경부 N N N N Y N
계 4,759 460 4,299 0 0 0 2,149 2,150 0
의무 4,759 460 4,299 0 0 0 2,149 2,150 0
국고보조금 2,855 0 2,855 0 0 0 1,427 1,428 0
시도비 952 0 952 0 0 0 476 476 0
시군구비 952 460 492 0 0 0 246 246 0
정남공공하수처리시
설 증설사업
기간:2024.12.~2030.12.
대상:공공하수처리시설(정
남면 발산리 50번지 일원)
Y 환
경부 N N N N Y N 계 19,171 1,300 17,871 0 0 3,300 6,769 7,803 0
- 206 -
- 207 -
세세부부사사업업계계획획서서
회계연도 : 2026년
회계구분 : 일반 , 특별회계 , 기금
분    야 : 전체
부    문 : 전체 (단위 : 백만원)
분야ㆍ부문ㆍ정책ㆍ단위ㆍ세부사
업 사 업 개 요 국가계
획
투
자
심
사
지
방
채
BTL
의무지출
재원 총사업비 기투자
연     도     별     투     자     계     획
향  후
법
정
보
조
이
자 소  계 2026 2027 2028 2029 2030
N N N N Y N
시도비 7,468 250 7,218 1,406 2,325 3,487 0 0 0
시군구비 34,042 3,700 30,342 706 2,401 6,728 8,027 12,480 0
동탄2 수질복원센터
증설사업
기간:2021.06.~2029.09.
위치:방교동 795번지 일
원
규모:처리장 Q=36,000톤
/일 증설
내용:하수처리장 증설
Y 환
경부 N N N N Y N
계 66,702 26,471 40,231 9,517 15,358 15,357 0 0 0
의무 66,702 26,471 40,231 9,517 15,358 15,357 0 0 0
국고보조금 16,008 495 15,513 7,055 4,229 4,229 0 0 0
시도비 5,336 165 5,171 1,340 1,916 1,915 0 0 0
시군구비 45,358 25,811 19,547 1,122 9,213 9,213 0 0 0
장안면 노진리 소규
모 공공하수도 설치
사업
기간: 2023. 09. ~ 2030.
12.
위치: 장안면 노진리 
규모: 소규모 공공하수
처리시설 Q=200톤/일,
하수관로 L=11.2km
내용: 공공하수처리시
설 설치
N N N N Y N
계 12,156 1,200 10,956 0 0 0 4,950 6,006 0
의무 12,156 1,200 10,956 0 0 0 4,950 6,006 0
국고보조금 7,294 0 7,294 0 0 0 2,970 4,324 0
시도비 2,431 0 2,431 0 0 0 990 1,441 0
시군구비 2,431 1,200 1,231 0 0 0 990 241 0
양감공공하수처리시
설 증설사업
기간:2024.8. ~2030.9.
대상:양감면 신왕리 일
원
규모:처리장 증설 Q=300
㎥/일
내용:공공하수처리시설
증설
Y 환
경부 N N N N Y N
계 4,759 460 4,299 0 0 0 2,149 2,150 0
의무 4,759 460 4,299 0 0 0 2,149 2,150 0
국고보조금 2,855 0 2,855 0 0 0 1,427 1,428 0
시도비 952 0 952 0 0 0 476 476 0
시군구비 952 460 492 0 0 0 246 246 0
정남공공하수처리시
설 증설사업
기간:2024.12.~2030.12.
대상:공공하수처리시설(정
남면 발산리 50번지 일원)
Y 환
경부 N N N N Y N 계 19,171 1,300 17,871 0 0 3,300 6,769 7,803 0
- 207 -
- 208 -
세세부부사사업업계계획획서서
회계연도 : 2026년
회계구분 : 일반 , 특별회계 , 기금
분    야 : 전체
부    문 : 전체 (단위 : 백만원)
분야ㆍ부문ㆍ정책ㆍ단위ㆍ세부사
업 사 업 개 요 국가계
획
투
자
심
사
지
방
채
BTL
의무지출
재원 총사업비 기투자
연     도     별     투     자     계     획
향  후
법
정
보
조
이
자 소  계 2026 2027 2028 2029 2030
규모:공공하수처리시설 
증설(Q=3,000톤/일)
내용:공공하수처리시설 증설 N N N N Y N
의무 19,171 1,300 17,871 0 0 3,300 6,769 7,803 0
국고보조금 11,503 0 11,503 0 0 2,300 4,602 4,602 0
시도비 3,834 0 3,834 0 0 500 1,667 1,667 0
시군구비 3,834 1,300 2,534 0 0 500 500 1,534 0
하수관로  설치 166,652 33,606 133,046 16,131 37,750 23,310 27,620 28,237 0
정남 하수처리구역
하수관로 설치공사
기간:2020.06.~2029.03.
대상:정남면 일원
규모:하수관로 L=67km,
1,870가구
내용:하수관로 설치
Y 환
경부 N N N N Y N
계 38,992 3,533 35,459 1,000 17,230 17,230 0 0 0
의무 38,992 3,533 35,459 1,000 17,230 17,230 0 0 0
국고보조금 23,395 0 23,395 600 11,398 11,398 0 0 0
시도비 7,799 0 7,799 200 3,800 3,800 0 0 0
시군구비 7,798 3,533 4,265 200 2,033 2,033 0 0 0
남양 하수처리구역
하수관로 설치공사
기간:2020.03.~2026.03.
대상:남양읍 일원
규모:하수관로 L=
18.4km, 배수설비 628가
구
내용:하수관로 설치
Y 환
경부 N N N N Y N
계 27,980 8,356 19,624 7,907 11,718 0 0 0 0
의무 27,980 8,356 19,624 7,907 11,718 0 0 0 0
국고보조금 16,788 2,142 14,646 5,858 8,788 0 0 0 0
시도비 5,596 714 4,882 1,953 2,930 0 0 0 0
시군구비 5,596 5,500 96 96 0 0 0 0 0
우정 하수처리구역
하수관로 설치공사
기간:2020.06.~2025.11.
대상:우정읍 일원
규모:하수관로 L=
16.5km, 배수설비 431가
구
내용:하수관로 설치
Y 환
경부 N N N N Y N
계 17,988 17,988 0 0 0 0 0 0 0
의무 17,988 17,988 0 0 0 0 0 0 0
균특보조금 12,592 12,592 0 0 0 0 0 0 0
- 209 -
세세부부사사업업계계획획서서
회계연도 : 2026년
회계구분 : 일반 , 특별회계 , 기금
분    야 : 전체
부    문 : 전체 (단위 : 백만원)
분야ㆍ부문ㆍ정책ㆍ단위ㆍ세부사
업 사 업 개 요 국가계
획
투
자
심
사
지
방
채
BTL
의무지출
재원 총사업비 기투자
연     도     별     투     자     계     획
향  후
법
정
보
조
이
자 소  계 2026 2027 2028 2029 2030
N N N N Y N 시군구비 5,396 5,396 0 0 0 0 0 0 0
서신면 백미리 일원
오수관로 설치공사
기간:2021.04.~2027.07.
.
대상:서신면 백미리 일
원
규모:오수관로 9.3km,
배수설비 129가구
내용:오수관로 설치
Y 환
경부 N N N N Y N
계 7,047 1,600 5,447 2,724 2,723 0 0 0 0
의무 7,047 1,600 5,447 2,724 2,723 0 0 0 0
국고보조금 3,928 0 3,928 1,964 1,964 0 0 0 0
시도비 1,519 0 1,519 760 759 0 0 0 0
시군구비 1,600 1,600 0 0 0 0 0 0 0
와우 하수처리구역
하수관로 설치공사
기간:2021.05.~2030.12.
위치:기배동 일원
규모:하수관로 신설 L=
5.354km, 오수(중계)펌
프장 Q=11,250톤/일
내용:관로 설치
Y 환
경부 N N N N Y N
계 11,899 889 11,010 0 300 300 5,205 5,205 0
의무 11,899 889 11,010 0 300 300 5,205 5,205 0
균특보조금 7,274 639 6,635 0 300 300 3,018 3,018 0
시군구비 4,625 250 4,375 0 0 0 2,188 2,188 0
하수관로 개선/정비
기간:연례반복
대상:관내
규모:4개소
내용:오수관로 설치 및
기존관로 정비
N N N N N N
계 7,560 0 7,560 0 1,280 1,280 2,500 2,500 0
재량 7,560 0 7,560 0 1,280 1,280 2,500 2,500 0
시군구비 7,560 0 7,560 0 1,280 1,280 2,500 2,500 0
정남하수처리구역
하수관로 설치공사(
2단계)
기간:2020.06.~2030.12.
대상:정남면 일원
규모:하수관로 L=67km,
1,870가구
내용:하수관로 설치
Y 환
경부 N N N N Y N
계 23,769 940 22,829 0 0 0 11,915 10,915 0
의무 23,769 940 22,829 0 0 0 11,915 10,915 0
균특보조금 14,261 0 14,261 0 0 0 7,431 6,831 0
시도비 4,754 0 4,754 0 0 0 2,477 2,277 0
시군구비 4,754 940 3,814 0 0 0 2,007 1,807 0
- 208 -
- 209 -
세세부부사사업업계계획획서서
회계연도 : 2026년
회계구분 : 일반 , 특별회계 , 기금
분    야 : 전체
부    문 : 전체 (단위 : 백만원)
분야ㆍ부문ㆍ정책ㆍ단위ㆍ세부사
업 사 업 개 요 국가계
획
투
자
심
사
지
방
채
BTL
의무지출
재원 총사업비 기투자
연     도     별     투     자     계     획
향  후
법
정
보
조
이
자 소  계 2026 2027 2028 2029 2030
N N N N Y N 시군구비 5,396 5,396 0 0 0 0 0 0 0
서신면 백미리 일원
오수관로 설치공사
기간:2021.04.~2027.07.
.
대상:서신면 백미리 일
원
규모:오수관로 9.3km,
배수설비 129가구
내용:오수관로 설치
Y 환
경부 N N N N Y N
계 7,047 1,600 5,447 2,724 2,723 0 0 0 0
의무 7,047 1,600 5,447 2,724 2,723 0 0 0 0
국고보조금 3,928 0 3,928 1,964 1,964 0 0 0 0
시도비 1,519 0 1,519 760 759 0 0 0 0
시군구비 1,600 1,600 0 0 0 0 0 0 0
와우 하수처리구역
하수관로 설치공사
기간:2021.05.~2030.12.
위치:기배동 일원
규모:하수관로 신설 L=
5.354km, 오수(중계)펌
프장 Q=11,250톤/일
내용:관로 설치
Y 환
경부 N N N N Y N
계 11,899 889 11,010 0 300 300 5,205 5,205 0
의무 11,899 889 11,010 0 300 300 5,205 5,205 0
균특보조금 7,274 639 6,635 0 300 300 3,018 3,018 0
시군구비 4,625 250 4,375 0 0 0 2,188 2,188 0
하수관로 개선/정비
기간:연례반복
대상:관내
규모:4개소
내용:오수관로 설치 및
기존관로 정비
N N N N N N
계 7,560 0 7,560 0 1,280 1,280 2,500 2,500 0
재량 7,560 0 7,560 0 1,280 1,280 2,500 2,500 0
시군구비 7,560 0 7,560 0 1,280 1,280 2,500 2,500 0
정남하수처리구역
하수관로 설치공사(
2단계)
기간:2020.06.~2030.12.
대상:정남면 일원
규모:하수관로 L=67km,
1,870가구
내용:하수관로 설치
Y 환
경부 N N N N Y N
계 23,769 940 22,829 0 0 0 11,915 10,915 0
의무 23,769 940 22,829 0 0 0 11,915 10,915 0
균특보조금 14,261 0 14,261 0 0 0 7,431 6,831 0
시도비 4,754 0 4,754 0 0 0 2,477 2,277 0
시군구비 4,754 940 3,814 0 0 0 2,007 1,807 0
- 209 -
- 210 -
세세부부사사업업계계획획서서
회계연도 : 2026년
회계구분 : 일반 , 특별회계 , 기금
분    야 : 전체
부    문 : 전체 (단위 : 백만원)
분야ㆍ부문ㆍ정책ㆍ단위ㆍ세부사
업 사 업 개 요 국가계
획
투
자
심
사
지
방
채
BTL
의무지출
재원 총사업비 기투자
연     도     별     투     자     계     획
향  후
법
정
보
조
이
자 소  계 2026 2027 2028 2029 2030
서신 하수처리구역
하수관로 설치공사
기간:2017.~2030.
대상:관내
규모:하수관로설치
내용:하수관로설치
Y 환
경부 N N N N Y N
계 8,917 300 8,617 0 0 0 3,500 5,117 0
의무 8,917 300 8,617 0 0 0 3,500 5,117 0
국고보조금 5,350 0 5,350 0 0 0 2,100 3,250 0
시도비 1,783 0 1,783 0 0 0 700 1,083 0
시군구비 1,784 300 1,484 0 0 0 700 784 0
동탄2 수질복원센터
유입 압송관로(차집
관로) 신설 공사
기간:2026~2030
대상:관내
규모:오수중계펌프장
설치 1식 등
내용: 우회 압송관로 설
치
N N N N N N
계 22,500 0 22,500 4,500 4,500 4,500 4,500 4,500 0
재량 22,500 0 22,500 4,500 4,500 4,500 4,500 4,500 0
시군구비 22,500 0 22,500 4,500 4,500 4,500 4,500 4,500 0
우수관로 유지관리 24,450 0 24,450 4,890 4,890 4,890 4,890 4,890 0
우수관로 설치
기간: 2023.01~2028.12.
대상:화성시 일원
규모:우수관로 정비 L=7.23km,
빗물펌프장 신설 2개소, 배수펌
프장 증설 90㎥/분
내용: 상습침수 또는 노후화된
우수관로 사업대상지 선정 후 정
비
N N N N N N
계 12,400 0 12,400 2,480 2,480 2,480 2,480 2,480 0
재량 12,400 0 12,400 2,480 2,480 2,480 2,480 2,480 0
시군구비 12,400 0 12,400 2,480 2,480 2,480 2,480 2,480 0
우수관로 유지관리
기간:2026.~2027.
대상:관내 우수시설물
160km
내용:우수시설물 DB구축
및 정확도 개선
N N N Y N N
계 12,050 0 12,050 2,410 2,410 2,410 2,410 2,410 0
의무 12,050 0 12,050 2,410 2,410 2,410 2,410 2,410 0
시군구비 12,050 0 12,050 2,410 2,410 2,410 2,410 2,410 0
공공하수처리시설 관리 410,053 0 410,053 82,473 83,163 81,473 81,473 81,473 0
공공하수처리시설
수리, 교체 및 유지
관리비
기간:연례반복
대상:공공하수처리시설
규모:공공하수처리시설(8개소),
마을하수처리시설(24개소) 오수
중계펌프장(213개소)
내용:공공하수처리시설 유지관
리
N N N N N N
계 73,695 0 73,695 14,739 14,739 14,739 14,739 14,739 0
재량 73,695 0 73,695 14,739 14,739 14,739 14,739 14,739 0
- 211 -
세세부부사사업업계계획획서서
회계연도 : 2026년
회계구분 : 일반 , 특별회계 , 기금
분    야 : 전체
부    문 : 전체 (단위 : 백만원)
분야ㆍ부문ㆍ정책ㆍ단위ㆍ세부사
업 사 업 개 요 국가계
획
투
자
심
사
지
방
채
BTL
의무지출
재원 총사업비 기투자
연     도     별     투     자     계     획
향  후
법
정
보
조
이
자 소  계 2026 2027 2028 2029 2030
N N N N N N 시군구비 73,695 0 73,695 14,739 14,739 14,739 14,739 14,739 0
하수처리 위탁비용(
수원,오산)
기간:연례반복
대상:수원시, 오산시
규모:하수처리시설 2개
소 
내용:타 지자체 위탁처
리 비용 납부
N N N N N N
계 78,000 0 78,000 15,600 15,600 15,600 15,600 15,600 0
재량 78,000 0 78,000 15,600 15,600 15,600 15,600 15,600 0
시군구비 78,000 0 78,000 15,600 15,600 15,600 15,600 15,600 0
민간투자사업 공공
하수처리시설 위탁
비용
기간:연례반복
대상:공공하수처리시설
규모:공공하수처리시설
109개소
내용:민간투자사업 비
용 납부
N N N N N N
계 92,500 0 92,500 18,500 18,500 18,500 18,500 18,500 0
재량 92,500 0 92,500 18,500 18,500 18,500 18,500 18,500 0
시군구비 92,500 0 92,500 18,500 18,500 18,500 18,500 18,500 0
공공하수처리시설
관리업무 대행비용
기간:연례반복
대상:공공하수처리시설
규모:공공하수도 시설
250개소
내용:공공하수처리시설
관리대행 비용 납부
N N N N N N
계 73,723 0 73,723 14,745 14,745 14,745 14,745 14,745 0
재량 73,723 0 73,723 14,745 14,745 14,745 14,745 14,745 0
시군구비 73,723 0 73,723 14,745 14,745 14,745 14,745 14,745 0
공공하수처리시설
전기요금
기간:연례반복
대상:공공하수처리시설
규모:공공하수처리시설
245개소
내용:공공하수처리시설
전기요금 납부
N N N N N N
계 4,900 0 4,900 980 980 980 980 980 0
재량 4,900 0 4,900 980 980 980 980 980 0
시군구비 4,900 0 4,900 980 980 980 980 980 0
공공하수처리시설
슬러지 처리비
기간:연례반복
대상:공공하수처리시설
규모:공공하수처리시설
245개소
내용:하수슬러지 및 협
잡물 위탁 처리
N N N N N N
계 41,000 0 41,000 8,200 8,200 8,200 8,200 8,200 0
재량 41,000 0 41,000 8,200 8,200 8,200 8,200 8,200 0
시군구비 41,000 0 41,000 8,200 8,200 8,200 8,200 8,200 0
공공하수처리시설
약품비
기간:연례반복
대상:공공하수처리시설
규모:공공하수처리시설  245개소
내용:공공하수처리시설 수처리
공정에 필요한 약품 구입
N N N N N N
계 13,000 0 13,000 2,600 2,600 2,600 2,600 2,600 0
재량 13,000 0 13,000 2,600 2,600 2,600 2,600 2,600 0
- 210 -
- 211 -
세세부부사사업업계계획획서서
회계연도 : 2026년
회계구분 : 일반 , 특별회계 , 기금
분    야 : 전체
부    문 : 전체 (단위 : 백만원)
분야ㆍ부문ㆍ정책ㆍ단위ㆍ세부사
업 사 업 개 요 국가계
획
투
자
심
사
지
방
채
BTL
의무지출
재원 총사업비 기투자
연     도     별     투     자     계     획
향  후
법
정
보
조
이
자 소  계 2026 2027 2028 2029 2030
N N N N N N 시군구비 73,695 0 73,695 14,739 14,739 14,739 14,739 14,739 0
하수처리 위탁비용(
수원,오산)
기간:연례반복
대상:수원시, 오산시
규모:하수처리시설 2개
소 
내용:타 지자체 위탁처
리 비용 납부
N N N N N N
계 78,000 0 78,000 15,600 15,600 15,600 15,600 15,600 0
재량 78,000 0 78,000 15,600 15,600 15,600 15,600 15,600 0
시군구비 78,000 0 78,000 15,600 15,600 15,600 15,600 15,600 0
민간투자사업 공공
하수처리시설 위탁
비용
기간:연례반복
대상:공공하수처리시설
규모:공공하수처리시설
109개소
내용:민간투자사업 비
용 납부
N N N N N N
계 92,500 0 92,500 18,500 18,500 18,500 18,500 18,500 0
재량 92,500 0 92,500 18,500 18,500 18,500 18,500 18,500 0
시군구비 92,500 0 92,500 18,500 18,500 18,500 18,500 18,500 0
공공하수처리시설
관리업무 대행비용
기간:연례반복
대상:공공하수처리시설
규모:공공하수도 시설
250개소
내용:공공하수처리시설
관리대행 비용 납부
N N N N N N
계 73,723 0 73,723 14,745 14,745 14,745 14,745 14,745 0
재량 73,723 0 73,723 14,745 14,745 14,745 14,745 14,745 0
시군구비 73,723 0 73,723 14,745 14,745 14,745 14,745 14,745 0
공공하수처리시설
전기요금
기간:연례반복
대상:공공하수처리시설
규모:공공하수처리시설
245개소
내용:공공하수처리시설
전기요금 납부
N N N N N N
계 4,900 0 4,900 980 980 980 980 980 0
재량 4,900 0 4,900 980 980 980 980 980 0
시군구비 4,900 0 4,900 980 980 980 980 980 0
공공하수처리시설
슬러지 처리비
기간:연례반복
대상:공공하수처리시설
규모:공공하수처리시설
245개소
내용:하수슬러지 및 협
잡물 위탁 처리
N N N N N N
계 41,000 0 41,000 8,200 8,200 8,200 8,200 8,200 0
재량 41,000 0 41,000 8,200 8,200 8,200 8,200 8,200 0
시군구비 41,000 0 41,000 8,200 8,200 8,200 8,200 8,200 0
공공하수처리시설
약품비
기간:연례반복
대상:공공하수처리시설
규모:공공하수처리시설  245개소
내용:공공하수처리시설 수처리
공정에 필요한 약품 구입
N N N N N N
계 13,000 0 13,000 2,600 2,600 2,600 2,600 2,600 0
재량 13,000 0 13,000 2,600 2,600 2,600 2,600 2,600 0
- 211 -
- 212 -
세세부부사사업업계계획획서서
회계연도 : 2026년
회계구분 : 일반 , 특별회계 , 기금
분    야 : 전체
부    문 : 전체 (단위 : 백만원)
분야ㆍ부문ㆍ정책ㆍ단위ㆍ세부사
업 사 업 개 요 국가계
획
투
자
심
사
지
방
채
BTL
의무지출
재원 총사업비 기투자
연     도     별     투     자     계     획
향  후
법
정
보
조
이
자 소  계 2026 2027 2028 2029 2030
N N N N N N 시군구비 13,000 0 13,000 2,600 2,600 2,600 2,600 2,600 0
공공하수도(공공하
수처리시설, 하수관
로) 기술진단
기간:매5년
대상:공공하수처리시설,  공공하
수관로
규모:공공하수처리시설 향남2 서
신 등,공공하수관로 L=100km
내용:공공하수처리시설, 공공하
수관로 기술진단 실시 및 개선방
안 도출 후 시설 개선
N N N N N N
계 12,420 0 12,420 2,484 2,484 2,484 2,484 2,484 0
재량 12,420 0 12,420 2,484 2,484 2,484 2,484 2,484 0
시군구비 12,420 0 12,420 2,484 2,484 2,484 2,484 2,484 0
하수관로 유지관리
기간:연례반복
대상:오수관로
규모:단가 공사
내용:오수관로 
보수,준설
N N N N N N
계 18,125 0 18,125 3,625 3,625 3,625 3,625 3,625 0
재량 18,125 0 18,125 3,625 3,625 3,625 3,625 3,625 0
시군구비 18,125 0 18,125 3,625 3,625 3,625 3,625 3,625 0
화성시 하수도정비
기본계획(변경) 수
립용역
기간:2026. 3. ~ 2027. 3.
내용:하수도정비기본계
획 수립
N N N N N N
계 2,690 0 2,690 1,000 1,690 0 0 0 0
재량 2,690 0 2,690 1,000 1,690 0 0 0 0
시군구비 2,690 0 2,690 1,000 1,690 0 0 0 0
노후 우수관로 정비 19,362 10,917 8,445 4,223 4,223 0 0 0 0
노후 우수관로 정비
(2단계)
기간:2023.06.~2027.02.
대상:봉담 외 12개 처리분
구
규모:노후우수관로 교체(
D300~1,200) L=11.66km
내용:구도심 내 20년 이상
경과 노후 우수관 중 보수
가 시급한 우수관 정비
Y 환
경부 N N N N Y N
계 19,362 10,917 8,445 4,223 4,223 0 0 0 0
의무 19,362 10,917 8,445 4,223 4,223 0 0 0 0
균특보조금 9,650 5,450 4,200 2,100 2,100 0 0 0 0
시군구비 9,712 5,467 4,245 2,123 2,123 0 0 0 0
분뇨처리 관리 15,304 0 15,304 3,061 3,061 3,061 3,061 3,061 0
분뇨처리 위탁비용(
오산환경사업소)
기간:연례반복
대상:오산시 환경사업소
규모:분뇨반입량 200kl(일)
처리
내용:분뇨처리 위탁 비용
납부
N N N N N N
계 15,304 0 15,304 3,061 3,061 3,061 3,061 3,061 0
재량 15,304 0 15,304 3,061 3,061 3,061 3,061 3,061 0
- 213 -
세세부부사사업업계계획획서서
회계연도 : 2026년
회계구분 : 일반 , 특별회계 , 기금
분    야 : 전체
부    문 : 전체 (단위 : 백만원)
분야ㆍ부문ㆍ정책ㆍ단위ㆍ세부사
업 사 업 개 요 국가계
획
투
자
심
사
지
방
채
BTL
의무지출
재원 총사업비 기투자
연     도     별     투     자     계     획
향  후
법
정
보
조
이
자 소  계 2026 2027 2028 2029 2030
N N N N N N 시군구비 15,304 0 15,304 3,061 3,061 3,061 3,061 3,061 0
폐기물 963,312 465 584,035 148,284 145,908 145,956 69,915 73,973 378,812
자원 순환형 친환경 도시
조성 958,541 465 579,264 147,468 145,011 144,969 68,928 72,888 378,812
생활폐기물 처리 및 관
리 384,636 0 384,636 106,527 106,527 106,527 30,527 34,527 0
청소업무 민간대행
위탁
기간:2025.01~2030.12
대상:화성시 전지역
규모:청소인원 707명,
청소차량 190대
내용:화성시 생활폐기
물 수집운반 대행
N N N Y N N
계 283,211 0 283,211 88,042 88,042 88,042 9,042 10,042 0
의무 283,211 0 283,211 88,042 88,042 88,042 9,042 10,042 0
시군구비 283,211 0 283,211 88,042 88,042 88,042 9,042 10,042 0
종량제봉투 제작 및
판매
기간: 2026. 1. ~ 2030.
12.
대상: 화성시민
규모: 화성시 전지역
내용: 종량제봉투 제작
및 판매
N N N Y N N
계 14,901 0 14,901 2,980 2,980 2,980 2,980 2,980 0
의무 14,901 0 14,901 2,980 2,980 2,980 2,980 2,980 0
시군구비 14,901 0 14,901 2,980 2,980 2,980 2,980 2,980 0
생활폐기물 처리
기간:2026년~2030년
대상:화성시 전역
규모:생활쓰레기 처리
량(톤)
내용:관내 발생 생활폐
기물 처리
N N N N N N
계 83,329 0 83,329 14,866 14,866 14,866 17,866 20,866 0
재량 83,329 0 83,329 14,866 14,866 14,866 17,866 20,866 0
시군구비 83,329 0 83,329 14,866 14,866 14,866 17,866 20,866 0
자원화시설 운영
기간: 2026.1.~2030.12.
위치: 팔탄면 터넉골로 120
번길 61
규모: 인력 30명
내용: 관내 발생 폐기물의
적환 및 위탁 처리를 위한
자원화시설 운영 
N N N N N N
계 3,196 0 3,196 639 639 639 639 639 0
재량 3,196 0 3,196 639 639 639 639 639 0
시군구비 3,196 0 3,196 639 639 639 639 639 0
폐기물의 재활용 및 자
원화 33,898 0 33,898 6,780 6,780 6,780 6,780 6,780 0
재활용센터 설치 및
운영
기간:연례반복
대상 : 화성시 전체 주민 N N N Y N N 계 2,500 0 2,500 500 500 500 500 500 0
- 212 -
- 213 -
세세부부사사업업계계획획서서
회계연도 : 2026년
회계구분 : 일반 , 특별회계 , 기금
분    야 : 전체
부    문 : 전체 (단위 : 백만원)
분야ㆍ부문ㆍ정책ㆍ단위ㆍ세부사
업 사 업 개 요 국가계
획
투
자
심
사
지
방
채
BTL
의무지출
재원 총사업비 기투자
연     도     별     투     자     계     획
향  후
법
정
보
조
이
자 소  계 2026 2027 2028 2029 2030
N N N N N N 시군구비 15,304 0 15,304 3,061 3,061 3,061 3,061 3,061 0
폐기물 963,312 465 584,035 148,284 145,908 145,956 69,915 73,973 378,812
자원 순환형 친환경 도시
조성 958,541 465 579,264 147,468 145,011 144,969 68,928 72,888 378,812
생활폐기물 처리 및 관
리 384,636 0 384,636 106,527 106,527 106,527 30,527 34,527 0
청소업무 민간대행
위탁
기간:2025.01~2030.12
대상:화성시 전지역
규모:청소인원 707명,
청소차량 190대
내용:화성시 생활폐기
물 수집운반 대행
N N N Y N N
계 283,211 0 283,211 88,042 88,042 88,042 9,042 10,042 0
의무 283,211 0 283,211 88,042 88,042 88,042 9,042 10,042 0
시군구비 283,211 0 283,211 88,042 88,042 88,042 9,042 10,042 0
종량제봉투 제작 및
판매
기간: 2026. 1. ~ 2030.
12.
대상: 화성시민
규모: 화성시 전지역
내용: 종량제봉투 제작
및 판매
N N N Y N N
계 14,901 0 14,901 2,980 2,980 2,980 2,980 2,980 0
의무 14,901 0 14,901 2,980 2,980 2,980 2,980 2,980 0
시군구비 14,901 0 14,901 2,980 2,980 2,980 2,980 2,980 0
생활폐기물 처리
기간:2026년~2030년
대상:화성시 전역
규모:생활쓰레기 처리
량(톤)
내용:관내 발생 생활폐
기물 처리
N N N N N N
계 83,329 0 83,329 14,866 14,866 14,866 17,866 20,866 0
재량 83,329 0 83,329 14,866 14,866 14,866 17,866 20,866 0
시군구비 83,329 0 83,329 14,866 14,866 14,866 17,866 20,866 0
자원화시설 운영
기간: 2026.1.~2030.12.
위치: 팔탄면 터넉골로 120
번길 61
규모: 인력 30명
내용: 관내 발생 폐기물의
적환 및 위탁 처리를 위한
자원화시설 운영 
N N N N N N
계 3,196 0 3,196 639 639 639 639 639 0
재량 3,196 0 3,196 639 639 639 639 639 0
시군구비 3,196 0 3,196 639 639 639 639 639 0
폐기물의 재활용 및 자
원화 33,898 0 33,898 6,780 6,780 6,780 6,780 6,780 0
재활용센터 설치 및
운영
기간:연례반복
대상 : 화성시 전체 주민 N N N Y N N 계 2,500 0 2,500 500 500 500 500 500 0
- 213 -
- 214 -
세세부부사사업업계계획획서서
회계연도 : 2026년
회계구분 : 일반 , 특별회계 , 기금
분    야 : 전체
부    문 : 전체 (단위 : 백만원)
분야ㆍ부문ㆍ정책ㆍ단위ㆍ세부사
업 사 업 개 요 국가계
획
투
자
심
사
지
방
채
BTL
의무지출
재원 총사업비 기투자
연     도     별     투     자     계     획
향  후
법
정
보
조
이
자 소  계 2026 2027 2028 2029 2030
규모:일반투자사업
내용:화성시 재활용센터 운영 N N N Y N N
의무 2,500 0 2,500 500 500 500 500 500 0
시군구비 2,500 0 2,500 500 500 500 500 500 0
다회용기 사용 촉진
지원사업
기간:2025. 1. ~ 2030.
12.
대상:화성시민
규모:음식점 최소 100개
소, 장례식장 1개소 이
상
내용:다회용기 재사용
촉진 지원 및 다회용기
사용 인식 개선
Y 환
경부 N N N N Y N
계 4,040 0 4,040 808 808 808 808 808 0
의무 4,040 0 4,040 808 808 808 808 808 0
국고보조금 1,520 0 1,520 304 304 304 304 304 0
시도비 456 0 456 91 91 91 91 91 0
시군구비 2,064 0 2,064 413 413 413 413 413 0
음식물류 폐기물 처
리사업
기간:2025.01~2030.12
대상:화성시민(동부권 제외
)
규모: 화성시 서부권에서
발생하는 음식물류 폐기물 
내용:음식물류 폐기물 위탁
처리
Y 환
경부 N N N N Y N
계 21,096 0 21,096 4,219 4,219 4,219 4,219 4,219 0
의무 21,096 0 21,096 4,219 4,219 4,219 4,219 4,219 0
시군구비 21,096 0 21,096 4,219 4,219 4,219 4,219 4,219 0
음식물쓰레기 종량
제(RFID) 운영관리
기간:2025.01~2030.12
대상:관내 공동주택 및
단독주택
규모:관내 공동주택 및
단독주택 
내용:음식물류 폐기물
RFID 장비 유지관리
N N N Y N N
계 6,263 0 6,263 1,253 1,253 1,253 1,253 1,253 0
의무 6,263 0 6,263 1,253 1,253 1,253 1,253 1,253 0
시군구비 6,263 0 6,263 1,253 1,253 1,253 1,253 1,253 0
밝고쾌적한생활환경조성 3,674 0 3,674 735 735 735 735 735 0
깨끗한 도로(Clean
Road)만들기
기간: 2025~2030년
대상: 화성시민
규모: 화성시 서남부권
내용: 화성시 서남부권
도로변 및 노면 청소,
관내 전역 동물사체 수
거
N N N N Y N
계 621 0 621 124 124 124 124 124 0
의무 621 0 621 124 124 124 124 124 0
시군구비 621 0 621 124 124 124 124 124 0
시민과 함께하는 품격있
고 깨끗한 도시만들기
기간:2026년~2030년
대상:29개 읍면동 N N N N N N 계 3,053 0 3,053 611 611 611 611 611 0
- 215 -
세세부부사사업업계계획획서서
회계연도 : 2026년
회계구분 : 일반 , 특별회계 , 기금
분    야 : 전체
부    문 : 전체 (단위 : 백만원)
분야ㆍ부문ㆍ정책ㆍ단위ㆍ세부사
업 사 업 개 요 국가계
획
투
자
심
사
지
방
채
BTL
의무지출
재원 총사업비 기투자
연     도     별     투     자     계     획
향  후
법
정
보
조
이
자 소  계 2026 2027 2028 2029 2030
규모:29개 읍면동
내용:읍·면·동별 자원순환 
활동 지원
N N N N N N
재량 3,053 0 3,053 611 611 611 611 611 0
시군구비 3,053 0 3,053 611 611 611 611 611 0
환경기초시설 건립 및
운영 146,732 0 146,732 31,260 28,868 28,868 28,868 28,868 0
그린환경센터 운영(
소각)
기간:2025.01~2030.12
위치:봉담읍 하가등리
107-1번지 일원
규모:300톤/일 (150톤*2
기)
내용:그린환경센터 민
간위탁 운영
N N N Y N N
계 81,546 0 81,546 16,309 16,309 16,309 16,309 16,309 0
의무 81,546 0 81,546 16,309 16,309 16,309 16,309 16,309 0
시군구비 81,546 0 81,546 16,309 16,309 16,309 16,309 16,309 0
그린환경센터 운영(
에코센터)
기간:2025. 1.~2030. 12.
대상:화성시민
규모:환경전시시설 및 환경
교육장, 다목적 구장, 꼬리
명주나비원 등
내용:그린환경센터 에코센
터 운영 및 환경교육 실시
N N N N N N
계 3,747 0 3,747 749 749 749 749 749 0
재량 3,747 0 3,747 749 749 749 749 749 0
시군구비 3,747 0 3,747 749 749 749 749 749 0
그린환경센터 주민
편익시설 운영
기간:2025. 1.~2030. 12.
대상:화성시 전지역
규모:그린환경센터 주민지
원센터 운영
내용:화성그린환경센터 내
주민편익시설 위탁·운영
N N N N N N
계 10,504 0 10,504 2,127 2,094 2,094 2,094 2,094 0
재량 10,504 0 10,504 2,127 2,094 2,094 2,094 2,094 0
시군구비 10,504 0 10,504 2,127 2,094 2,094 2,094 2,094 0
자동집하시설 운영
기간:2026.01~2030.12(반복
)
위치:향남2지구 일원
 규모:관로길이 35.5km(현
재 30.41㎞[이송배관 :
D550, 사업자분 : D500])
내용:향남2지구 자동집하시
설 민간위탁 운영
N N N N N N
계 8,873 0 8,873 1,791 1,771 1,771 1,771 1,771 0
재량 8,873 0 8,873 1,791 1,771 1,771 1,771 1,771 0
시군구비 8,873 0 8,873 1,791 1,771 1,771 1,771 1,771 0
크린에너지센터 운
영
기간:2026. 1. ~ 2030. 12.(
반복)
대상:화성시 동탄, 동부권
규모:건조 사료화 시설(160
톤/일), 혐기성 소화설비(
157톤/일)
내용:음식물류폐기물(동탄,
동부권역) 적정 처리
N N N N N N
계 36,483 0 36,483 7,297 7,297 7,297 7,297 7,297 0
재량 36,483 0 36,483 7,297 7,297 7,297 7,297 7,297 0
시군구비 36,483 0 36,483 7,297 7,297 7,297 7,297 7,297 0
- 214 -
- 215 -
세세부부사사업업계계획획서서
회계연도 : 2026년
회계구분 : 일반 , 특별회계 , 기금
분    야 : 전체
부    문 : 전체 (단위 : 백만원)
분야ㆍ부문ㆍ정책ㆍ단위ㆍ세부사
업 사 업 개 요 국가계
획
투
자
심
사
지
방
채
BTL
의무지출
재원 총사업비 기투자
연     도     별     투     자     계     획
향  후
법
정
보
조
이
자 소  계 2026 2027 2028 2029 2030
규모:29개 읍면동
내용:읍·면·동별 자원순환 
활동 지원
N N N N N N
재량 3,053 0 3,053 611 611 611 611 611 0
시군구비 3,053 0 3,053 611 611 611 611 611 0
환경기초시설 건립 및
운영 146,732 0 146,732 31,260 28,868 28,868 28,868 28,868 0
그린환경센터 운영(
소각)
기간:2025.01~2030.12
위치:봉담읍 하가등리
107-1번지 일원
규모:300톤/일 (150톤*2
기)
내용:그린환경센터 민
간위탁 운영
N N N Y N N
계 81,546 0 81,546 16,309 16,309 16,309 16,309 16,309 0
의무 81,546 0 81,546 16,309 16,309 16,309 16,309 16,309 0
시군구비 81,546 0 81,546 16,309 16,309 16,309 16,309 16,309 0
그린환경센터 운영(
에코센터)
기간:2025. 1.~2030. 12.
대상:화성시민
규모:환경전시시설 및 환경
교육장, 다목적 구장, 꼬리
명주나비원 등
내용:그린환경센터 에코센
터 운영 및 환경교육 실시
N N N N N N
계 3,747 0 3,747 749 749 749 749 749 0
재량 3,747 0 3,747 749 749 749 749 749 0
시군구비 3,747 0 3,747 749 749 749 749 749 0
그린환경센터 주민
편익시설 운영
기간:2025. 1.~2030. 12.
대상:화성시 전지역
규모:그린환경센터 주민지
원센터 운영
내용:화성그린환경센터 내
주민편익시설 위탁·운영
N N N N N N
계 10,504 0 10,504 2,127 2,094 2,094 2,094 2,094 0
재량 10,504 0 10,504 2,127 2,094 2,094 2,094 2,094 0
시군구비 10,504 0 10,504 2,127 2,094 2,094 2,094 2,094 0
자동집하시설 운영
기간:2026.01~2030.12(반복
)
위치:향남2지구 일원
 규모:관로길이 35.5km(현
재 30.41㎞[이송배관 :
D550, 사업자분 : D500])
내용:향남2지구 자동집하시
설 민간위탁 운영
N N N N N N
계 8,873 0 8,873 1,791 1,771 1,771 1,771 1,771 0
재량 8,873 0 8,873 1,791 1,771 1,771 1,771 1,771 0
시군구비 8,873 0 8,873 1,791 1,771 1,771 1,771 1,771 0
크린에너지센터 운
영
기간:2026. 1. ~ 2030. 12.(
반복)
대상:화성시 동탄, 동부권
규모:건조 사료화 시설(160
톤/일), 혐기성 소화설비(
157톤/일)
내용:음식물류폐기물(동탄,
동부권역) 적정 처리
N N N N N N
계 36,483 0 36,483 7,297 7,297 7,297 7,297 7,297 0
재량 36,483 0 36,483 7,297 7,297 7,297 7,297 7,297 0
시군구비 36,483 0 36,483 7,297 7,297 7,297 7,297 7,297 0
- 215 -
- 216 -
세세부부사사업업계계획획서서
회계연도 : 2026년
회계구분 : 일반 , 특별회계 , 기금
분    야 : 전체
부    문 : 전체 (단위 : 백만원)
분야ㆍ부문ㆍ정책ㆍ단위ㆍ세부사
업 사 업 개 요 국가계
획
투
자
심
사
지
방
채
BTL
의무지출
재원 총사업비 기투자
연     도     별     투     자     계     획
향  후
법
정
보
조
이
자 소  계 2026 2027 2028 2029 2030
사용종료매립장 사
후관리
기간:2026. 1 ~ 2030. 12
대상:사용종료매립장
규모: 3개소
내용:사용종료매립장 (
사후)관리 등
N N N Y N N
계 3,237 0 3,237 647 647 647 647 647 0
의무 3,237 0 3,237 647 647 647 647 647 0
시군구비 3,237 0 3,237 647 647 647 647 647 0
황계동 비위생매립
지 정비사업
기간: 2025. 1. ~ 2026.
12.
대상: 화성시민
규모: A=3,806㎡
내용: 황계동 비위생매
립지 정비사업
Y N N N N N
계 2,340 0 2,340 2,340 0 0 0 0 0
재량 2,340 0 2,340 2,340 0 0 0 0 0
시군구비 2,340 0 2,340 2,340 0 0 0 0 0
화성그린환경센터 주변
영향지역 주민지원 10,302 0 10,302 2,145 2,102 2,060 2,018 1,978 0
주변영향지역 주민
지원
기간:연례반복
대상:그린환경센터 주
변영향지역
규모:160세대, 500명
내용:주민건강검진 지
원, 난방비 지원 등
N N N N Y N
계 10,302 0 10,302 2,145 2,102 2,060 2,018 1,978 0
의무 10,302 0 10,302 2,145 2,102 2,060 2,018 1,978 0
시군구비 10,302 0 10,302 2,145 2,102 2,060 2,018 1,978 0
환경기초시설건립및운영
(특별회계) 379,299 465 22 22 0 0 0 0 378,812
화성시 생활폐기물
처리시설 (소각시설
) 신규 설치사업
기간: 2019. 1. ~ 2034.
12.
대상: 화성시 전 지역
시민
규모: 600톤/일(예정)
내용: 폐기물처리시설(
소각시설) 신설
Y N N N N N
계 379,299 465 22 22 0 0 0 0 378,812
재량 379,299 465 22 22 0 0 0 0 378,812
시군구비 379,299 465 22 22 0 0 0 0 378,812
깨끗한 도시환경조성 4,771 0 4,771 816 897 987 987 1,085 0
화장실 관리 4,771 0 4,771 816 897 987 987 1,085 0
공중화장실 위탁 관
리
기간:연례반복
대상:공중화장실
규모:공중화장실 21개소 
내용:공중화장실 위탁관리
N N N N N N
계 4,771 0 4,771 816 897 987 987 1,085 0
재량 4,771 0 4,771 816 897 987 987 1,085 0
- 217 -
세세부부사사업업계계획획서서
회계연도 : 2026년
회계구분 : 일반 , 특별회계 , 기금
분    야 : 전체
부    문 : 전체 (단위 : 백만원)
분야ㆍ부문ㆍ정책ㆍ단위ㆍ세부사
업 사 업 개 요 국가계
획
투
자
심
사
지
방
채
BTL
의무지출
재원 총사업비 기투자
연     도     별     투     자     계     획
향  후
법
정
보
조
이
자 소  계 2026 2027 2028 2029 2030
N N N N N N 시군구비 4,771 0 4,771 816 897 987 987 1,085 0
대기 226,627 0 226,627 44,725 44,725 44,725 45,725 46,725 0
대기환경 보전 226,627 0 226,627 44,725 44,725 44,725 45,725 46,725 0
건강한 생활환경 조성
지원 14,000 0 14,000 2,200 2,200 2,200 3,200 4,200 0
화성시환경재단 운
영
기간: 2026. 1 ~12.
대상: 화성시민
내용: 화성시 환경 교육
및 프로그램 운영
N N N Y N N
계 14,000 0 14,000 2,200 2,200 2,200 3,200 4,200 0
의무 14,000 0 14,000 2,200 2,200 2,200 3,200 4,200 0
시군구비 14,000 0 14,000 2,200 2,200 2,200 3,200 4,200 0
대기질 적정관리ㆍ개선 212,627 0 212,627 42,525 42,525 42,525 42,525 42,525 0
소규모 사업장 방지
시설 설치 지원사업
기간:연례반복
대상:대기배출사업장
규모: 620대
내용:중소기업(4~5종 대
기배출사업장) 사물인
터넷 측정기기 설치비
용 지원
Y 환
경부 N N N N Y N
계 6,360 0 6,360 1,272 1,272 1,272 1,272 1,272 0
의무 6,360 0 6,360 1,272 1,272 1,272 1,272 1,272 0
국고보조금 4,000 0 4,000 800 800 800 800 800 0
시도비 1,000 0 1,000 200 200 200 200 200 0
시군구비 1,360 0 1,360 272 272 272 272 272 0
운행경유차 배출가
스 저감사업
기간:2025.01~2029.12
대상:노후운행경유차
소유주
규모:약 2,749
내용:운행경유차 저공
해화
Y 환
경부 N N N N Y N
계 46,458 0 46,458 9,292 9,292 9,292 9,292 9,292 0
의무 46,458 0 46,458 9,292 9,292 9,292 9,292 9,292 0
국고보조금 23,229 0 23,229 4,646 4,646 4,646 4,646 4,646 0
시도비 2,323 0 2,323 465 465 465 465 465 0
시군구비 20,906 0 20,906 4,181 4,181 4,181 4,181 4,181 0
- 216 -
- 217 -
세세부부사사업업계계획획서서
회계연도 : 2026년
회계구분 : 일반 , 특별회계 , 기금
분    야 : 전체
부    문 : 전체 (단위 : 백만원)
분야ㆍ부문ㆍ정책ㆍ단위ㆍ세부사
업 사 업 개 요 국가계
획
투
자
심
사
지
방
채
BTL
의무지출
재원 총사업비 기투자
연     도     별     투     자     계     획
향  후
법
정
보
조
이
자 소  계 2026 2027 2028 2029 2030
N N N N N N 시군구비 4,771 0 4,771 816 897 987 987 1,085 0
대기 226,627 0 226,627 44,725 44,725 44,725 45,725 46,725 0
대기환경 보전 226,627 0 226,627 44,725 44,725 44,725 45,725 46,725 0
건강한 생활환경 조성
지원 14,000 0 14,000 2,200 2,200 2,200 3,200 4,200 0
화성시환경재단 운
영
기간: 2026. 1 ~12.
대상: 화성시민
내용: 화성시 환경 교육
및 프로그램 운영
N N N Y N N
계 14,000 0 14,000 2,200 2,200 2,200 3,200 4,200 0
의무 14,000 0 14,000 2,200 2,200 2,200 3,200 4,200 0
시군구비 14,000 0 14,000 2,200 2,200 2,200 3,200 4,200 0
대기질 적정관리ㆍ개선 212,627 0 212,627 42,525 42,525 42,525 42,525 42,525 0
소규모 사업장 방지
시설 설치 지원사업
기간:연례반복
대상:대기배출사업장
규모: 620대
내용:중소기업(4~5종 대
기배출사업장) 사물인
터넷 측정기기 설치비
용 지원
Y 환
경부 N N N N Y N
계 6,360 0 6,360 1,272 1,272 1,272 1,272 1,272 0
의무 6,360 0 6,360 1,272 1,272 1,272 1,272 1,272 0
국고보조금 4,000 0 4,000 800 800 800 800 800 0
시도비 1,000 0 1,000 200 200 200 200 200 0
시군구비 1,360 0 1,360 272 272 272 272 272 0
운행경유차 배출가
스 저감사업
기간:2025.01~2029.12
대상:노후운행경유차
소유주
규모:약 2,749
내용:운행경유차 저공
해화
Y 환
경부 N N N N Y N
계 46,458 0 46,458 9,292 9,292 9,292 9,292 9,292 0
의무 46,458 0 46,458 9,292 9,292 9,292 9,292 9,292 0
국고보조금 23,229 0 23,229 4,646 4,646 4,646 4,646 4,646 0
시도비 2,323 0 2,323 465 465 465 465 465 0
시군구비 20,906 0 20,906 4,181 4,181 4,181 4,181 4,181 0
- 217 -
- 218 -
세세부부사사업업계계획획서서
회계연도 : 2026년
회계구분 : 일반 , 특별회계 , 기금
분    야 : 전체
부    문 : 전체 (단위 : 백만원)
분야ㆍ부문ㆍ정책ㆍ단위ㆍ세부사
업 사 업 개 요 국가계
획
투
자
심
사
지
방
채
BTL
의무지출
재원 총사업비 기투자
연     도     별     투     자     계     획
향  후
법
정
보
조
이
자 소  계 2026 2027 2028 2029 2030
전기자동차 구매 지
원
기간:2026~2030
대상:화성시민
규모:연간 4,000여대
내용:전기차보조금지원
Y 환
경부 N N N N Y N
계 125,509 0 125,509 25,102 25,102 25,102 25,102 25,102 0
의무 125,509 0 125,509 25,102 25,102 25,102 25,102 25,102 0
국고보조금 80,343 0 80,343 16,069 16,069 16,069 16,069 16,069 0
시도비 1,470 0 1,470 294 294 294 294 294 0
시군구비 43,696 0 43,696 8,739 8,739 8,739 8,739 8,739 0
수소전기자동차 구
매 지원
기간:2026~2030
대상:신청일 기준 화성
시에 거주하거나 사업
자 등록을 한 자
규모:수소전기자동차
연간 200대 (민간 196대
, 관용 4대)
내용:수소차 구매보조
금 지원
Y 환
경부 N N N N Y N
계 34,300 0 34,300 6,860 6,860 6,860 6,860 6,860 0
의무 34,300 0 34,300 6,860 6,860 6,860 6,860 6,860 0
국고보조금 22,050 0 22,050 4,410 4,410 4,410 4,410 4,410 0
시군구비 12,250 0 12,250 2,450 2,450 2,450 2,450 2,450 0
환경보호일반 21,825 3,956 17,869 4,051 3,452 3,454 3,455 3,457 0
생태환경 개선 4,556 3,956 600 600 0 0 0 0 0
건강한 생태환경 조성
지원 4,556 3,956 600 600 0 0 0 0 0
비봉습지 생물자원
보전시설 설치사업
기간:2021.02~2026.12
위치:비봉면 삼화리, 유
포리 비봉습지공원
규모:연면적 500㎡
내용:생물자원 보전연
구 및 교육시설 설치
Y 환
경부 Y N N N Y N
계 4,556 3,956 600 600 0 0 0 0 0
의무 4,556 3,956 600 600 0 0 0 0 0
국고보조금 1,978 1,978 0 0 0 0 0 0 0
시군구비 2,578 1,978 600 600 0 0 0 0 0
웰빙 녹색도시 구현 8,663 0 8,663 1,733 1,733 1,733 1,733 1,733 0
원활한 생태공원 운영 8,663 0 8,663 1,733 1,733 1,733 1,733 1,733 0
- 219 -
세세부부사사업업계계획획서서
회계연도 : 2026년
회계구분 : 일반 , 특별회계 , 기금
분    야 : 전체
부    문 : 전체 (단위 : 백만원)
분야ㆍ부문ㆍ정책ㆍ단위ㆍ세부사
업 사 업 개 요 국가계
획
투
자
심
사
지
방
채
BTL
의무지출
재원 총사업비 기투자
연     도     별     투     자     계     획
향  후
법
정
보
조
이
자 소  계 2026 2027 2028 2029 2030
생태공원 운영
기간:2025.1.1.~2029.12.31.
규모:시립 반석산 에코스쿨: 부지면적 
8,500㎡, 연면적 2,085.75㎡ (지상 2층, 
지하 1층),  비봉습지: 475,343㎡ 
(개방면적: 224,905㎡, 47.3%, 
미개방면적: 250.438㎡, 52.7%)
내용:차별화된 전시·생태교육·체험을 
제공하여 환경교육 활성화로 환경교육 
네트워크 강화, 생태계 보전을 통해 
습지생태를 체험·학습할 수 있는
도심 속 생태 휴식공간 운영
N N N N N N
계 8,663 0 8,663 1,733 1,733 1,733 1,733 1,733 0
재량 8,663 0 8,663 1,733 1,733 1,733 1,733 1,733 0
시군구비 8,663 0 8,663 1,733 1,733 1,733 1,733 1,733 0
살기좋은 생활환경조성 4,208 0 4,208 842 842 842 842 842 0
건강한 도시환경 조성 4,208 0 4,208 842 842 842 842 842 0
민간환경감시단 운
영
기간: 연례반복
대상: 화성시에 주민등
록 되어 있는자
규모: 15명
내용: 단시간근로자 채
용
N N N N N N
계 1,766 0 1,766 353 353 353 353 353 0
재량 1,766 0 1,766 353 353 353 353 353 0
시군구비 1,766 0 1,766 353 353 353 353 353 0
경기도 유해화학물
질 안전시설 설치·
개선 지원사업
기간: 연례반복
대상: 관내 유해화학물
질 취급사업장
규모: 22개소
내용: 안전시설 설치 및
개선 지원
N N N N N N
계 2,442 0 2,442 488 488 488 488 488 0
재량 2,442 0 2,442 488 488 488 488 488 0
시도비 732 0 732 146 146 146 146 146 0
시군구비 1,709 0 1,709 342 342 342 342 342 0
살기좋은 생활환경 조성(
병점구) 4,399 0 4,399 877 878 880 881 883 0
밝고 쾌적한 생활환경
조성(병점구) 4,399 0 4,399 877 878 880 881 883 0
방치 폐기물 위탁처
리(병점구)
기간: 2025년 ~ 2029년
대상: 동부권
규모: 노면청소차량 폐토사
처리 1,500톤, 방치폐기물
위탁처리 2,100톤
내용: 노면청소차량  폐토
사  및  방치폐기물 위탁처
리
N N N N N N
계 4,399 0 4,399 877 878 880 881 883 0
재량 4,399 0 4,399 877 878 880 881 883 0
시군구비 4,399 0 4,399 877 878 880 881 883 0
사회복지 6,652,252 314,573 6,337,680 1,258,518 1,217,314 1,247,873 1,297,467 1,316,508 0
- 218 -
- 219 -
세세부부사사업업계계획획서서
회계연도 : 2026년
회계구분 : 일반 , 특별회계 , 기금
분    야 : 전체
부    문 : 전체 (단위 : 백만원)
분야ㆍ부문ㆍ정책ㆍ단위ㆍ세부사
업 사 업 개 요 국가계
획
투
자
심
사
지
방
채
BTL
의무지출
재원 총사업비 기투자
연     도     별     투     자     계     획
향  후
법
정
보
조
이
자 소  계 2026 2027 2028 2029 2030
생태공원 운영
기간:2025.1.1.~2029.12.31.
규모:시립 반석산 에코스쿨: 부지면적 
8,500㎡, 연면적 2,085.75㎡ (지상 2층, 
지하 1층),  비봉습지: 475,343㎡ 
(개방면적: 224,905㎡, 47.3%, 
미개방면적: 250.438㎡, 52.7%)
내용:차별화된 전시·생태교육·체험을 
제공하여 환경교육 활성화로 환경교육 
네트워크 강화, 생태계 보전을 통해 
습지생태를 체험·학습할 수 있는
도심 속 생태 휴식공간 운영
N N N N N N
계 8,663 0 8,663 1,733 1,733 1,733 1,733 1,733 0
재량 8,663 0 8,663 1,733 1,733 1,733 1,733 1,733 0
시군구비 8,663 0 8,663 1,733 1,733 1,733 1,733 1,733 0
살기좋은 생활환경조성 4,208 0 4,208 842 842 842 842 842 0
건강한 도시환경 조성 4,208 0 4,208 842 842 842 842 842 0
민간환경감시단 운
영
기간: 연례반복
대상: 화성시에 주민등
록 되어 있는자
규모: 15명
내용: 단시간근로자 채
용
N N N N N N
계 1,766 0 1,766 353 353 353 353 353 0
재량 1,766 0 1,766 353 353 353 353 353 0
시군구비 1,766 0 1,766 353 353 353 353 353 0
경기도 유해화학물
질 안전시설 설치·
개선 지원사업
기간: 연례반복
대상: 관내 유해화학물
질 취급사업장
규모: 22개소
내용: 안전시설 설치 및
개선 지원
N N N N N N
계 2,442 0 2,442 488 488 488 488 488 0
재량 2,442 0 2,442 488 488 488 488 488 0
시도비 732 0 732 146 146 146 146 146 0
시군구비 1,709 0 1,709 342 342 342 342 342 0
살기좋은 생활환경 조성(
병점구) 4,399 0 4,399 877 878 880 881 883 0
밝고 쾌적한 생활환경
조성(병점구) 4,399 0 4,399 877 878 880 881 883 0
방치 폐기물 위탁처
리(병점구)
기간: 2025년 ~ 2029년
대상: 동부권
규모: 노면청소차량 폐토사
처리 1,500톤, 방치폐기물
위탁처리 2,100톤
내용: 노면청소차량  폐토
사  및  방치폐기물 위탁처
리
N N N N N N
계 4,399 0 4,399 877 878 880 881 883 0
재량 4,399 0 4,399 877 878 880 881 883 0
시군구비 4,399 0 4,399 877 878 880 881 883 0
사회복지 6,652,252 314,573 6,337,680 1,258,518 1,217,314 1,247,873 1,297,467 1,316,508 0
- 219 -
- 220 -
세세부부사사업업계계획획서서
회계연도 : 2026년
회계구분 : 일반 , 특별회계 , 기금
분    야 : 전체
부    문 : 전체 (단위 : 백만원)
분야ㆍ부문ㆍ정책ㆍ단위ㆍ세부사
업 사 업 개 요 국가계
획
투
자
심
사
지
방
채
BTL
의무지출
재원 총사업비 기투자
연     도     별     투     자     계     획
향  후
법
정
보
조
이
자 소  계 2026 2027 2028 2029 2030
기초생활보장 498,635 0 498,635 98,681 99,312 99,755 100,210 100,678 0
저소득층 생활안정 지원 330,603 0 330,603 65,074 65,706 66,148 66,603 67,071 0
기초생활보장 내실화 305,050 0 305,050 60,450 60,850 61,050 61,250 61,450 0
생계급여(일반) 지
원
기간:2025년~2029년
대상:저소득층(수급자)
규모:10,295명
내용:저소득 수급자에
게 생계급여 지급
Y 보
건복
지부
N N N Y N N
계 293,250 0 293,250 58,650 58,650 58,650 58,650 58,650 0
의무 293,250 0 293,250 58,650 58,650 58,650 58,650 58,650 0
국고보조금 263,925 0 263,925 52,785 52,785 52,785 52,785 52,785 0
시도비 20,528 0 20,528 4,106 4,106 4,106 4,106 4,106 0
시군구비 8,798 0 8,798 1,760 1,760 1,760 1,760 1,760 0
기초생활수급자 명
절위로금 지원
기간:2025.01~2029.12
대상:기초생활수급자(
생계·의료급여 수급자
)
내용:16,000가구
내용:연2회 가구당 10만
원지원
N N N N N N
계 11,800 0 11,800 1,800 2,200 2,400 2,600 2,800 0
재량 11,800 0 11,800 1,800 2,200 2,400 2,600 2,800 0
시군구비 11,800 0 11,800 1,800 2,200 2,400 2,600 2,800 0
의료급여기금특별회계
운영 25,553 0 25,553 4,624 4,856 5,098 5,353 5,621 0
의료급여 수급자 본
인부담금 지원
기간:2025.01~2029.12
대상:의료급여 수급권
자
규모:9,500여명
내용:의료급여수급권자
본인부담금 지원
Y 보
건복
지부
N N N N Y N
계 4,585 0 4,585 830 871 915 961 1,009 0
의무 4,585 0 4,585 830 871 915 961 1,009 0
국고보조금 3,668 0 3,668 664 697 732 768 807 0
시도비 642 0 642 116 122 128 134 141 0
시군구비 275 0 275 50 52 55 58 61 0
자치단체간 부담금
지원
기간:2025년~2029년
대상:의료급여수급권자
규모:9,500여명
내용:진료비 및 위탁수수료 지원
N N N N N N 계 20,968 0 20,968 3,795 3,984 4,184 4,393 4,612 0
- 221 -
세세부부사사업업계계획획서서
회계연도 : 2026년
회계구분 : 일반 , 특별회계 , 기금
분    야 : 전체
부    문 : 전체 (단위 : 백만원)
분야ㆍ부문ㆍ정책ㆍ단위ㆍ세부사
업 사 업 개 요 국가계
획
투
자
심
사
지
방
채
BTL
의무지출
재원 총사업비 기투자
연     도     별     투     자     계     획
향  후
법
정
보
조
이
자 소  계 2026 2027 2028 2029 2030
N N N N N N
재량 20,968 0 20,968 3,795 3,984 4,184 4,393 4,612 0
시군구비 20,968 0 20,968 3,795 3,984 4,184 4,393 4,612 0
저소득층 생활안정 지원 168,033 0 168,033 33,607 33,607 33,607 33,607 33,607 0
밝고 안전한 주거환경
조성 168,033 0 168,033 33,607 33,607 33,607 33,607 33,607 0
주거급여 사업
기간:2026.01~2030.12
대상:주거급여수급자(
기준중위소득 48%이하)
규모:11,892가구 16,892
명
내용:주거급여 지급
Y 국
토교
통부
N N N N Y N
계 168,033 0 168,033 33,607 33,607 33,607 33,607 33,607 0
의무 168,033 0 168,033 33,607 33,607 33,607 33,607 33,607 0
국고보조금 151,229 0 151,229 30,246 30,246 30,246 30,246 30,246 0
시도비 11,762 0 11,762 2,352 2,352 2,352 2,352 2,352 0
시군구비 5,041 0 5,041 1,008 1,008 1,008 1,008 1,008 0
취약계층지원 820,352 25,699 794,653 151,111 145,841 150,201 178,767 168,732 0
취약계층 보호 및 복지 증
진 244,913 25,699 219,214 42,420 36,157 39,448 59,662 41,527 0
사회복지 인프라 지원 186,621 24,953 161,668 31,575 25,298 28,575 48,045 28,175 0
화성시복지재단 운
영
기간:2026.01~2030.12
위치:향남읍 향남로 470
규모:복지재단 1개소
내용:정책연구, 사회서
비스 현장 지원, 사회공
헌, 시설운영
N N N Y N N
계 19,095 0 19,095 3,219 3,219 3,219 4,219 5,219 0
의무 19,095 0 19,095 3,219 3,219 3,219 4,219 5,219 0
시군구비 19,095 0 19,095 3,219 3,219 3,219 4,219 5,219 0
종합사회복지관 운
영
기간:2026.01~2030.12
대상:저소득층
규모:복지관 5개소
내용:복지관 사업비 및
운영비 지원
N N N Y N N
계 69,132 0 69,132 13,226 13,226 13,226 14,226 15,226 0
의무 69,132 0 69,132 13,226 13,226 13,226 14,226 15,226 0
시군구비 69,132 0 69,132 13,226 13,226 13,226 14,226 15,226 0
- 220 -
- 221 -
세세부부사사업업계계획획서서
회계연도 : 2026년
회계구분 : 일반 , 특별회계 , 기금
분    야 : 전체
부    문 : 전체 (단위 : 백만원)
분야ㆍ부문ㆍ정책ㆍ단위ㆍ세부사
업 사 업 개 요 국가계
획
투
자
심
사
지
방
채
BTL
의무지출
재원 총사업비 기투자
연     도     별     투     자     계     획
향  후
법
정
보
조
이
자 소  계 2026 2027 2028 2029 2030
N N N N N N
재량 20,968 0 20,968 3,795 3,984 4,184 4,393 4,612 0
시군구비 20,968 0 20,968 3,795 3,984 4,184 4,393 4,612 0
저소득층 생활안정 지원 168,033 0 168,033 33,607 33,607 33,607 33,607 33,607 0
밝고 안전한 주거환경
조성 168,033 0 168,033 33,607 33,607 33,607 33,607 33,607 0
주거급여 사업
기간:2026.01~2030.12
대상:주거급여수급자(
기준중위소득 48%이하)
규모:11,892가구 16,892
명
내용:주거급여 지급
Y 국
토교
통부
N N N N Y N
계 168,033 0 168,033 33,607 33,607 33,607 33,607 33,607 0
의무 168,033 0 168,033 33,607 33,607 33,607 33,607 33,607 0
국고보조금 151,229 0 151,229 30,246 30,246 30,246 30,246 30,246 0
시도비 11,762 0 11,762 2,352 2,352 2,352 2,352 2,352 0
시군구비 5,041 0 5,041 1,008 1,008 1,008 1,008 1,008 0
취약계층지원 820,352 25,699 794,653 151,111 145,841 150,201 178,767 168,732 0
취약계층 보호 및 복지 증
진 244,913 25,699 219,214 42,420 36,157 39,448 59,662 41,527 0
사회복지 인프라 지원 186,621 24,953 161,668 31,575 25,298 28,575 48,045 28,175 0
화성시복지재단 운
영
기간:2026.01~2030.12
위치:향남읍 향남로 470
규모:복지재단 1개소
내용:정책연구, 사회서
비스 현장 지원, 사회공
헌, 시설운영
N N N Y N N
계 19,095 0 19,095 3,219 3,219 3,219 4,219 5,219 0
의무 19,095 0 19,095 3,219 3,219 3,219 4,219 5,219 0
시군구비 19,095 0 19,095 3,219 3,219 3,219 4,219 5,219 0
종합사회복지관 운
영
기간:2026.01~2030.12
대상:저소득층
규모:복지관 5개소
내용:복지관 사업비 및
운영비 지원
N N N Y N N
계 69,132 0 69,132 13,226 13,226 13,226 14,226 15,226 0
의무 69,132 0 69,132 13,226 13,226 13,226 14,226 15,226 0
시군구비 69,132 0 69,132 13,226 13,226 13,226 14,226 15,226 0
- 221 -
- 222 -
세세부부사사업업계계획획서서
회계연도 : 2026년
회계구분 : 일반 , 특별회계 , 기금
분    야 : 전체
부    문 : 전체 (단위 : 백만원)
분야ㆍ부문ㆍ정책ㆍ단위ㆍ세부사
업 사 업 개 요 국가계
획
투
자
심
사
지
방
채
BTL
의무지출
재원 총사업비 기투자
연     도     별     투     자     계     획
향  후
법
정
보
조
이
자 소  계 2026 2027 2028 2029 2030
황계복지센터 건립
기간:2017. 11. ~ 2025. 5.
위치:황계동 186-43
규모: 대지면적 1,650㎡ /
연면적 497㎡(지하1층 ~ 지
상1층)
내용:황계복지센터 건립
Y N N N N N
계 3,577 3,577 0 0 0 0 0 0 0
재량 3,577 3,577 0 0 0 0 0 0 0
시군구비 3,577 3,577 0 0 0 0 0 0 0
북부종합사회복지관
건립
기간:2019. 10. 1. ~
2028. 8.31.
대상:봉담읍 상리 682
규모:부지면적 6,369㎡,
연면적 12,988㎡ (지하1
층 ~ 지상4층)
내용:북부종합사회복지
관 건립
Y N N N N N
계 59,940 21,376 38,564 8,500 2,224 5,500 22,340 0 0
재량 59,940 21,376 38,564 8,500 2,224 5,500 22,340 0 0
시도비 2,300 2,300 0 0 0 0 0 0 0
시군구비 57,640 19,076 38,564 8,500 2,224 5,500 22,340 0 0
사회복무요원 지원(
전환사업)
기간:2026.01~2030.12
대상:사회복무요원 약
405명
규모:405명
내용:급여 지급
N N N Y N N
계 27,950 0 27,950 5,410 5,410 5,410 5,710 6,010 0
의무 27,950 0 27,950 5,410 5,410 5,410 5,710 6,010 0
시군구비 27,950 0 27,950 5,410 5,410 5,410 5,710 6,010 0
사회복무요원 중식
지원
기간:2026.01~2030.12
대상:사회복무요원
규모:약 405명
내용:중식비 지원
N N N N N N
계 3,222 0 3,222 578 578 578 708 778 0
재량 3,222 0 3,222 578 578 578 708 778 0
시군구비 3,222 0 3,222 578 578 578 708 778 0
화성시금융복지상담
지원센터 운영
기간:연례반복
대상:관내시민
규모:센터 2개소
내용:재무상담 및 금융
교육 등
N N N N N N
계 3,705 0 3,705 641 641 641 841 941 0
재량 3,705 0 3,705 641 641 641 841 941 0
시군구비 3,705 0 3,705 641 641 641 841 941 0
취약계층 사회복지서비
스 지원 58,292 746 57,546 10,845 10,859 10,873 11,617 13,353 0
지역사회보장협의체
운영
기간:2026.01~2030.12
대상:화성시지역사회보장협의체 N N N Y N N 계 2,746 0 2,746 477 477 477 607 707 0
- 223 -
세세부부사사업업계계획획서서
회계연도 : 2026년
회계구분 : 일반 , 특별회계 , 기금
분    야 : 전체
부    문 : 전체 (단위 : 백만원)
분야ㆍ부문ㆍ정책ㆍ단위ㆍ세부사
업 사 업 개 요 국가계
획
투
자
심
사
지
방
채
BTL
의무지출
재원 총사업비 기투자
연     도     별     투     자     계     획
향  후
법
정
보
조
이
자 소  계 2026 2027 2028 2029 2030
규모:대표협의체(위원 36명), 
실무협의체(위원 40명), 
실무분과(11개/ 위
원116명) / 사무국장1명, 팀원3명
내용:지역보장계획 심의 및 읍면동 
협의체 활성화 지원
N N N Y N N
의무 2,746 0 2,746 477 477 477 607 707 0
시군구비 2,746 0 2,746 477 477 477 607 707 0
긴급복지
기간:2026.01~2030.12
대상:저소득층
규모:5849명
내용:위기상황 지원(의
료·주거·교육 등)
Y 보
건복
지부
N N N N Y N
계 28,735 0 28,735 5,287 5,287 5,287 5,687 7,187 0
의무 28,735 0 28,735 5,287 5,287 5,287 5,687 7,187 0
국고보조금 23,248 0 23,248 4,230 4,230 4,230 4,530 6,030 0
시도비 2,744 0 2,744 529 529 529 579 579 0
시군구비 2,744 0 2,744 529 529 529 579 579 0
경기도형 긴급복지
기간:2026.01~2030.12
대상:저소득층
규모:1975명
내용:저소득층 생계지
원
N N N N Y N
계 9,013 0 9,013 1,803 1,803 1,803 1,803 1,803 0
의무 9,013 0 9,013 1,803 1,803 1,803 1,803 1,803 0
시도비 901 0 901 180 180 180 180 180 0
시군구비 8,112 0 8,112 1,622 1,622 1,622 1,622 1,622 0
지역자율형 사회서
비스 투자(지역사회
서비스투자사업)
기간:2026.01~2030.12
대상:서비스별 소득, 연
령 기준 등 상이
규모:지역사회서비스투
자사업 8개
내용:아동인지능력향상
및 심리지원 서비스 등
Y 보
건복
지부
N N N N Y N
계 10,357 0 10,357 2,071 2,071 2,071 2,071 2,071 0
의무 10,357 0 10,357 2,071 2,071 2,071 2,071 2,071 0
균특보조금 7,250 0 7,250 1,450 1,450 1,450 1,450 1,450 0
시도비 1,554 0 1,554 311 311 311 311 311 0
시군구비 1,554 0 1,554 311 311 311 311 311 0
푸드뱅크 지원
기간:연례반복
대상:관내시민
규모:관내 푸드뱅크
내용:식품지원 사업
N N N N N N
계 2,389 746 1,643 285 285 285 385 405 0
재량 2,389 746 1,643 285 285 285 385 405 0
- 222 -
- 223 -
세세부부사사업업계계획획서서
회계연도 : 2026년
회계구분 : 일반 , 특별회계 , 기금
분    야 : 전체
부    문 : 전체 (단위 : 백만원)
분야ㆍ부문ㆍ정책ㆍ단위ㆍ세부사
업 사 업 개 요 국가계
획
투
자
심
사
지
방
채
BTL
의무지출
재원 총사업비 기투자
연     도     별     투     자     계     획
향  후
법
정
보
조
이
자 소  계 2026 2027 2028 2029 2030
규모:대표협의체(위원 36명), 
실무협의체(위원 40명), 
실무분과(11개/ 위
원116명) / 사무국장1명, 팀원3명
내용:지역보장계획 심의 및 읍면동 
협의체 활성화 지원
N N N Y N N
의무 2,746 0 2,746 477 477 477 607 707 0
시군구비 2,746 0 2,746 477 477 477 607 707 0
긴급복지
기간:2026.01~2030.12
대상:저소득층
규모:5849명
내용:위기상황 지원(의
료·주거·교육 등)
Y 보
건복
지부
N N N N Y N
계 28,735 0 28,735 5,287 5,287 5,287 5,687 7,187 0
의무 28,735 0 28,735 5,287 5,287 5,287 5,687 7,187 0
국고보조금 23,248 0 23,248 4,230 4,230 4,230 4,530 6,030 0
시도비 2,744 0 2,744 529 529 529 579 579 0
시군구비 2,744 0 2,744 529 529 529 579 579 0
경기도형 긴급복지
기간:2026.01~2030.12
대상:저소득층
규모:1975명
내용:저소득층 생계지
원
N N N N Y N
계 9,013 0 9,013 1,803 1,803 1,803 1,803 1,803 0
의무 9,013 0 9,013 1,803 1,803 1,803 1,803 1,803 0
시도비 901 0 901 180 180 180 180 180 0
시군구비 8,112 0 8,112 1,622 1,622 1,622 1,622 1,622 0
지역자율형 사회서
비스 투자(지역사회
서비스투자사업)
기간:2026.01~2030.12
대상:서비스별 소득, 연
령 기준 등 상이
규모:지역사회서비스투
자사업 8개
내용:아동인지능력향상
및 심리지원 서비스 등
Y 보
건복
지부
N N N N Y N
계 10,357 0 10,357 2,071 2,071 2,071 2,071 2,071 0
의무 10,357 0 10,357 2,071 2,071 2,071 2,071 2,071 0
균특보조금 7,250 0 7,250 1,450 1,450 1,450 1,450 1,450 0
시도비 1,554 0 1,554 311 311 311 311 311 0
시군구비 1,554 0 1,554 311 311 311 311 311 0
푸드뱅크 지원
기간:연례반복
대상:관내시민
규모:관내 푸드뱅크
내용:식품지원 사업
N N N N N N
계 2,389 746 1,643 285 285 285 385 405 0
재량 2,389 746 1,643 285 285 285 385 405 0
- 223 -
- 224 -
세세부부사사업업계계획획서서
회계연도 : 2026년
회계구분 : 일반 , 특별회계 , 기금
분    야 : 전체
부    문 : 전체 (단위 : 백만원)
분야ㆍ부문ㆍ정책ㆍ단위ㆍ세부사
업 사 업 개 요 국가계
획
투
자
심
사
지
방
채
BTL
의무지출
재원 총사업비 기투자
연     도     별     투     자     계     획
향  후
법
정
보
조
이
자 소  계 2026 2027 2028 2029 2030
N N N N N N 시군구비 2,389 746 1,643 285 285 285 385 405 0
누구나돌봄
기간:연례반복
대상:관내시민
규모:약10억원
내용:맞춤형 돌봄서비
스 신속 지원
N N N N Y N
계 2,306 0 2,306 461 461 461 461 461 0
의무 2,306 0 2,306 461 461 461 461 461 0
시도비 1,153 0 1,153 231 231 231 231 231 0
시군구비 1,153 0 1,153 231 231 231 231 231 0
화성시돌봄통합지원
(자체)
기간:연례반복
대상:관내시민
규모:연1,000명
내용:보건의료, 건강관
리 등 서비스 지원
Y N N N N N
계 2,746 0 2,746 461 474 489 603 718 0
재량 2,746 0 2,746 461 474 489 603 718 0
시군구비 2,746 0 2,746 461 474 489 603 718 0
취약계층 보호 및 복지 증
진 35,794 0 35,794 6,960 7,057 7,156 7,258 7,362 0
자활사업 확대 및 활성
화 25,778 0 25,778 5,039 5,096 5,154 5,214 5,275 0
자활근로, 지역자활
센터 운영(자활근로
사업)
기간:2026.01~2030.12
대상:지역자활센터사업
단(11), 자활기업(7)
규모:약 215명
내용:근로능력이 있는
저소득층 자립 위한 지
역자활센터 운영
Y 보
건복
지부
N N N N Y N
계 14,918 0 14,918 2,867 2,924 2,982 3,042 3,103 0
의무 14,918 0 14,918 2,867 2,924 2,982 3,042 3,103 0
국고보조금 13,426 0 13,426 2,580 2,632 2,684 2,738 2,793 0
시도비 448 0 448 86 88 89 91 93 0
시군구비 1,044 0 1,044 201 205 209 213 217 0
근로능력있는수급자
의탈수급지원(청년)
기간:2026.1.1.~
2030.12.31.
대상:저소득 청년 
규모:연900명
내용:저소득 청년 자산
형성지원
Y 보
건복
지부
N N N N Y N
계 10,859 0 10,859 2,172 2,172 2,172 2,172 2,172 0
의무 10,859 0 10,859 2,172 2,172 2,172 2,172 2,172 0
국고보조금 9,774 0 9,774 1,955 1,955 1,955 1,955 1,955 0
- 225 -
세세부부사사업업계계획획서서
회계연도 : 2026년
회계구분 : 일반 , 특별회계 , 기금
분    야 : 전체
부    문 : 전체 (단위 : 백만원)
분야ㆍ부문ㆍ정책ㆍ단위ㆍ세부사
업 사 업 개 요 국가계
획
투
자
심
사
지
방
채
BTL
의무지출
재원 총사업비 기투자
연     도     별     투     자     계     획
향  후
법
정
보
조
이
자 소  계 2026 2027 2028 2029 2030
N N N N Y N
시도비 326 0 326 65 65 65 65 65 0
시군구비 760 0 760 152 152 152 152 152 0
노숙인 보호 및 지원 7,001 0 7,001 1,319 1,358 1,399 1,441 1,484 0
노숙인 재활요양시
설 지원(전환사업)
기간:2026.1.1.~
2030.12.31.
대상:노숙인재활시설(
성혜원)
규모:1개소
내용:운영비 지원
N N N N Y N
계 7,001 0 7,001 1,319 1,358 1,399 1,441 1,484 0
의무 7,001 0 7,001 1,319 1,358 1,399 1,441 1,484 0
시도비 7,001 0 7,001 1,319 1,358 1,399 1,441 1,484 0
취약계층 사회복지서비
스 지원 3,015 0 3,015 603 603 603 603 603 0
저소득주민 건강보
험료 지원
기간:2025. 1. 1. ~ 2029.
12. 31.
대상:법정 저소득주민(생계
·주거급여, 차상위계층,
한부모)
규모:월 2900여가구
내용:저소득주민 건강보험
료 지원
N N N N N N
계 3,015 0 3,015 603 603 603 603 603 0
재량 3,015 0 3,015 603 603 603 603 603 0
시군구비 3,015 0 3,015 603 603 603 603 603 0
장애인 복지 증진 539,644 0 539,644 101,731 102,627 103,597 111,846 119,843 0
장애인 단체 지원 3,329 0 3,329 627 647 666 685 704 0
장애인 단체 운영
보조
기간:2026. 1. 1. ~
2030. 12. 31.
대상:화성시 등록장애
인
규모:32,328명
내용:장애인단체 운영
지원
N N N N N N
계 3,329 0 3,329 627 647 666 685 704 0
재량 3,329 0 3,329 627 647 666 685 704 0
시군구비 3,329 0 3,329 627 647 666 685 704 0
장애인 편의증진 지원 12,585 0 12,585 2,513 2,515 2,517 2,519 2,521 0
수어통역센터 운영
기간:2026. 1. 1. ~ 2030.
12. 31.
대상:화성시 등록장애인
규모:1개소
내용:장애인 수어통역 및
상담 서비스 제공
N N N N Y N
계 2,358 0 2,358 472 472 472 472 472 0
의무 2,358 0 2,358 472 472 472 472 472 0
- 224 -
- 225 -
세세부부사사업업계계획획서서
회계연도 : 2026년
회계구분 : 일반 , 특별회계 , 기금
분    야 : 전체
부    문 : 전체 (단위 : 백만원)
분야ㆍ부문ㆍ정책ㆍ단위ㆍ세부사
업 사 업 개 요 국가계
획
투
자
심
사
지
방
채
BTL
의무지출
재원 총사업비 기투자
연     도     별     투     자     계     획
향  후
법
정
보
조
이
자 소  계 2026 2027 2028 2029 2030
N N N N Y N
시도비 326 0 326 65 65 65 65 65 0
시군구비 760 0 760 152 152 152 152 152 0
노숙인 보호 및 지원 7,001 0 7,001 1,319 1,358 1,399 1,441 1,484 0
노숙인 재활요양시
설 지원(전환사업)
기간:2026.1.1.~
2030.12.31.
대상:노숙인재활시설(
성혜원)
규모:1개소
내용:운영비 지원
N N N N Y N
계 7,001 0 7,001 1,319 1,358 1,399 1,441 1,484 0
의무 7,001 0 7,001 1,319 1,358 1,399 1,441 1,484 0
시도비 7,001 0 7,001 1,319 1,358 1,399 1,441 1,484 0
취약계층 사회복지서비
스 지원 3,015 0 3,015 603 603 603 603 603 0
저소득주민 건강보
험료 지원
기간:2025. 1. 1. ~ 2029.
12. 31.
대상:법정 저소득주민(생계
·주거급여, 차상위계층,
한부모)
규모:월 2900여가구
내용:저소득주민 건강보험
료 지원
N N N N N N
계 3,015 0 3,015 603 603 603 603 603 0
재량 3,015 0 3,015 603 603 603 603 603 0
시군구비 3,015 0 3,015 603 603 603 603 603 0
장애인 복지 증진 539,644 0 539,644 101,731 102,627 103,597 111,846 119,843 0
장애인 단체 지원 3,329 0 3,329 627 647 666 685 704 0
장애인 단체 운영
보조
기간:2026. 1. 1. ~
2030. 12. 31.
대상:화성시 등록장애
인
규모:32,328명
내용:장애인단체 운영
지원
N N N N N N
계 3,329 0 3,329 627 647 666 685 704 0
재량 3,329 0 3,329 627 647 666 685 704 0
시군구비 3,329 0 3,329 627 647 666 685 704 0
장애인 편의증진 지원 12,585 0 12,585 2,513 2,515 2,517 2,519 2,521 0
수어통역센터 운영
기간:2026. 1. 1. ~ 2030.
12. 31.
대상:화성시 등록장애인
규모:1개소
내용:장애인 수어통역 및
상담 서비스 제공
N N N N Y N
계 2,358 0 2,358 472 472 472 472 472 0
의무 2,358 0 2,358 472 472 472 472 472 0
- 225 -
- 226 -
세세부부사사업업계계획획서서
회계연도 : 2026년
회계구분 : 일반 , 특별회계 , 기금
분    야 : 전체
부    문 : 전체 (단위 : 백만원)
분야ㆍ부문ㆍ정책ㆍ단위ㆍ세부사
업 사 업 개 요 국가계
획
투
자
심
사
지
방
채
BTL
의무지출
재원 총사업비 기투자
연     도     별     투     자     계     획
향  후
법
정
보
조
이
자 소  계 2026 2027 2028 2029 2030
N N N N Y N
시도비 236 0 236 47 47 47 47 47 0
시군구비 2,122 0 2,122 424 424 424 424 424 0
장애인 생활이동지
원센터 운영
기간:2026. 1. 1. ~
2030. 12. 31.
대상:화성시 등록장애
인
규모:1개소
내용:장애인 차량운행
을 통한 이동서비스 제
공
N N N N Y N
계 3,858 0 3,858 772 772 772 772 772 0
의무 3,858 0 3,858 772 772 772 772 772 0
시도비 386 0 386 77 77 77 77 77 0
시군구비 3,472 0 3,472 694 694 694 694 694 0
장애인편의시설지원
센터 운영
기간:2026. 1. 1. ~ 2030.
12. 31.
대상:편의시설 이용 대상자
규모:1개소
내용:장애인 편의시설에 대
한 사회적 이해 촉진과 그
설치에 필요한 기술지원 및
상담, 홍보, 교육 등
N N N N Y N
계 1,790 0 1,790 358 358 358 358 358 0
의무 1,790 0 1,790 358 358 358 358 358 0
시도비 140 0 140 28 28 28 28 28 0
시군구비 1,650 0 1,650 330 330 330 330 330 0
장애인 편의시설 현
장조사요원 운영
편의시설에 대한 사회적 이
해 촉진과 그 설치에 필요
한 기술지원 및 상담, 홍보
, 교육 등
장애인 편의시설 현장조사
요원
2명
장애인 편의시설 앱 서비스
제공을 위해 확보된 자료를
DB에 입력하고 관리
N N N N Y N
계 325 0 325 61 63 65 67 69 0
의무 325 0 325 61 63 65 67 69 0
시도비 97 0 97 18 19 19 20 21 0
시군구비 227 0 227 43 44 45 47 48 0
중증장애인 자립생
활지원센터 운영
기간:2026. 1. 1. ~
2030. 12. 31.
대상:화성시 등록장애
인
규모:화성시 관내3개소(
남양, 병점,동탄)
내용:중증장애인 자립
생활 지원
N N N N Y N
계 3,550 0 3,550 710 710 710 710 710 0
의무 3,550 0 3,550 710 710 710 710 710 0
시도비 315 0 315 63 63 63 63 63 0
시군구비 3,235 0 3,235 647 647 647 647 647 0
- 227 -
세세부부사사업업계계획획서서
회계연도 : 2026년
회계구분 : 일반 , 특별회계 , 기금
분    야 : 전체
부    문 : 전체 (단위 : 백만원)
분야ㆍ부문ㆍ정책ㆍ단위ㆍ세부사
업 사 업 개 요 국가계
획
투
자
심
사
지
방
채
BTL
의무지출
재원 총사업비 기투자
연     도     별     투     자     계     획
향  후
법
정
보
조
이
자 소  계 2026 2027 2028 2029 2030
장애인자립센터 체
험홈 운영
장애인 편의시설 앱 서
비스 제공을 위해 확보
된 자료를 DB에 입력하
고 관리
중증장애인
2개소
체험홈 운영 지원
N N N N Y N
계 450 0 450 90 90 90 90 90 0
의무 450 0 450 90 90 90 90 90 0
시도비 135 0 135 27 27 27 27 27 0
시군구비 315 0 315 63 63 63 63 63 0
중증장애인 자립생
활 정착금 지원
장애인 편의시설 앱 서
비스 제공을 위해 확보
된 자료를 DB에 입력하
고 관리
중증장애인
2명
자립생활 정착금 지원
N N N N Y N
계 200 0 200 40 40 40 40 40 0
의무 200 0 200 40 40 40 40 40 0
시도비 60 0 60 12 12 12 12 12 0
시군구비 140 0 140 28 28 28 28 28 0
중증장애인자립생활
센터 종사자 처우개
선비 지원
2026. 1. 1. ~ 2030. 12.
31.
장애인자립생활지원센
터 종사자
15명
처우개선비 지원
N N N N Y N
계 54 0 54 11 11 11 11 11 0
의무 54 0 54 11 11 11 11 11 0
시도비 54 0 54 11 11 11 11 11 0
장애인 생활안정 지원 77,050 0 77,050 15,010 15,010 15,010 16,010 16,010 0
장애인연금 급여 지
급
기간:2026. 1. 1. ~
2030. 12. 31.
대상:화성시 등록장애
인
규모:3322명
내용:저소득 장애인 생
활안정 지원
Y 보
건복
지부
N N N N Y N
계 60,027 0 60,027 11,605 11,605 11,605 12,605 12,605 0
의무 60,027 0 60,027 11,605 11,605 11,605 12,605 12,605 0
국고보조금 40,619 0 40,619 8,124 8,124 8,124 8,124 8,124 0
시도비 3,482 0 3,482 696 696 696 696 696 0
시군구비 15,926 0 15,926 2,785 2,785 2,785 3,785 3,785 0
장애수당(기초) 지
급
Y 보건
복지부 N N N N Y N 계 7,222 0 7,222 1,444 1,444 1,444 1,444 1,444 0
- 226 -
- 227 -
세세부부사사업업계계획획서서
회계연도 : 2026년
회계구분 : 일반 , 특별회계 , 기금
분    야 : 전체
부    문 : 전체 (단위 : 백만원)
분야ㆍ부문ㆍ정책ㆍ단위ㆍ세부사
업 사 업 개 요 국가계
획
투
자
심
사
지
방
채
BTL
의무지출
재원 총사업비 기투자
연     도     별     투     자     계     획
향  후
법
정
보
조
이
자 소  계 2026 2027 2028 2029 2030
장애인자립센터 체
험홈 운영
장애인 편의시설 앱 서
비스 제공을 위해 확보
된 자료를 DB에 입력하
고 관리
중증장애인
2개소
체험홈 운영 지원
N N N N Y N
계 450 0 450 90 90 90 90 90 0
의무 450 0 450 90 90 90 90 90 0
시도비 135 0 135 27 27 27 27 27 0
시군구비 315 0 315 63 63 63 63 63 0
중증장애인 자립생
활 정착금 지원
장애인 편의시설 앱 서
비스 제공을 위해 확보
된 자료를 DB에 입력하
고 관리
중증장애인
2명
자립생활 정착금 지원
N N N N Y N
계 200 0 200 40 40 40 40 40 0
의무 200 0 200 40 40 40 40 40 0
시도비 60 0 60 12 12 12 12 12 0
시군구비 140 0 140 28 28 28 28 28 0
중증장애인자립생활
센터 종사자 처우개
선비 지원
2026. 1. 1. ~ 2030. 12.
31.
장애인자립생활지원센
터 종사자
15명
처우개선비 지원
N N N N Y N
계 54 0 54 11 11 11 11 11 0
의무 54 0 54 11 11 11 11 11 0
시도비 54 0 54 11 11 11 11 11 0
장애인 생활안정 지원 77,050 0 77,050 15,010 15,010 15,010 16,010 16,010 0
장애인연금 급여 지
급
기간:2026. 1. 1. ~
2030. 12. 31.
대상:화성시 등록장애
인
규모:3322명
내용:저소득 장애인 생
활안정 지원
Y 보
건복
지부
N N N N Y N
계 60,027 0 60,027 11,605 11,605 11,605 12,605 12,605 0
의무 60,027 0 60,027 11,605 11,605 11,605 12,605 12,605 0
국고보조금 40,619 0 40,619 8,124 8,124 8,124 8,124 8,124 0
시도비 3,482 0 3,482 696 696 696 696 696 0
시군구비 15,926 0 15,926 2,785 2,785 2,785 3,785 3,785 0
장애수당(기초) 지
급
Y 보건
복지부 N N N N Y N 계 7,222 0 7,222 1,444 1,444 1,444 1,444 1,444 0
- 227 -
- 228 -
세세부부사사업업계계획획서서
회계연도 : 2026년
회계구분 : 일반 , 특별회계 , 기금
분    야 : 전체
부    문 : 전체 (단위 : 백만원)
분야ㆍ부문ㆍ정책ㆍ단위ㆍ세부사
업 사 업 개 요 국가계
획
투
자
심
사
지
방
채
BTL
의무지출
재원 총사업비 기투자
연     도     별     투     자     계     획
향  후
법
정
보
조
이
자 소  계 2026 2027 2028 2029 2030
기간:2026. 1. 1. ~ 2030. 
12. 31.
대상:화성시 등록장애인
규모:2390명
내용:저소득장애인 
생활안정 도모
N N N N Y N
의무 7,222 0 7,222 1,444 1,444 1,444 1,444 1,444 0
국고보조금 5,055 0 5,055 1,011 1,011 1,011 1,011 1,011 0
시도비 1,517 0 1,517 303 303 303 303 303 0
시군구비 650 0 650 130 130 130 130 130 0
장애수당(차상위 등
) 지급
기간:2026. 1. 1. ~
2030. 12. 31.
대상:화성시 등록장애
인
규모:1,266명
내용:저소득장애인 생
활안정 도모
Y 보
건복
지부
N N N N Y N
계 4,988 0 4,988 998 998 998 998 998 0
의무 4,988 0 4,988 998 998 998 998 998 0
국고보조금 3,492 0 3,492 698 698 698 698 698 0
시도비 1,048 0 1,048 210 210 210 210 210 0
시군구비 449 0 449 90 90 90 90 90 0
도비 장애수당 지원
기간:2026. 1. 1. ~
2030. 12. 31.
대상:화성시 등록장애
인
규모:1,151명
내용:저소득 장애인 생
활안정 지원
N N N N Y N
계 4,116 0 4,116 823 823 823 823 823 0
의무 4,116 0 4,116 823 823 823 823 823 0
시도비 412 0 412 82 82 82 82 82 0
시군구비 3,704 0 3,704 741 741 741 741 741 0
장애인의료비 지원
기간:2026.01.01.~
2030.12.31
대상:생활이 어려운 저
소득 장애인
규모:352,791천원
내용:장애로 인해 추가
로 소요되는 의료비 부
담 경감
Y 보
건복
지부
N N N N Y N
계 698 0 698 140 140 140 140 140 0
의무 698 0 698 140 140 140 140 140 0
국고보조금 558 0 558 112 112 112 112 112 0
시도비 98 0 98 20 20 20 20 20 0
시군구비 42 0 42 8 8 8 8 8 0
- 229 -
세세부부사사업업계계획획서서
회계연도 : 2026년
회계구분 : 일반 , 특별회계 , 기금
분    야 : 전체
부    문 : 전체 (단위 : 백만원)
분야ㆍ부문ㆍ정책ㆍ단위ㆍ세부사
업 사 업 개 요 국가계
획
투
자
심
사
지
방
채
BTL
의무지출
재원 총사업비 기투자
연     도     별     투     자     계     획
향  후
법
정
보
조
이
자 소  계 2026 2027 2028 2029 2030
장애인 자립 및 재활지
원 268,532 0 268,532 51,846 51,846 51,846 54,946 58,047 0
장애인 활동지원급
여 지원
기간:연중
대상:기능점수 42점이상
인 자
규모:2195명
내용:활동지원시간 차
등지급
Y 보
건복
지부
N N N N Y N
계 171,488 0 171,488 33,098 33,098 33,098 35,098 37,098 0
의무 171,488 0 171,488 33,098 33,098 33,098 35,098 37,098 0
국고보조금 115,842 0 115,842 23,168 23,168 23,168 23,168 23,168 0
시도비 7,447 0 7,447 1,489 1,489 1,489 1,489 1,489 0
시군구비 48,200 0 48,200 8,440 8,440 8,440 10,440 12,440 0
장애인활동지원 도
자체 추가지원
기간:2024.01~2028.12
대상:장애인활동지원
수급자
규모:795명
내용:장애인 자립생활
지원
N N N N Y N
계 19,389 0 19,389 3,878 3,878 3,878 3,878 3,878 0
의무 19,389 0 19,389 3,878 3,878 3,878 3,878 3,878 0
시도비 1,939 0 1,939 388 388 388 388 388 0
시군구비 17,450 0 17,450 3,490 3,490 3,490 3,490 3,490 0
장애인활동지원 시
추가 지원(자체)
기간:연중
대상:시추가 대상 활동
지원 장애인
규모:989명
내용:시추가 활동지원
시간 추가지원
N N N N N N
계 26,096 0 26,096 4,619 4,619 4,619 5,619 6,619 0
재량 26,096 0 26,096 4,619 4,619 4,619 5,619 6,619 0
시군구비 26,096 0 26,096 4,619 4,619 4,619 5,619 6,619 0
장애인활동지원 가
산급여
기간:연중
대상:기능제한 영역 합
산점수가 성인 426점이
상, 아동 327점 이상인
자 등
규모:298,000천원
내용:가산수당 평일:
3,000원, 야·공휴일:
4,500원 지급
Y 보
건복
지부
N N N N Y N
계 3,573 0 3,573 715 715 715 715 715 0
의무 3,573 0 3,573 715 715 715 715 715 0
국고보조금 2,501 0 2,501 500 500 500 500 500 0
시도비 161 0 161 32 32 32 32 32 0
시군구비 911 0 911 182 182 182 182 182 0
- 228 -
- 229 -
세세부부사사업업계계획획서서
회계연도 : 2026년
회계구분 : 일반 , 특별회계 , 기금
분    야 : 전체
부    문 : 전체 (단위 : 백만원)
분야ㆍ부문ㆍ정책ㆍ단위ㆍ세부사
업 사 업 개 요 국가계
획
투
자
심
사
지
방
채
BTL
의무지출
재원 총사업비 기투자
연     도     별     투     자     계     획
향  후
법
정
보
조
이
자 소  계 2026 2027 2028 2029 2030
장애인 자립 및 재활지
원 268,532 0 268,532 51,846 51,846 51,846 54,946 58,047 0
장애인 활동지원급
여 지원
기간:연중
대상:기능점수 42점이상
인 자
규모:2195명
내용:활동지원시간 차
등지급
Y 보
건복
지부
N N N N Y N
계 171,488 0 171,488 33,098 33,098 33,098 35,098 37,098 0
의무 171,488 0 171,488 33,098 33,098 33,098 35,098 37,098 0
국고보조금 115,842 0 115,842 23,168 23,168 23,168 23,168 23,168 0
시도비 7,447 0 7,447 1,489 1,489 1,489 1,489 1,489 0
시군구비 48,200 0 48,200 8,440 8,440 8,440 10,440 12,440 0
장애인활동지원 도
자체 추가지원
기간:2024.01~2028.12
대상:장애인활동지원
수급자
규모:795명
내용:장애인 자립생활
지원
N N N N Y N
계 19,389 0 19,389 3,878 3,878 3,878 3,878 3,878 0
의무 19,389 0 19,389 3,878 3,878 3,878 3,878 3,878 0
시도비 1,939 0 1,939 388 388 388 388 388 0
시군구비 17,450 0 17,450 3,490 3,490 3,490 3,490 3,490 0
장애인활동지원 시
추가 지원(자체)
기간:연중
대상:시추가 대상 활동
지원 장애인
규모:989명
내용:시추가 활동지원
시간 추가지원
N N N N N N
계 26,096 0 26,096 4,619 4,619 4,619 5,619 6,619 0
재량 26,096 0 26,096 4,619 4,619 4,619 5,619 6,619 0
시군구비 26,096 0 26,096 4,619 4,619 4,619 5,619 6,619 0
장애인활동지원 가
산급여
기간:연중
대상:기능제한 영역 합
산점수가 성인 426점이
상, 아동 327점 이상인
자 등
규모:298,000천원
내용:가산수당 평일:
3,000원, 야·공휴일:
4,500원 지급
Y 보
건복
지부
N N N N Y N
계 3,573 0 3,573 715 715 715 715 715 0
의무 3,573 0 3,573 715 715 715 715 715 0
국고보조금 2,501 0 2,501 500 500 500 500 500 0
시도비 161 0 161 32 32 32 32 32 0
시군구비 911 0 911 182 182 182 182 182 0
- 229 -
- 230 -
세세부부사사업업계계획획서서
회계연도 : 2026년
회계구분 : 일반 , 특별회계 , 기금
분    야 : 전체
부    문 : 전체 (단위 : 백만원)
분야ㆍ부문ㆍ정책ㆍ단위ㆍ세부사
업 사 업 개 요 국가계
획
투
자
심
사
지
방
채
BTL
의무지출
재원 총사업비 기투자
연     도     별     투     자     계     획
향  후
법
정
보
조
이
자 소  계 2026 2027 2028 2029 2030
장애인활동지원급여
24시간 지원
기간:연중
대상:화성시 등록장애
인 중 활동지원 대상자
지원조건에 해당되는
사람
규모:12명
내용:장애인활동지원급
여 24시간 지원
N N N N Y N
계 3,594 0 3,594 719 719 719 719 719 0
의무 3,594 0 3,594 719 719 719 719 719 0
시도비 1,078 0 1,078 216 216 216 216 216 0
시군구비 2,516 0 2,516 503 503 503 503 503 0
장애인일자리지원(
일반형일자리)
기간:2026~2030
대상:장애인복지법에
따라 등록된 18세 이상
미취업 장애인
규모:65명
내용:장애인공공일자리
제공을 통한 사회참여
확대
Y 보
건복
지부
N N N N Y N
계 9,780 0 9,780 1,956 1,956 1,956 1,956 1,956 0
의무 9,780 0 9,780 1,956 1,956 1,956 1,956 1,956 0
국고보조금 4,887 0 4,887 977 977 977 977 977 0
시도비 733 0 733 147 147 147 147 147 0
시군구비 4,160 0 4,160 832 832 832 832 832 0
장애인일자리지원(
복지형일자리)
기간:2026년~2030년
대상:장애인복지법에
따라 등록된 18세 이상
미취업 장애인
규모:95명
내용:장애인공공일자리
제공을 통한 사회참여
확대
Y 보
건복
지부
N N N N Y N
계 3,477 0 3,477 695 695 695 695 695 0
의무 3,477 0 3,477 695 695 695 695 695 0
국고보조금 1,739 0 1,739 348 348 348 348 348 0
시도비 261 0 261 52 52 52 52 52 0
시군구비 1,478 0 1,478 296 296 296 296 296 0
장애인일자리지원(
시간제일자리)
기간:2026년~2030년
대상:장애인복지법에
따라 등록된 18세 이상
미취업장애인
규모:28명
내용:장애인공공일자리
제공을 통한 사회참여
확대
Y 보
건복
지부
N N N N Y N
계 2,105 0 2,105 421 421 421 421 421 0
의무 2,105 0 2,105 421 421 421 421 421 0
국고보조금 1,053 0 1,053 211 211 211 211 211 0
시도비 158 0 158 32 32 32 32 32 0
- 231 -
세세부부사사업업계계획획서서
회계연도 : 2026년
회계구분 : 일반 , 특별회계 , 기금
분    야 : 전체
부    문 : 전체 (단위 : 백만원)
분야ㆍ부문ㆍ정책ㆍ단위ㆍ세부사
업 사 업 개 요 국가계
획
투
자
심
사
지
방
채
BTL
의무지출
재원 총사업비 기투자
연     도     별     투     자     계     획
향  후
법
정
보
조
이
자 소  계 2026 2027 2028 2029 2030
N N N N Y N 시군구비 895 0 895 179 179 179 179 179 0
장애인복지일자리
직무지도원 지원
2026-01-01 ~ 2030-12-31
장애인 복지일자리에
참여하는 발달장애인의
일상 및 직무 지도 수행
기관 복지일자리사업
업무 지원
N N N N Y N
계 807 0 807 161 161 161 161 161 0
의무 807 0 807 161 161 161 161 161 0
시도비 81 0 81 16 16 16 16 16 0
시군구비 726 0 726 145 145 145 145 145 0
발달재활서비스 바
우처 지원
기간:2024.01~2030.12
대상:대상신청 책정된
장애아동
규모:1,330명
내용:언어치료, 청능치
료 등 재활치료서비스
제공
Y 보
건복
지부
N N N N Y N
계 15,106 0 15,106 2,961 2,961 2,961 3,061 3,161 0
의무 15,106 0 15,106 2,961 2,961 2,961 3,061 3,161 0
국고보조금 10,360 0 10,360 2,072 2,072 2,072 2,072 2,072 0
시도비 666 0 666 133 133 133 133 133 0
시군구비 4,080 0 4,080 756 756 756 856 956 0
발달장애인 주간활
동서비스지원
기간:연중
대상:만 18세 이상 65세
미만의 성인 발달장애
인
규모:발달장애인 대상
자
내용: 평일 주간(09:00~
18:00)에 참여형, 창의
형 활동 프로그램 지원
Y 보
건복
지부
N N N N Y N
계 4,866 0 4,866 973 973 973 973 973 0
의무 4,866 0 4,866 973 973 973 973 973 0
국고보조금 3,402 0 3,402 680 680 680 680 680 0
시도비 219 0 219 44 44 44 44 44 0
시군구비 1,245 0 1,245 249 249 249 249 249 0
장애인 자동차 표지
관리
2026-01-01 ~ 2030-12-31
장애인자동차표지과태
료 수납
N N N N N N
계 13 0 13 2 2 3 3 3 0
재량 13 0 13 2 2 3 3 3 0
시군구비 13 0 13 2 2 3 3 3 0
- 230 -
- 231 -
세세부부사사업업계계획획서서
회계연도 : 2026년
회계구분 : 일반 , 특별회계 , 기금
분    야 : 전체
부    문 : 전체 (단위 : 백만원)
분야ㆍ부문ㆍ정책ㆍ단위ㆍ세부사
업 사 업 개 요 국가계
획
투
자
심
사
지
방
채
BTL
의무지출
재원 총사업비 기투자
연     도     별     투     자     계     획
향  후
법
정
보
조
이
자 소  계 2026 2027 2028 2029 2030
N N N N Y N 시군구비 895 0 895 179 179 179 179 179 0
장애인복지일자리
직무지도원 지원
2026-01-01 ~ 2030-12-31
장애인 복지일자리에
참여하는 발달장애인의
일상 및 직무 지도 수행
기관 복지일자리사업
업무 지원
N N N N Y N
계 807 0 807 161 161 161 161 161 0
의무 807 0 807 161 161 161 161 161 0
시도비 81 0 81 16 16 16 16 16 0
시군구비 726 0 726 145 145 145 145 145 0
발달재활서비스 바
우처 지원
기간:2024.01~2030.12
대상:대상신청 책정된
장애아동
규모:1,330명
내용:언어치료, 청능치
료 등 재활치료서비스
제공
Y 보
건복
지부
N N N N Y N
계 15,106 0 15,106 2,961 2,961 2,961 3,061 3,161 0
의무 15,106 0 15,106 2,961 2,961 2,961 3,061 3,161 0
국고보조금 10,360 0 10,360 2,072 2,072 2,072 2,072 2,072 0
시도비 666 0 666 133 133 133 133 133 0
시군구비 4,080 0 4,080 756 756 756 856 956 0
발달장애인 주간활
동서비스지원
기간:연중
대상:만 18세 이상 65세
미만의 성인 발달장애
인
규모:발달장애인 대상
자
내용: 평일 주간(09:00~
18:00)에 참여형, 창의
형 활동 프로그램 지원
Y 보
건복
지부
N N N N Y N
계 4,866 0 4,866 973 973 973 973 973 0
의무 4,866 0 4,866 973 973 973 973 973 0
국고보조금 3,402 0 3,402 680 680 680 680 680 0
시도비 219 0 219 44 44 44 44 44 0
시군구비 1,245 0 1,245 249 249 249 249 249 0
장애인 자동차 표지
관리
2026-01-01 ~ 2030-12-31
장애인자동차표지과태
료 수납
N N N N N N
계 13 0 13 2 2 3 3 3 0
재량 13 0 13 2 2 3 3 3 0
시군구비 13 0 13 2 2 3 3 3 0
- 231 -
- 232 -
세세부부사사업업계계획획서서
회계연도 : 2026년
회계구분 : 일반 , 특별회계 , 기금
분    야 : 전체
부    문 : 전체 (단위 : 백만원)
분야ㆍ부문ㆍ정책ㆍ단위ㆍ세부사
업 사 업 개 요 국가계
획
투
자
심
사
지
방
채
BTL
의무지출
재원 총사업비 기투자
연     도     별     투     자     계     획
향  후
법
정
보
조
이
자 소  계 2026 2027 2028 2029 2030
청소년 발달장애학
생 방과후활동서비
스 지원
기간:연중
대상:만6세 이상 18세
미만 재학 중인 지적 및
자폐성 등록 장애인
규모:발달장애인 대상
자
내용:방과후활동서비스
바우처 지원
Y 보
건복
지부
N N N N Y N
계 8,237 0 8,237 1,647 1,647 1,647 1,647 1,647 0
의무 8,237 0 8,237 1,647 1,647 1,647 1,647 1,647 0
국고보조금 5,762 0 5,762 1,152 1,152 1,152 1,152 1,152 0
시도비 370 0 370 74 74 74 74 74 0
시군구비 2,105 0 2,105 421 421 421 421 421 0
장애인 시설 지원 178,149 0 178,149 31,734 32,609 33,558 37,686 42,561 0
생활이동지원센터,
수어통역센터 종사
자 특수근무수당
 2026. 1. 1. ~ 2030.
12. 31.
장애인지역사회재활시
설 종사자
2개소(21명)
특수근무수당 지급
N N N N Y N
계 166 0 166 33 33 33 33 34 0
의무 166 0 166 33 33 33 33 34 0
시도비 17 0 17 3 3 3 3 3 0
시군구비 150 0 150 30 30 30 30 30 0
생계급여(장애인시
설) 지원
기간:2026.1~2020.12
대상:시설입소자 중 기
초수급자
규모:133명 지원
내용:생계비(주부식비,
월동대책비, 특별위로
금 등) 지급
Y 보
건복
지부
N N N Y N N
계 2,650 0 2,650 530 530 530 530 530 0
의무 2,650 0 2,650 530 530 530 530 530 0
국고보조금 2,385 0 2,385 477 477 477 477 477 0
시도비 186 0 186 37 37 37 37 37 0
시군구비 80 0 80 16 16 16 16 16 0
장애인거주시설 운
영 지원
기간:2026.01~2030.12
대상:장애인거주시설
규모:3개소
내용:종사자 인건비, 관
리운영비 지원
Y 보
건복
지부
N N N N Y N
계 36,787 0 36,787 6,817 6,817 6,817 7,517 8,817 0
의무 36,787 0 36,787 6,817 6,817 6,817 7,517 8,817 0
국고보조금 23,406 0 23,406 4,681 4,681 4,681 4,681 4,681 0
- 233 -
세세부부사사업업계계획획서서
회계연도 : 2026년
회계구분 : 일반 , 특별회계 , 기금
분    야 : 전체
부    문 : 전체 (단위 : 백만원)
분야ㆍ부문ㆍ정책ㆍ단위ㆍ세부사
업 사 업 개 요 국가계
획
투
자
심
사
지
방
채
BTL
의무지출
재원 총사업비 기투자
연     도     별     투     자     계     획
향  후
법
정
보
조
이
자 소  계 2026 2027 2028 2029 2030
N N N N Y N
시도비 1,505 0 1,505 301 301 301 301 301 0
시군구비 11,877 0 11,877 1,835 1,835 1,835 2,535 3,835 0
장애인 거주시설 운
영지원(6종)
기간: 2026~2030
대상:장애인거주시설 22
개소
규모:장애인거주시설 22
개소
내용:보조원 인건비, 운
전원 인건비, 장비구입
및 환경개선, 특수근무
수당 등 
N N N N Y N
계 5,395 0 5,395 1,079 1,079 1,079 1,079 1,079 0
의무 5,395 0 5,395 1,079 1,079 1,079 1,079 1,079 0
시도비 540 0 540 108 108 108 108 108 0
시군구비 4,856 0 4,856 971 971 971 971 971 0
장애인단기거주시설
운영 지원
기간:2026.01~2030.12
대상:장애인단기거주시
설(정남면)
규모:1개소
내용:시설 운영비 등 지
원
N N N N Y N
계 3,222 0 3,222 644 644 644 644 644 0
의무 3,222 0 3,222 644 644 644 644 644 0
시도비 322 0 322 64 64 64 64 64 0
시군구비 2,899 0 2,899 580 580 580 580 580 0
장애인 공동생활가
정 운영 지원
기간:2026.1.~2030.12
대상:장애인 공동생활
가정
규모:장애인 공동생활
가정
내용:공동생활가정 종
사자 인건비 및 관리운
영비
N N N N Y N
계 5,409 0 5,409 1,082 1,082 1,082 1,082 1,082 0
의무 5,409 0 5,409 1,082 1,082 1,082 1,082 1,082 0
시도비 541 0 541 108 108 108 108 108 0
시군구비 4,868 0 4,868 974 974 974 974 974 0
장애인복지관 운영
기간:2026.01~2030.12
대상:장애인복지관
규모:2개소(동탄아르딤
복지관, 화성시아르딤
복지관)
내용:종사자 인건비, 운
영비 등 지원
N N N N Y N
계 43,353 0 43,353 7,819 7,819 7,819 9,219 10,679 0
의무 43,353 0 43,353 7,819 7,819 7,819 9,219 10,679 0
시도비 560 0 560 140 140 140 140 0 0
시군구비 42,793 0 42,793 7,679 7,679 7,679 9,079 10,679 0
- 232 -
- 233 -
세세부부사사업업계계획획서서
회계연도 : 2026년
회계구분 : 일반 , 특별회계 , 기금
분    야 : 전체
부    문 : 전체 (단위 : 백만원)
분야ㆍ부문ㆍ정책ㆍ단위ㆍ세부사
업 사 업 개 요 국가계
획
투
자
심
사
지
방
채
BTL
의무지출
재원 총사업비 기투자
연     도     별     투     자     계     획
향  후
법
정
보
조
이
자 소  계 2026 2027 2028 2029 2030
N N N N Y N
시도비 1,505 0 1,505 301 301 301 301 301 0
시군구비 11,877 0 11,877 1,835 1,835 1,835 2,535 3,835 0
장애인 거주시설 운
영지원(6종)
기간: 2026~2030
대상:장애인거주시설 22
개소
규모:장애인거주시설 22
개소
내용:보조원 인건비, 운
전원 인건비, 장비구입
및 환경개선, 특수근무
수당 등 
N N N N Y N
계 5,395 0 5,395 1,079 1,079 1,079 1,079 1,079 0
의무 5,395 0 5,395 1,079 1,079 1,079 1,079 1,079 0
시도비 540 0 540 108 108 108 108 108 0
시군구비 4,856 0 4,856 971 971 971 971 971 0
장애인단기거주시설
운영 지원
기간:2026.01~2030.12
대상:장애인단기거주시
설(정남면)
규모:1개소
내용:시설 운영비 등 지
원
N N N N Y N
계 3,222 0 3,222 644 644 644 644 644 0
의무 3,222 0 3,222 644 644 644 644 644 0
시도비 322 0 322 64 64 64 64 64 0
시군구비 2,899 0 2,899 580 580 580 580 580 0
장애인 공동생활가
정 운영 지원
기간:2026.1.~2030.12
대상:장애인 공동생활
가정
규모:장애인 공동생활
가정
내용:공동생활가정 종
사자 인건비 및 관리운
영비
N N N N Y N
계 5,409 0 5,409 1,082 1,082 1,082 1,082 1,082 0
의무 5,409 0 5,409 1,082 1,082 1,082 1,082 1,082 0
시도비 541 0 541 108 108 108 108 108 0
시군구비 4,868 0 4,868 974 974 974 974 974 0
장애인복지관 운영
기간:2026.01~2030.12
대상:장애인복지관
규모:2개소(동탄아르딤
복지관, 화성시아르딤
복지관)
내용:종사자 인건비, 운
영비 등 지원
N N N N Y N
계 43,353 0 43,353 7,819 7,819 7,819 9,219 10,679 0
의무 43,353 0 43,353 7,819 7,819 7,819 9,219 10,679 0
시도비 560 0 560 140 140 140 140 0 0
시군구비 42,793 0 42,793 7,679 7,679 7,679 9,079 10,679 0
- 233 -
- 234 -
세세부부사사업업계계획획서서
회계연도 : 2026년
회계구분 : 일반 , 특별회계 , 기금
분    야 : 전체
부    문 : 전체 (단위 : 백만원)
분야ㆍ부문ㆍ정책ㆍ단위ㆍ세부사
업 사 업 개 요 국가계
획
투
자
심
사
지
방
채
BTL
의무지출
재원 총사업비 기투자
연     도     별     투     자     계     획
향  후
법
정
보
조
이
자 소  계 2026 2027 2028 2029 2030
장애인주간이용시설
운영 지원
기간:2026.01~2030.12
대상:관내 장애인주간
이용시설
규모:9개소
내용:운영비 지원
N N N N Y N
계 25,400 0 25,400 4,161 4,577 5,034 5,538 6,091 0
의무 25,400 0 25,400 4,161 4,577 5,034 5,538 6,091 0
시도비 2,540 0 2,540 416 458 503 554 609 0
시군구비 22,860 0 22,860 3,744 4,119 4,531 4,984 5,482 0
장애아동재활센터
운영
기간:2026. 1. 1.~
2030.12.31.
대상:화성시장애아동재활센
터
규모:화성시장애아동재활센
터 1개소(종사자 44명)
내용:화성시장애아동재활센
터 운영 지원(인건비, 운영
비, 사업비)
N N N N Y N
계 11,487 0 11,487 2,297 2,297 2,297 2,297 2,297 0
의무 11,487 0 11,487 2,297 2,297 2,297 2,297 2,297 0
시도비 40 0 40 8 8 8 8 8 0
시군구비 11,447 0 11,447 2,289 2,289 2,289 2,289 2,289 0
장애인직업재활시설
운영 지원
2026.1.~2030.12.
대상:관내 장애인직업
재활시설
규모:12개소
내용:종사자 인건비 및
운영비 지원
N N N N Y N
계 40,245 0 40,245 6,477 6,930 7,415 8,934 10,489 0
의무 40,245 0 40,245 6,477 6,930 7,415 8,934 10,489 0
시도비 3,724 0 3,724 648 693 741 793 849 0
시군구비 36,520 0 36,520 5,829 6,237 6,673 8,141 9,640 0
장애인 직업재활시
설 운영지원(7종)
기간:2025년 ~ 2029년
대상:장애인직업재활시
설 12개소
규모:장애인직업재활시
설 12개소
내용:종사자 특수근무
수당, 운전원 인건비,
차량운영비, 장비구입
및 환경개선사업비 
N N N N Y N
계 2,607 0 2,607 521 521 521 521 521 0
의무 2,607 0 2,607 521 521 521 521 521 0
시도비 261 0 261 52 52 52 52 52 0
시군구비 2,346 0 2,346 469 469 469 469 469 0
장애인 직업재활시
설 훈련장애인 기회
수당 지원
26.1.~30.12.
장애인직업재활시설 훈련장애인
관내 장애인직업재활시설 7개소
훈련장애인 1인당 월 160천원 수
당 지원
N N N N Y N
계 1,427 0 1,427 274 280 285 291 297 0
의무 1,427 0 1,427 274 280 285 291 297 0
- 235 -
세세부부사사업업계계획획서서
회계연도 : 2026년
회계구분 : 일반 , 특별회계 , 기금
분    야 : 전체
부    문 : 전체 (단위 : 백만원)
분야ㆍ부문ㆍ정책ㆍ단위ㆍ세부사
업 사 업 개 요 국가계
획
투
자
심
사
지
방
채
BTL
의무지출
재원 총사업비 기투자
연     도     별     투     자     계     획
향  후
법
정
보
조
이
자 소  계 2026 2027 2028 2029 2030
N N N N Y N
시도비 428 0 428 82 84 86 87 89 0
시군구비 999 0 999 192 196 200 204 208 0
노동 83,025 0 83,025 16,005 16,005 17,005 17,005 17,005 0
청년 역량강화 53,837 0 53,837 10,767 10,767 10,767 10,767 10,767 0
청년정책 추진 250 0 250 50 50 50 50 50 0
청년주간 운영
2025. 1. ~ 2029. 12.
청년 당사자 및 일반시
민 등
연간 300명 내외
기념식, 청년 예술인 공
연, 참여 ․ 체험 프로
그램, 부스운영 등
N N N N N N
계 250 0 250 50 50 50 50 50 0
재량 250 0 250 50 50 50 50 50 0
시군구비 250 0 250 50 50 50 50 50 0
청년 자립 지원 48,420 0 48,420 9,684 9,684 9,684 9,684 9,684 0
청년기본소득 지원
기간:2025년 ~ 2030년
대상:24세 청년
규모:연간 8,000명 내외
내용:분기별 25만원 지
역화폐 지급
N N N N Y N
계 48,420 0 48,420 9,684 9,684 9,684 9,684 9,684 0
의무 48,420 0 48,420 9,684 9,684 9,684 9,684 9,684 0
시도비 33,894 0 33,894 6,779 6,779 6,779 6,779 6,779 0
시군구비 14,526 0 14,526 2,905 2,905 2,905 2,905 2,905 0
청년일자리 추진 5,167 0 5,167 1,033 1,033 1,033 1,033 1,033 0
경기청년역량강화
기회 지원
기간:2025. 1. ~ 2029.
12.
대상:화성시 미취업 청
년(19세~39세)
규모:연간 2천명 내외
내용:미취업 청년 어학
·자격시험 응시료 지
원
N N N N N N
계 1,839 0 1,839 368 368 368 368 368 0
재량 1,839 0 1,839 368 368 368 368 368 0
시도비 919 0 919 184 184 184 184 184 0
시군구비 919 0 919 184 184 184 184 184 0
- 234 -
- 235 -
세세부부사사업업계계획획서서
회계연도 : 2026년
회계구분 : 일반 , 특별회계 , 기금
분    야 : 전체
부    문 : 전체 (단위 : 백만원)
분야ㆍ부문ㆍ정책ㆍ단위ㆍ세부사
업 사 업 개 요 국가계
획
투
자
심
사
지
방
채
BTL
의무지출
재원 총사업비 기투자
연     도     별     투     자     계     획
향  후
법
정
보
조
이
자 소  계 2026 2027 2028 2029 2030
N N N N Y N
시도비 428 0 428 82 84 86 87 89 0
시군구비 999 0 999 192 196 200 204 208 0
노동 83,025 0 83,025 16,005 16,005 17,005 17,005 17,005 0
청년 역량강화 53,837 0 53,837 10,767 10,767 10,767 10,767 10,767 0
청년정책 추진 250 0 250 50 50 50 50 50 0
청년주간 운영
2025. 1. ~ 2029. 12.
청년 당사자 및 일반시
민 등
연간 300명 내외
기념식, 청년 예술인 공
연, 참여 ․ 체험 프로
그램, 부스운영 등
N N N N N N
계 250 0 250 50 50 50 50 50 0
재량 250 0 250 50 50 50 50 50 0
시군구비 250 0 250 50 50 50 50 50 0
청년 자립 지원 48,420 0 48,420 9,684 9,684 9,684 9,684 9,684 0
청년기본소득 지원
기간:2025년 ~ 2030년
대상:24세 청년
규모:연간 8,000명 내외
내용:분기별 25만원 지
역화폐 지급
N N N N Y N
계 48,420 0 48,420 9,684 9,684 9,684 9,684 9,684 0
의무 48,420 0 48,420 9,684 9,684 9,684 9,684 9,684 0
시도비 33,894 0 33,894 6,779 6,779 6,779 6,779 6,779 0
시군구비 14,526 0 14,526 2,905 2,905 2,905 2,905 2,905 0
청년일자리 추진 5,167 0 5,167 1,033 1,033 1,033 1,033 1,033 0
경기청년역량강화
기회 지원
기간:2025. 1. ~ 2029.
12.
대상:화성시 미취업 청
년(19세~39세)
규모:연간 2천명 내외
내용:미취업 청년 어학
·자격시험 응시료 지
원
N N N N N N
계 1,839 0 1,839 368 368 368 368 368 0
재량 1,839 0 1,839 368 368 368 368 368 0
시도비 919 0 919 184 184 184 184 184 0
시군구비 919 0 919 184 184 184 184 184 0
- 235 -
- 236 -
세세부부사사업업계계획획서서
회계연도 : 2026년
회계구분 : 일반 , 특별회계 , 기금
분    야 : 전체
부    문 : 전체 (단위 : 백만원)
분야ㆍ부문ㆍ정책ㆍ단위ㆍ세부사
업 사 업 개 요 국가계
획
투
자
심
사
지
방
채
BTL
의무지출
재원 총사업비 기투자
연     도     별     투     자     계     획
향  후
법
정
보
조
이
자 소  계 2026 2027 2028 2029 2030
청년 공공인턴 운영
기간:연례반복
대상:청년구직자 공공인턴(19세
~ 39세 이하 청년 미취업자), 대
학생 공공인턴(39세 이하 대학생
)
규모:청년구직자 공공인턴(40명)
, 대학생공공인턴(66명)
내용:시청, 사업소, 읍면동 등
배치되어 행정직무 경험
N N N N N N
계 3,328 0 3,328 666 666 666 666 666 0
재량 3,328 0 3,328 666 666 666 666 666 0
시군구비 3,328 0 3,328 666 666 666 666 666 0
사회적경제 성장기반 구축 29,188 0 29,188 5,238 5,238 6,238 6,238 6,238 0
사회적경제 지역기반 조
성 7,156 0 7,156 1,431 1,431 1,431 1,431 1,431 0
사회적경제 육성
기간:2025.1~2030.12
대상:사회적경제기업
또는 이를 준비하는자
규모:사회적경제기업
약 430개소
내용:사회적경제 육성
지원(교육, 행사 등)
N N N N N N
계 4,408 0 4,408 882 882 882 882 882 0
재량 4,408 0 4,408 882 882 882 882 882 0
시군구비 4,408 0 4,408 882 882 882 882 882 0
(예비)사회적기업
일자리창출사업
2025.1.~ 2029. 12.
인증사회적기업 및 예
비사회적기업
15기업 25명
신규일자리창출에 따른
인건비 지원
N N N N Y N
계 1,725 0 1,725 345 345 345 345 345 0
의무 1,725 0 1,725 345 345 345 345 345 0
시도비 863 0 863 173 173 173 173 173 0
시군구비 863 0 863 173 173 173 173 173 0
사회적기업 사회보
험료지원사업
2025.1.1.~2029.12.31.
고용노동부장관이 인증
한 사회적기업
7기업 210명
사회보험료 지원
N N N N Y N
계 1,022 0 1,022 204 204 204 204 204 0
의무 1,022 0 1,022 204 204 204 204 204 0
시도비 511 0 511 102 102 102 102 102 0
시군구비 511 0 511 102 102 102 102 102 0
사회적경제지원기금 운
용 22,032 0 22,032 3,806 3,806 4,806 4,806 4,806 0
사회적경제 경영안
정
기간:2023.01~2030.12.31.
대상:사회적경제 기업 Y N N N N N 계 22,032 0 22,032 3,806 3,806 4,806 4,806 4,806 0
- 237 -
세세부부사사업업계계획획서서
회계연도 : 2026년
회계구분 : 일반 , 특별회계 , 기금
분    야 : 전체
부    문 : 전체 (단위 : 백만원)
분야ㆍ부문ㆍ정책ㆍ단위ㆍ세부사
업 사 업 개 요 국가계
획
투
자
심
사
지
방
채
BTL
의무지출
재원 총사업비 기투자
연     도     별     투     자     계     획
향  후
법
정
보
조
이
자 소  계 2026 2027 2028 2029 2030
규모:관내 사회적경제기업 
400여개
내용:사회적경제 조직의 
활성화 지원
Y N N N N N
재량 22,032 0 22,032 3,806 3,806 4,806 4,806 4,806 0
시군구비 22,032 0 22,032 3,806 3,806 4,806 4,806 4,806 0
보훈 59,906 0 59,906 11,281 11,281 11,281 12,481 13,581 0
국가 보훈 관리 및 지원 59,906 0 59,906 11,281 11,281 11,281 12,481 13,581 0
보훈대상자 예우 및 지
원 59,906 0 59,906 11,281 11,281 11,281 12,481 13,581 0
보훈회관 관리운영
기간:2026.1.1.~2030.12.31
.
대상:보훈회관
규모:지하1층, 지상3층(부
지면적 1,626㎡, 연면적
2,990㎡)
내용:보훈회관 관리운영
N N N Y N N
계 2,589 0 2,589 418 418 418 618 718 0
의무 2,589 0 2,589 418 418 418 618 718 0
시군구비 2,589 0 2,589 418 418 418 618 718 0
보훈사업 지원
기간:2026.01~2030.12
대상:국가보훈단체
규모:10개 단체
내용:보훈대상자 전적
지참배 등 사업
N N N N N N
계 3,519 0 3,519 704 704 704 704 704 0
재량 3,519 0 3,519 704 704 704 704 704 0
시군구비 3,519 0 3,519 704 704 704 704 704 0
보훈대상자 명예선
양비 지원
기간:2026.01~2030.12
대상:국가보훈대상자
규모:6,365명
내용:국가보훈대상자
보훈수당 지급
N N N N N N
계 48,012 0 48,012 9,002 9,002 9,002 10,002 11,002 0
재량 48,012 0 48,012 9,002 9,002 9,002 10,002 11,002 0
시군구비 48,012 0 48,012 9,002 9,002 9,002 10,002 11,002 0
참전유공자 명예수
당 지급
기간:2026.01~2030.12
대상:참전유공자(6.25,
월남전 등)
규모:2,058명
내용:연1회 수당지급
N N N N Y N
계 5,787 0 5,787 1,157 1,157 1,157 1,157 1,157 0
의무 5,787 0 5,787 1,157 1,157 1,157 1,157 1,157 0
시도비 5,787 0 5,787 1,157 1,157 1,157 1,157 1,157 0
사회복지일반 2,250 0 2,250 450 450 450 450 450 0
- 236 -
- 237 -
세세부부사사업업계계획획서서
회계연도 : 2026년
회계구분 : 일반 , 특별회계 , 기금
분    야 : 전체
부    문 : 전체 (단위 : 백만원)
분야ㆍ부문ㆍ정책ㆍ단위ㆍ세부사
업 사 업 개 요 국가계
획
투
자
심
사
지
방
채
BTL
의무지출
재원 총사업비 기투자
연     도     별     투     자     계     획
향  후
법
정
보
조
이
자 소  계 2026 2027 2028 2029 2030
규모:관내 사회적경제기업 
400여개
내용:사회적경제 조직의 
활성화 지원
Y N N N N N
재량 22,032 0 22,032 3,806 3,806 4,806 4,806 4,806 0
시군구비 22,032 0 22,032 3,806 3,806 4,806 4,806 4,806 0
보훈 59,906 0 59,906 11,281 11,281 11,281 12,481 13,581 0
국가 보훈 관리 및 지원 59,906 0 59,906 11,281 11,281 11,281 12,481 13,581 0
보훈대상자 예우 및 지
원 59,906 0 59,906 11,281 11,281 11,281 12,481 13,581 0
보훈회관 관리운영
기간:2026.1.1.~2030.12.31
.
대상:보훈회관
규모:지하1층, 지상3층(부
지면적 1,626㎡, 연면적
2,990㎡)
내용:보훈회관 관리운영
N N N Y N N
계 2,589 0 2,589 418 418 418 618 718 0
의무 2,589 0 2,589 418 418 418 618 718 0
시군구비 2,589 0 2,589 418 418 418 618 718 0
보훈사업 지원
기간:2026.01~2030.12
대상:국가보훈단체
규모:10개 단체
내용:보훈대상자 전적
지참배 등 사업
N N N N N N
계 3,519 0 3,519 704 704 704 704 704 0
재량 3,519 0 3,519 704 704 704 704 704 0
시군구비 3,519 0 3,519 704 704 704 704 704 0
보훈대상자 명예선
양비 지원
기간:2026.01~2030.12
대상:국가보훈대상자
규모:6,365명
내용:국가보훈대상자
보훈수당 지급
N N N N N N
계 48,012 0 48,012 9,002 9,002 9,002 10,002 11,002 0
재량 48,012 0 48,012 9,002 9,002 9,002 10,002 11,002 0
시군구비 48,012 0 48,012 9,002 9,002 9,002 10,002 11,002 0
참전유공자 명예수
당 지급
기간:2026.01~2030.12
대상:참전유공자(6.25,
월남전 등)
규모:2,058명
내용:연1회 수당지급
N N N N Y N
계 5,787 0 5,787 1,157 1,157 1,157 1,157 1,157 0
의무 5,787 0 5,787 1,157 1,157 1,157 1,157 1,157 0
시도비 5,787 0 5,787 1,157 1,157 1,157 1,157 1,157 0
사회복지일반 2,250 0 2,250 450 450 450 450 450 0
- 237 -
- 238 -
세세부부사사업업계계획획서서
회계연도 : 2026년
회계구분 : 일반 , 특별회계 , 기금
분    야 : 전체
부    문 : 전체 (단위 : 백만원)
분야ㆍ부문ㆍ정책ㆍ단위ㆍ세부사
업 사 업 개 요 국가계
획
투
자
심
사
지
방
채
BTL
의무지출
재원 총사업비 기투자
연     도     별     투     자     계     획
향  후
법
정
보
조
이
자 소  계 2026 2027 2028 2029 2030
중장년의 재도약과 노후준
비 지원 2,250 0 2,250 450 450 450 450 450 0
중장년을 위한 노후준비
종합서비스 제공 2,250 0 2,250 450 450 450 450 450 0
베이비부머 행복캠
퍼스 운영
기간:연례반복
대상:협성대
규모:1개소
내용: 대학교 내 중장년
전용공간 설치
N N N N Y N
계 2,250 0 2,250 450 450 450 450 450 0
의무 2,250 0 2,250 450 450 450 450 450 0
시도비 675 0 675 135 135 135 135 135 0
시군구비 1,575 0 1,575 315 315 315 315 315 0
보육 2,629,523 0 2,629,523 515,207 518,385 520,708 533,620 541,603 0
보육 가족 지원 2,041,173 0 2,041,173 399,942 403,056 405,310 413,447 419,419 0
맞춤형 공보육 기반 확
대 98,955 0 98,955 17,276 17,941 18,700 21,278 23,760 0
시립어린이집 시설
유지보수
기간:2025~2029
대상:시립어린이집
규모:시립어린이집 150
개소
내용:시립어린이집의
노후시설물 개보수
N N N N N N
계 4,100 0 4,100 700 700 700 900 1,100 0
재량 4,100 0 4,100 700 700 700 900 1,100 0
시군구비 4,100 0 4,100 700 700 700 900 1,100 0
시간제보육서비스
제공지원
기간:2026. 1. ~ 2030.
12.
대상:시간제보육 제공
기관
규모:시간제보육 24개소
내용:시간제보육 인건
비, 운영비 지원
Y 보
건복
지부
N N N N Y N
계 2,875 0 2,875 575 575 575 575 575 0
의무 2,875 0 2,875 575 575 575 575 575 0
국고보조금 1,437 0 1,437 287 287 287 287 287 0
시도비 719 0 719 144 144 144 144 144 0
시군구비 719 0 719 144 144 144 144 144 0
경기도 야간연장형
어린이집 운영지원 N N N N Y N 계 2,352 0 2,352 470 470 470 470 470 0
- 239 -
세세부부사사업업계계획획서서
회계연도 : 2026년
회계구분 : 일반 , 특별회계 , 기금
분    야 : 전체
부    문 : 전체 (단위 : 백만원)
분야ㆍ부문ㆍ정책ㆍ단위ㆍ세부사
업 사 업 개 요 국가계
획
투
자
심
사
지
방
채
BTL
의무지출
재원 총사업비 기투자
연     도     별     투     자     계     획
향  후
법
정
보
조
이
자 소  계 2026 2027 2028 2029 2030
기간:2026. 1. ~ 2030. 12.
대상:야간연장형 어린이집
규모:어린이집 약 120개소
내용:운영비 
지원(40만원/월)
N N N N Y N
의무 2,352 0 2,352 470 470 470 470 470 0
시도비 235 0 235 47 47 47 47 47 0
시군구비 2,117 0 2,117 423 423 423 423 423 0
경기도 어린이집 교
직원 처우개선 지원
(영아반 교사 등 특
수근무수당)
기간:2026.01.~2030.12.
대상:보육교사
규모:매월 약 3,122명
내용:수당
N N N N Y N
계 8,580 0 8,580 1,716 1,716 1,716 1,716 1,716 0
의무 8,580 0 8,580 1,716 1,716 1,716 1,716 1,716 0
시도비 858 0 858 172 172 172 172 172 0
시군구비 7,722 0 7,722 1,544 1,544 1,544 1,544 1,544 0
경기도 0세아전용
어린이집 운영지원
기간:2026.1~2030.12
대상:0세아 어린이집
규모:25개소
내용:관내 가정어린이
집 지원
N N N N Y N
계 12,084 0 12,084 2,417 2,417 2,417 2,417 2,417 0
의무 12,084 0 12,084 2,417 2,417 2,417 2,417 2,417 0
시도비 1,208 0 1,208 242 242 242 242 242 0
시군구비 10,876 0 10,876 2,175 2,175 2,175 2,175 2,175 0
경기도 공공형어린
이집 운영지원(전환
사업)
기간:2026. 1. ~ 2030.
12.
대상:공공형어린이집
규모:어린이집 약 20개
소
내용:운영비 지원
Y 교
육부 N N N N Y N
계 5,665 0 5,665 1,025 1,076 1,130 1,187 1,246 0
의무 5,665 0 5,665 1,025 1,076 1,130 1,187 1,246 0
시도비 4,985 0 4,985 902 947 995 1,044 1,097 0
시군구비 680 0 680 123 129 136 142 150 0
경기도 공공형어린
이집 운영활성화 지
원(전환사업)
기간:2026. 1. ~ 2030.
12.
대상:공공형어린이집
규모:어린이집 약 20개
소
내용:운영활성화비 지
원
N N N N Y N
계 2,422 0 2,422 484 484 484 484 484 0
의무 2,422 0 2,422 484 484 484 484 484 0
시도비 242 0 242 48 48 48 48 48 0
- 238 -
- 239 -
세세부부사사업업계계획획서서
회계연도 : 2026년
회계구분 : 일반 , 특별회계 , 기금
분    야 : 전체
부    문 : 전체 (단위 : 백만원)
분야ㆍ부문ㆍ정책ㆍ단위ㆍ세부사
업 사 업 개 요 국가계
획
투
자
심
사
지
방
채
BTL
의무지출
재원 총사업비 기투자
연     도     별     투     자     계     획
향  후
법
정
보
조
이
자 소  계 2026 2027 2028 2029 2030
기간:2026. 1. ~ 2030. 12.
대상:야간연장형 어린이집
규모:어린이집 약 120개소
내용:운영비 
지원(40만원/월)
N N N N Y N
의무 2,352 0 2,352 470 470 470 470 470 0
시도비 235 0 235 47 47 47 47 47 0
시군구비 2,117 0 2,117 423 423 423 423 423 0
경기도 어린이집 교
직원 처우개선 지원
(영아반 교사 등 특
수근무수당)
기간:2026.01.~2030.12.
대상:보육교사
규모:매월 약 3,122명
내용:수당
N N N N Y N
계 8,580 0 8,580 1,716 1,716 1,716 1,716 1,716 0
의무 8,580 0 8,580 1,716 1,716 1,716 1,716 1,716 0
시도비 858 0 858 172 172 172 172 172 0
시군구비 7,722 0 7,722 1,544 1,544 1,544 1,544 1,544 0
경기도 0세아전용
어린이집 운영지원
기간:2026.1~2030.12
대상:0세아 어린이집
규모:25개소
내용:관내 가정어린이
집 지원
N N N N Y N
계 12,084 0 12,084 2,417 2,417 2,417 2,417 2,417 0
의무 12,084 0 12,084 2,417 2,417 2,417 2,417 2,417 0
시도비 1,208 0 1,208 242 242 242 242 242 0
시군구비 10,876 0 10,876 2,175 2,175 2,175 2,175 2,175 0
경기도 공공형어린
이집 운영지원(전환
사업)
기간:2026. 1. ~ 2030.
12.
대상:공공형어린이집
규모:어린이집 약 20개
소
내용:운영비 지원
Y 교
육부 N N N N Y N
계 5,665 0 5,665 1,025 1,076 1,130 1,187 1,246 0
의무 5,665 0 5,665 1,025 1,076 1,130 1,187 1,246 0
시도비 4,985 0 4,985 902 947 995 1,044 1,097 0
시군구비 680 0 680 123 129 136 142 150 0
경기도 공공형어린
이집 운영활성화 지
원(전환사업)
기간:2026. 1. ~ 2030.
12.
대상:공공형어린이집
규모:어린이집 약 20개
소
내용:운영활성화비 지
원
N N N N Y N
계 2,422 0 2,422 484 484 484 484 484 0
의무 2,422 0 2,422 484 484 484 484 484 0
시도비 242 0 242 48 48 48 48 48 0
- 239 -
- 240 -
세세부부사사업업계계획획서서
회계연도 : 2026년
회계구분 : 일반 , 특별회계 , 기금
분    야 : 전체
부    문 : 전체 (단위 : 백만원)
분야ㆍ부문ㆍ정책ㆍ단위ㆍ세부사
업 사 업 개 요 국가계
획
투
자
심
사
지
방
채
BTL
의무지출
재원 총사업비 기투자
연     도     별     투     자     계     획
향  후
법
정
보
조
이
자 소  계 2026 2027 2028 2029 2030
N N N N Y N 시군구비 2,179 0 2,179 436 436 436 436 436 0
경기형 외국인근로
자 자녀 보육료 지
원
기간:2026.1.~2030.12.
대상:어린이집 재원 외
국인 영유아
규모:650명
내용:어린이집 보육료
10만원 바우처 지원
N N N N Y N
계 4,044 0 4,044 809 809 809 809 809 0
의무 4,044 0 4,044 809 809 809 809 809 0
시도비 404 0 404 81 81 81 81 81 0
시군구비 3,640 0 3,640 728 728 728 728 728 0
화성형 외국인근로
자 자녀 보육료 지
원
기간:2026.1.~2030.12.
대상:외국인 영유아(0~5
세)
규모:650명
내용:관내어린이집 재
원 외국인 영유아 보육
료 지원
N N N N N N
계 27,271 0 27,271 3,968 4,563 5,247 6,247 7,247 0
재량 27,271 0 27,271 3,968 4,563 5,247 6,247 7,247 0
시군구비 27,271 0 27,271 3,968 4,563 5,247 6,247 7,247 0
육아종합지원센터
운영
기간:2026.1.1.~2030.12.31
.
대상:어린이집, 보육교직원
, 영유아, 양육자 
규모:육아종합지원센터 1개
소
내용:어린이집지원, 가정양
육지원, 취약보육지원, 대
체교사 지원
N N N N N N
계 13,837 0 13,837 2,167 2,167 2,167 3,167 4,167 0
재량 13,837 0 13,837 2,167 2,167 2,167 3,167 4,167 0
시군구비 13,837 0 13,837 2,167 2,167 2,167 3,167 4,167 0
화성형아이키움터(
아이자람꿈터) 운영
기간:2026.1.1.~
2030.12.31.
대상:양육자, 영유아 
규모:화성형아이키움터
7개
내용:시간제 보육실 운
영 등
N N N N N N
계 7,650 0 7,650 1,530 1,530 1,530 1,530 1,530 0
재량 7,650 0 7,650 1,530 1,530 1,530 1,530 1,530 0
시군구비 7,650 0 7,650 1,530 1,530 1,530 1,530 1,530 0
장애아통합어린이집
치료사인건비지원
기간:2026.1.~2030. 12.
대상:장애아통합어린이
집 치료사
규모:12개소
내용:치료사 인건비 지
원
N N N N N N
계 2,448 0 2,448 389 408 429 550 673 0
재량 2,448 0 2,448 389 408 429 550 673 0
시군구비 2,448 0 2,448 389 408 429 550 673 0
화성형 어린이집 운
영
기간:2026.01. ~ 2030.12.
대상:화성시 관내 
민간,가정어린이집
N N N N N N 계 5,627 0 5,627 1,025 1,025 1,025 1,225 1,325 0
- 241 -
세세부부사사업업계계획획서서
회계연도 : 2026년
회계구분 : 일반 , 특별회계 , 기금
분    야 : 전체
부    문 : 전체 (단위 : 백만원)
분야ㆍ부문ㆍ정책ㆍ단위ㆍ세부사
업 사 업 개 요 국가계
획
투
자
심
사
지
방
채
BTL
의무지출
재원 총사업비 기투자
연     도     별     투     자     계     획
향  후
법
정
보
조
이
자 소  계 2026 2027 2028 2029 2030
규모:20개소
내용:인건비 ,운영비, 
기능보강사업비 지원을 통해 
국공립수준의 보육
의 질 향상
N N N N N N
재량 5,627 0 5,627 1,025 1,025 1,025 1,225 1,325 0
시군구비 5,627 0 5,627 1,025 1,025 1,025 1,225 1,325 0
보육부담 경감을 위한
무상보육지원 1,204,914 0 1,204,914 236,116 238,149 239,183 244,217 247,250 0
영유아보육료 지원
기간:2026.01.~2030.12.
대상:만0~2세 영유아
규모:약 24,000명
내용:보육료 지원
Y 보
건복
지부
N N N Y N N
계 656,855 0 656,855 127,104 129,137 130,171 134,205 136,238 0
의무 656,855 0 656,855 127,104 129,137 130,171 134,205 136,238 0
국고보조금 529,751 0 529,751 101,683 103,717 104,750 108,784 110,818 0
시도비 111,216 0 111,216 22,243 22,243 22,243 22,243 22,243 0
시군구비 15,888 0 15,888 3,178 3,178 3,178 3,178 3,178 0
경기도 누리과정 차
액보육료 지원
기간:2026.1.~2030.12.
대상:정부미지원 어린
이집 재원 중인 누리과
정 아동
규모:4,380명
내용:누리과정 차액 보
육료 지원
N N N N Y N
계 23,217 0 23,217 4,643 4,643 4,643 4,643 4,643 0
의무 23,217 0 23,217 4,643 4,643 4,643 4,643 4,643 0
시도비 2,322 0 2,322 464 464 464 464 464 0
시군구비 20,896 0 20,896 4,179 4,179 4,179 4,179 4,179 0
부모급여(영아수당)
지원
기간:2026.1~2030.12
대상:23개월 미만 아동
규모:약 11,329명
내용:0~11개월 100만원/
월 12~23개월 50만원/월
지급
Y 보
건복
지부
N N N N Y N
계 471,866 0 471,866 94,373 94,373 94,373 94,373 94,373 0
의무 471,866 0 471,866 94,373 94,373 94,373 94,373 94,373 0
국고보조금 353,900 0 353,900 70,780 70,780 70,780 70,780 70,780 0
시도비 82,577 0 82,577 16,515 16,515 16,515 16,515 16,515 0
시군구비 35,390 0 35,390 7,078 7,078 7,078 7,078 7,078 0
가정양육수당 지원 Y 보건
복지부 N N N Y N N 계 18,231 0 18,231 3,646 3,646 3,646 3,646 3,646 0
- 240 -
- 241 -
세세부부사사업업계계획획서서
회계연도 : 2026년
회계구분 : 일반 , 특별회계 , 기금
분    야 : 전체
부    문 : 전체 (단위 : 백만원)
분야ㆍ부문ㆍ정책ㆍ단위ㆍ세부사
업 사 업 개 요 국가계
획
투
자
심
사
지
방
채
BTL
의무지출
재원 총사업비 기투자
연     도     별     투     자     계     획
향  후
법
정
보
조
이
자 소  계 2026 2027 2028 2029 2030
규모:20개소
내용:인건비 ,운영비, 
기능보강사업비 지원을 통해 
국공립수준의 보육
의 질 향상
N N N N N N
재량 5,627 0 5,627 1,025 1,025 1,025 1,225 1,325 0
시군구비 5,627 0 5,627 1,025 1,025 1,025 1,225 1,325 0
보육부담 경감을 위한
무상보육지원 1,204,914 0 1,204,914 236,116 238,149 239,183 244,217 247,250 0
영유아보육료 지원
기간:2026.01.~2030.12.
대상:만0~2세 영유아
규모:약 24,000명
내용:보육료 지원
Y 보
건복
지부
N N N Y N N
계 656,855 0 656,855 127,104 129,137 130,171 134,205 136,238 0
의무 656,855 0 656,855 127,104 129,137 130,171 134,205 136,238 0
국고보조금 529,751 0 529,751 101,683 103,717 104,750 108,784 110,818 0
시도비 111,216 0 111,216 22,243 22,243 22,243 22,243 22,243 0
시군구비 15,888 0 15,888 3,178 3,178 3,178 3,178 3,178 0
경기도 누리과정 차
액보육료 지원
기간:2026.1.~2030.12.
대상:정부미지원 어린
이집 재원 중인 누리과
정 아동
규모:4,380명
내용:누리과정 차액 보
육료 지원
N N N N Y N
계 23,217 0 23,217 4,643 4,643 4,643 4,643 4,643 0
의무 23,217 0 23,217 4,643 4,643 4,643 4,643 4,643 0
시도비 2,322 0 2,322 464 464 464 464 464 0
시군구비 20,896 0 20,896 4,179 4,179 4,179 4,179 4,179 0
부모급여(영아수당)
지원
기간:2026.1~2030.12
대상:23개월 미만 아동
규모:약 11,329명
내용:0~11개월 100만원/
월 12~23개월 50만원/월
지급
Y 보
건복
지부
N N N N Y N
계 471,866 0 471,866 94,373 94,373 94,373 94,373 94,373 0
의무 471,866 0 471,866 94,373 94,373 94,373 94,373 94,373 0
국고보조금 353,900 0 353,900 70,780 70,780 70,780 70,780 70,780 0
시도비 82,577 0 82,577 16,515 16,515 16,515 16,515 16,515 0
시군구비 35,390 0 35,390 7,078 7,078 7,078 7,078 7,078 0
가정양육수당 지원 Y 보건
복지부 N N N Y N N 계 18,231 0 18,231 3,646 3,646 3,646 3,646 3,646 0
- 241 -
- 242 -
세세부부사사업업계계획획서서
회계연도 : 2026년
회계구분 : 일반 , 특별회계 , 기금
분    야 : 전체
부    문 : 전체 (단위 : 백만원)
분야ㆍ부문ㆍ정책ㆍ단위ㆍ세부사
업 사 업 개 요 국가계
획
투
자
심
사
지
방
채
BTL
의무지출
재원 총사업비 기투자
연     도     별     투     자     계     획
향  후
법
정
보
조
이
자 소  계 2026 2027 2028 2029 2030
기간:2026.1~2030.12
대상:24~85개월 
가정양육아동
규모:약 3,139명
내용:자격별로 10~20만원/월 
차등지원
N N N Y N N
의무 18,231 0 18,231 3,646 3,646 3,646 3,646 3,646 0
국고보조금 13,673 0 13,673 2,735 2,735 2,735 2,735 2,735 0
시도비 3,190 0 3,190 638 638 638 638 638 0
시군구비 1,367 0 1,367 273 273 273 273 273 0
경기도 가족돌봄수
당 지원
기간:2026.1.~2030.12
대상:24~36개월 미만 양
육공백 발생 가정
규모:약 800명
내용:영아 수에 따라 월
30~60만원 차등지급
N N N N Y N
계 10,122 0 10,122 2,024 2,024 2,024 2,024 2,024 0
의무 10,122 0 10,122 2,024 2,024 2,024 2,024 2,024 0
시도비 5,061 0 5,061 1,012 1,012 1,012 1,012 1,012 0
시군구비 5,061 0 5,061 1,012 1,012 1,012 1,012 1,012 0
화성형 영유아 양육
지원
기간:2026.1~2030.12
대상:가정양육수당 수령 아동 및
기관이용하는 2, 4세 아동
규모:가정양육추가: 3,139(월평
균) / 성장발달지원: 14,113명
내용:가정양육수당 추가지원 및
지원영유아 성장발달 지원
N N N N N N
계 24,623 0 24,623 4,325 4,325 4,325 5,325 6,325 0
재량 24,623 0 24,623 4,325 4,325 4,325 5,325 6,325 0
시군구비 24,623 0 24,623 4,325 4,325 4,325 5,325 6,325 0
즐겁고 행복한 보육환경
지원 737,304 0 737,304 146,551 146,965 147,427 147,952 148,409 0
보육교직원 인건비
지원(국공립법인 교
직원 인건비)
기간:2025. 1.~2030. 12.
대상:국공립 법인 등 어
린이집
규모:약 172개소
내용:보육교직원 인건
비
Y 교
육부 N N N N Y N
계 203,311 0 203,311 40,662 40,662 40,662 40,662 40,662 0
의무 203,311 0 203,311 40,662 40,662 40,662 40,662 40,662 0
국고보조금 121,987 0 121,987 24,397 24,397 24,397 24,397 24,397 0
시도비 56,927 0 56,927 11,385 11,385 11,385 11,385 11,385 0
시군구비 24,397 0 24,397 4,879 4,879 4,879 4,879 4,879 0
보육교직원 인건비 지원(영아
전담 등 교직원 인건비)
Y 보건
복지부 N N N N Y N 계 29,329 0 29,329 5,866 5,866 5,866 5,866 5,866 0
- 243 -
세세부부사사업업계계획획서서
회계연도 : 2026년
회계구분 : 일반 , 특별회계 , 기금
분    야 : 전체
부    문 : 전체 (단위 : 백만원)
분야ㆍ부문ㆍ정책ㆍ단위ㆍ세부사
업 사 업 개 요 국가계
획
투
자
심
사
지
방
채
BTL
의무지출
재원 총사업비 기투자
연     도     별     투     자     계     획
향  후
법
정
보
조
이
자 소  계 2026 2027 2028 2029 2030
기간:2026.1.~2030. 12.
대상:영아전담,야간연장 등 
어린이집
규모:약 490명
내용:인건비 및 수당 지원
N N N N Y N
의무 29,329 0 29,329 5,866 5,866 5,866 5,866 5,866 0
국고보조금 17,598 0 17,598 3,520 3,520 3,520 3,520 3,520 0
시도비 8,212 0 8,212 1,642 1,642 1,642 1,642 1,642 0
시군구비 3,520 0 3,520 704 704 704 704 704 0
보육교직원 처우개
선 지원(교사 근무
환경개선비)
기간:2026년~2030년
대상:보육교사
규모:매월 약3,623명
내용:수당
Y 보
건복
지부
N N N N Y N
계 53,475 0 53,475 10,695 10,695 10,695 10,695 10,695 0
의무 53,475 0 53,475 10,695 10,695 10,695 10,695 10,695 0
국고보조금 32,085 0 32,085 6,417 6,417 6,417 6,417 6,417 0
시도비 14,973 0 14,973 2,995 2,995 2,995 2,995 2,995 0
시군구비 6,417 0 6,417 1,283 1,283 1,283 1,283 1,283 0
보육교직원 처우개
선 지원(교사겸직
원장)
기간:2026년~2030년
대상:교사겸직원장
규모:매월 약 350명 
내용:수당
Y 보
건복
지부
N N N N Y N
계 1,769 0 1,769 354 354 354 354 354 0
의무 1,769 0 1,769 354 354 354 354 354 0
국고보조금 1,061 0 1,061 212 212 212 212 212 0
시도비 495 0 495 99 99 99 99 99 0
시군구비 212 0 212 42 42 42 42 42 0
보육교직원 처우개
선 지원(농촌보육교
사 특별근무수당)
기간:2026년~2030년
대상:보육교사
규모:매월 약 1,045명
내용:수당
Y 보
건복
지부
N N N N Y N
계 7,845 0 7,845 1,569 1,569 1,569 1,569 1,569 0
의무 7,845 0 7,845 1,569 1,569 1,569 1,569 1,569 0
국고보조금 4,707 0 4,707 941 941 941 941 941 0
시도비 941 0 941 188 188 188 188 188 0
- 242 -
- 243 -
세세부부사사업업계계획획서서
회계연도 : 2026년
회계구분 : 일반 , 특별회계 , 기금
분    야 : 전체
부    문 : 전체 (단위 : 백만원)
분야ㆍ부문ㆍ정책ㆍ단위ㆍ세부사
업 사 업 개 요 국가계
획
투
자
심
사
지
방
채
BTL
의무지출
재원 총사업비 기투자
연     도     별     투     자     계     획
향  후
법
정
보
조
이
자 소  계 2026 2027 2028 2029 2030
기간:2026.1.~2030. 12.
대상:영아전담,야간연장 등 
어린이집
규모:약 490명
내용:인건비 및 수당 지원
N N N N Y N
의무 29,329 0 29,329 5,866 5,866 5,866 5,866 5,866 0
국고보조금 17,598 0 17,598 3,520 3,520 3,520 3,520 3,520 0
시도비 8,212 0 8,212 1,642 1,642 1,642 1,642 1,642 0
시군구비 3,520 0 3,520 704 704 704 704 704 0
보육교직원 처우개
선 지원(교사 근무
환경개선비)
기간:2026년~2030년
대상:보육교사
규모:매월 약3,623명
내용:수당
Y 보
건복
지부
N N N N Y N
계 53,475 0 53,475 10,695 10,695 10,695 10,695 10,695 0
의무 53,475 0 53,475 10,695 10,695 10,695 10,695 10,695 0
국고보조금 32,085 0 32,085 6,417 6,417 6,417 6,417 6,417 0
시도비 14,973 0 14,973 2,995 2,995 2,995 2,995 2,995 0
시군구비 6,417 0 6,417 1,283 1,283 1,283 1,283 1,283 0
보육교직원 처우개
선 지원(교사겸직
원장)
기간:2026년~2030년
대상:교사겸직원장
규모:매월 약 350명 
내용:수당
Y 보
건복
지부
N N N N Y N
계 1,769 0 1,769 354 354 354 354 354 0
의무 1,769 0 1,769 354 354 354 354 354 0
국고보조금 1,061 0 1,061 212 212 212 212 212 0
시도비 495 0 495 99 99 99 99 99 0
시군구비 212 0 212 42 42 42 42 42 0
보육교직원 처우개
선 지원(농촌보육교
사 특별근무수당)
기간:2026년~2030년
대상:보육교사
규모:매월 약 1,045명
내용:수당
Y 보
건복
지부
N N N N Y N
계 7,845 0 7,845 1,569 1,569 1,569 1,569 1,569 0
의무 7,845 0 7,845 1,569 1,569 1,569 1,569 1,569 0
국고보조금 4,707 0 4,707 941 941 941 941 941 0
시도비 941 0 941 188 188 188 188 188 0
- 243 -
- 244 -
세세부부사사업업계계획획서서
회계연도 : 2026년
회계구분 : 일반 , 특별회계 , 기금
분    야 : 전체
부    문 : 전체 (단위 : 백만원)
분야ㆍ부문ㆍ정책ㆍ단위ㆍ세부사
업 사 업 개 요 국가계
획
투
자
심
사
지
방
채
BTL
의무지출
재원 총사업비 기투자
연     도     별     투     자     계     획
향  후
법
정
보
조
이
자 소  계 2026 2027 2028 2029 2030
N N N N Y N 시군구비 2,196 0 2,196 439 439 439 439 439 0
보육교직원 처우개
선 지원(보조교사
인건비)
기간:2026.01.~2030.12.
대상:관내 어린이집
규모:관내 어린이집 
내용:보조교사 인건비
지원
Y 보
건복
지부
N N N N Y N
계 100,086 0 100,086 20,017 20,017 20,017 20,017 20,017 0
의무 100,086 0 100,086 20,017 20,017 20,017 20,017 20,017 0
국고보조금 60,052 0 60,052 12,010 12,010 12,010 12,010 12,010 0
시도비 28,024 0 28,024 5,605 5,605 5,605 5,605 5,605 0
시군구비 12,010 0 12,010 2,402 2,402 2,402 2,402 2,402 0
보육교직원 처우개
선 지원(대체교사
인건비)
기간:2026년~2030년
대상:어린이집
규모:매월 약350개소
내용:인건비
Y 보
건복
지부
N N N N Y N
계 11,560 0 11,560 2,179 2,269 2,371 2,371 2,371 0
의무 11,560 0 11,560 2,179 2,269 2,371 2,371 2,371 0
국고보조금 4,863 0 4,863 973 973 973 973 973 0
시도비 2,269 0 2,269 454 454 454 454 454 0
시군구비 4,428 0 4,428 753 843 944 944 944 0
경기도 어린이집 교
직원 처우개선 지원
(어린이집 교직원
처우개선비)
기간:2026년~2030년
대상:보육교사
규모:매월 약 4,228명
내용:수당
N N N N Y N
계 44,686 0 44,686 8,937 8,937 8,937 8,937 8,937 0
의무 44,686 0 44,686 8,937 8,937 8,937 8,937 8,937 0
시도비 4,469 0 4,469 894 894 894 894 894 0
시군구비 40,217 0 40,217 8,043 8,043 8,043 8,043 8,043 0
경기도 어린이집 교
직원 처우개선 지원
(보육교사 처우개선
비 추가)
기간:2026년~2030년
대상:보육교사
규모:매월 약 3,975명
내용:수당
N N N N Y N
계 13,176 0 13,176 2,635 2,635 2,635 2,635 2,635 0
의무 13,176 0 13,176 2,635 2,635 2,635 2,635 2,635 0
시도비 6,588 0 6,588 1,318 1,318 1,318 1,318 1,318 0
- 245 -
세세부부사사업업계계획획서서
회계연도 : 2026년
회계구분 : 일반 , 특별회계 , 기금
분    야 : 전체
부    문 : 전체 (단위 : 백만원)
분야ㆍ부문ㆍ정책ㆍ단위ㆍ세부사
업 사 업 개 요 국가계
획
투
자
심
사
지
방
채
BTL
의무지출
재원 총사업비 기투자
연     도     별     투     자     계     획
향  후
법
정
보
조
이
자 소  계 2026 2027 2028 2029 2030
N N N N Y N 시군구비 6,588 0 6,588 1,318 1,318 1,318 1,318 1,318 0
어린이집 운영지원(
급식위생관리)
기간:2026.1.~2030.12.
대상:집단급식소 신고
어린이집 중 아동정원+
교사 현원 50인 이상인
어린이집
규모:120개소
내용:월 30만원 지원
Y 보
건복
지부
N N N N Y N
계 2,059 0 2,059 468 468 468 468 187 0
의무 2,059 0 2,059 468 468 468 468 187 0
국고보조금 1,123 0 1,123 281 281 281 281 0 0
시도비 655 0 655 131 131 131 131 131 0
시군구비 281 0 281 56 56 56 56 56 0
경기도 어린이집 운
영지원(급식비, 운
영비)
기간:2026.1.~2030.12.
대상:관내 어린이집 
규모:24,272명
내용:급식비, 운영비 지
원
N N N N Y N
계 20,099 0 20,099 4,020 4,020 4,020 4,020 4,020 0
의무 20,099 0 20,099 4,020 4,020 4,020 4,020 4,020 0
시도비 6,030 0 6,030 1,206 1,206 1,206 1,206 1,206 0
시군구비 14,070 0 14,070 2,814 2,814 2,814 2,814 2,814 0
경기도 어린이집 운
영비 지원(0~2세)
기간:2026.01.~2030.12.
대상:현원 50인 이하 어
린이집
규모:11,035명
내용:운영비(0~2세)
10,000원/인,월 지원
N N N N Y N
계 5,177 0 5,177 963 963 963 963 1,324 0
의무 5,177 0 5,177 963 963 963 963 1,324 0
시도비 5,177 0 5,177 963 963 963 963 1,324 0
경기도 어린이집 유
아 급식비 지원
기간:2026.1.~2030.12.
대상:관내 어린이집 
규모: 7,921개소 어린이
집
내용:급식비 지원(매월
1일 현원 기준)
N N N N Y N
계 21,627 0 21,627 4,325 4,325 4,325 4,325 4,325 0
의무 21,627 0 21,627 4,325 4,325 4,325 4,325 4,325 0
시도비 21,627 0 21,627 4,325 4,325 4,325 4,325 4,325 0
경기도 누리과정 운
영지원
기간:2026.1.~2030.12.
대상:관내어린이집 재원 유
아(3~5세)
규모:7,159명
내용:누리과정 보육료 지원
N N N N Y N
계 161,584 0 161,584 32,317 32,317 32,317 32,317 32,317 0
의무 161,584 0 161,584 32,317 32,317 32,317 32,317 32,317 0
- 244 -
- 245 -
세세부부사사업업계계획획서서
회계연도 : 2026년
회계구분 : 일반 , 특별회계 , 기금
분    야 : 전체
부    문 : 전체 (단위 : 백만원)
분야ㆍ부문ㆍ정책ㆍ단위ㆍ세부사
업 사 업 개 요 국가계
획
투
자
심
사
지
방
채
BTL
의무지출
재원 총사업비 기투자
연     도     별     투     자     계     획
향  후
법
정
보
조
이
자 소  계 2026 2027 2028 2029 2030
N N N N Y N 시군구비 6,588 0 6,588 1,318 1,318 1,318 1,318 1,318 0
어린이집 운영지원(
급식위생관리)
기간:2026.1.~2030.12.
대상:집단급식소 신고
어린이집 중 아동정원+
교사 현원 50인 이상인
어린이집
규모:120개소
내용:월 30만원 지원
Y 보
건복
지부
N N N N Y N
계 2,059 0 2,059 468 468 468 468 187 0
의무 2,059 0 2,059 468 468 468 468 187 0
국고보조금 1,123 0 1,123 281 281 281 281 0 0
시도비 655 0 655 131 131 131 131 131 0
시군구비 281 0 281 56 56 56 56 56 0
경기도 어린이집 운
영지원(급식비, 운
영비)
기간:2026.1.~2030.12.
대상:관내 어린이집 
규모:24,272명
내용:급식비, 운영비 지
원
N N N N Y N
계 20,099 0 20,099 4,020 4,020 4,020 4,020 4,020 0
의무 20,099 0 20,099 4,020 4,020 4,020 4,020 4,020 0
시도비 6,030 0 6,030 1,206 1,206 1,206 1,206 1,206 0
시군구비 14,070 0 14,070 2,814 2,814 2,814 2,814 2,814 0
경기도 어린이집 운
영비 지원(0~2세)
기간:2026.01.~2030.12.
대상:현원 50인 이하 어
린이집
규모:11,035명
내용:운영비(0~2세)
10,000원/인,월 지원
N N N N Y N
계 5,177 0 5,177 963 963 963 963 1,324 0
의무 5,177 0 5,177 963 963 963 963 1,324 0
시도비 5,177 0 5,177 963 963 963 963 1,324 0
경기도 어린이집 유
아 급식비 지원
기간:2026.1.~2030.12.
대상:관내 어린이집 
규모: 7,921개소 어린이
집
내용:급식비 지원(매월
1일 현원 기준)
N N N N Y N
계 21,627 0 21,627 4,325 4,325 4,325 4,325 4,325 0
의무 21,627 0 21,627 4,325 4,325 4,325 4,325 4,325 0
시도비 21,627 0 21,627 4,325 4,325 4,325 4,325 4,325 0
경기도 누리과정 운
영지원
기간:2026.1.~2030.12.
대상:관내어린이집 재원 유
아(3~5세)
규모:7,159명
내용:누리과정 보육료 지원
N N N N Y N
계 161,584 0 161,584 32,317 32,317 32,317 32,317 32,317 0
의무 161,584 0 161,584 32,317 32,317 32,317 32,317 32,317 0
- 245 -
- 246 -
세세부부사사업업계계획획서서
회계연도 : 2026년
회계구분 : 일반 , 특별회계 , 기금
분    야 : 전체
부    문 : 전체 (단위 : 백만원)
분야ㆍ부문ㆍ정책ㆍ단위ㆍ세부사
업 사 업 개 요 국가계
획
투
자
심
사
지
방
채
BTL
의무지출
재원 총사업비 기투자
연     도     별     투     자     계     획
향  후
법
정
보
조
이
자 소  계 2026 2027 2028 2029 2030
N N N N Y N 시도비 161,584 0 161,584 32,317 32,317 32,317 32,317 32,317 0
경기도 누리과정 3~
5세 추가 지원
기간:2026.1.~2030.12.
대상:누리과정 4~5세 
규모:4,549명
내용:유아 1인당 월
50,000원 지원
N N N N Y N
계 13,647 0 13,647 2,729 2,729 2,729 2,729 2,729 0
의무 13,647 0 13,647 2,729 2,729 2,729 2,729 2,729 0
시도비 13,647 0 13,647 2,729 2,729 2,729 2,729 2,729 0
경기도 특수보육 활
성화 지원(영아 표
준보육과정 프로그
램)
기간:2026.01~2030.12
대상:영유아반 운영 평
가인증 어린이집
규모:약  680개소
내용:표준보육과정 프
로그램 활성화 지원
N N N N Y N
계 3,401 0 3,401 680 680 680 680 680 0
의무 3,401 0 3,401 680 680 680 680 680 0
시도비 340 0 340 68 68 68 68 68 0
시군구비 3,061 0 3,061 612 612 612 612 612 0
경기도 어린이집 공
기청정기 지원
기간:2026.1~2030.12
대상:공기청정기 설치
및 보조금 신청 어린이
집
규모:사업량 약 660개소
지원
내용:렌탈비 및 유지관
리비 지원
N N N N Y N
계 2,284 0 2,284 457 457 457 457 457 0
의무 2,284 0 2,284 457 457 457 457 457 0
시도비 685 0 685 137 137 137 137 137 0
시군구비 1,599 0 1,599 320 320 320 320 320 0
경기형 조리원 인건
비 지원
기간:2026.1.~2030.12.
대상:민간가정 어린이
집
규모:480개소
내용:조리원 별도 채용
시 조리원 인건비 일부
지원(40만원/월/개소)
N N N N Y N
계 11,688 0 11,688 2,338 2,338 2,338 2,338 2,338 0
의무 11,688 0 11,688 2,338 2,338 2,338 2,338 2,338 0
시도비 1,169 0 1,169 234 234 234 234 234 0
시군구비 10,519 0 10,519 2,104 2,104 2,104 2,104 2,104 0
화성형 조리원 인건
비 지원
기간:2026.1.~2030.12.
대상:민간가정 어린이집
규모:480개소
내용:조리원 별도 채용 시
조리원 인건비 일부 지원(
20만원/월/개소)
N N N N N N
계 14,760 0 14,760 2,509 2,810 3,147 3,147 3,147 0
재량 14,760 0 14,760 2,509 2,810 3,147 3,147 3,147 0
- 247 -
세세부부사사업업계계획획서서
회계연도 : 2026년
회계구분 : 일반 , 특별회계 , 기금
분    야 : 전체
부    문 : 전체 (단위 : 백만원)
분야ㆍ부문ㆍ정책ㆍ단위ㆍ세부사
업 사 업 개 요 국가계
획
투
자
심
사
지
방
채
BTL
의무지출
재원 총사업비 기투자
연     도     별     투     자     계     획
향  후
법
정
보
조
이
자 소  계 2026 2027 2028 2029 2030
N N N N N N 시군구비 14,760 0 14,760 2,509 2,810 3,147 3,147 3,147 0
국공립 어린이집 보
조교사 인건비 지원
기간:2026.01.~2030.12.
대상:관내 국공립어린
이집 보육교사
규모:관내 국공립어린
이집 중 50개소
내용:인건비 지원
N N N N N N
계 3,025 0 3,025 545 545 545 645 745 0
재량 3,025 0 3,025 545 545 545 645 745 0
시군구비 3,025 0 3,025 545 545 545 645 745 0
안심보육 교직원 장
기근속 수당 지원
기간:2026년~2030년
대상:보육교사
규모:매월 약 1,405명
내용:수당
N N N N N N
계 4,500 0 4,500 840 840 840 940 1,040 0
재량 4,500 0 4,500 840 840 840 940 1,040 0
시군구비 4,500 0 4,500 840 840 840 940 1,040 0
어린이집 냉난방비
지원
기간:2026.01.~2030.12.
대상:관내 어린이집
규모:관내 모든 어린이
집
내용:냉난방비 지원
N N N N N N
계 2,906 0 2,906 541 541 541 641 641 0
재량 2,906 0 2,906 541 541 541 641 641 0
시군구비 2,906 0 2,906 541 541 541 641 641 0
화성형 휴일 어린이
집 지원
기간:2026.1.~2030. 12.
대상:휴일 어린이집
규모:6개소
내용:인건비, 수당 및
운영비 지원
N N N N N N
계 2,800 0 2,800 453 475 499 624 750 0
재량 2,800 0 2,800 453 475 499 624 750 0
시군구비 2,800 0 2,800 453 475 499 624 750 0
어린이집 안전공제
회 지원
기간:2026.01. ~
2030.12.
대상:관내 어린이집
내용:운영지원, 보육컨
설팅 등
안전공제회 공제료 지
급
N N N N N N
계 2,509 0 2,509 452 452 452 552 602 0
재량 2,509 0 2,509 452 452 452 552 602 0
시군구비 2,509 0 2,509 452 452 452 552 602 0
아동복지 지원 536,933 0 536,933 106,242 106,306 106,375 108,650 109,361 0
아이키우기 좋은 아동친
화도시 지원 415,056 0 415,056 82,051 82,051 82,051 84,151 84,751 0
- 246 -
- 247 -
세세부부사사업업계계획획서서
회계연도 : 2026년
회계구분 : 일반 , 특별회계 , 기금
분    야 : 전체
부    문 : 전체 (단위 : 백만원)
분야ㆍ부문ㆍ정책ㆍ단위ㆍ세부사
업 사 업 개 요 국가계
획
투
자
심
사
지
방
채
BTL
의무지출
재원 총사업비 기투자
연     도     별     투     자     계     획
향  후
법
정
보
조
이
자 소  계 2026 2027 2028 2029 2030
N N N N N N 시군구비 14,760 0 14,760 2,509 2,810 3,147 3,147 3,147 0
국공립 어린이집 보
조교사 인건비 지원
기간:2026.01.~2030.12.
대상:관내 국공립어린
이집 보육교사
규모:관내 국공립어린
이집 중 50개소
내용:인건비 지원
N N N N N N
계 3,025 0 3,025 545 545 545 645 745 0
재량 3,025 0 3,025 545 545 545 645 745 0
시군구비 3,025 0 3,025 545 545 545 645 745 0
안심보육 교직원 장
기근속 수당 지원
기간:2026년~2030년
대상:보육교사
규모:매월 약 1,405명
내용:수당
N N N N N N
계 4,500 0 4,500 840 840 840 940 1,040 0
재량 4,500 0 4,500 840 840 840 940 1,040 0
시군구비 4,500 0 4,500 840 840 840 940 1,040 0
어린이집 냉난방비
지원
기간:2026.01.~2030.12.
대상:관내 어린이집
규모:관내 모든 어린이
집
내용:냉난방비 지원
N N N N N N
계 2,906 0 2,906 541 541 541 641 641 0
재량 2,906 0 2,906 541 541 541 641 641 0
시군구비 2,906 0 2,906 541 541 541 641 641 0
화성형 휴일 어린이
집 지원
기간:2026.1.~2030. 12.
대상:휴일 어린이집
규모:6개소
내용:인건비, 수당 및
운영비 지원
N N N N N N
계 2,800 0 2,800 453 475 499 624 750 0
재량 2,800 0 2,800 453 475 499 624 750 0
시군구비 2,800 0 2,800 453 475 499 624 750 0
어린이집 안전공제
회 지원
기간:2026.01. ~
2030.12.
대상:관내 어린이집
내용:운영지원, 보육컨
설팅 등
안전공제회 공제료 지
급
N N N N N N
계 2,509 0 2,509 452 452 452 552 602 0
재량 2,509 0 2,509 452 452 452 552 602 0
시군구비 2,509 0 2,509 452 452 452 552 602 0
아동복지 지원 536,933 0 536,933 106,242 106,306 106,375 108,650 109,361 0
아이키우기 좋은 아동친
화도시 지원 415,056 0 415,056 82,051 82,051 82,051 84,151 84,751 0
- 247 -
- 248 -
세세부부사사업업계계획획서서
회계연도 : 2026년
회계구분 : 일반 , 특별회계 , 기금
분    야 : 전체
부    문 : 전체 (단위 : 백만원)
분야ㆍ부문ㆍ정책ㆍ단위ㆍ세부사
업 사 업 개 요 국가계
획
투
자
심
사
지
방
채
BTL
의무지출
재원 총사업비 기투자
연     도     별     투     자     계     획
향  후
법
정
보
조
이
자 소  계 2026 2027 2028 2029 2030
아동수당 지급
기간: 2026~2030년
대상: 8세 미만 아동
규모: 약 연간 7만명
내용: 매월 아동수당 10
만원 지급
Y 보
건복
지부
N N N N Y N
계 380,139 0 380,139 75,628 75,628 75,628 76,628 76,628 0
의무 380,139 0 380,139 75,628 75,628 75,628 76,628 76,628 0
국고보조금 302,511 0 302,511 60,502 60,502 60,502 60,502 60,502 0
시도비 34,032 0 34,032 6,806 6,806 6,806 6,806 6,806 0
시군구비 43,595 0 43,595 8,319 8,319 8,319 9,319 9,319 0
아동발달지원계좌지
원
기간: 2026~2030년
대상: 저소득 및 보호대
상아동
규모: 월 2000명 대 지
원
내용: 아동자산형성 지
원사업
Y 보
건복
지부
N N N N Y N
계 8,339 0 8,339 1,668 1,668 1,668 1,668 1,668 0
의무 8,339 0 8,339 1,668 1,668 1,668 1,668 1,668 0
국고보조금 5,837 0 5,837 1,167 1,167 1,167 1,167 1,167 0
시도비 2,126 0 2,126 425 425 425 425 425 0
시군구비 375 0 375 75 75 75 75 75 0
화성시 어린이 문화
센터 운영
기간: 2026~2030년
대상: 48개월~12세 아동
규모: 약 연간 10만명
내용: 아동의 놀 권리
및 놀이 문화 제공
N N N N N N
계 20,335 0 20,335 3,567 3,567 3,567 4,567 5,067 0
재량 20,335 0 20,335 3,567 3,567 3,567 4,567 5,067 0
시군구비 20,335 0 20,335 3,567 3,567 3,567 4,567 5,067 0
화성시 아동상담소
운영
기간: 2026~2030년
대상: 화성시 아동상담
소(1개소)
규모: 화성시 거주 아동
전체
내용: 아동상담소 운영
·관리 
N N N N N N
계 2,743 0 2,743 489 489 489 589 689 0
재량 2,743 0 2,743 489 489 489 589 689 0
시군구비 2,743 0 2,743 489 489 489 589 689 0
공공형 실내놀이시
설 운영
기간: 2026~2030년
대상: 관내 실내놀이터(3~취학전
6세 아동 / 3세~ 12세 아동)
규모: 실내놀이터 2개소
내용: 아동 놀권리 및 발달권리
보장
N N N N N N
계 3,500 0 3,500 700 700 700 700 700 0
재량 3,500 0 3,500 700 700 700 700 700 0
- 249 -
세세부부사사업업계계획획서서
회계연도 : 2026년
회계구분 : 일반 , 특별회계 , 기금
분    야 : 전체
부    문 : 전체 (단위 : 백만원)
분야ㆍ부문ㆍ정책ㆍ단위ㆍ세부사
업 사 업 개 요 국가계
획
투
자
심
사
지
방
채
BTL
의무지출
재원 총사업비 기투자
연     도     별     투     자     계     획
향  후
법
정
보
조
이
자 소  계 2026 2027 2028 2029 2030
N N N N N N 시군구비 3,500 0 3,500 700 700 700 700 700 0
아동이 살기 좋은 도시
지원 92,045 0 92,045 18,224 18,288 18,357 18,532 18,643 0
다함께돌봄센터 운
영비 지원
기간: 2026~2030년
대상: 다함께돌봄센터
이용 학생
규모: 다함께돌봄센터
30개소
내용: 다함께돌봄센터
운영비 지원
Y 보
건복
지부
N N N N Y N
계 1,810 0 1,810 362 362 362 362 362 0
의무 1,810 0 1,810 362 362 362 362 362 0
균특보조금 845 0 845 169 169 169 169 169 0
시도비 422 0 422 84 84 84 84 84 0
시군구비 543 0 543 109 109 109 109 109 0
다함께돌봄센터 인
건비 지원
기간: 2026~2030년
대상: 다함께돌봄센터
종사자
규모: 다함께돌봄센터
30개소
내용: 다함께돌봄센터
종사자 인건비 지원
Y 보
건복
지부
N N N N Y N
계 11,475 0 11,475 2,295 2,295 2,295 2,295 2,295 0
의무 11,475 0 11,475 2,295 2,295 2,295 2,295 2,295 0
균특보조금 5,738 0 5,738 1,148 1,148 1,148 1,148 1,148 0
시도비 2,869 0 2,869 574 574 574 574 574 0
시군구비 2,869 0 2,869 574 574 574 574 574 0
다함께돌봄센터 인
건비 추가지원
기간: 2026~2030년
대상: 다함께돌봄센터
30개소 종사자
규모: 다함께돌봄센터
30개소 종사자
내용: 다함께돌봄센터
종사자 인건비 지원
N N N N Y N
계 3,535 0 3,535 707 707 707 707 707 0
의무 3,535 0 3,535 707 707 707 707 707 0
시도비 1,061 0 1,061 212 212 212 212 212 0
시군구비 2,475 0 2,475 495 495 495 495 495 0
다함께돌봄센터 돌
봄인력 지원
기간: 2026~2030년
대상: 다함께돌봄센터 틈새교사
규모: 다함께돌봄센터 종사자 30
명
내용: 다함께돌봄센터 틈새교사
인건비 지원
N N N N Y N
계 2,745 0 2,745 517 533 548 565 582 0
의무 2,745 0 2,745 517 533 548 565 582 0
- 248 -
- 249 -
세세부부사사업업계계획획서서
회계연도 : 2026년
회계구분 : 일반 , 특별회계 , 기금
분    야 : 전체
부    문 : 전체 (단위 : 백만원)
분야ㆍ부문ㆍ정책ㆍ단위ㆍ세부사
업 사 업 개 요 국가계
획
투
자
심
사
지
방
채
BTL
의무지출
재원 총사업비 기투자
연     도     별     투     자     계     획
향  후
법
정
보
조
이
자 소  계 2026 2027 2028 2029 2030
N N N N N N 시군구비 3,500 0 3,500 700 700 700 700 700 0
아동이 살기 좋은 도시
지원 92,045 0 92,045 18,224 18,288 18,357 18,532 18,643 0
다함께돌봄센터 운
영비 지원
기간: 2026~2030년
대상: 다함께돌봄센터
이용 학생
규모: 다함께돌봄센터
30개소
내용: 다함께돌봄센터
운영비 지원
Y 보
건복
지부
N N N N Y N
계 1,810 0 1,810 362 362 362 362 362 0
의무 1,810 0 1,810 362 362 362 362 362 0
균특보조금 845 0 845 169 169 169 169 169 0
시도비 422 0 422 84 84 84 84 84 0
시군구비 543 0 543 109 109 109 109 109 0
다함께돌봄센터 인
건비 지원
기간: 2026~2030년
대상: 다함께돌봄센터
종사자
규모: 다함께돌봄센터
30개소
내용: 다함께돌봄센터
종사자 인건비 지원
Y 보
건복
지부
N N N N Y N
계 11,475 0 11,475 2,295 2,295 2,295 2,295 2,295 0
의무 11,475 0 11,475 2,295 2,295 2,295 2,295 2,295 0
균특보조금 5,738 0 5,738 1,148 1,148 1,148 1,148 1,148 0
시도비 2,869 0 2,869 574 574 574 574 574 0
시군구비 2,869 0 2,869 574 574 574 574 574 0
다함께돌봄센터 인
건비 추가지원
기간: 2026~2030년
대상: 다함께돌봄센터
30개소 종사자
규모: 다함께돌봄센터
30개소 종사자
내용: 다함께돌봄센터
종사자 인건비 지원
N N N N Y N
계 3,535 0 3,535 707 707 707 707 707 0
의무 3,535 0 3,535 707 707 707 707 707 0
시도비 1,061 0 1,061 212 212 212 212 212 0
시군구비 2,475 0 2,475 495 495 495 495 495 0
다함께돌봄센터 돌
봄인력 지원
기간: 2026~2030년
대상: 다함께돌봄센터 틈새교사
규모: 다함께돌봄센터 종사자 30
명
내용: 다함께돌봄센터 틈새교사
인건비 지원
N N N N Y N
계 2,745 0 2,745 517 533 548 565 582 0
의무 2,745 0 2,745 517 533 548 565 582 0
- 249 -
- 250 -
세세부부사사업업계계획획서서
회계연도 : 2026년
회계구분 : 일반 , 특별회계 , 기금
분    야 : 전체
부    문 : 전체 (단위 : 백만원)
분야ㆍ부문ㆍ정책ㆍ단위ㆍ세부사
업 사 업 개 요 국가계
획
투
자
심
사
지
방
채
BTL
의무지출
재원 총사업비 기투자
연     도     별     투     자     계     획
향  후
법
정
보
조
이
자 소  계 2026 2027 2028 2029 2030
N N N N Y N
시도비 823 0 823 155 160 165 169 175 0
시군구비 1,921 0 1,921 362 373 384 395 407 0
다함께돌봄센터 설
치비 지원
기간: 2026~2030년
대상: 초등학교 1~6학년
규모: 다함께돌봄센터
의무설치 공동주택 내
신규 설치 추진
내용: 리모델링, 기자재
구입 지원, 돌봄시설 운
영 등
Y 보
건복
지부
N N N N Y N
계 2,949 0 2,949 483 531 584 643 707 0
의무 2,949 0 2,949 483 531 584 643 707 0
균특보조금 1,786 0 1,786 293 322 354 389 428 0
시도비 496 0 496 81 89 98 108 119 0
시군구비 667 0 667 109 120 132 145 160 0
다함께돌봄센터 초
등돌봄 운영
기간: 2026~2030년
대상: 다함께돌봄 야간연장
10개소
규모: 다함께돌봄센터 10개
소
내용: 다함께돌봄 야간연장
돌봄교사 인건비, 운영비
지원
N N N N N N
계 2,335 0 2,335 421 421 421 521 551 0
재량 2,335 0 2,335 421 421 421 521 551 0
시군구비 2,335 0 2,335 421 421 421 521 551 0
지역아동센터 운영
비 지원
기간: 2026~2030년
대상: 지역아동센터
규모: 33개소
내용: 운영비 지원
Y 보
건복
지부
N N N N Y N
계 3,143 0 3,143 629 629 629 629 629 0
의무 3,143 0 3,143 629 629 629 629 629 0
균특보조금 1,571 0 1,571 314 314 314 314 314 0
시도비 786 0 786 157 157 157 157 157 0
시군구비 786 0 786 157 157 157 157 157 0
지역아동센터 인건
비 지원
기간: 2026~2030년
대상: 지역아동센터 법
정종사자
규모: 법정종사자 104명
내용: 인건비 지원
Y 보
건복
지부
N N N N Y N
계 18,050 0 18,050 3,610 3,610 3,610 3,610 3,610 0
의무 18,050 0 18,050 3,610 3,610 3,610 3,610 3,610 0
균특보조금 9,025 0 9,025 1,805 1,805 1,805 1,805 1,805 0
- 251 -
세세부부사사업업계계획획서서
회계연도 : 2026년
회계구분 : 일반 , 특별회계 , 기금
분    야 : 전체
부    문 : 전체 (단위 : 백만원)
분야ㆍ부문ㆍ정책ㆍ단위ㆍ세부사
업 사 업 개 요 국가계
획
투
자
심
사
지
방
채
BTL
의무지출
재원 총사업비 기투자
연     도     별     투     자     계     획
향  후
법
정
보
조
이
자 소  계 2026 2027 2028 2029 2030
N N N N Y N
시도비 4,512 0 4,512 902 902 902 902 902 0
시군구비 4,512 0 4,512 902 902 902 902 902 0
지역아동센터 인건
비 추가지원
기간: 2026~2030년
대상: 국고보조금 인건
비 지원 대상 지역아동
센터 종사자
규모: 지역아동센터 33
개소 종사자 105명
내용: 국고보조금 인건
비 외 호봉산정에 따른
인건비 추가지원
N N N N Y N
계 5,827 0 5,827 1,165 1,165 1,165 1,165 1,165 0
의무 5,827 0 5,827 1,165 1,165 1,165 1,165 1,165 0
시도비 1,748 0 1,748 350 350 350 350 350 0
시군구비 4,079 0 4,079 816 816 816 816 816 0
지역아동센터 돌봄
교사 지원
기간: 2026~2030년
대상: 관내 지역아동센
터의 돌봄교사
규모: 지역아동센터 33
개소
내용: 지역아동센터 주
20시간 근무 돌봄교사
지원
N N N N Y N
계 2,962 0 2,962 592 592 592 592 592 0
의무 2,962 0 2,962 592 592 592 592 592 0
시도비 1,481 0 1,481 296 296 296 296 296 0
시군구비 1,481 0 1,481 296 296 296 296 296 0
결식아동급식 지원
기간: 2026~2030년
대상: 저소득층에 해당
하는 아동 중 결식우려
가 있는 아동
규모: 2,664명
내용: 결식우려 아동에
게 급식지원
N N N N Y N
계 25,556 0 25,556 5,111 5,111 5,111 5,111 5,111 0
의무 25,556 0 25,556 5,111 5,111 5,111 5,111 5,111 0
시도비 7,667 0 7,667 1,533 1,533 1,533 1,533 1,533 0
시군구비 17,889 0 17,889 3,578 3,578 3,578 3,578 3,578 0
결식아동 급식
기간: 2026~2030년
대상: 저소득층에 해당하는
아동 중 결식우려가 있는
아동
규모: 620명
내용: 취학아동에게 토, 일
, 공휴일 급식 제공
N N N N Y N
계 2,635 0 2,635 527 527 527 527 527 0
의무 2,635 0 2,635 527 527 527 527 527 0
시도비 2,635 0 2,635 527 527 527 527 527 0
시립 아동청소년센
터 운영 지원
기간: 2026~2030년
대상:시립아동청소년센터 N N N Y N N 계 9,023 0 9,023 1,805 1,805 1,805 1,805 1,805 0
- 250 -
- 251 -
세세부부사사업업계계획획서서
회계연도 : 2026년
회계구분 : 일반 , 특별회계 , 기금
분    야 : 전체
부    문 : 전체 (단위 : 백만원)
분야ㆍ부문ㆍ정책ㆍ단위ㆍ세부사
업 사 업 개 요 국가계
획
투
자
심
사
지
방
채
BTL
의무지출
재원 총사업비 기투자
연     도     별     투     자     계     획
향  후
법
정
보
조
이
자 소  계 2026 2027 2028 2029 2030
N N N N Y N
시도비 4,512 0 4,512 902 902 902 902 902 0
시군구비 4,512 0 4,512 902 902 902 902 902 0
지역아동센터 인건
비 추가지원
기간: 2026~2030년
대상: 국고보조금 인건
비 지원 대상 지역아동
센터 종사자
규모: 지역아동센터 33
개소 종사자 105명
내용: 국고보조금 인건
비 외 호봉산정에 따른
인건비 추가지원
N N N N Y N
계 5,827 0 5,827 1,165 1,165 1,165 1,165 1,165 0
의무 5,827 0 5,827 1,165 1,165 1,165 1,165 1,165 0
시도비 1,748 0 1,748 350 350 350 350 350 0
시군구비 4,079 0 4,079 816 816 816 816 816 0
지역아동센터 돌봄
교사 지원
기간: 2026~2030년
대상: 관내 지역아동센
터의 돌봄교사
규모: 지역아동센터 33
개소
내용: 지역아동센터 주
20시간 근무 돌봄교사
지원
N N N N Y N
계 2,962 0 2,962 592 592 592 592 592 0
의무 2,962 0 2,962 592 592 592 592 592 0
시도비 1,481 0 1,481 296 296 296 296 296 0
시군구비 1,481 0 1,481 296 296 296 296 296 0
결식아동급식 지원
기간: 2026~2030년
대상: 저소득층에 해당
하는 아동 중 결식우려
가 있는 아동
규모: 2,664명
내용: 결식우려 아동에
게 급식지원
N N N N Y N
계 25,556 0 25,556 5,111 5,111 5,111 5,111 5,111 0
의무 25,556 0 25,556 5,111 5,111 5,111 5,111 5,111 0
시도비 7,667 0 7,667 1,533 1,533 1,533 1,533 1,533 0
시군구비 17,889 0 17,889 3,578 3,578 3,578 3,578 3,578 0
결식아동 급식
기간: 2026~2030년
대상: 저소득층에 해당하는
아동 중 결식우려가 있는
아동
규모: 620명
내용: 취학아동에게 토, 일
, 공휴일 급식 제공
N N N N Y N
계 2,635 0 2,635 527 527 527 527 527 0
의무 2,635 0 2,635 527 527 527 527 527 0
시도비 2,635 0 2,635 527 527 527 527 527 0
시립 아동청소년센
터 운영 지원
기간: 2026~2030년
대상:시립아동청소년센터 N N N Y N N 계 9,023 0 9,023 1,805 1,805 1,805 1,805 1,805 0
- 251 -
- 252 -
세세부부사사업업계계획획서서
회계연도 : 2026년
회계구분 : 일반 , 특별회계 , 기금
분    야 : 전체
부    문 : 전체 (단위 : 백만원)
분야ㆍ부문ㆍ정책ㆍ단위ㆍ세부사
업 사 업 개 요 국가계
획
투
자
심
사
지
방
채
BTL
의무지출
재원 총사업비 기투자
연     도     별     투     자     계     획
향  후
법
정
보
조
이
자 소  계 2026 2027 2028 2029 2030
규모: 6개소
내용:운영비, 인건비, 사업비 
지원
N N N Y N N
의무 9,023 0 9,023 1,805 1,805 1,805 1,805 1,805 0
시군구비 9,023 0 9,023 1,805 1,805 1,805 1,805 1,805 0
요보호아동지원 29,832 0 29,832 5,966 5,966 5,966 5,966 5,966 0
요보호아동 그룹홈
운영
기간: 2026~2030년
대상: 보조금 지원대상
그룹홈
규모: 14개소
내용: 운영비, 인건비
지원
Y 보
건복
지부
N N N N Y N
계 10,119 0 10,119 2,024 2,024 2,024 2,024 2,024 0
의무 10,119 0 10,119 2,024 2,024 2,024 2,024 2,024 0
국고보조금 4,048 0 4,048 810 810 810 810 810 0
시도비 3,036 0 3,036 607 607 607 607 607 0
시군구비 3,036 0 3,036 607 607 607 607 607 0
공동생활가정 지원
기간: 2026~2030년
대상: 보조금 지원대상
그룹홈
규모: 14개소
내용: 종사자 초과근무
수당 및 추가운영비 지
원
N N N N N N
계 2,501 0 2,501 500 500 500 500 500 0
재량 2,501 0 2,501 500 500 500 500 500 0
시군구비 2,501 0 2,501 500 500 500 500 500 0
아동보호전문기관
운영
기간: 2026~2030년
대상: 지역아동보호전
문기관
규모: 1개소
내용: 인건비, 운영비,
사업비 지원
Y 보
건복
지부
N N N N Y N
계 4,826 0 4,826 965 965 965 965 965 0
의무 4,826 0 4,826 965 965 965 965 965 0
국고보조금 2,413 0 2,413 483 483 483 483 483 0
시도비 1,206 0 1,206 241 241 241 241 241 0
시군구비 1,206 0 1,206 241 241 241 241 241 0
입양아동가족지원(
입양아동양육수당)
기간: 2026~2030년
대상: 입양아동
규모: 292명
내용: 입양가정 월 200
천원 지원
Y 보
건복
지부
N N N N Y N
계 3,528 0 3,528 706 706 706 706 706 0
의무 3,528 0 3,528 706 706 706 706 706 0
- 253 -
세세부부사사업업계계획획서서
회계연도 : 2026년
회계구분 : 일반 , 특별회계 , 기금
분    야 : 전체
부    문 : 전체 (단위 : 백만원)
분야ㆍ부문ㆍ정책ㆍ단위ㆍ세부사
업 사 업 개 요 국가계
획
투
자
심
사
지
방
채
BTL
의무지출
재원 총사업비 기투자
연     도     별     투     자     계     획
향  후
법
정
보
조
이
자 소  계 2026 2027 2028 2029 2030
N N N N Y N
국고보조금 2,470 0 2,470 494 494 494 494 494 0
시도비 159 0 159 32 32 32 32 32 0
시군구비 900 0 900 180 180 180 180 180 0
가정위탁양육지원
기간: 2026~2030년
대상: 가정위탁아동
규모: 양육보조금 지원
내용: 가정위탁 양육보
조금 지원
N N N N Y N
계 3,211 0 3,211 642 642 642 642 642 0
의무 3,211 0 3,211 642 642 642 642 642 0
시도비 321 0 321 64 64 64 64 64 0
시군구비 2,890 0 2,890 578 578 578 578 578 0
보호종료아동 자립
수당 지원
기간: 2026~2030년
대상: 보호종료아동
규모: 102명
내용: 보호종료아동 자
립수당 지원
Y 보
건복
지부
N N N N Y N
계 3,060 0 3,060 612 612 612 612 612 0
의무 3,060 0 3,060 612 612 612 612 612 0
국고보조금 2,448 0 2,448 490 490 490 490 490 0
시도비 92 0 92 18 18 18 18 18 0
시군구비 520 0 520 104 104 104 104 104 0
학대피해아동쉼터
운영 지원
기간: 2026~2030년
대상: 화성시 학대피해
아동쉼터 2개소
규모: 2개소
내용: 인건비, 운영비,
사업비
Y 보
건복
지부
N N N N Y N
계 2,587 0 2,587 517 517 517 517 517 0
의무 2,587 0 2,587 517 517 517 517 517 0
국고보조금 1,035 0 1,035 207 207 207 207 207 0
시도비 776 0 776 155 155 155 155 155 0
시군구비 776 0 776 155 155 155 155 155 0
아동복지 지원(만세구) 7,796 0 7,796 1,459 1,459 1,459 1,659 1,759 0
- 252 -
- 253 -
세세부부사사업업계계획획서서
회계연도 : 2026년
회계구분 : 일반 , 특별회계 , 기금
분    야 : 전체
부    문 : 전체 (단위 : 백만원)
분야ㆍ부문ㆍ정책ㆍ단위ㆍ세부사
업 사 업 개 요 국가계
획
투
자
심
사
지
방
채
BTL
의무지출
재원 총사업비 기투자
연     도     별     투     자     계     획
향  후
법
정
보
조
이
자 소  계 2026 2027 2028 2029 2030
N N N N Y N
국고보조금 2,470 0 2,470 494 494 494 494 494 0
시도비 159 0 159 32 32 32 32 32 0
시군구비 900 0 900 180 180 180 180 180 0
가정위탁양육지원
기간: 2026~2030년
대상: 가정위탁아동
규모: 양육보조금 지원
내용: 가정위탁 양육보
조금 지원
N N N N Y N
계 3,211 0 3,211 642 642 642 642 642 0
의무 3,211 0 3,211 642 642 642 642 642 0
시도비 321 0 321 64 64 64 64 64 0
시군구비 2,890 0 2,890 578 578 578 578 578 0
보호종료아동 자립
수당 지원
기간: 2026~2030년
대상: 보호종료아동
규모: 102명
내용: 보호종료아동 자
립수당 지원
Y 보
건복
지부
N N N N Y N
계 3,060 0 3,060 612 612 612 612 612 0
의무 3,060 0 3,060 612 612 612 612 612 0
국고보조금 2,448 0 2,448 490 490 490 490 490 0
시도비 92 0 92 18 18 18 18 18 0
시군구비 520 0 520 104 104 104 104 104 0
학대피해아동쉼터
운영 지원
기간: 2026~2030년
대상: 화성시 학대피해
아동쉼터 2개소
규모: 2개소
내용: 인건비, 운영비,
사업비
Y 보
건복
지부
N N N N Y N
계 2,587 0 2,587 517 517 517 517 517 0
의무 2,587 0 2,587 517 517 517 517 517 0
국고보조금 1,035 0 1,035 207 207 207 207 207 0
시도비 776 0 776 155 155 155 155 155 0
시군구비 776 0 776 155 155 155 155 155 0
아동복지 지원(만세구) 7,796 0 7,796 1,459 1,459 1,459 1,659 1,759 0
- 253 -
- 254 -
세세부부사사업업계계획획서서
회계연도 : 2026년
회계구분 : 일반 , 특별회계 , 기금
분    야 : 전체
부    문 : 전체 (단위 : 백만원)
분야ㆍ부문ㆍ정책ㆍ단위ㆍ세부사
업 사 업 개 요 국가계
획
투
자
심
사
지
방
채
BTL
의무지출
재원 총사업비 기투자
연     도     별     투     자     계     획
향  후
법
정
보
조
이
자 소  계 2026 2027 2028 2029 2030
출산장려정책 추진(만세
구) 7,796 0 7,796 1,459 1,459 1,459 1,659 1,759 0
저출생 대응(만세구
)
기간: 2026년~2030년
대상: 화성시 출생아동
규모: 약 6,800명
내용: 출산지원금 지원
N N N N N N
계 7,796 0 7,796 1,459 1,459 1,459 1,659 1,759 0
재량 7,796 0 7,796 1,459 1,459 1,459 1,659 1,759 0
시군구비 7,796 0 7,796 1,459 1,459 1,459 1,659 1,759 0
아동복지 지원(효행구) 7,596 0 7,596 1,459 1,459 1,459 1,559 1,659 0
출산장려정책 추진(효행
구) 7,596 0 7,596 1,459 1,459 1,459 1,559 1,659 0
저출생 대응(효행구
)
기간: 2026년~2030년
대상: 화성시 출생아동
규모: 약 6,800명
내용: 출산지원금 지원
N N N N N N
계 7,596 0 7,596 1,459 1,459 1,459 1,559 1,659 0
재량 7,596 0 7,596 1,459 1,459 1,459 1,559 1,659 0
시군구비 7,596 0 7,596 1,459 1,459 1,459 1,559 1,659 0
아동복지 지원(병점구) 7,700 0 7,700 1,440 1,440 1,440 1,640 1,740 0
출산장려정책 추진(병점
구) 7,700 0 7,700 1,440 1,440 1,440 1,640 1,740 0
저출생 대응(병점구
)
기간: 2026년~2030년
대상: 화성시 출생아동
규모: 약 6,800명
내용: 출산지원금 지원
N N N N N N
계 7,700 0 7,700 1,440 1,440 1,440 1,640 1,740 0
재량 7,700 0 7,700 1,440 1,440 1,440 1,640 1,740 0
시군구비 7,700 0 7,700 1,440 1,440 1,440 1,640 1,740 0
아동복지 지원(동탄구) 28,324 0 28,324 4,665 4,665 4,665 6,665 7,665 0
출산장려정책 추진(동탄
구) 28,324 0 28,324 4,665 4,665 4,665 6,665 7,665 0
저출생 대응(동탄구
)
기간: 2026년~2030년
대상: 화성시 출생아동
규모: 약 8,000명
내용: 출산지원금 지원
N N N N N N
계 28,324 0 28,324 4,665 4,665 4,665 6,665 7,665 0
재량 28,324 0 28,324 4,665 4,665 4,665 6,665 7,665 0
- 255 -
세세부부사사업업계계획획서서
회계연도 : 2026년
회계구분 : 일반 , 특별회계 , 기금
분    야 : 전체
부    문 : 전체 (단위 : 백만원)
분야ㆍ부문ㆍ정책ㆍ단위ㆍ세부사
업 사 업 개 요 국가계
획
투
자
심
사
지
방
채
BTL
의무지출
재원 총사업비 기투자
연     도     별     투     자     계     획
향  후
법
정
보
조
이
자 소  계 2026 2027 2028 2029 2030
N N N N N N 시군구비 28,324 0 28,324 4,665 4,665 4,665 6,665 7,665 0
가족·여성 254,424 0 254,424 48,298 48,298 47,939 53,539 56,349 0
성평등문화확산 64,283 0 64,283 11,272 11,272 10,913 14,413 16,413 0
성평등정책지원 64,283 0 64,283 11,272 11,272 10,913 14,413 16,413 0
새일센터 지정운영(
새일센터운영지원)
기간:여녜반복
대상:관내시민
규모:취업지원 홍보 등
내용:고용유지를 위한
프로그램 제공
Y 여
성가
족부
N N N N Y N
계 1,997 0 1,997 399 399 399 399 399 0
의무 1,997 0 1,997 399 399 399 399 399 0
균특보조금 999 0 999 200 200 200 200 200 0
시도비 499 0 499 100 100 100 100 100 0
시군구비 499 0 499 100 100 100 100 100 0
화성시여성가족청소
년재단 운영
기간:2026.01~2030.12
대상:화성시여성가족청
소년재단
규모:기본재산 300백만
원
내용:여성·가족분야
특화사업 추진 등
N N N Y N N
계 15,219 0 15,219 2,859 2,859 2,500 3,000 4,000 0
의무 15,219 0 15,219 2,859 2,859 2,500 3,000 4,000 0
시군구비 15,219 0 15,219 2,859 2,859 2,500 3,000 4,000 0
여성비전센터 운영
기간:2026.01~2030.12
대상:유앤아이센터 및
모두누림센터
규모:연간이용자 67만여
명
내용:여성비전센터 운
영지원
N N N Y N N
계 47,067 0 47,067 8,013 8,013 8,013 11,013 12,013 0
의무 47,067 0 47,067 8,013 8,013 8,013 11,013 12,013 0
시군구비 47,067 0 47,067 8,013 8,013 8,013 11,013 12,013 0
가족지원 강화 85,798 0 85,798 17,020 17,020 17,020 17,320 17,420 0
맞춤형 가족지원서비스
제공 48,375 0 48,375 9,535 9,535 9,535 9,835 9,935 0
가족센터 운영 기간:~계속
대상:화성시민 전체
Y 여성
가족부 N N N N Y N 계 8,896 0 8,896 1,639 1,639 1,639 1,939 2,039 0
- 254 -
- 255 -
세세부부사사업업계계획획서서
회계연도 : 2026년
회계구분 : 일반 , 특별회계 , 기금
분    야 : 전체
부    문 : 전체 (단위 : 백만원)
분야ㆍ부문ㆍ정책ㆍ단위ㆍ세부사
업 사 업 개 요 국가계
획
투
자
심
사
지
방
채
BTL
의무지출
재원 총사업비 기투자
연     도     별     투     자     계     획
향  후
법
정
보
조
이
자 소  계 2026 2027 2028 2029 2030
N N N N N N 시군구비 28,324 0 28,324 4,665 4,665 4,665 6,665 7,665 0
가족·여성 254,424 0 254,424 48,298 48,298 47,939 53,539 56,349 0
성평등문화확산 64,283 0 64,283 11,272 11,272 10,913 14,413 16,413 0
성평등정책지원 64,283 0 64,283 11,272 11,272 10,913 14,413 16,413 0
새일센터 지정운영(
새일센터운영지원)
기간:여녜반복
대상:관내시민
규모:취업지원 홍보 등
내용:고용유지를 위한
프로그램 제공
Y 여
성가
족부
N N N N Y N
계 1,997 0 1,997 399 399 399 399 399 0
의무 1,997 0 1,997 399 399 399 399 399 0
균특보조금 999 0 999 200 200 200 200 200 0
시도비 499 0 499 100 100 100 100 100 0
시군구비 499 0 499 100 100 100 100 100 0
화성시여성가족청소
년재단 운영
기간:2026.01~2030.12
대상:화성시여성가족청
소년재단
규모:기본재산 300백만
원
내용:여성·가족분야
특화사업 추진 등
N N N Y N N
계 15,219 0 15,219 2,859 2,859 2,500 3,000 4,000 0
의무 15,219 0 15,219 2,859 2,859 2,500 3,000 4,000 0
시군구비 15,219 0 15,219 2,859 2,859 2,500 3,000 4,000 0
여성비전센터 운영
기간:2026.01~2030.12
대상:유앤아이센터 및
모두누림센터
규모:연간이용자 67만여
명
내용:여성비전센터 운
영지원
N N N Y N N
계 47,067 0 47,067 8,013 8,013 8,013 11,013 12,013 0
의무 47,067 0 47,067 8,013 8,013 8,013 11,013 12,013 0
시군구비 47,067 0 47,067 8,013 8,013 8,013 11,013 12,013 0
가족지원 강화 85,798 0 85,798 17,020 17,020 17,020 17,320 17,420 0
맞춤형 가족지원서비스
제공 48,375 0 48,375 9,535 9,535 9,535 9,835 9,935 0
가족센터 운영 기간:~계속
대상:화성시민 전체
Y 여성
가족부 N N N N Y N 계 8,896 0 8,896 1,639 1,639 1,639 1,939 2,039 0
- 255 -
- 256 -
세세부부사사업업계계획획서서
회계연도 : 2026년
회계구분 : 일반 , 특별회계 , 기금
분    야 : 전체
부    문 : 전체 (단위 : 백만원)
분야ㆍ부문ㆍ정책ㆍ단위ㆍ세부사
업 사 업 개 요 국가계
획
투
자
심
사
지
방
채
BTL
의무지출
재원 총사업비 기투자
연     도     별     투     자     계     획
향  후
법
정
보
조
이
자 소  계 2026 2027 2028 2029 2030
규모:화성시가족센터 운영비
내용:화성시가족센터 운영 N N N N Y N
의무 8,896 0 8,896 1,639 1,639 1,639 1,939 2,039 0
국고보조금 1,806 0 1,806 361 361 361 361 361 0
시군구비 7,090 0 7,090 1,278 1,278 1,278 1,578 1,678 0
아이돌봄지원
기간:2025.01~2030.12
대상:만12세이하 아동양
육 및 양육공백발생 가
정
규모:연간 6천여명 지원
내용:아이돌보미 방문
돌봄서비스 제공
Y 여
성가
족부
N N N Y N N
계 37,366 0 37,366 7,473 7,473 7,473 7,473 7,473 0
의무 37,366 0 37,366 7,473 7,473 7,473 7,473 7,473 0
국고보조금 26,015 0 26,015 5,203 5,203 5,203 5,203 5,203 0
시도비 5,675 0 5,675 1,135 1,135 1,135 1,135 1,135 0
시군구비 5,675 0 5,675 1,135 1,135 1,135 1,135 1,135 0
아이돌봄 본인부담
금 지원(중위소득
150% 이하)
기간:연례반복
대상:관내시민
규모:월600명
내용:아이돌봄서비스
이용 아동당 본인부담
금 월 20시간 지원
N N N N Y N
계 2,113 0 2,113 423 423 423 423 423 0
의무 2,113 0 2,113 423 423 423 423 423 0
시도비 1,056 0 1,056 211 211 211 211 211 0
시군구비 1,056 0 1,056 211 211 211 211 211 0
한부모 가족 지원 37,424 0 37,424 7,485 7,485 7,485 7,485 7,485 0
저소득 한부모가족
지원
기간:2026~2030
대상:저소득 한부모 가
족
규모:2,970명
내용:아동양육비 등 지
원
Y 여
성가
족부
N N N N Y N
계 35,422 0 35,422 7,084 7,084 7,084 7,084 7,084 0
의무 35,422 0 35,422 7,084 7,084 7,084 7,084 7,084 0
국고보조금 28,337 0 28,337 5,667 5,667 5,667 5,667 5,667 0
시도비 3,542 0 3,542 708 708 708 708 708 0
시군구비 3,542 0 3,542 708 708 708 708 708 0
- 257 -
세세부부사사업업계계획획서서
회계연도 : 2026년
회계구분 : 일반 , 특별회계 , 기금
분    야 : 전체
부    문 : 전체 (단위 : 백만원)
분야ㆍ부문ㆍ정책ㆍ단위ㆍ세부사
업 사 업 개 요 국가계
획
투
자
심
사
지
방
채
BTL
의무지출
재원 총사업비 기투자
연     도     별     투     자     계     획
향  후
법
정
보
조
이
자 소  계 2026 2027 2028 2029 2030
저소득 한부모가족
지원(학습재료비 등
)
기간:2026~2030
대상:저소득 한부모가
족
규모:2,636명
내용:학습재료비 등 지
원
N N N N Y N
계 2,002 0 2,002 400 400 400 400 400 0
의무 2,002 0 2,002 400 400 400 400 400 0
시도비 601 0 601 120 120 120 120 120 0
시군구비 1,401 0 1,401 280 280 280 280 280 0
이주민지원강화 14,552 0 14,552 2,528 2,528 2,528 3,228 3,738 0
이주민지원 6,622 0 6,622 1,024 1,024 1,024 1,524 2,024 0
외국인복지센터 운
영
기간:연례반복
대상:화성시 거주 외국
인 주민
규모:화성시 거주 외국
인 주민
내용:교육지원 등
N N N Y N N
계 6,622 0 6,622 1,024 1,024 1,024 1,524 2,024 0
의무 6,622 0 6,622 1,024 1,024 1,024 1,524 2,024 0
시군구비 6,622 0 6,622 1,024 1,024 1,024 1,524 2,024 0
다문화가족 지원 7,930 0 7,930 1,504 1,504 1,504 1,704 1,714 0
가족센터 운영(다문
화)
기간:2025. 1. 1. ~
2030. 12.31.
대상:다문화가족 아동
청소년
규모:다문화가족 아동
청소년 
내용:기본학습 지원 및
교육활동비 지원
Y 여
성가
족부
N N N N Y N
계 3,556 0 3,556 711 711 711 711 711 0
의무 3,556 0 3,556 711 711 711 711 711 0
국고보조금 1,778 0 1,778 356 356 356 356 356 0
시군구비 1,778 0 1,778 356 356 356 356 356 0
화성시 글로벌청소
년센터 운영
기간:2026.1.1.~2030.12.31
.
대상:9세이상 24세 이하 이
주배경청소년
규모:3,335명
내용:지역사회 정착을 위해
이주배경청소년 지원 전담
기관 운영 
N N N N N N
계 4,374 0 4,374 793 793 793 993 1,003 0
재량 4,374 0 4,374 793 793 793 993 1,003 0
시군구비 4,374 0 4,374 793 793 793 993 1,003 0
저출생대응 89,790 0 89,790 17,478 17,478 17,478 18,578 18,778 0
- 256 -
- 257 -
세세부부사사업업계계획획서서
회계연도 : 2026년
회계구분 : 일반 , 특별회계 , 기금
분    야 : 전체
부    문 : 전체 (단위 : 백만원)
분야ㆍ부문ㆍ정책ㆍ단위ㆍ세부사
업 사 업 개 요 국가계
획
투
자
심
사
지
방
채
BTL
의무지출
재원 총사업비 기투자
연     도     별     투     자     계     획
향  후
법
정
보
조
이
자 소  계 2026 2027 2028 2029 2030
저소득 한부모가족
지원(학습재료비 등
)
기간:2026~2030
대상:저소득 한부모가
족
규모:2,636명
내용:학습재료비 등 지
원
N N N N Y N
계 2,002 0 2,002 400 400 400 400 400 0
의무 2,002 0 2,002 400 400 400 400 400 0
시도비 601 0 601 120 120 120 120 120 0
시군구비 1,401 0 1,401 280 280 280 280 280 0
이주민지원강화 14,552 0 14,552 2,528 2,528 2,528 3,228 3,738 0
이주민지원 6,622 0 6,622 1,024 1,024 1,024 1,524 2,024 0
외국인복지센터 운
영
기간:연례반복
대상:화성시 거주 외국
인 주민
규모:화성시 거주 외국
인 주민
내용:교육지원 등
N N N Y N N
계 6,622 0 6,622 1,024 1,024 1,024 1,524 2,024 0
의무 6,622 0 6,622 1,024 1,024 1,024 1,524 2,024 0
시군구비 6,622 0 6,622 1,024 1,024 1,024 1,524 2,024 0
다문화가족 지원 7,930 0 7,930 1,504 1,504 1,504 1,704 1,714 0
가족센터 운영(다문
화)
기간:2025. 1. 1. ~
2030. 12.31.
대상:다문화가족 아동
청소년
규모:다문화가족 아동
청소년 
내용:기본학습 지원 및
교육활동비 지원
Y 여
성가
족부
N N N N Y N
계 3,556 0 3,556 711 711 711 711 711 0
의무 3,556 0 3,556 711 711 711 711 711 0
국고보조금 1,778 0 1,778 356 356 356 356 356 0
시군구비 1,778 0 1,778 356 356 356 356 356 0
화성시 글로벌청소
년센터 운영
기간:2026.1.1.~2030.12.31
.
대상:9세이상 24세 이하 이
주배경청소년
규모:3,335명
내용:지역사회 정착을 위해
이주배경청소년 지원 전담
기관 운영 
N N N N N N
계 4,374 0 4,374 793 793 793 993 1,003 0
재량 4,374 0 4,374 793 793 793 993 1,003 0
시군구비 4,374 0 4,374 793 793 793 993 1,003 0
저출생대응 89,790 0 89,790 17,478 17,478 17,478 18,578 18,778 0
- 257 -
- 258 -
세세부부사사업업계계획획서서
회계연도 : 2026년
회계구분 : 일반 , 특별회계 , 기금
분    야 : 전체
부    문 : 전체 (단위 : 백만원)
분야ㆍ부문ㆍ정책ㆍ단위ㆍ세부사
업 사 업 개 요 국가계
획
투
자
심
사
지
방
채
BTL
의무지출
재원 총사업비 기투자
연     도     별     투     자     계     획
향  후
법
정
보
조
이
자 소  계 2026 2027 2028 2029 2030
저출생대응 정책추진 89,790 0 89,790 17,478 17,478 17,478 18,578 18,778 0
저출생대응 사업
기간: 2026~2030년
대상: 청년, 출산 가정
등
규모: 62,700여명
내용: 맞춤형 단계별 지
원사업
N N N N N N
계 1,308 0 1,308 262 262 262 262 262 0
재량 1,308 0 1,308 262 262 262 262 262 0
시군구비 1,308 0 1,308 262 262 262 262 262 0
첫만남이용권 지원
기간: 2026~2030년
대상: 화성시 출생 아동
규모: 6,800명
내용: 200만원 이상 지
급
Y 보
건복
지부
N N N Y N N
계 83,755 0 83,755 16,311 16,311 16,311 17,311 17,511 0
의무 83,755 0 83,755 16,311 16,311 16,311 17,311 17,511 0
국고보조금 61,166 0 61,166 12,233 12,233 12,233 12,233 12,233 0
시도비 6,117 0 6,117 1,223 1,223 1,223 1,223 1,223 0
시군구비 16,472 0 16,472 2,854 2,854 2,854 3,854 4,054 0
결혼출산 장려 매칭
통장
기간:2026~2030년
대상:19세~39세 미혼남
녀
규모:연 800명
내용:결혼 등 조건 충족
시 화성시 매칭지원금
지원
N N N N N N
계 4,728 0 4,728 906 906 906 1,006 1,006 0
재량 4,728 0 4,728 906 906 906 1,006 1,006 0
시군구비 4,728 0 4,728 906 906 906 1,006 1,006 0
노인 2,114,057 231,098 1,882,959 388,212 358,248 360,941 377,000 398,558 0
노인복지 증진 1,792,264 39,746 1,752,517 357,333 333,177 336,070 352,147 373,791 0
노인생활 안정화 지원 1,285,657 0 1,285,657 243,867 245,642 248,012 263,537 284,599 0
기초연금 지원
기간:2026.01.~2030.12.
대상:소득하위 70%(기준
소득 이하) 만65세 이상
노인
규모:67,263명(2025.8.
기준)
내용:매월 기초연금 지
급(개인별 계좌입금)
Y 보
건복
지부
N N N Y N N
계 1,230,019 0 1,230,019 235,765 237,464 239,756 255,199 261,835 0
의무 1,230,019 0 1,230,019 235,765 237,464 239,756 255,199 261,835 0
국고보조금 860,501 0 860,501 165,036 166,192 167,347 178,641 183,285 0
- 259 -
세세부부사사업업계계획획서서
회계연도 : 2026년
회계구분 : 일반 , 특별회계 , 기금
분    야 : 전체
부    문 : 전체 (단위 : 백만원)
분야ㆍ부문ㆍ정책ㆍ단위ㆍ세부사
업 사 업 개 요 국가계
획
투
자
심
사
지
방
채
BTL
의무지출
재원 총사업비 기투자
연     도     별     투     자     계     획
향  후
법
정
보
조
이
자 소  계 2026 2027 2028 2029 2030
N N N Y N N
시도비 74,495 0 74,495 14,146 14,294 15,034 15,312 15,710 0
시군구비 295,023 0 295,023 56,583 56,979 57,375 61,247 62,839 0
장수수당 지원
기간:2026.01~2030.12
대상:관내 85세 이상 어
르신
규모:매년 약 3,300명
내용:매월 3만원 지급
N N N N N N
계 6,611 0 6,611 1,309 1,316 1,322 1,329 1,335 0
재량 6,611 0 6,611 1,309 1,316 1,322 1,329 1,335 0
시군구비 6,611 0 6,611 1,309 1,316 1,322 1,329 1,335 0
저소득 재가노인 식
사배달 운영 지원
기간:2026.01~2030.12
대상:결식우려 60세 이
상 기초생활수급자 및
차상위계층 노인
규모:단가*인원수*25일*
12월
내용:저소득 노인 식사
배달 사업비 지원
N N N N Y N
계 4,034 0 4,034 730 767 805 845 887 0
의무 4,034 0 4,034 730 767 805 845 887 0
시도비 403 0 403 73 77 80 85 89 0
시군구비 3,630 0 3,630 657 690 724 761 799 0
경로식당 무료급식
지원
기간:2026.01~2030.12
대상:가정형편 등 부득이한
사유로 식사를 거르는 60세
이상 저소득 노인
규모:단가*사업량*22일*12
월
내용:저소득 노인 무료급식
수행기관 운영비 지원
N N N N Y N
계 3,523 0 3,523 638 669 703 738 775 0
의무 3,523 0 3,523 638 669 703 738 775 0
시도비 352 0 352 64 67 70 74 77 0
시군구비 3,171 0 3,171 574 602 633 664 697 0
노인맞춤돌봄서비스
사업 운영 지원
기간:2026.01~2030.12
대상:저소득 취약노인
규모:사업량(3,013명),
수행인력(212명)
내용:취약노인 돌봄서
비스 제공
Y 보
건복
지부
N N N N Y N
계 36,375 0 36,375 4,709 4,709 4,709 4,709 17,541 0
의무 36,375 0 36,375 4,709 4,709 4,709 4,709 17,541 0
균특보조금 15,380 0 15,380 3,076 3,076 3,076 3,076 3,076 0
시도비 1,034 0 1,034 207 207 207 207 207 0
시군구비 19,962 0 19,962 1,426 1,426 1,426 1,426 14,258 0
- 258 -
- 259 -
세세부부사사업업계계획획서서
회계연도 : 2026년
회계구분 : 일반 , 특별회계 , 기금
분    야 : 전체
부    문 : 전체 (단위 : 백만원)
분야ㆍ부문ㆍ정책ㆍ단위ㆍ세부사
업 사 업 개 요 국가계
획
투
자
심
사
지
방
채
BTL
의무지출
재원 총사업비 기투자
연     도     별     투     자     계     획
향  후
법
정
보
조
이
자 소  계 2026 2027 2028 2029 2030
N N N Y N N
시도비 74,495 0 74,495 14,146 14,294 15,034 15,312 15,710 0
시군구비 295,023 0 295,023 56,583 56,979 57,375 61,247 62,839 0
장수수당 지원
기간:2026.01~2030.12
대상:관내 85세 이상 어
르신
규모:매년 약 3,300명
내용:매월 3만원 지급
N N N N N N
계 6,611 0 6,611 1,309 1,316 1,322 1,329 1,335 0
재량 6,611 0 6,611 1,309 1,316 1,322 1,329 1,335 0
시군구비 6,611 0 6,611 1,309 1,316 1,322 1,329 1,335 0
저소득 재가노인 식
사배달 운영 지원
기간:2026.01~2030.12
대상:결식우려 60세 이
상 기초생활수급자 및
차상위계층 노인
규모:단가*인원수*25일*
12월
내용:저소득 노인 식사
배달 사업비 지원
N N N N Y N
계 4,034 0 4,034 730 767 805 845 887 0
의무 4,034 0 4,034 730 767 805 845 887 0
시도비 403 0 403 73 77 80 85 89 0
시군구비 3,630 0 3,630 657 690 724 761 799 0
경로식당 무료급식
지원
기간:2026.01~2030.12
대상:가정형편 등 부득이한
사유로 식사를 거르는 60세
이상 저소득 노인
규모:단가*사업량*22일*12
월
내용:저소득 노인 무료급식
수행기관 운영비 지원
N N N N Y N
계 3,523 0 3,523 638 669 703 738 775 0
의무 3,523 0 3,523 638 669 703 738 775 0
시도비 352 0 352 64 67 70 74 77 0
시군구비 3,171 0 3,171 574 602 633 664 697 0
노인맞춤돌봄서비스
사업 운영 지원
기간:2026.01~2030.12
대상:저소득 취약노인
규모:사업량(3,013명),
수행인력(212명)
내용:취약노인 돌봄서
비스 제공
Y 보
건복
지부
N N N N Y N
계 36,375 0 36,375 4,709 4,709 4,709 4,709 17,541 0
의무 36,375 0 36,375 4,709 4,709 4,709 4,709 17,541 0
균특보조금 15,380 0 15,380 3,076 3,076 3,076 3,076 3,076 0
시도비 1,034 0 1,034 207 207 207 207 207 0
시군구비 19,962 0 19,962 1,426 1,426 1,426 1,426 14,258 0
- 259 -
- 260 -
세세부부사사업업계계획획서서
회계연도 : 2026년
회계구분 : 일반 , 특별회계 , 기금
분    야 : 전체
부    문 : 전체 (단위 : 백만원)
분야ㆍ부문ㆍ정책ㆍ단위ㆍ세부사
업 사 업 개 요 국가계
획
투
자
심
사
지
방
채
BTL
의무지출
재원 총사업비 기투자
연     도     별     투     자     계     획
향  후
법
정
보
조
이
자 소  계 2026 2027 2028 2029 2030
독거노인 행복커뮤
니티 운영 지원
기간:연례반복
대상:관내 독거노인
규모:300명
내용: AI스피커, 문열림
센서 설치 지원
N N N N N N
계 2,346 0 2,346 168 168 168 168 1,676 0
재량 2,346 0 2,346 168 168 168 168 1,676 0
시군구비 2,346 0 2,346 168 168 168 168 1,676 0
기초생활보장 노인
가구 월동난방비 지
원
기간:2026.01.~2030.12.
대상:중위소득 40%이하
가구로서 만 65세 이상
노인 개별가구
규모:50,000원*가구수*5
개월
내용:동절기 기간 동안
월동난방비 지급
N N N N Y N
계 2,750 0 2,750 550 550 550 550 550 0
의무 2,750 0 2,750 550 550 550 550 550 0
시도비 825 0 825 165 165 165 165 165 0
시군구비 1,925 0 1,925 385 385 385 385 385 0
노인사회참여 활성화 155,116 14,750 140,366 36,695 25,918 25,918 25,918 25,918 0
노인일자리 및 사회
활동지원 확대
기간:2024.01~2030.12.
대상:노인일자리사업수
행기관
규모:68개사업  4600명
내용:노인일자리사업
참여자 활동비 및 부대
경비 지원
Y 보
건복
지부
N N N N Y N
계 124,364 0 124,364 24,873 24,873 24,873 24,873 24,873 0
의무 124,364 0 124,364 24,873 24,873 24,873 24,873 24,873 0
국고보조금 62,182 0 62,182 12,436 12,436 12,436 12,436 12,436 0
시도비 9,327 0 9,327 1,865 1,865 1,865 1,865 1,865 0
시군구비 52,855 0 52,855 10,571 10,571 10,571 10,571 10,571 0
노인일자리지원기관
(시니어클럽) 운영
기간:2023.01~2030.12
위치:봉담읍 상리3길 38
대상:화성시노인일자리
지원기관(커피복합문화
센터)
내용:시설운영 위탁관
리
N N N N Y N
계 5,225 0 5,225 1,045 1,045 1,045 1,045 1,045 0
의무 5,225 0 5,225 1,045 1,045 1,045 1,045 1,045 0
시도비 410 0 410 82 82 82 82 82 0
시군구비 4,815 0 4,815 963 963 963 963 963 0
화성시 시니어플러
스센터 건립
기간:2022.08~2026.07
대상:화성시 65세 이상 
어르신
Y N N N N N 계 25,527 14,750 10,777 10,777 0 0 0 0 0
- 261 -
세세부부사사업업계계획획서서
회계연도 : 2026년
회계구분 : 일반 , 특별회계 , 기금
분    야 : 전체
부    문 : 전체 (단위 : 백만원)
분야ㆍ부문ㆍ정책ㆍ단위ㆍ세부사
업 사 업 개 요 국가계
획
투
자
심
사
지
방
채
BTL
의무지출
재원 총사업비 기투자
연     도     별     투     자     계     획
향  후
법
정
보
조
이
자 소  계 2026 2027 2028 2029 2030
규모:총연면적 
4,742.14㎡(1,437평/ 2개동)
내용:화성시 
시니어플러스센터 건립
Y N N N N N
재량 25,527 14,750 10,777 10,777 0 0 0 0 0
시군구비 25,527 14,750 10,777 10,777 0 0 0 0 0
노인시설 지원 292,968 22,662 270,305 67,145 50,790 50,790 50,790 50,790 0
노인양로시설 운영
비지원(전환사업)
기간:2025.01~2030.12
대상:기존에 운영비를
지원 받고 있는 법인 노
인양로시설
규모:운영비 및 인건비
지원
내용:노인양로시설의
운영비 및 인건비 지원
N N N N Y N
계 2,670 0 2,670 534 534 534 534 534 0
의무 2,670 0 2,670 534 534 534 534 534 0
시도비 1,989 0 1,989 398 398 398 398 398 0
시군구비 681 0 681 136 136 136 136 136 0
생계급여(노인시설)
지원
기간:2025.01~2030.12
대상:보장시설 입소자(
기초생활수급자)
규모:보장시설(노인주
거복지시설,노인의료복
지시설) 약 115개소/ 기
초생활수급자 약 850명
내용:시설입소자 기초
생계비 지급
Y 보
건복
지부
N N N N Y N
계 19,000 0 19,000 3,800 3,800 3,800 3,800 3,800 0
의무 19,000 0 19,000 3,800 3,800 3,800 3,800 3,800 0
국고보조금 17,100 0 17,100 3,420 3,420 3,420 3,420 3,420 0
시도비 1,330 0 1,330 266 266 266 266 266 0
시군구비 570 0 570 114 114 114 114 114 0
노인장기요양 시설
급여 지원
기간:2024.01~2030.12
대상:요양시설 입소 기
초수급자
규모:노인의료복지시설
113여개소
내용:본인부담금 차등
지원 
N N N Y N N
계 122,818 0 122,818 24,564 24,564 24,564 24,564 24,564 0
의무 122,818 0 122,818 24,564 24,564 24,564 24,564 24,564 0
시도비 61,409 0 61,409 12,282 12,282 12,282 12,282 12,282 0
시군구비 61,409 0 61,409 12,282 12,282 12,282 12,282 12,282 0
노인장기요양 재가
급여 지원
기간:2026.01.01.~2030.12.
31.
대상:재가서비스를 
이용하는 기초생활
수급자 및 
기타의료급여수급자
N N N N Y N
계 59,861 0 59,861 11,972 11,972 11,972 11,972 11,972 0
의무 59,861 0 59,861 11,972 11,972 11,972 11,972 11,972 0
- 260 -
- 261 -
세세부부사사업업계계획획서서
회계연도 : 2026년
회계구분 : 일반 , 특별회계 , 기금
분    야 : 전체
부    문 : 전체 (단위 : 백만원)
분야ㆍ부문ㆍ정책ㆍ단위ㆍ세부사
업 사 업 개 요 국가계
획
투
자
심
사
지
방
채
BTL
의무지출
재원 총사업비 기투자
연     도     별     투     자     계     획
향  후
법
정
보
조
이
자 소  계 2026 2027 2028 2029 2030
규모:총연면적 
4,742.14㎡(1,437평/ 2개동)
내용:화성시 
시니어플러스센터 건립
Y N N N N N
재량 25,527 14,750 10,777 10,777 0 0 0 0 0
시군구비 25,527 14,750 10,777 10,777 0 0 0 0 0
노인시설 지원 292,968 22,662 270,305 67,145 50,790 50,790 50,790 50,790 0
노인양로시설 운영
비지원(전환사업)
기간:2025.01~2030.12
대상:기존에 운영비를
지원 받고 있는 법인 노
인양로시설
규모:운영비 및 인건비
지원
내용:노인양로시설의
운영비 및 인건비 지원
N N N N Y N
계 2,670 0 2,670 534 534 534 534 534 0
의무 2,670 0 2,670 534 534 534 534 534 0
시도비 1,989 0 1,989 398 398 398 398 398 0
시군구비 681 0 681 136 136 136 136 136 0
생계급여(노인시설)
지원
기간:2025.01~2030.12
대상:보장시설 입소자(
기초생활수급자)
규모:보장시설(노인주
거복지시설,노인의료복
지시설) 약 115개소/ 기
초생활수급자 약 850명
내용:시설입소자 기초
생계비 지급
Y 보
건복
지부
N N N N Y N
계 19,000 0 19,000 3,800 3,800 3,800 3,800 3,800 0
의무 19,000 0 19,000 3,800 3,800 3,800 3,800 3,800 0
국고보조금 17,100 0 17,100 3,420 3,420 3,420 3,420 3,420 0
시도비 1,330 0 1,330 266 266 266 266 266 0
시군구비 570 0 570 114 114 114 114 114 0
노인장기요양 시설
급여 지원
기간:2024.01~2030.12
대상:요양시설 입소 기
초수급자
규모:노인의료복지시설
113여개소
내용:본인부담금 차등
지원 
N N N Y N N
계 122,818 0 122,818 24,564 24,564 24,564 24,564 24,564 0
의무 122,818 0 122,818 24,564 24,564 24,564 24,564 24,564 0
시도비 61,409 0 61,409 12,282 12,282 12,282 12,282 12,282 0
시군구비 61,409 0 61,409 12,282 12,282 12,282 12,282 12,282 0
노인장기요양 재가
급여 지원
기간:2026.01.01.~2030.12.
31.
대상:재가서비스를 
이용하는 기초생활
수급자 및 
기타의료급여수급자
N N N N Y N
계 59,861 0 59,861 11,972 11,972 11,972 11,972 11,972 0
의무 59,861 0 59,861 11,972 11,972 11,972 11,972 11,972 0
- 261 -
- 262 -
세세부부사사업업계계획획서서
회계연도 : 2026년
회계구분 : 일반 , 특별회계 , 기금
분    야 : 전체
부    문 : 전체 (단위 : 백만원)
분야ㆍ부문ㆍ정책ㆍ단위ㆍ세부사
업 사 업 개 요 국가계
획
투
자
심
사
지
방
채
BTL
의무지출
재원 총사업비 기투자
연     도     별     투     자     계     획
향  후
법
정
보
조
이
자 소  계 2026 2027 2028 2029 2030
대상:화성시 
재가노인복지시설 및 재가
장기요양기관
내용:장기요양급여 
본인부담금 지원 
N N N N Y N
시도비 5,986 0 5,986 1,197 1,197 1,197 1,197 1,197 0
시군구비 53,875 0 53,875 10,775 10,775 10,775 10,775 10,775 0
노인복지관 운영
기간:2025.01~20230.12
대상:관내 노인복지관
규모:노인복지관 4개소
내용:노인복지관 운영
·관리
N N N N Y N
계 46,356 0 46,356 9,271 9,271 9,271 9,271 9,271 0
의무 46,356 0 46,356 9,271 9,271 9,271 9,271 9,271 0
시도비 1,140 0 1,140 228 228 228 228 228 0
시군구비 45,216 0 45,216 9,043 9,043 9,043 9,043 9,043 0
시립화성 실버드림
센터 건립
기간:2023.01~2026.12
대상:노인복지법에 따
른 입소 및 이용대상
규모:연면적 5,400㎡ (
지하1층~지상3층)
내용:시립요양원 및 주
간보호센터 건립
Y 보
건복
지부
Y N N N Y N
계 37,418 22,662 14,756 14,756 0 0 0 0 0
의무 37,418 22,662 14,756 14,756 0 0 0 0 0
균특보조금 4,351 4,351 0 0 0 0 0 0 0
시도비 761 761 0 0 0 0 0 0 0
시군구비 32,305 17,550 14,756 14,756 0 0 0 0 0
시립화성 실버드림
센터 운영
기간:연례반복
대상:관내시민
규모:약250명
내용:시립요양원 및 주
간보호센터 운영지원
N N N N N N
계 2,600 0 2,600 1,800 200 200 200 200 0
재량 2,600 0 2,600 1,800 200 200 200 200 0
시군구비 2,600 0 2,600 1,800 200 200 200 200 0
노인대학 운영 지원
기간 : 2026.1~2030.12
대상 : 65세 이상
규모 : 연간 2000여명
내용 : 프로그램 제공
N N N N N N
계 2,245 0 2,245 449 449 449 449 449 0
재량 2,245 0 2,245 449 449 449 449 449 0
시군구비 2,245 0 2,245 449 449 449 449 449 0
경로당 지원 58,523 2,334 56,189 9,625 10,827 11,350 11,902 12,484 0
- 263 -
세세부부사사업업계계획획서서
회계연도 : 2026년
회계구분 : 일반 , 특별회계 , 기금
분    야 : 전체
부    문 : 전체 (단위 : 백만원)
분야ㆍ부문ㆍ정책ㆍ단위ㆍ세부사
업 사 업 개 요 국가계
획
투
자
심
사
지
방
채
BTL
의무지출
재원 총사업비 기투자
연     도     별     투     자     계     획
향  후
법
정
보
조
이
자 소  계 2026 2027 2028 2029 2030
경로당 건축 지원
기간: 2025.01~2030.12
대상: 경로당의 건축 공
사가 필요한 마을
규모: 매년 3개소 이상
내용: 경로당이 없는 마
을의 신축 및 노후한 경
로당의 재건축 등
N N N N N N
계 5,699 0 5,699 335 1,341 1,341 1,341 1,341 0
재량 5,699 0 5,699 335 1,341 1,341 1,341 1,341 0
시군구비 5,699 0 5,699 335 1,341 1,341 1,341 1,341 0
주민참여예산사업
기간:2026.1.~2026.12.
대상:경로당이 없는 마
을 등
규모:경로당 1개소
내용:경로당 건립 및 진
입로 개선
N N N N N N
계 2,634 2,334 300 300 0 0 0 0 0
재량 2,634 2,334 300 300 0 0 0 0 0
시군구비 2,634 2,334 300 300 0 0 0 0 0
경로당 유지보수 지
원(시청권역)
기간:2025.01~2030.12
대상:보수가 필요한 경
로당
규모:연간 150개소 이상
내용:경로당 유지보수
N N N N N N
계 5,320 0 5,320 964 1,014 1,064 1,114 1,164 0
재량 5,320 0 5,320 964 1,014 1,064 1,114 1,164 0
시군구비 5,320 0 5,320 964 1,014 1,064 1,114 1,164 0
시립 경로당 유지보
수 및 관리
기간:2025.1.~2030.12.
대상:시 소유 경로당
규모:시 소유 경로당 48
개소
내용:시 소유 경로당 유
지보수
N N N N N N
계 1,800 0 1,800 360 360 360 360 360 0
재량 1,800 0 1,800 360 360 360 360 360 0
시군구비 1,800 0 1,800 360 360 360 360 360 0
경로당 운영비 지원
기간:2026.01~2030.12
대상:관내 등록 경로당(
시청권역) 
규모:경로당 489개소
내용:운영비 차등 지원
N N N N Y N
계 10,989 0 10,989 1,949 2,066 2,190 2,322 2,461 0
의무 10,989 0 10,989 1,949 2,066 2,190 2,322 2,461 0
시도비 1,099 0 1,099 195 207 219 232 246 0
시군구비 9,890 0 9,890 1,754 1,860 1,971 2,090 2,215 0
경로당 양곡 지원
기간:2026.01~2030.12
대상:관내 등록 경로당
관내 등록 경로당
양곡 지원
Y 보
건복
지부
N N N N Y N
계 15,234 0 15,234 2,702 2,865 3,036 3,219 3,412 0
의무 15,234 0 15,234 2,702 2,865 3,036 3,219 3,412 0
- 262 -
- 263 -
세세부부사사업업계계획획서서
회계연도 : 2026년
회계구분 : 일반 , 특별회계 , 기금
분    야 : 전체
부    문 : 전체 (단위 : 백만원)
분야ㆍ부문ㆍ정책ㆍ단위ㆍ세부사
업 사 업 개 요 국가계
획
투
자
심
사
지
방
채
BTL
의무지출
재원 총사업비 기투자
연     도     별     투     자     계     획
향  후
법
정
보
조
이
자 소  계 2026 2027 2028 2029 2030
경로당 건축 지원
기간: 2025.01~2030.12
대상: 경로당의 건축 공
사가 필요한 마을
규모: 매년 3개소 이상
내용: 경로당이 없는 마
을의 신축 및 노후한 경
로당의 재건축 등
N N N N N N
계 5,699 0 5,699 335 1,341 1,341 1,341 1,341 0
재량 5,699 0 5,699 335 1,341 1,341 1,341 1,341 0
시군구비 5,699 0 5,699 335 1,341 1,341 1,341 1,341 0
주민참여예산사업
기간:2026.1.~2026.12.
대상:경로당이 없는 마
을 등
규모:경로당 1개소
내용:경로당 건립 및 진
입로 개선
N N N N N N
계 2,634 2,334 300 300 0 0 0 0 0
재량 2,634 2,334 300 300 0 0 0 0 0
시군구비 2,634 2,334 300 300 0 0 0 0 0
경로당 유지보수 지
원(시청권역)
기간:2025.01~2030.12
대상:보수가 필요한 경
로당
규모:연간 150개소 이상
내용:경로당 유지보수
N N N N N N
계 5,320 0 5,320 964 1,014 1,064 1,114 1,164 0
재량 5,320 0 5,320 964 1,014 1,064 1,114 1,164 0
시군구비 5,320 0 5,320 964 1,014 1,064 1,114 1,164 0
시립 경로당 유지보
수 및 관리
기간:2025.1.~2030.12.
대상:시 소유 경로당
규모:시 소유 경로당 48
개소
내용:시 소유 경로당 유
지보수
N N N N N N
계 1,800 0 1,800 360 360 360 360 360 0
재량 1,800 0 1,800 360 360 360 360 360 0
시군구비 1,800 0 1,800 360 360 360 360 360 0
경로당 운영비 지원
기간:2026.01~2030.12
대상:관내 등록 경로당(
시청권역) 
규모:경로당 489개소
내용:운영비 차등 지원
N N N N Y N
계 10,989 0 10,989 1,949 2,066 2,190 2,322 2,461 0
의무 10,989 0 10,989 1,949 2,066 2,190 2,322 2,461 0
시도비 1,099 0 1,099 195 207 219 232 246 0
시군구비 9,890 0 9,890 1,754 1,860 1,971 2,090 2,215 0
경로당 양곡 지원
기간:2026.01~2030.12
대상:관내 등록 경로당
관내 등록 경로당
양곡 지원
Y 보
건복
지부
N N N N Y N
계 15,234 0 15,234 2,702 2,865 3,036 3,219 3,412 0
의무 15,234 0 15,234 2,702 2,865 3,036 3,219 3,412 0
- 263 -
- 264 -
세세부부사사업업계계획획서서
회계연도 : 2026년
회계구분 : 일반 , 특별회계 , 기금
분    야 : 전체
부    문 : 전체 (단위 : 백만원)
분야ㆍ부문ㆍ정책ㆍ단위ㆍ세부사
업 사 업 개 요 국가계
획
투
자
심
사
지
방
채
BTL
의무지출
재원 총사업비 기투자
연     도     별     투     자     계     획
향  후
법
정
보
조
이
자 소  계 2026 2027 2028 2029 2030
N N N N Y N
국고보조금 6,361 0 6,361 1,128 1,196 1,268 1,344 1,425 0
시도비 1,908 0 1,908 339 359 380 403 427 0
시군구비 6,965 0 6,965 1,236 1,310 1,388 1,472 1,560 0
경로당 사회봉사활
동비 지원
기간:2026.01~2030.12
대상:등록 경로당
규모:경로당 489개소
내용:사회봉사활동비
지급
N N N N Y N
계 9,099 0 9,099 1,610 1,709 1,813 1,924 2,042 0
의무 9,099 0 9,099 1,610 1,709 1,813 1,924 2,042 0
시도비 829 0 829 146 155 165 176 187 0
시군구비 8,270 0 8,270 1,464 1,553 1,648 1,749 1,855 0
경로당 물품 구입비
지원(시청권역)
기간:2026.01~2030.12
대상:관내 등록 경로당(
시청권역)
규모:135개소 경로당
내용:경로당 물품 구입
지원
N N N N N N
계 1,320 0 1,320 264 264 264 264 264 0
재량 1,320 0 1,320 264 264 264 264 264 0
시군구비 1,320 0 1,320 264 264 264 264 264 0
경로당 회장 활동비
지원
기간:2026.01~2030.12
대상:경로당 회장
규모:경로당 회장 792명
내용:활동비 지원
N N N N N N
계 6,429 0 6,429 1,140 1,209 1,281 1,358 1,440 0
재량 6,429 0 6,429 1,140 1,209 1,281 1,358 1,440 0
시군구비 6,429 0 6,429 1,140 1,209 1,281 1,358 1,440 0
노인복지 증진(만세구) 4,294 0 4,294 814 814 814 898 953 0
경로당 지원(만세구) 4,294 0 4,294 814 814 814 898 953 0
경로당 물품 구입비
지원(만세구)
2026.01~2030.12
만세구청 등록 경로당
경로당 물품 구입비 지
원
N N N N N N
계 799 0 799 158 158 158 161 166 0
재량 799 0 799 158 158 158 161 166 0
시군구비 799 0 799 158 158 158 161 166 0
- 265 -
세세부부사사업업계계획획서서
회계연도 : 2026년
회계구분 : 일반 , 특별회계 , 기금
분    야 : 전체
부    문 : 전체 (단위 : 백만원)
분야ㆍ부문ㆍ정책ㆍ단위ㆍ세부사
업 사 업 개 요 국가계
획
투
자
심
사
지
방
채
BTL
의무지출
재원 총사업비 기투자
연     도     별     투     자     계     획
향  후
법
정
보
조
이
자 소  계 2026 2027 2028 2029 2030
시립 경로당 유지보
수 및 관리(만세구)
2026. 1. ~ 2029. 12.
시립경로당 
만세구 내 시립 경로당
30개소
시립경로당 유지보수 
N N N N N N
계 640 0 640 120 120 120 131 151 0
재량 640 0 640 120 120 120 131 151 0
시군구비 640 0 640 120 120 120 131 151 0
경로당 회장 및 분
회장 활동비 지원(
만세구)
2026.01~2030.12
경로당 회장 및 분회장
경로당 회장 805명
활동비 지원
N N N N N N
계 2,856 0 2,856 537 537 537 607 637 0
재량 2,856 0 2,856 537 537 537 607 637 0
시군구비 2,856 0 2,856 537 537 537 607 637 0
노인복지 증진(효행구) 1,713 0 1,713 325 325 325 356 380 0
경로당 지원(효행구) 1,713 0 1,713 325 325 325 356 380 0
시립 경로당 유지보
수 및 관리(효행구)
2026. 1 ~ 2029. 12 
효행구 내 시립 경로당 
효행구 내 시립 경로당
11개소 
시립 경로당 유지보수
및 관리 
N N N N N N
계 456 0 456 86 86 86 96 100 0
재량 456 0 456 86 86 86 96 100 0
시군구비 456 0 456 86 86 86 96 100 0
경로당 회장 및 분
회장 활동비 지원(
효행구)
2026.01~2030.12
경로당 회장 및 분회장
경로당 회장 및 분회장
활동비 지원
N N N N N N
계 1,257 0 1,257 239 239 239 260 280 0
재량 1,257 0 1,257 239 239 239 260 280 0
시군구비 1,257 0 1,257 239 239 239 260 280 0
노인복지 증진(봉담,비봉,
매송) 456 0 456 82 82 82 101 111 0
경로당 지원(봉담,비봉,
매송) 456 0 456 82 82 82 101 111 0
경로당 물품 구입비
지원(봉담, 비봉,
매송)
2026.01~2030.12
효행구청(봉담, 비봉,
매송) 등록 경로당
49개소 경로당
경로당 물품 구입 지원
N N N N N N
계 456 0 456 82 82 82 101 111 0
재량 456 0 456 82 82 82 101 111 0
- 264 -
- 265 -
세세부부사사업업계계획획서서
회계연도 : 2026년
회계구분 : 일반 , 특별회계 , 기금
분    야 : 전체
부    문 : 전체 (단위 : 백만원)
분야ㆍ부문ㆍ정책ㆍ단위ㆍ세부사
업 사 업 개 요 국가계
획
투
자
심
사
지
방
채
BTL
의무지출
재원 총사업비 기투자
연     도     별     투     자     계     획
향  후
법
정
보
조
이
자 소  계 2026 2027 2028 2029 2030
시립 경로당 유지보
수 및 관리(만세구)
2026. 1. ~ 2029. 12.
시립경로당 
만세구 내 시립 경로당
30개소
시립경로당 유지보수 
N N N N N N
계 640 0 640 120 120 120 131 151 0
재량 640 0 640 120 120 120 131 151 0
시군구비 640 0 640 120 120 120 131 151 0
경로당 회장 및 분
회장 활동비 지원(
만세구)
2026.01~2030.12
경로당 회장 및 분회장
경로당 회장 805명
활동비 지원
N N N N N N
계 2,856 0 2,856 537 537 537 607 637 0
재량 2,856 0 2,856 537 537 537 607 637 0
시군구비 2,856 0 2,856 537 537 537 607 637 0
노인복지 증진(효행구) 1,713 0 1,713 325 325 325 356 380 0
경로당 지원(효행구) 1,713 0 1,713 325 325 325 356 380 0
시립 경로당 유지보
수 및 관리(효행구)
2026. 1 ~ 2029. 12 
효행구 내 시립 경로당 
효행구 내 시립 경로당
11개소 
시립 경로당 유지보수
및 관리 
N N N N N N
계 456 0 456 86 86 86 96 100 0
재량 456 0 456 86 86 86 96 100 0
시군구비 456 0 456 86 86 86 96 100 0
경로당 회장 및 분
회장 활동비 지원(
효행구)
2026.01~2030.12
경로당 회장 및 분회장
경로당 회장 및 분회장
활동비 지원
N N N N N N
계 1,257 0 1,257 239 239 239 260 280 0
재량 1,257 0 1,257 239 239 239 260 280 0
시군구비 1,257 0 1,257 239 239 239 260 280 0
노인복지 증진(봉담,비봉,
매송) 456 0 456 82 82 82 101 111 0
경로당 지원(봉담,비봉,
매송) 456 0 456 82 82 82 101 111 0
경로당 물품 구입비
지원(봉담, 비봉,
매송)
2026.01~2030.12
효행구청(봉담, 비봉,
매송) 등록 경로당
49개소 경로당
경로당 물품 구입 지원
N N N N N N
계 456 0 456 82 82 82 101 111 0
재량 456 0 456 82 82 82 101 111 0
- 265 -
- 266 -
세세부부사사업업계계획획서서
회계연도 : 2026년
회계구분 : 일반 , 특별회계 , 기금
분    야 : 전체
부    문 : 전체 (단위 : 백만원)
분야ㆍ부문ㆍ정책ㆍ단위ㆍ세부사
업 사 업 개 요 국가계
획
투
자
심
사
지
방
채
BTL
의무지출
재원 총사업비 기투자
연     도     별     투     자     계     획
향  후
법
정
보
조
이
자 소  계 2026 2027 2028 2029 2030
N N N N N N 시군구비 456 0 456 82 82 82 101 111 0
노인복지 증진(병점구) 1,256 0 1,256 238 238 238 263 278 0
경로당 지원(병점구) 1,256 0 1,256 238 238 238 263 278 0
시립 경로당 유지보
수 및 관리(병점구)
2026.1~2029.12
병점구 내 시립 경로당 
병점구 내 시립 경로당
8개소
병점구 내 시립 경로당 
N N N N N N
계 494 0 494 93 93 93 103 113 0
재량 494 0 494 93 93 93 103 113 0
시군구비 494 0 494 93 93 93 103 113 0
경로당 회장 및 분
회장 활동비 지원(
병점구)
2026.01~2030.12
경로당 회장 및 분회장
경로당 회장 및 분회장
활동비 지원
N N N N N N
계 762 0 762 145 145 145 160 165 0
재량 762 0 762 145 145 145 160 165 0
시군구비 762 0 762 145 145 145 160 165 0
노인복지 증진(동탄구) 1,691 0 1,691 329 329 329 352 352 0
경로당 지원(동탄구) 1,691 0 1,691 329 329 329 352 352 0
시립 경로당 유지보
수 및 관리(동탄구)
2026.1.~2029.12.
동탄구 내 시립 경로당 
동탄구 내 시립 경로당
7개소 
시립 경로당 유지보수 
N N N N N N
계 477 0 477 91 91 91 101 101 0
재량 477 0 477 91 91 91 101 101 0
시군구비 477 0 477 91 91 91 101 101 0
경로당 회장 및 분
회장 활동비 지원(
동탄구)
2026.01.~2030.12
경로당 회장 및 분회장
경로당 회장 및 분회장
활동비 지원
N N N N N N
계 1,214 0 1,214 238 238 238 251 251 0
재량 1,214 0 1,214 238 238 238 251 251 0
시군구비 1,214 0 1,214 238 238 238 251 251 0
선진 장묘문화 정착 310,216 191,352 118,864 28,657 22,849 22,649 22,449 22,260 0
- 267 -
세세부부사사업업계계획획서서
회계연도 : 2026년
회계구분 : 일반 , 특별회계 , 기금
분    야 : 전체
부    문 : 전체 (단위 : 백만원)
분야ㆍ부문ㆍ정책ㆍ단위ㆍ세부사
업 사 업 개 요 국가계
획
투
자
심
사
지
방
채
BTL
의무지출
재원 총사업비 기투자
연     도     별     투     자     계     획
향  후
법
정
보
조
이
자 소  계 2026 2027 2028 2029 2030
선진 장묘문화 조성 5,244 0 5,244 1,049 1,049 1,049 1,049 1,049 0
추모공원 운영
기간:2025.01~2030.12
대상:화성시 추모공원(
비봉면 주석로 545)
규모:화성시추모공원 1
개소
내용:화성시 추모공원
위탁운영
Y N N Y N N
계 5,244 0 5,244 1,049 1,049 1,049 1,049 1,049 0
의무 5,244 0 5,244 1,049 1,049 1,049 1,049 1,049 0
시군구비 5,244 0 5,244 1,049 1,049 1,049 1,049 1,049 0
선진 장묘문화 조성(화성함
백산추모공원특별회계) 239,692 140,123 99,569 22,000 19,392 19,392 19,392 19,392 0
공설 장사시설 설치
(보조)
기간:2025~2029년
위치:화성시 매송면 숙
곡리 산12-5번지 일원
규모:30만㎡ 내외
내용:종합장사시설 건
립
Y 보
건복
지부
Y N N N Y N
계 140,123 140,123 0 0 0 0 0 0 0
의무 140,123 140,123 0 0 0 0 0 0 0
국고보조금 19,596 19,596 0 0 0 0 0 0 0
시도비 1,260 1,260 0 0 0 0 0 0 0
시군구비 119,267 119,267 0 0 0 0 0 0 0
화성 함백산추모공
원 운영
기간:2026.01~2030.12
위치:화성시 매송면 서
해로 2448-32
규모:화성 함백산추모
공원 1개소
내용:화성 함백산추모
공원 운영
Y N N N N N
계 49,002 0 49,002 9,800 9,800 9,800 9,800 9,800 0
재량 49,002 0 49,002 9,800 9,800 9,800 9,800 9,800 0
시군구비 49,002 0 49,002 9,800 9,800 9,800 9,800 9,800 0
공설 장사시설 설치
기간:2026.01~2030.12
대상:화성 함백산추모
공원
규모:사업면적 301,146
㎡
내용:화성 함백산추모
공원 시설물 보수 및 설
치
Y 보
건복
지부
Y N N N Y N
계 50,568 0 50,568 12,200 9,592 9,592 9,592 9,592 0
의무 50,568 0 50,568 12,200 9,592 9,592 9,592 9,592 0
균특보조금 10,840 0 10,840 2,168 2,168 2,168 2,168 2,168 0
시도비 3,865 0 3,865 773 773 773 773 773 0
시군구비 35,863 0 35,863 9,259 6,651 6,651 6,651 6,651 0
- 266 -
- 267 -
세세부부사사업업계계획획서서
회계연도 : 2026년
회계구분 : 일반 , 특별회계 , 기금
분    야 : 전체
부    문 : 전체 (단위 : 백만원)
분야ㆍ부문ㆍ정책ㆍ단위ㆍ세부사
업 사 업 개 요 국가계
획
투
자
심
사
지
방
채
BTL
의무지출
재원 총사업비 기투자
연     도     별     투     자     계     획
향  후
법
정
보
조
이
자 소  계 2026 2027 2028 2029 2030
선진 장묘문화 조성 5,244 0 5,244 1,049 1,049 1,049 1,049 1,049 0
추모공원 운영
기간:2025.01~2030.12
대상:화성시 추모공원(
비봉면 주석로 545)
규모:화성시추모공원 1
개소
내용:화성시 추모공원
위탁운영
Y N N Y N N
계 5,244 0 5,244 1,049 1,049 1,049 1,049 1,049 0
의무 5,244 0 5,244 1,049 1,049 1,049 1,049 1,049 0
시군구비 5,244 0 5,244 1,049 1,049 1,049 1,049 1,049 0
선진 장묘문화 조성(화성함
백산추모공원특별회계) 239,692 140,123 99,569 22,000 19,392 19,392 19,392 19,392 0
공설 장사시설 설치
(보조)
기간:2025~2029년
위치:화성시 매송면 숙
곡리 산12-5번지 일원
규모:30만㎡ 내외
내용:종합장사시설 건
립
Y 보
건복
지부
Y N N N Y N
계 140,123 140,123 0 0 0 0 0 0 0
의무 140,123 140,123 0 0 0 0 0 0 0
국고보조금 19,596 19,596 0 0 0 0 0 0 0
시도비 1,260 1,260 0 0 0 0 0 0 0
시군구비 119,267 119,267 0 0 0 0 0 0 0
화성 함백산추모공
원 운영
기간:2026.01~2030.12
위치:화성시 매송면 서
해로 2448-32
규모:화성 함백산추모
공원 1개소
내용:화성 함백산추모
공원 운영
Y N N N N N
계 49,002 0 49,002 9,800 9,800 9,800 9,800 9,800 0
재량 49,002 0 49,002 9,800 9,800 9,800 9,800 9,800 0
시군구비 49,002 0 49,002 9,800 9,800 9,800 9,800 9,800 0
공설 장사시설 설치
기간:2026.01~2030.12
대상:화성 함백산추모
공원
규모:사업면적 301,146
㎡
내용:화성 함백산추모
공원 시설물 보수 및 설
치
Y 보
건복
지부
Y N N N Y N
계 50,568 0 50,568 12,200 9,592 9,592 9,592 9,592 0
의무 50,568 0 50,568 12,200 9,592 9,592 9,592 9,592 0
균특보조금 10,840 0 10,840 2,168 2,168 2,168 2,168 2,168 0
시도비 3,865 0 3,865 773 773 773 773 773 0
시군구비 35,863 0 35,863 9,259 6,651 6,651 6,651 6,651 0
- 267 -
- 268 -
세세부부사사업업계계획획서서
회계연도 : 2026년
회계구분 : 일반 , 특별회계 , 기금
분    야 : 전체
부    문 : 전체 (단위 : 백만원)
분야ㆍ부문ㆍ정책ㆍ단위ㆍ세부사
업 사 업 개 요 국가계
획
투
자
심
사
지
방
채
BTL
의무지출
재원 총사업비 기투자
연     도     별     투     자     계     획
향  후
법
정
보
조
이
자 소  계 2026 2027 2028 2029 2030
화성 함백산추모공원 주민지원기금 운
용(화성함백산추모공원주민지원기금) 65,280 51,229 14,051 5,608 2,408 2,208 2,008 1,819 0
유치지역 지원
기간:2020.08~2030.12
대상:매송면 주민
규모:숙곡1리 주민
내용:주민복지 사업 진
행
N N N N N N
계 11,685 9,685 2,000 1,600 100 100 100 100 0
재량 11,685 9,685 2,000 1,600 100 100 100 100 0
시군구비 11,685 9,685 2,000 1,600 100 100 100 100 0
주변지역 지원
기간:2020.08~2030.12
대상:매송면 주민
규모:어천1,2리, 야목1
리, 송라1,2리 주민 전
체
내용:주민복지 사업 진
행
N N N N N N
계 8,040 6,620 1,420 1,100 80 80 80 80 0
재량 8,040 6,620 1,420 1,100 80 80 80 80 0
시군구비 8,040 6,620 1,420 1,100 80 80 80 80 0
기타지역 지원
기간:2020.08~2030.12
대상:매송면 주민
규모:천천1~5리, 원평1~
4리, 숙곡2리, 야목2~5
리, 원리 주민 전체
내용:주민복지 사업 진
행
N N N N N N
계 5,300 4,880 420 300 30 30 30 30 0
재량 5,300 4,880 420 300 30 30 30 30 0
시군구비 5,300 4,880 420 300 30 30 30 30 0
매송면 지원
기간:2022.01~2030.12
대상:매송면 주민
규모:매송면 주민 전체
내용:주민복지 사업 진
행
Y 문
화체
육관
광부
Y N N N Y N
계 40,255 30,044 10,211 2,608 2,198 1,998 1,798 1,609 0
의무 40,255 30,044 10,211 2,608 2,198 1,998 1,798 1,609 0
기금보조금 3,000 3,000 0 0 0 0 0 0 0
시군구비 37,255 27,044 10,211 2,608 2,198 1,998 1,798 1,609 0
노인복지 증진(동탄구) 2,166 0 2,166 433 433 433 433 433 0
경로당 지원(동탄구) 2,166 0 2,166 433 433 433 433 433 0
경로당 운영비 지원
(동탄권역)
기간:2026.1.~2030.12.
대상:동탄권 등록 경로
당
규모:경로당 165개소
내용:운영비 차등 지원
N N N N Y N
계 2,166 0 2,166 433 433 433 433 433 0
의무 2,166 0 2,166 433 433 433 433 433 0
- 269 -
세세부부사사업업계계획획서서
회계연도 : 2026년
회계구분 : 일반 , 특별회계 , 기금
분    야 : 전체
부    문 : 전체 (단위 : 백만원)
분야ㆍ부문ㆍ정책ㆍ단위ㆍ세부사
업 사 업 개 요 국가계
획
투
자
심
사
지
방
채
BTL
의무지출
재원 총사업비 기투자
연     도     별     투     자     계     획
향  후
법
정
보
조
이
자 소  계 2026 2027 2028 2029 2030
N N N N Y N
시도비 217 0 217 43 43 43 43 43 0
시군구비 1,949 0 1,949 390 390 390 390 390 0
청소년 190,081 57,775 132,306 29,272 19,493 39,593 24,396 19,552 0
청소년 육성 및 보호 97,737 0 97,737 19,400 19,493 19,593 19,699 19,552 0
청소년 활동 지원 51,945 0 51,945 10,398 10,419 10,439 10,460 10,229 0
청소년수련관 운영
지원
기간:2026.01.~2030.12.
대상:화성시청소년수련
관
규모:1개소(병점)
내용:다양한 청소년활
동 지원
Y N N N N N
계 32,203 0 32,203 6,441 6,441 6,441 6,441 6,441 0
재량 32,203 0 32,203 6,441 6,441 6,441 6,441 6,441 0
시군구비 32,203 0 32,203 6,441 6,441 6,441 6,441 6,441 0
청소년문화의집 운
영지원
기간:2026.01.~2030.12.
대상: 누림, 동탄, 우정,
봉담청소년문화의집
규모:4개소
내용:시설 위탁운영(화성시
여성가족청소년재단)
N N N N N N
계 12,198 0 12,198 2,440 2,440 2,440 2,440 2,440 0
재량 12,198 0 12,198 2,440 2,440 2,440 2,440 2,440 0
시군구비 12,198 0 12,198 2,440 2,440 2,440 2,440 2,440 0
청소년놀터 운영지
원
기간:2025. 1. ~ 2029. 12.
대상:(재)화성시여성가족청
소년재단
규모:청소년 놀터 7개소
내용:청소년 전용공간 위탁
운영
N N N N N N
계 5,266 0 5,266 1,012 1,032 1,053 1,074 1,095 0
재량 5,266 0 5,266 1,012 1,032 1,053 1,074 1,095 0
시군구비 5,266 0 5,266 1,012 1,032 1,053 1,074 1,095 0
청소년방과후아카데
미 운영
기간:2025. 1. ~ 2029.
12.
대상:맞벌이가정 등
규모:약100명
내용:학습지원(교과학
습, 자기주도)등
Y 여
성가
족부
N N N N Y N
계 2,278 0 2,278 506 506 506 506 253 0
의무 2,278 0 2,278 506 506 506 506 253 0
국고보조금 1,012 0 1,012 253 253 253 253 0 0
시도비 633 0 633 127 127 127 127 127 0
- 268 -
- 269 -
세세부부사사업업계계획획서서
회계연도 : 2026년
회계구분 : 일반 , 특별회계 , 기금
분    야 : 전체
부    문 : 전체 (단위 : 백만원)
분야ㆍ부문ㆍ정책ㆍ단위ㆍ세부사
업 사 업 개 요 국가계
획
투
자
심
사
지
방
채
BTL
의무지출
재원 총사업비 기투자
연     도     별     투     자     계     획
향  후
법
정
보
조
이
자 소  계 2026 2027 2028 2029 2030
N N N N Y N
시도비 217 0 217 43 43 43 43 43 0
시군구비 1,949 0 1,949 390 390 390 390 390 0
청소년 190,081 57,775 132,306 29,272 19,493 39,593 24,396 19,552 0
청소년 육성 및 보호 97,737 0 97,737 19,400 19,493 19,593 19,699 19,552 0
청소년 활동 지원 51,945 0 51,945 10,398 10,419 10,439 10,460 10,229 0
청소년수련관 운영
지원
기간:2026.01.~2030.12.
대상:화성시청소년수련
관
규모:1개소(병점)
내용:다양한 청소년활
동 지원
Y N N N N N
계 32,203 0 32,203 6,441 6,441 6,441 6,441 6,441 0
재량 32,203 0 32,203 6,441 6,441 6,441 6,441 6,441 0
시군구비 32,203 0 32,203 6,441 6,441 6,441 6,441 6,441 0
청소년문화의집 운
영지원
기간:2026.01.~2030.12.
대상: 누림, 동탄, 우정,
봉담청소년문화의집
규모:4개소
내용:시설 위탁운영(화성시
여성가족청소년재단)
N N N N N N
계 12,198 0 12,198 2,440 2,440 2,440 2,440 2,440 0
재량 12,198 0 12,198 2,440 2,440 2,440 2,440 2,440 0
시군구비 12,198 0 12,198 2,440 2,440 2,440 2,440 2,440 0
청소년놀터 운영지
원
기간:2025. 1. ~ 2029. 12.
대상:(재)화성시여성가족청
소년재단
규모:청소년 놀터 7개소
내용:청소년 전용공간 위탁
운영
N N N N N N
계 5,266 0 5,266 1,012 1,032 1,053 1,074 1,095 0
재량 5,266 0 5,266 1,012 1,032 1,053 1,074 1,095 0
시군구비 5,266 0 5,266 1,012 1,032 1,053 1,074 1,095 0
청소년방과후아카데
미 운영
기간:2025. 1. ~ 2029.
12.
대상:맞벌이가정 등
규모:약100명
내용:학습지원(교과학
습, 자기주도)등
Y 여
성가
족부
N N N N Y N
계 2,278 0 2,278 506 506 506 506 253 0
의무 2,278 0 2,278 506 506 506 506 253 0
국고보조금 1,012 0 1,012 253 253 253 253 0 0
시도비 633 0 633 127 127 127 127 127 0
- 269 -
- 270 -
세세부부사사업업계계획획서서
회계연도 : 2026년
회계구분 : 일반 , 특별회계 , 기금
분    야 : 전체
부    문 : 전체 (단위 : 백만원)
분야ㆍ부문ㆍ정책ㆍ단위ㆍ세부사
업 사 업 개 요 국가계
획
투
자
심
사
지
방
채
BTL
의무지출
재원 총사업비 기투자
연     도     별     투     자     계     획
향  후
법
정
보
조
이
자 소  계 2026 2027 2028 2029 2030
N N N N Y N 시군구비 633 0 633 127 127 127 127 127 0
청소년 보호 및 복지 지
원 45,792 0 45,792 9,002 9,075 9,153 9,238 9,323 0
청소년 상담복지센
터 운영
기간:2025. 1. ~ 2029.
12.
대상:청소년상담복지센
터
규모:1개소
내용:청소년 보호관련
지원
N N N N N N
계 5,338 0 5,338 911 984 1,063 1,148 1,233 0
재량 5,338 0 5,338 911 984 1,063 1,148 1,233 0
시군구비 5,338 0 5,338 911 984 1,063 1,148 1,233 0
청소년동반자 프로
그램 운영
기간:연례반복
대상: 9 ~ 24세 이하 고
위기청소년 등 청소년
규모:인건비, 운영비,
사업비 
내용:청소년동반자가
위기청소년을 직접 찾
아가 심리‧정서적 상담
제공
Y 여
성가
족부
N N N N Y N
계 2,220 0 2,220 444 444 444 444 444 0
의무 2,220 0 2,220 444 444 444 444 444 0
국고보조금 836 0 836 167 167 167 167 167 0
시도비 125 0 125 25 25 25 25 25 0
시군구비 1,259 0 1,259 252 252 252 252 252 0
청소년쉼터 운영지
원
기간:연례반복
대상:위기상황의 청소
년
규모:화성여자단기청소
년쉼터 1개소
내용:유해환경 및 위기
상황으로부터 청소년
보호 및 탈선, 비행 차
단
Y 여
성가
족부
N N N N Y N
계 3,600 0 3,600 720 720 720 720 720 0
의무 3,600 0 3,600 720 720 720 720 720 0
국고보조금 858 0 858 172 172 172 172 172 0
시도비 129 0 129 26 26 26 26 26 0
시군구비 2,612 0 2,612 522 522 522 522 522 0
학교 밖 청소년 지
원(여가부)
기간:2025. 1. ~ 2029.
12.
대상: 9 ~ 24세 학교 밖
청소년
규모: 학교 밖 청소년지
원센터 1개소
내용:학교 밖 청소년 보
호 및 관리
Y 여
성가
족부
N N N N Y N
계 2,270 0 2,270 454 454 454 454 454 0
의무 2,270 0 2,270 454 454 454 454 454 0
국고보조금 757 0 757 151 151 151 151 151 0
- 271 -
세세부부사사업업계계획획서서
회계연도 : 2026년
회계구분 : 일반 , 특별회계 , 기금
분    야 : 전체
부    문 : 전체 (단위 : 백만원)
분야ㆍ부문ㆍ정책ㆍ단위ㆍ세부사
업 사 업 개 요 국가계
획
투
자
심
사
지
방
채
BTL
의무지출
재원 총사업비 기투자
연     도     별     투     자     계     획
향  후
법
정
보
조
이
자 소  계 2026 2027 2028 2029 2030
N N N N Y N 시군구비 1,513 0 1,513 303 303 303 303 303 0
청소년성문화센터
운영
기간:연례반복
대상:화성시 아동,청소년
규모:화성시청소년성문화센
터 1개소
내용:다양한 매체를 활용한
시청각/참여형 성교육으로
성에 대한 올바른 정보제공
및 성가치관 확립
Y 여
성가
족부
N N N N Y N
계 1,990 0 1,990 398 398 398 398 398 0
의무 1,990 0 1,990 398 398 398 398 398 0
국고보조금 433 0 433 87 87 87 87 87 0
시군구비 1,557 0 1,557 311 311 311 311 311 0
대안교육기관 급식
운영 지원
기간:2025. 1. ~ 2029.
12.
대상:학교 밖 청소년
규모:대안교육기관 7개
소
내용:대안교육기관 급
식비 지원
N N N N Y N
계 3,981 0 3,981 796 796 796 796 796 0
의무 3,981 0 3,981 796 796 796 796 796 0
시도비 1,194 0 1,194 239 239 239 239 239 0
시군구비 2,786 0 2,786 557 557 557 557 557 0
여성청소년 생리용
품 보편지원
기간:2025. 1. ~ 2027.
12.
대상: 관내 여성청소년(
11~ 18세)
규모:여성청소년 약
42,217명
내용:1인당 생리용품 구
입비 연간 최대 156,000
원 지원
N N N N Y N
계 26,394 0 26,394 5,279 5,279 5,279 5,279 5,279 0
의무 26,394 0 26,394 5,279 5,279 5,279 5,279 5,279 0
시도비 7,903 0 7,903 1,581 1,581 1,581 1,581 1,581 0
시군구비 18,491 0 18,491 3,698 3,698 3,698 3,698 3,698 0
청소년 복지 향상 92,344 57,775 34,569 9,872 0 20,000 4,697 0 0
청소년 문화시설 확충 92,344 57,775 34,569 9,872 0 20,000 4,697 0 0
화성 서해마루 유스
호스텔 건립
2020.03~2025.3.
서신면 백미리 363-13번
지 일원
연면적 12020.6m²(지하
1층/지상4층)
청소년수련시설 설치
Y N N N Y N
계 56,100 56,100 0 0 0 0 0 0 0
의무 56,100 56,100 0 0 0 0 0 0 0
시군구비 56,100 56,100 0 0 0 0 0 0 0
- 270 -
- 271 -
세세부부사사업업계계획획서서
회계연도 : 2026년
회계구분 : 일반 , 특별회계 , 기금
분    야 : 전체
부    문 : 전체 (단위 : 백만원)
분야ㆍ부문ㆍ정책ㆍ단위ㆍ세부사
업 사 업 개 요 국가계
획
투
자
심
사
지
방
채
BTL
의무지출
재원 총사업비 기투자
연     도     별     투     자     계     획
향  후
법
정
보
조
이
자 소  계 2026 2027 2028 2029 2030
N N N N Y N 시군구비 1,513 0 1,513 303 303 303 303 303 0
청소년성문화센터
운영
기간:연례반복
대상:화성시 아동,청소년
규모:화성시청소년성문화센
터 1개소
내용:다양한 매체를 활용한
시청각/참여형 성교육으로
성에 대한 올바른 정보제공
및 성가치관 확립
Y 여
성가
족부
N N N N Y N
계 1,990 0 1,990 398 398 398 398 398 0
의무 1,990 0 1,990 398 398 398 398 398 0
국고보조금 433 0 433 87 87 87 87 87 0
시군구비 1,557 0 1,557 311 311 311 311 311 0
대안교육기관 급식
운영 지원
기간:2025. 1. ~ 2029.
12.
대상:학교 밖 청소년
규모:대안교육기관 7개
소
내용:대안교육기관 급
식비 지원
N N N N Y N
계 3,981 0 3,981 796 796 796 796 796 0
의무 3,981 0 3,981 796 796 796 796 796 0
시도비 1,194 0 1,194 239 239 239 239 239 0
시군구비 2,786 0 2,786 557 557 557 557 557 0
여성청소년 생리용
품 보편지원
기간:2025. 1. ~ 2027.
12.
대상: 관내 여성청소년(
11~ 18세)
규모:여성청소년 약
42,217명
내용:1인당 생리용품 구
입비 연간 최대 156,000
원 지원
N N N N Y N
계 26,394 0 26,394 5,279 5,279 5,279 5,279 5,279 0
의무 26,394 0 26,394 5,279 5,279 5,279 5,279 5,279 0
시도비 7,903 0 7,903 1,581 1,581 1,581 1,581 1,581 0
시군구비 18,491 0 18,491 3,698 3,698 3,698 3,698 3,698 0
청소년 복지 향상 92,344 57,775 34,569 9,872 0 20,000 4,697 0 0
청소년 문화시설 확충 92,344 57,775 34,569 9,872 0 20,000 4,697 0 0
화성 서해마루 유스
호스텔 건립
2020.03~2025.3.
서신면 백미리 363-13번
지 일원
연면적 12020.6m²(지하
1층/지상4층)
청소년수련시설 설치
Y N N N Y N
계 56,100 56,100 0 0 0 0 0 0 0
의무 56,100 56,100 0 0 0 0 0 0 0
시군구비 56,100 56,100 0 0 0 0 0 0 0
- 271 -
- 272 -
세세부부사사업업계계획획서서
회계연도 : 2026년
회계구분 : 일반 , 특별회계 , 기금
분    야 : 전체
부    문 : 전체 (단위 : 백만원)
분야ㆍ부문ㆍ정책ㆍ단위ㆍ세부사
업 사 업 개 요 국가계
획
투
자
심
사
지
방
채
BTL
의무지출
재원 총사업비 기투자
연     도     별     투     자     계     획
향  후
법
정
보
조
이
자 소  계 2026 2027 2028 2029 2030
향남청소년문화의집
건립
기간:2023. 4. ~
2027.12.
대상:관내 청소년
규모:대지면적2,000㎡,
연면적3,926.97㎡
내용:향남 청소년문화
의집 건립
Y N N N N N
계 18,150 851 17,299 4,934 0 10,000 2,365 0 0
재량 18,150 851 17,299 4,934 0 10,000 2,365 0 0
시군구비 18,150 851 17,299 4,934 0 10,000 2,365 0 0
동탄2청소년문화의
집 건립
기간:2023. 4. ~ 2028. 2.
대상:관내청소년
규모:대지면적1,200㎡, 연
면적3,591㎡(지하1층~지상3
층)
내용:동탄2 청소년문화의집
건립
Y N N N N N
계 18,094 824 17,270 4,938 0 10,000 2,332 0 0
재량 18,094 824 17,270 4,938 0 10,000 2,332 0 0
시군구비 18,094 824 17,270 4,938 0 10,000 2,332 0 0
보건 298,410 0 298,410 57,145 58,027 58,521 59,087 65,629 0
보건의료 286,710 0 286,710 54,805 55,687 56,181 56,747 63,289 0
시민행복 건강도시 구현 7,536 0 7,536 1,507 1,507 1,507 1,507 1,507 0
공공 보건 의료체계 구
축 7,536 0 7,536 1,507 1,507 1,507 1,507 1,507 0
보건지소,진료소 운
영
2026~2030
서남부권역 지역주민
화성시 서남부권역
지역주민의 건강증진은
물론 공공보건기관 인
프라 구축
N N N N N N
계 1,440 0 1,440 288 288 288 288 288 0
재량 1,440 0 1,440 288 288 288 288 288 0
시군구비 1,440 0 1,440 288 288 288 288 288 0
청사 및 차량 관리
기간:2025.01.01~
2029.12.31
대상:화성시서부보건소
규모:보건소 등 19개소(
2개소 감소 예정)
내용:청사 및 차량유지
관리
N N N Y N N
계 6,096 0 6,096 1,219 1,219 1,219 1,219 1,219 0
의무 6,096 0 6,096 1,219 1,219 1,219 1,219 1,219 0
시군구비 6,096 0 6,096 1,219 1,219 1,219 1,219 1,219 0
시민행복 건강도시 구현(
만세구 건강증진과) 42,540 0 42,540 8,343 8,414 8,499 8,593 8,690 0
질환 예방관리(만세구
건강증진과) 4,978 0 4,978 996 996 996 996 996 0
- 273 -
세세부부사사업업계계획획서서
회계연도 : 2026년
회계구분 : 일반 , 특별회계 , 기금
분    야 : 전체
부    문 : 전체 (단위 : 백만원)
분야ㆍ부문ㆍ정책ㆍ단위ㆍ세부사
업 사 업 개 요 국가계
획
투
자
심
사
지
방
채
BTL
의무지출
재원 총사업비 기투자
연     도     별     투     자     계     획
향  후
법
정
보
조
이
자 소  계 2026 2027 2028 2029 2030
국가 암관리 지원(
만세구)
기간:2026.01~2030.12
대상:의료급여수급권자
및 건강보험 하위 50%
대상자
규모:화성시 전체
내용:국가암검진 홍보
및 암 관리교육 실시 등
Y 보
건복
지부
N N N N Y N
계 4,978 0 4,978 996 996 996 996 996 0
의무 4,978 0 4,978 996 996 996 996 996 0
국고보조금 2,489 0 2,489 498 498 498 498 498 0
시도비 373 0 373 75 75 75 75 75 0
시군구비 2,116 0 2,116 423 423 423 423 423 0
자살 예방 강화(만세구
건강증진과) 37,562 0 37,562 7,347 7,419 7,504 7,598 7,695 0
기초정신건강복지센
터 운영(만세구)
기간:2026.01~2030.12
대상:화성시민과 관내
거주 정신질환자
규모:화성시민과 관내
거주 정신질환자
내용:정신정신건강증진
및 자살예방 서비스 지
원
Y 보
건복
지부
N N N N Y N
계 2,078 0 2,078 416 416 416 416 416 0
의무 2,078 0 2,078 416 416 416 416 416 0
국고보조금 266 0 266 53 53 53 53 53 0
시도비 272 0 272 54 54 54 54 54 0
시군구비 1,540 0 1,540 308 308 308 308 308 0
기초정신건강복지센
터 인력 지원(만세
구)
기간:2026.01~2030.12
대상:정신건강전문요원
20명
규모:정신건강전문요원
20명
내용:정신질환자 발견,
상담, 사례관리 인력 확
충
Y 보
건복
지부
N N N N Y N
계 15,825 0 15,825 3,165 3,165 3,165 3,165 3,165 0
의무 15,825 0 15,825 3,165 3,165 3,165 3,165 3,165 0
국고보조금 6,330 0 6,330 1,266 1,266 1,266 1,266 1,266 0
시도비 950 0 950 190 190 190 190 190 0
시군구비 8,546 0 8,546 1,709 1,709 1,709 1,709 1,709 0
정신질환자 회복지
원사업 지원(만세구
)
기간:2026~2030년
규모:화성시 관내 중증정신
질환자 등
규모:화성시 관내 중증정신
질환자 등
내용:정신질환자 회복지원
Y 보
건복
지부
N N N N Y N
계 2,000 0 2,000 400 400 400 400 400 0
의무 2,000 0 2,000 400 400 400 400 400 0
- 272 -
- 273 -
세세부부사사업업계계획획서서
회계연도 : 2026년
회계구분 : 일반 , 특별회계 , 기금
분    야 : 전체
부    문 : 전체 (단위 : 백만원)
분야ㆍ부문ㆍ정책ㆍ단위ㆍ세부사
업 사 업 개 요 국가계
획
투
자
심
사
지
방
채
BTL
의무지출
재원 총사업비 기투자
연     도     별     투     자     계     획
향  후
법
정
보
조
이
자 소  계 2026 2027 2028 2029 2030
국가 암관리 지원(
만세구)
기간:2026.01~2030.12
대상:의료급여수급권자
및 건강보험 하위 50%
대상자
규모:화성시 전체
내용:국가암검진 홍보
및 암 관리교육 실시 등
Y 보
건복
지부
N N N N Y N
계 4,978 0 4,978 996 996 996 996 996 0
의무 4,978 0 4,978 996 996 996 996 996 0
국고보조금 2,489 0 2,489 498 498 498 498 498 0
시도비 373 0 373 75 75 75 75 75 0
시군구비 2,116 0 2,116 423 423 423 423 423 0
자살 예방 강화(만세구
건강증진과) 37,562 0 37,562 7,347 7,419 7,504 7,598 7,695 0
기초정신건강복지센
터 운영(만세구)
기간:2026.01~2030.12
대상:화성시민과 관내
거주 정신질환자
규모:화성시민과 관내
거주 정신질환자
내용:정신정신건강증진
및 자살예방 서비스 지
원
Y 보
건복
지부
N N N N Y N
계 2,078 0 2,078 416 416 416 416 416 0
의무 2,078 0 2,078 416 416 416 416 416 0
국고보조금 266 0 266 53 53 53 53 53 0
시도비 272 0 272 54 54 54 54 54 0
시군구비 1,540 0 1,540 308 308 308 308 308 0
기초정신건강복지센
터 인력 지원(만세
구)
기간:2026.01~2030.12
대상:정신건강전문요원
20명
규모:정신건강전문요원
20명
내용:정신질환자 발견,
상담, 사례관리 인력 확
충
Y 보
건복
지부
N N N N Y N
계 15,825 0 15,825 3,165 3,165 3,165 3,165 3,165 0
의무 15,825 0 15,825 3,165 3,165 3,165 3,165 3,165 0
국고보조금 6,330 0 6,330 1,266 1,266 1,266 1,266 1,266 0
시도비 950 0 950 190 190 190 190 190 0
시군구비 8,546 0 8,546 1,709 1,709 1,709 1,709 1,709 0
정신질환자 회복지
원사업 지원(만세구
)
기간:2026~2030년
규모:화성시 관내 중증정신
질환자 등
규모:화성시 관내 중증정신
질환자 등
내용:정신질환자 회복지원
Y 보
건복
지부
N N N N Y N
계 2,000 0 2,000 400 400 400 400 400 0
의무 2,000 0 2,000 400 400 400 400 400 0
- 273 -
- 274 -
세세부부사사업업계계획획서서
회계연도 : 2026년
회계구분 : 일반 , 특별회계 , 기금
분    야 : 전체
부    문 : 전체 (단위 : 백만원)
분야ㆍ부문ㆍ정책ㆍ단위ㆍ세부사
업 사 업 개 요 국가계
획
투
자
심
사
지
방
채
BTL
의무지출
재원 총사업비 기투자
연     도     별     투     자     계     획
향  후
법
정
보
조
이
자 소  계 2026 2027 2028 2029 2030
N N N N Y N
국고보조금 1,000 0 1,000 200 200 200 200 200 0
시군구비 1,000 0 1,000 200 200 200 200 200 0
정신요양시설 운영
지원(만세구)
기간: 2026 ~ 2030년
대상: 정신요양시설(은
혜원)
규모: 정신요양시설 1개
소
내용 정신요양시설 운
영(인건비, 관리운영비)
지원
Y 보
건복
지부
N N N N Y N
계 15,718 0 15,718 2,978 3,050 3,135 3,229 3,326 0
의무 15,718 0 15,718 2,978 3,050 3,135 3,229 3,326 0
국고보조금 11,003 0 11,003 2,085 2,135 2,195 2,260 2,328 0
시도비 4,715 0 4,715 893 915 941 969 998 0
시군 정신응급대응
체계 구축(만세구)
2026.1.1.~206.12.31.
응급입원이 필요로 하
다고 판단되는 정신질
환자 대상
관내 정신의료기관 1개
소를 공모하여 3개 공공
병상 확보
정신과적 응급상황 발
생 시 24시간 내내 관내
에서 입원 치료를 받을
수 있는 정신 응급입원
인프라 구축
Y 보
건복
지부
N N N N Y N
계 1,500 0 1,500 300 300 300 300 300 0
의무 1,500 0 1,500 300 300 300 300 300 0
국고보조금 750 0 750 150 150 150 150 150 0
시도비 113 0 113 23 23 23 23 23 0
시군구비 638 0 638 128 128 128 128 128 0
전국민 마음투자 지
원사업(만세구)
기간:연중 
대상:정서적 어려움이
있는 시민
규모:화성시민 대상
내용:심리상담바우처지
급
Y 보
건복
지부
N N N N Y N
계 441 0 441 88 88 88 88 88 0
의무 441 0 441 88 88 88 88 88 0
국고보조금 309 0 309 62 62 62 62 62 0
시도비 20 0 20 4 4 4 4 4 0
시군구비 112 0 112 22 22 22 22 22 0
시민행복 건강도시 구현(
효행구 보건행정과) 6,066 0 6,066 985 1,365 1,365 1,365 985 0
자살 예방 강화(효행구
보건행정과) 6,066 0 6,066 985 1,365 1,365 1,365 985 0
- 275 -
세세부부사사업업계계획획서서
회계연도 : 2026년
회계구분 : 일반 , 특별회계 , 기금
분    야 : 전체
부    문 : 전체 (단위 : 백만원)
분야ㆍ부문ㆍ정책ㆍ단위ㆍ세부사
업 사 업 개 요 국가계
획
투
자
심
사
지
방
채
BTL
의무지출
재원 총사업비 기투자
연     도     별     투     자     계     획
향  후
법
정
보
조
이
자 소  계 2026 2027 2028 2029 2030
기초정신건강복지센
터 운영(효행구)
기간:2026.01~2030.12
화성시민과 관내 거주
정신질환자
화성시민과 관내 거주
정신질환자
정신정신건강증진 및
자살예방 서비스 지원
Y 보
건복
지부
N N N N Y N
계 995 0 995 199 199 199 199 199 0
의무 995 0 995 199 199 199 199 199 0
국고보조금 127 0 127 25 25 25 25 25 0
시도비 130 0 130 26 26 26 26 26 0
시군구비 737 0 737 147 147 147 147 147 0
기초정신건강복지센
터 인력 지원(효행
구)
기간:2025.01~2029.12
정신건강전문요원 20명
정신건강전문요원 20명
정신질환자 발견, 상담,
사례관리 인력 확충
Y 보
건복
지부
N N N N Y N
계 3,629 0 3,629 726 726 726 726 726 0
의무 3,629 0 3,629 726 726 726 726 726 0
국고보조금 1,451 0 1,451 290 290 290 290 290 0
시도비 218 0 218 44 44 44 44 44 0
시군구비 1,960 0 1,960 392 392 392 392 392 0
전국민 마음투자 지
원사업(효행구)
기간:연중 
대상:정서적 어려움이
있는 시민
규모:화성시민 대상
내용:심리상담바우처지
급
Y 보
건복
지부
N N N N Y N
계 1,443 0 1,443 60 441 441 441 60 0
의무 1,443 0 1,443 60 441 441 441 60 0
국고보조금 1,352 0 1,352 42 423 423 423 42 0
시도비 14 0 14 3 3 3 3 3 0
시군구비 77 0 77 15 15 15 15 15 0
시민행복 건강도시 구현(
병점구 보건행정과) 4,481 0 4,481 896 896 896 896 896 0
자살 예방 강화(병점구
보건행정과) 4,481 0 4,481 896 896 896 896 896 0
기초정신건강복지센터
인력 지원(병점구)
Y 보건
복지부 N N N N Y N 계 1,121 0 1,121 224 224 224 224 224 0
- 274 -
- 275 -
세세부부사사업업계계획획서서
회계연도 : 2026년
회계구분 : 일반 , 특별회계 , 기금
분    야 : 전체
부    문 : 전체 (단위 : 백만원)
분야ㆍ부문ㆍ정책ㆍ단위ㆍ세부사
업 사 업 개 요 국가계
획
투
자
심
사
지
방
채
BTL
의무지출
재원 총사업비 기투자
연     도     별     투     자     계     획
향  후
법
정
보
조
이
자 소  계 2026 2027 2028 2029 2030
기초정신건강복지센
터 운영(효행구)
기간:2026.01~2030.12
화성시민과 관내 거주
정신질환자
화성시민과 관내 거주
정신질환자
정신정신건강증진 및
자살예방 서비스 지원
Y 보
건복
지부
N N N N Y N
계 995 0 995 199 199 199 199 199 0
의무 995 0 995 199 199 199 199 199 0
국고보조금 127 0 127 25 25 25 25 25 0
시도비 130 0 130 26 26 26 26 26 0
시군구비 737 0 737 147 147 147 147 147 0
기초정신건강복지센
터 인력 지원(효행
구)
기간:2025.01~2029.12
정신건강전문요원 20명
정신건강전문요원 20명
정신질환자 발견, 상담,
사례관리 인력 확충
Y 보
건복
지부
N N N N Y N
계 3,629 0 3,629 726 726 726 726 726 0
의무 3,629 0 3,629 726 726 726 726 726 0
국고보조금 1,451 0 1,451 290 290 290 290 290 0
시도비 218 0 218 44 44 44 44 44 0
시군구비 1,960 0 1,960 392 392 392 392 392 0
전국민 마음투자 지
원사업(효행구)
기간:연중 
대상:정서적 어려움이
있는 시민
규모:화성시민 대상
내용:심리상담바우처지
급
Y 보
건복
지부
N N N N Y N
계 1,443 0 1,443 60 441 441 441 60 0
의무 1,443 0 1,443 60 441 441 441 60 0
국고보조금 1,352 0 1,352 42 423 423 423 42 0
시도비 14 0 14 3 3 3 3 3 0
시군구비 77 0 77 15 15 15 15 15 0
시민행복 건강도시 구현(
병점구 보건행정과) 4,481 0 4,481 896 896 896 896 896 0
자살 예방 강화(병점구
보건행정과) 4,481 0 4,481 896 896 896 896 896 0
기초정신건강복지센터
인력 지원(병점구)
Y 보건
복지부 N N N N Y N 계 1,121 0 1,121 224 224 224 224 224 0
- 275 -
- 276 -
세세부부사사업업계계획획서서
회계연도 : 2026년
회계구분 : 일반 , 특별회계 , 기금
분    야 : 전체
부    문 : 전체 (단위 : 백만원)
분야ㆍ부문ㆍ정책ㆍ단위ㆍ세부사
업 사 업 개 요 국가계
획
투
자
심
사
지
방
채
BTL
의무지출
재원 총사업비 기투자
연     도     별     투     자     계     획
향  후
법
정
보
조
이
자 소  계 2026 2027 2028 2029 2030
기간:2026.01~2030.12
대상: 정신건강전문요원 20명
내용: 정신질환자 발견, 
상담, 사례관리 인력 확충
N N N N Y N
의무 1,121 0 1,121 224 224 224 224 224 0
국고보조금 448 0 448 90 90 90 90 90 0
시도비 67 0 67 13 13 13 13 13 0
시군구비 605 0 605 121 121 121 121 121 0
중독관리통합지원센
터 지원(병점구)
기간:2026.1.~2030.12.
대상:중독자, 중독자가족
규모:정신정신건강증진 및
중독예방 서비스 지원
내용:중독관리체계 구축을
통한 안전한 사회 환경 조
성, 정신건강 증진 도모
Y 보
건복
지부
N N N N Y N
계 2,942 0 2,942 588 588 588 588 588 0
의무 2,942 0 2,942 588 588 588 588 588 0
국고보조금 439 0 439 88 88 88 88 88 0
시군구비 2,504 0 2,504 501 501 501 501 501 0
전국민 마음투자 지
원사업(병점구)
기간:연중 
대상:정서적 어려움이
있는 시민
규모:화성시민 대상
내용:심리상담바우처지
급
Y 보
건복
지부
N N N N Y N
계 418 0 418 84 84 84 84 84 0
의무 418 0 418 84 84 84 84 84 0
국고보조금 293 0 293 59 59 59 59 59 0
시도비 19 0 19 4 4 4 4 4 0
시군구비 107 0 107 21 21 21 21 21 0
시민행복 건강도시 구현(
동탄구 보건행정과) 12,263 0 12,263 2,323 2,386 2,451 2,517 2,586 0
자살 예방 강화(동탄구
보건행정과) 12,263 0 12,263 2,323 2,386 2,451 2,517 2,586 0
정신재활시설 운영
지원(동탄구)
기간: 2026 ~ 2030년
대상: 정신재활시설(사랑밭
, 남양집, 봄해랑 엘엘씨)
규모: 정신재활시설 3개소
내용: 정신재활시설 3개소
인건비, 관리운영비, 프로
그램비 지급
N N N N Y N
계 11,102 0 11,102 2,091 2,154 2,219 2,285 2,354 0
의무 11,102 0 11,102 2,091 2,154 2,219 2,285 2,354 0
시도비 1,110 0 1,110 209 215 222 229 235 0
- 277 -
세세부부사사업업계계획획서서
회계연도 : 2026년
회계구분 : 일반 , 특별회계 , 기금
분    야 : 전체
부    문 : 전체 (단위 : 백만원)
분야ㆍ부문ㆍ정책ㆍ단위ㆍ세부사
업 사 업 개 요 국가계
획
투
자
심
사
지
방
채
BTL
의무지출
재원 총사업비 기투자
연     도     별     투     자     계     획
향  후
법
정
보
조
이
자 소  계 2026 2027 2028 2029 2030
N N N N Y N 시군구비 9,992 0 9,992 1,882 1,939 1,997 2,057 2,118 0
전국민 마음투자 지
원사업(동탄구)
기간:연중 
대상:정서적 어려움이
있는 시민
규모:화성시민 대상
내용:심리상담바우처지
급
Y 보
건복
지부
N N N N Y N
계 1,161 0 1,161 232 232 232 232 232 0
의무 1,161 0 1,161 232 232 232 232 232 0
국고보조금 813 0 813 163 163 163 163 163 0
시도비 52 0 52 10 10 10 10 10 0
시군구비 296 0 296 59 59 59 59 59 0
시민행복 건강도시 구현 48,248 0 48,248 9,344 9,490 9,642 9,802 9,970 0
건강증진 활성화 2,071 0 2,071 406 410 414 418 422 0
웰빙건강클리닉 센
터 운영
기간:2025년~2029년
대상:화성시 서남부권역 주
민
규모:36,000명
내용:근골격에질환 예방 및
통증완화를 위한 맞춤형 운
동프로그램 운영
N N N N N N
계 2,071 0 2,071 406 410 414 418 422 0
재량 2,071 0 2,071 406 410 414 418 422 0
시군구비 2,071 0 2,071 406 410 414 418 422 0
고연령화 대비 100세 건
강 관리 53 0 53 11 11 11 11 11 0
치매감별검사비 지
원
기간:연례반복
대상:관내 만60세이이상
시민
규모:예산한도 내
내용:감별검사비지원
N N N N Y N
계 53 0 53 11 11 11 11 11 0
의무 53 0 53 11 11 11 11 11 0
시도비 16 0 16 3 3 3 3 3 0
시군구비 37 0 37 7 7 7 7 7 0
건강 취약군 관리 46,124 0 46,124 8,928 9,069 9,217 9,373 9,537 0
난임부부 시술비 지
원(전환사업)
기간:25-01-01 ~ 29-12-31
대상:화성시 난임부부 N N N N Y N 계 3,842 0 3,842 695 730 767 805 845 0
- 276 -
- 277 -
세세부부사사업업계계획획서서
회계연도 : 2026년
회계구분 : 일반 , 특별회계 , 기금
분    야 : 전체
부    문 : 전체 (단위 : 백만원)
분야ㆍ부문ㆍ정책ㆍ단위ㆍ세부사
업 사 업 개 요 국가계
획
투
자
심
사
지
방
채
BTL
의무지출
재원 총사업비 기투자
연     도     별     투     자     계     획
향  후
법
정
보
조
이
자 소  계 2026 2027 2028 2029 2030
N N N N Y N 시군구비 9,992 0 9,992 1,882 1,939 1,997 2,057 2,118 0
전국민 마음투자 지
원사업(동탄구)
기간:연중 
대상:정서적 어려움이
있는 시민
규모:화성시민 대상
내용:심리상담바우처지
급
Y 보
건복
지부
N N N N Y N
계 1,161 0 1,161 232 232 232 232 232 0
의무 1,161 0 1,161 232 232 232 232 232 0
국고보조금 813 0 813 163 163 163 163 163 0
시도비 52 0 52 10 10 10 10 10 0
시군구비 296 0 296 59 59 59 59 59 0
시민행복 건강도시 구현 48,248 0 48,248 9,344 9,490 9,642 9,802 9,970 0
건강증진 활성화 2,071 0 2,071 406 410 414 418 422 0
웰빙건강클리닉 센
터 운영
기간:2025년~2029년
대상:화성시 서남부권역 주
민
규모:36,000명
내용:근골격에질환 예방 및
통증완화를 위한 맞춤형 운
동프로그램 운영
N N N N N N
계 2,071 0 2,071 406 410 414 418 422 0
재량 2,071 0 2,071 406 410 414 418 422 0
시군구비 2,071 0 2,071 406 410 414 418 422 0
고연령화 대비 100세 건
강 관리 53 0 53 11 11 11 11 11 0
치매감별검사비 지
원
기간:연례반복
대상:관내 만60세이이상
시민
규모:예산한도 내
내용:감별검사비지원
N N N N Y N
계 53 0 53 11 11 11 11 11 0
의무 53 0 53 11 11 11 11 11 0
시도비 16 0 16 3 3 3 3 3 0
시군구비 37 0 37 7 7 7 7 7 0
건강 취약군 관리 46,124 0 46,124 8,928 9,069 9,217 9,373 9,537 0
난임부부 시술비 지
원(전환사업)
기간:25-01-01 ~ 29-12-31
대상:화성시 난임부부 N N N N Y N 계 3,842 0 3,842 695 730 767 805 845 0
- 277 -
- 278 -
세세부부사사업업계계획획서서
회계연도 : 2026년
회계구분 : 일반 , 특별회계 , 기금
분    야 : 전체
부    문 : 전체 (단위 : 백만원)
분야ㆍ부문ㆍ정책ㆍ단위ㆍ세부사
업 사 업 개 요 국가계
획
투
자
심
사
지
방
채
BTL
의무지출
재원 총사업비 기투자
연     도     별     투     자     계     획
향  후
법
정
보
조
이
자 소  계 2026 2027 2028 2029 2030
규모:난임부부
내용:난임부부지원 N N N N Y N
의무 3,842 0 3,842 695 730 767 805 845 0
시도비 2,881 0 2,881 521 548 575 604 634 0
시군구비 960 0 960 174 183 192 201 211 0
산모신생아 건강관
리 지원(전환형)
기간:2025.01~2029.12
대상:서남부권 기준중
위소득 150% 이하 출산
가구
규모:화성시 서남부권
내용:산모, 신생아 도우
미 지원
N N N N Y N
계 6,156 0 6,156 1,114 1,170 1,228 1,290 1,354 0
의무 6,156 0 6,156 1,114 1,170 1,228 1,290 1,354 0
시도비 4,285 0 4,285 776 814 855 898 943 0
시군구비 1,870 0 1,870 338 355 373 392 411 0
산모신생아 건강관
리 지원(추가형)
기간:25.01.01.~29.12.2
9
대상:중위150%가정
규모:산모신생아
내용:저소득층 지원
N N N N Y N
계 2,089 0 2,089 378 397 417 438 459 0
의무 2,089 0 2,089 378 397 417 438 459 0
시도비 1,044 0 1,044 189 198 208 219 230 0
시군구비 1,044 0 1,044 189 198 208 219 230 0
저소득층 기저귀 및
조제분유 지원
기간:25.01.01.~
29.12.31.
대상:저소득층 가정
규모:기저귀 및 조제분
유 지원
내용:저소득층 지원
Y 보
건복
지부
N N N N Y N
계 3,528 0 3,528 638 670 704 739 776 0
의무 3,528 0 3,528 638 670 704 739 776 0
국고보조금 1,764 0 1,764 319 335 352 370 388 0
시도비 882 0 882 160 168 176 185 194 0
시군구비 882 0 882 160 168 176 185 194 0
산후조리비 지원
기간:2025.01~2029.12
대상:서남부권 출산가정
규모: 서남부권역  출산가
정
내용:1인당 500천원 산후조
리비 지원
N N N N Y N
계 5,535 0 5,535 1,107 1,107 1,107 1,107 1,107 0
의무 5,535 0 5,535 1,107 1,107 1,107 1,107 1,107 0
- 279 -
세세부부사사업업계계획획서서
회계연도 : 2026년
회계구분 : 일반 , 특별회계 , 기금
분    야 : 전체
부    문 : 전체 (단위 : 백만원)
분야ㆍ부문ㆍ정책ㆍ단위ㆍ세부사
업 사 업 개 요 국가계
획
투
자
심
사
지
방
채
BTL
의무지출
재원 총사업비 기투자
연     도     별     투     자     계     획
향  후
법
정
보
조
이
자 소  계 2026 2027 2028 2029 2030
N N N N Y N
시도비 3,875 0 3,875 775 775 775 775 775 0
시군구비 1,661 0 1,661 332 332 332 332 332 0
국가예방접종 실시(
코로나19)
기간:2026.1.~2030.12.
대상:감염 고위험군(면
역저하자 및 감염취약
시설 입원·입소자, 만
65세 이상)
규모:감염 고위험군(면
역저하자 및 감염취약
시설 입원·입소자, 만
65세 이상)
내용:코로나19 예방접종
실시
Y 질
병관
리청
N N N N Y N
계 8,856 0 8,856 1,771 1,771 1,771 1,771 1,771 0
의무 8,856 0 8,856 1,771 1,771 1,771 1,771 1,771 0
국고보조금 4,428 0 4,428 886 886 886 886 886 0
시도비 1,328 0 1,328 266 266 266 266 266 0
시군구비 3,100 0 3,100 620 620 620 620 620 0
국가예방접종 실시
기간:2025.01~2029.12
대상:영유아, 일부 성인
, 65세이상 어르신
규모:화성시 서남부권
영유아 및 65세 이상
내용:국가필수예방접종
및 성인 예방접종 지원
Y 질
병관
리청
N N N N Y N
계 16,119 0 16,119 3,224 3,224 3,224 3,224 3,224 0
의무 16,119 0 16,119 3,224 3,224 3,224 3,224 3,224 0
국고보조금 8,059 0 8,059 1,612 1,612 1,612 1,612 1,612 0
시도비 2,418 0 2,418 484 484 484 484 484 0
시군구비 5,642 0 5,642 1,128 1,128 1,128 1,128 1,128 0
시민행복 건강도시 구현(
효행구 건강증진과) 29,152 0 29,152 5,589 5,717 5,808 5,946 6,092 0
건강증진 활성화(효행구
건강증진과) 500 0 500 115 121 84 88 92 0
지역사회 통합건강
증진사업(효행구)
2026. 1. ~ 2030. 12
화성시 서남부권역 주
민
5개사업 추진
심뇌혈관질환 예방관리
, 신체활동사업, 영양사
업 등
Y 보
건복
지부
N N N N Y N
계 440 0 440 104 110 72 75 79 0
의무 440 0 440 104 110 72 75 79 0
국고보조금 171 0 171 31 33 34 36 37 0
시군구비 269 0 269 73 77 38 40 42 0
- 278 -
- 279 -
세세부부사사업업계계획획서서
회계연도 : 2026년
회계구분 : 일반 , 특별회계 , 기금
분    야 : 전체
부    문 : 전체 (단위 : 백만원)
분야ㆍ부문ㆍ정책ㆍ단위ㆍ세부사
업 사 업 개 요 국가계
획
투
자
심
사
지
방
채
BTL
의무지출
재원 총사업비 기투자
연     도     별     투     자     계     획
향  후
법
정
보
조
이
자 소  계 2026 2027 2028 2029 2030
N N N N Y N
시도비 3,875 0 3,875 775 775 775 775 775 0
시군구비 1,661 0 1,661 332 332 332 332 332 0
국가예방접종 실시(
코로나19)
기간:2026.1.~2030.12.
대상:감염 고위험군(면
역저하자 및 감염취약
시설 입원·입소자, 만
65세 이상)
규모:감염 고위험군(면
역저하자 및 감염취약
시설 입원·입소자, 만
65세 이상)
내용:코로나19 예방접종
실시
Y 질
병관
리청
N N N N Y N
계 8,856 0 8,856 1,771 1,771 1,771 1,771 1,771 0
의무 8,856 0 8,856 1,771 1,771 1,771 1,771 1,771 0
국고보조금 4,428 0 4,428 886 886 886 886 886 0
시도비 1,328 0 1,328 266 266 266 266 266 0
시군구비 3,100 0 3,100 620 620 620 620 620 0
국가예방접종 실시
기간:2025.01~2029.12
대상:영유아, 일부 성인
, 65세이상 어르신
규모:화성시 서남부권
영유아 및 65세 이상
내용:국가필수예방접종
및 성인 예방접종 지원
Y 질
병관
리청
N N N N Y N
계 16,119 0 16,119 3,224 3,224 3,224 3,224 3,224 0
의무 16,119 0 16,119 3,224 3,224 3,224 3,224 3,224 0
국고보조금 8,059 0 8,059 1,612 1,612 1,612 1,612 1,612 0
시도비 2,418 0 2,418 484 484 484 484 484 0
시군구비 5,642 0 5,642 1,128 1,128 1,128 1,128 1,128 0
시민행복 건강도시 구현(
효행구 건강증진과) 29,152 0 29,152 5,589 5,717 5,808 5,946 6,092 0
건강증진 활성화(효행구
건강증진과) 500 0 500 115 121 84 88 92 0
지역사회 통합건강
증진사업(효행구)
2026. 1. ~ 2030. 12
화성시 서남부권역 주
민
5개사업 추진
심뇌혈관질환 예방관리
, 신체활동사업, 영양사
업 등
Y 보
건복
지부
N N N N Y N
계 440 0 440 104 110 72 75 79 0
의무 440 0 440 104 110 72 75 79 0
국고보조금 171 0 171 31 33 34 36 37 0
시군구비 269 0 269 73 77 38 40 42 0
- 279 -
- 280 -
세세부부사사업업계계획획서서
회계연도 : 2026년
회계구분 : 일반 , 특별회계 , 기금
분    야 : 전체
부    문 : 전체 (단위 : 백만원)
분야ㆍ부문ㆍ정책ㆍ단위ㆍ세부사
업 사 업 개 요 국가계
획
투
자
심
사
지
방
채
BTL
의무지출
재원 총사업비 기투자
연     도     별     투     자     계     획
향  후
법
정
보
조
이
자 소  계 2026 2027 2028 2029 2030
지역사회 통합건강
증진사업(자체)(효
행구)
2026. 1. ~ 2030. 12
서남부권 주민
3개 사업 추진
심뇌혈관질환예방관리
사업 및 신체활동사업
등
Y 보
건복
지부
N N N N N N
계 60 0 60 11 11 12 13 13 0
재량 60 0 60 11 11 12 13 13 0
시군구비 60 0 60 11 11 12 13 13 0
건강 취약군 관리(효행
구 건강증진과) 28,652 0 28,652 5,474 5,596 5,724 5,859 6,000 0
난임부부 시술비 지
원(전환사업)(효행
구)
기간:26-01-01~30-12-31
대상:화성시 난임부부
규모:난임부부
내용:난임부부지원
N N N N Y N
계 3,842 0 3,842 695 730 767 805 845 0
의무 3,842 0 3,842 695 730 767 805 845 0
시도비 2,881 0 2,881 521 548 575 604 634 0
시군구비 960 0 960 174 183 192 201 211 0
난임부부 시술비 지
원(경기형)(효행구)
26.01.01.~30.12.31.
화성시 난임부부
난임부부
난임부부지원
N N N N Y N
계 1,392 0 1,392 252 265 278 292 306 0
의무 1,392 0 1,392 252 265 278 292 306 0
시도비 1,044 0 1,044 189 198 208 219 230 0
시군구비 348 0 348 63 66 69 73 77 0
산모신생아 건강관
리 지원(전환형)(효
행구)
기간:2026.01~2030.12
대상:효행구 기준중위
소득 150% 이하 출산가
구
규모:화성시 효행구
내용:산모, 신생아 도우
미 지원
N N N N Y N
계 6,156 0 6,156 1,114 1,170 1,228 1,290 1,354 0
의무 6,156 0 6,156 1,114 1,170 1,228 1,290 1,354 0
시도비 4,285 0 4,285 776 814 855 898 943 0
시군구비 1,870 0 1,870 338 355 373 392 411 0
산모신생아 건강관
리 지원(추가형)(효
행구)
기간:25.01.01.~29.12.2
9
대상:중위150%가정
규모:산모신생아
내용:저소득층 지원
N N N N Y N
계 2,089 0 2,089 378 397 417 438 459 0
의무 2,089 0 2,089 378 397 417 438 459 0
- 281 -
세세부부사사업업계계획획서서
회계연도 : 2026년
회계구분 : 일반 , 특별회계 , 기금
분    야 : 전체
부    문 : 전체 (단위 : 백만원)
분야ㆍ부문ㆍ정책ㆍ단위ㆍ세부사
업 사 업 개 요 국가계
획
투
자
심
사
지
방
채
BTL
의무지출
재원 총사업비 기투자
연     도     별     투     자     계     획
향  후
법
정
보
조
이
자 소  계 2026 2027 2028 2029 2030
N N N N Y N
시도비 1,044 0 1,044 189 198 208 219 230 0
시군구비 1,044 0 1,044 189 198 208 219 230 0
국가예방접종 실시(
코로나19)(효행구)
기간:2026.1.~2030.12.
대상:감염 고위험군(면
역저하자 및 감염취약
시설 입원·입소자, 만
65세 이상)
규모:감염 고위험군(면
역저하자 및 감염취약
시설 입원·입소자, 만
65세 이상)
내용:코로나19 예방접종
실시
Y 질
병관
리청
N N N N Y N
계 4,428 0 4,428 886 886 886 886 886 0
의무 4,428 0 4,428 886 886 886 886 886 0
국고보조금 2,214 0 2,214 443 443 443 443 443 0
시도비 664 0 664 133 133 133 133 133 0
시군구비 1,550 0 1,550 310 310 310 310 310 0
국가예방접종 실시(
효행구)
기간:2026.01~2030.12
대상: 영유아, 일부 성
인, 65세이상 어르신
규모:화성시 서남부권
영유아 및 65세 이상
내용:국가필수예방접종
및 성인 예방접종 지원
Y 질
병관
리청
N N N N Y N
계 10,746 0 10,746 2,149 2,149 2,149 2,149 2,149 0
의무 10,746 0 10,746 2,149 2,149 2,149 2,149 2,149 0
국고보조금 5,373 0 5,373 1,075 1,075 1,075 1,075 1,075 0
시도비 1,612 0 1,612 322 322 322 322 322 0
시군구비 3,761 0 3,761 752 752 752 752 752 0
시민행복 건강도시 구현(
병점구 건강증진과) 571 0 571 114 114 114 114 114 0
건강증진 활성화(병점구
건강증진과) 571 0 571 114 114 114 114 114 0
지역사회 통합건강
증진사업(병점구)
2026.1 ~ 2030. 12.
병점구민
지역주민 500명
지역사회 통합건강증진
사업 수행
Y 보
건복
지부
N N N N Y N
계 571 0 571 114 114 114 114 114 0
의무 571 0 571 114 114 114 114 114 0
국고보조금 171 0 171 34 34 34 34 34 0
시군구비 400 0 400 80 80 80 80 80 0
- 280 -
- 281 -
세세부부사사업업계계획획서서
회계연도 : 2026년
회계구분 : 일반 , 특별회계 , 기금
분    야 : 전체
부    문 : 전체 (단위 : 백만원)
분야ㆍ부문ㆍ정책ㆍ단위ㆍ세부사
업 사 업 개 요 국가계
획
투
자
심
사
지
방
채
BTL
의무지출
재원 총사업비 기투자
연     도     별     투     자     계     획
향  후
법
정
보
조
이
자 소  계 2026 2027 2028 2029 2030
N N N N Y N
시도비 1,044 0 1,044 189 198 208 219 230 0
시군구비 1,044 0 1,044 189 198 208 219 230 0
국가예방접종 실시(
코로나19)(효행구)
기간:2026.1.~2030.12.
대상:감염 고위험군(면
역저하자 및 감염취약
시설 입원·입소자, 만
65세 이상)
규모:감염 고위험군(면
역저하자 및 감염취약
시설 입원·입소자, 만
65세 이상)
내용:코로나19 예방접종
실시
Y 질
병관
리청
N N N N Y N
계 4,428 0 4,428 886 886 886 886 886 0
의무 4,428 0 4,428 886 886 886 886 886 0
국고보조금 2,214 0 2,214 443 443 443 443 443 0
시도비 664 0 664 133 133 133 133 133 0
시군구비 1,550 0 1,550 310 310 310 310 310 0
국가예방접종 실시(
효행구)
기간:2026.01~2030.12
대상: 영유아, 일부 성
인, 65세이상 어르신
규모:화성시 서남부권
영유아 및 65세 이상
내용:국가필수예방접종
및 성인 예방접종 지원
Y 질
병관
리청
N N N N Y N
계 10,746 0 10,746 2,149 2,149 2,149 2,149 2,149 0
의무 10,746 0 10,746 2,149 2,149 2,149 2,149 2,149 0
국고보조금 5,373 0 5,373 1,075 1,075 1,075 1,075 1,075 0
시도비 1,612 0 1,612 322 322 322 322 322 0
시군구비 3,761 0 3,761 752 752 752 752 752 0
시민행복 건강도시 구현(
병점구 건강증진과) 571 0 571 114 114 114 114 114 0
건강증진 활성화(병점구
건강증진과) 571 0 571 114 114 114 114 114 0
지역사회 통합건강
증진사업(병점구)
2026.1 ~ 2030. 12.
병점구민
지역주민 500명
지역사회 통합건강증진
사업 수행
Y 보
건복
지부
N N N N Y N
계 571 0 571 114 114 114 114 114 0
의무 571 0 571 114 114 114 114 114 0
국고보조금 171 0 171 34 34 34 34 34 0
시군구비 400 0 400 80 80 80 80 80 0
- 281 -
- 282 -
세세부부사사업업계계획획서서
회계연도 : 2026년
회계구분 : 일반 , 특별회계 , 기금
분    야 : 전체
부    문 : 전체 (단위 : 백만원)
분야ㆍ부문ㆍ정책ㆍ단위ㆍ세부사
업 사 업 개 요 국가계
획
투
자
심
사
지
방
채
BTL
의무지출
재원 총사업비 기투자
연     도     별     투     자     계     획
향  후
법
정
보
조
이
자 소  계 2026 2027 2028 2029 2030
시민행복 건강도시 구현 2,172 0 2,172 434 434 434 434 434 0
감염병 대응 관리 2,172 0 2,172 434 434 434 434 434 0
감염병 예방 관리
기간:2025. 1. ~ 2029.
12.
대상:화성시 서남부권
규모:화성시 서남부권
내용:감염병 예방을 위
한 방역소독 및 예방교
육
N N N N N N
계 2,172 0 2,172 434 434 434 434 434 0
재량 2,172 0 2,172 434 434 434 434 434 0
시군구비 2,172 0 2,172 434 434 434 434 434 0
8,642 0 8,642 1,702 1,717 1,731 1,746 1,746 0
청사·시설정비 관리 3,692 0 3,692 712 727 741 756 756 0
청사·차량 운영 관
리
기간:2025.1.1.~
2030.12.31.
대상:동탄권 시민
규모:동탄보건소 및 차
량
내용:청사시설 및 차량
유지관리
N N N Y N N
계 3,692 0 3,692 712 727 741 756 756 0
의무 3,692 0 3,692 712 727 741 756 756 0
시군구비 3,692 0 3,692 712 727 741 756 756 0
건강 취약군 관리 2,750 0 2,750 550 550 550 550 550 0
찾아가는 경기도 화
성시 돌봄의료센터
사업
기간:2025.01.01~
2030.12.31.
대상:의료기관 접근성이 떨
어지는 화성시민
규모:방문의료서비스 2,500
건 제공
내용:의사, 간호사, 사회복
지사, 물리치료사로 구성된
다학제 의료팀의 방문의료
서비스 제공
N N N N Y N
계 2,750 0 2,750 550 550 550 550 550 0
의무 2,750 0 2,750 550 550 550 550 550 0
시도비 1,375 0 1,375 275 275 275 275 275 0
시군구비 1,375 0 1,375 275 275 275 275 275 0
응급의료체계 강화 2,200 0 2,200 440 440 440 440 440 0
달빛어린이병원 운
영지원
기간:연례반복
대상:관내시민
규모:관내시민
내용:달빛어린이병원
운영 지원
Y 보
건복
지부
N N N N Y N
계 2,200 0 2,200 440 440 440 440 440 0
의무 2,200 0 2,200 440 440 440 440 440 0
- 283 -
세세부부사사업업계계획획서서
회계연도 : 2026년
회계구분 : 일반 , 특별회계 , 기금
분    야 : 전체
부    문 : 전체 (단위 : 백만원)
분야ㆍ부문ㆍ정책ㆍ단위ㆍ세부사
업 사 업 개 요 국가계
획
투
자
심
사
지
방
채
BTL
의무지출
재원 총사업비 기투자
연     도     별     투     자     계     획
향  후
법
정
보
조
이
자 소  계 2026 2027 2028 2029 2030
N N N N Y N
국고보조금 1,100 0 1,100 220 220 220 220 220 0
시도비 1,100 0 1,100 220 220 220 220 220 0
맞춤형 보건의료서비스 제
공 2,926 0 2,926 585 585 585 585 585 0
공공보건의료서비스 제
공 2,926 0 2,926 585 585 585 585 585 0
1차 보건의료서비스
제공
2025.1.1~2029.12.31.
화성시동탄권시민
동탄권 전 주민
1차진료 및 제증명 검사
N N N N N N
계 2,926 0 2,926 585 585 585 585 585 0
재량 2,926 0 2,926 585 585 585 585 585 0
시군구비 2,926 0 2,926 585 585 585 585 585 0
시민행복 건강화성 구현 90,920 0 90,920 16,915 16,915 16,915 16,915 23,259 0
시민건강증진사업 활성
화 5,050 0 5,050 1,010 1,010 1,010 1,010 1,010 0
화성시 만성질환관
리센터 운영
기간:2026. 1.~ 2030.
12.
대상:30세 이상 만성질
환자 및 고위험군 등
규모:10,000명
내용:13주 만성질환 집
중관리 프로그램
N N N Y N N
계 5,050 0 5,050 1,010 1,010 1,010 1,010 1,010 0
의무 5,050 0 5,050 1,010 1,010 1,010 1,010 1,010 0
시군구비 5,050 0 5,050 1,010 1,010 1,010 1,010 1,010 0
건강 취약군 관리 85,871 0 85,871 15,905 15,905 15,905 15,905 22,249 0
산후조리비 지원
기간:2025.01~2029.12
대상:출산가정
규모:3,448명
내용:출생아 1인당 50만
원 산후조리비 지원
N N N N Y N
계 8,574 0 8,574 1,715 1,715 1,715 1,715 1,715 0
의무 8,574 0 8,574 1,715 1,715 1,715 1,715 1,715 0
시도비 6,002 0 6,002 1,200 1,200 1,200 1,200 1,200 0
시군구비 2,572 0 2,572 514 514 514 514 514 0
난임부부 시술비 지
원(전환사업)
기간:2025.01~2029.12
대상:화성시 거주 난임부부
Y 보건
복지부 N N N N Y N 계 6,003 0 6,003 1,201 1,201 1,201 1,201 1,201 0
- 282 -
- 283 -
세세부부사사업업계계획획서서
회계연도 : 2026년
회계구분 : 일반 , 특별회계 , 기금
분    야 : 전체
부    문 : 전체 (단위 : 백만원)
분야ㆍ부문ㆍ정책ㆍ단위ㆍ세부사
업 사 업 개 요 국가계
획
투
자
심
사
지
방
채
BTL
의무지출
재원 총사업비 기투자
연     도     별     투     자     계     획
향  후
법
정
보
조
이
자 소  계 2026 2027 2028 2029 2030
N N N N Y N
국고보조금 1,100 0 1,100 220 220 220 220 220 0
시도비 1,100 0 1,100 220 220 220 220 220 0
맞춤형 보건의료서비스 제
공 2,926 0 2,926 585 585 585 585 585 0
공공보건의료서비스 제
공 2,926 0 2,926 585 585 585 585 585 0
1차 보건의료서비스
제공
2025.1.1~2029.12.31.
화성시동탄권시민
동탄권 전 주민
1차진료 및 제증명 검사
N N N N N N
계 2,926 0 2,926 585 585 585 585 585 0
재량 2,926 0 2,926 585 585 585 585 585 0
시군구비 2,926 0 2,926 585 585 585 585 585 0
시민행복 건강화성 구현 90,920 0 90,920 16,915 16,915 16,915 16,915 23,259 0
시민건강증진사업 활성
화 5,050 0 5,050 1,010 1,010 1,010 1,010 1,010 0
화성시 만성질환관
리센터 운영
기간:2026. 1.~ 2030.
12.
대상:30세 이상 만성질
환자 및 고위험군 등
규모:10,000명
내용:13주 만성질환 집
중관리 프로그램
N N N Y N N
계 5,050 0 5,050 1,010 1,010 1,010 1,010 1,010 0
의무 5,050 0 5,050 1,010 1,010 1,010 1,010 1,010 0
시군구비 5,050 0 5,050 1,010 1,010 1,010 1,010 1,010 0
건강 취약군 관리 85,871 0 85,871 15,905 15,905 15,905 15,905 22,249 0
산후조리비 지원
기간:2025.01~2029.12
대상:출산가정
규모:3,448명
내용:출생아 1인당 50만
원 산후조리비 지원
N N N N Y N
계 8,574 0 8,574 1,715 1,715 1,715 1,715 1,715 0
의무 8,574 0 8,574 1,715 1,715 1,715 1,715 1,715 0
시도비 6,002 0 6,002 1,200 1,200 1,200 1,200 1,200 0
시군구비 2,572 0 2,572 514 514 514 514 514 0
난임부부 시술비 지
원(전환사업)
기간:2025.01~2029.12
대상:화성시 거주 난임부부
Y 보건
복지부 N N N N Y N 계 6,003 0 6,003 1,201 1,201 1,201 1,201 1,201 0
- 283 -
- 284 -
세세부부사사업업계계획획서서
회계연도 : 2026년
회계구분 : 일반 , 특별회계 , 기금
분    야 : 전체
부    문 : 전체 (단위 : 백만원)
분야ㆍ부문ㆍ정책ㆍ단위ㆍ세부사
업 사 업 개 요 국가계
획
투
자
심
사
지
방
채
BTL
의무지출
재원 총사업비 기투자
연     도     별     투     자     계     획
향  후
법
정
보
조
이
자 소  계 2026 2027 2028 2029 2030
규모:1,500건
내용:인공/체외수정 시술비 
일부 지원 N N N N Y N
의무 6,003 0 6,003 1,201 1,201 1,201 1,201 1,201 0
시도비 4,502 0 4,502 900 900 900 900 900 0
시군구비 1,501 0 1,501 300 300 300 300 300 0
난임부부 시술비 지
원(경기형)
기간:2025.01~2029.12
대상:화성시 거주 난임
부부
규모:1,500건
내용:인공/체외수정 시
술비 일부 지원
N N N N Y N
계 4,868 0 4,868 974 974 974 974 974 0
의무 4,868 0 4,868 974 974 974 974 974 0
시도비 3,651 0 3,651 730 730 730 730 730 0
시군구비 1,217 0 1,217 243 243 243 243 243 0
산모신생아 건강관
리 지원(전환형)
기간:2025.01~2029.12
대상:출산 가정
규모:연 1,200명 지원
내용:산모·신생아 건
강관리사 파견
Y 보
건복
지부
N N N N Y N
계 9,706 0 9,706 1,945 1,945 1,945 1,945 1,925 0
의무 9,706 0 9,706 1,945 1,945 1,945 1,945 1,925 0
시도비 6,771 0 6,771 1,354 1,354 1,354 1,354 1,354 0
시군구비 2,935 0 2,935 591 591 591 591 571 0
산모신생아 건강관
리 지원(추가형)
기간:2025.01~2029.12
대상:출산 가정
규모:연 1,000명
내용:산모·신생아 건
강관리사 파견
Y 보
건복
지부
N N N N Y N
계 3,300 0 3,300 660 660 660 660 660 0
의무 3,300 0 3,300 660 660 660 660 660 0
시도비 1,650 0 1,650 330 330 330 330 330 0
시군구비 1,650 0 1,650 330 330 330 330 330 0
저소득층 기저귀 및
조제분유 지원
기간:2025.01~2029.12
대상:저소득층 영아(만2
세미만) 가정
규모:기저귀 월90천원,
조제분유 월110천원(예
산소진시까지)
내용:기저귀 및 조제분
유 지원
Y 보
건복
지부
N N N N Y N
계 3,040 0 3,040 608 608 608 608 608 0
의무 3,040 0 3,040 608 608 608 608 608 0
국고보조금 1,520 0 1,520 304 304 304 304 304 0
- 285 -
세세부부사사업업계계획획서서
회계연도 : 2026년
회계구분 : 일반 , 특별회계 , 기금
분    야 : 전체
부    문 : 전체 (단위 : 백만원)
분야ㆍ부문ㆍ정책ㆍ단위ㆍ세부사
업 사 업 개 요 국가계
획
투
자
심
사
지
방
채
BTL
의무지출
재원 총사업비 기투자
연     도     별     투     자     계     획
향  후
법
정
보
조
이
자 소  계 2026 2027 2028 2029 2030
N N N N Y N
시도비 760 0 760 152 152 152 152 152 0
시군구비 760 0 760 152 152 152 152 152 0
국가예방접종 실시
기간:2025.01~2029.12
만 13세 이하 어린이 및
만 65세 이상 성인
만13세 아동 73,317명,
65세 이상 어르신
24,897명
국가필수에방접종 및
고위험군 예방접종
Y 질
병관
리청
N N N N Y N
계 36,946 0 36,946 7,389 7,389 7,389 7,389 7,389 0
의무 36,946 0 36,946 7,389 7,389 7,389 7,389 7,389 0
국고보조금 18,473 0 18,473 3,695 3,695 3,695 3,695 3,695 0
시도비 5,542 0 5,542 1,108 1,108 1,108 1,108 1,108 0
시군구비 12,931 0 12,931 2,586 2,586 2,586 2,586 2,586 0
국가예방접종 실시(
코로나19 )
기간:2025.01~2029.12
대상:동탄 1~9동
규모:316,353명
내용:코로나19 백신 예
방접종 
Y 질
병관
리청
N N N N Y N
계 13,434 0 13,434 1,414 1,414 1,414 1,414 7,778 0
의무 13,434 0 13,434 1,414 1,414 1,414 1,414 7,778 0
국고보조금 9,899 0 9,899 707 707 707 707 7,071 0
시도비 1,061 0 1,061 212 212 212 212 212 0
시군구비 2,475 0 2,475 495 495 495 495 495 0
시민행복 건강도시 구현 31,191 0 31,191 6,066 6,146 6,232 6,324 6,424 0
건강 취약군 관리 31,191 0 31,191 6,066 6,146 6,232 6,324 6,424 0
난임부부 시술비 지
원(전환형)
기간:2026.01.~2030.12.
대상:난임부부(사실혼
포함)
규모: 약 1,070건
내용:난임부부 시술비
지원
Y 보
건복
지부
N N N N Y N
계 2,786 0 2,786 504 529 556 584 613 0
의무 2,786 0 2,786 504 529 556 584 613 0
시도비 2,090 0 2,090 378 397 417 438 460 0
시군구비 697 0 697 126 132 139 146 153 0
- 284 -
- 285 -
세세부부사사업업계계획획서서
회계연도 : 2026년
회계구분 : 일반 , 특별회계 , 기금
분    야 : 전체
부    문 : 전체 (단위 : 백만원)
분야ㆍ부문ㆍ정책ㆍ단위ㆍ세부사
업 사 업 개 요 국가계
획
투
자
심
사
지
방
채
BTL
의무지출
재원 총사업비 기투자
연     도     별     투     자     계     획
향  후
법
정
보
조
이
자 소  계 2026 2027 2028 2029 2030
N N N N Y N
시도비 760 0 760 152 152 152 152 152 0
시군구비 760 0 760 152 152 152 152 152 0
국가예방접종 실시
기간:2025.01~2029.12
만 13세 이하 어린이 및
만 65세 이상 성인
만13세 아동 73,317명,
65세 이상 어르신
24,897명
국가필수에방접종 및
고위험군 예방접종
Y 질
병관
리청
N N N N Y N
계 36,946 0 36,946 7,389 7,389 7,389 7,389 7,389 0
의무 36,946 0 36,946 7,389 7,389 7,389 7,389 7,389 0
국고보조금 18,473 0 18,473 3,695 3,695 3,695 3,695 3,695 0
시도비 5,542 0 5,542 1,108 1,108 1,108 1,108 1,108 0
시군구비 12,931 0 12,931 2,586 2,586 2,586 2,586 2,586 0
국가예방접종 실시(
코로나19 )
기간:2025.01~2029.12
대상:동탄 1~9동
규모:316,353명
내용:코로나19 백신 예
방접종 
Y 질
병관
리청
N N N N Y N
계 13,434 0 13,434 1,414 1,414 1,414 1,414 7,778 0
의무 13,434 0 13,434 1,414 1,414 1,414 1,414 7,778 0
국고보조금 9,899 0 9,899 707 707 707 707 7,071 0
시도비 1,061 0 1,061 212 212 212 212 212 0
시군구비 2,475 0 2,475 495 495 495 495 495 0
시민행복 건강도시 구현 31,191 0 31,191 6,066 6,146 6,232 6,324 6,424 0
건강 취약군 관리 31,191 0 31,191 6,066 6,146 6,232 6,324 6,424 0
난임부부 시술비 지
원(전환형)
기간:2026.01.~2030.12.
대상:난임부부(사실혼
포함)
규모: 약 1,070건
내용:난임부부 시술비
지원
Y 보
건복
지부
N N N N Y N
계 2,786 0 2,786 504 529 556 584 613 0
의무 2,786 0 2,786 504 529 556 584 613 0
시도비 2,090 0 2,090 378 397 417 438 460 0
시군구비 697 0 697 126 132 139 146 153 0
- 285 -
- 286 -
세세부부사사업업계계획획서서
회계연도 : 2026년
회계구분 : 일반 , 특별회계 , 기금
분    야 : 전체
부    문 : 전체 (단위 : 백만원)
분야ㆍ부문ㆍ정책ㆍ단위ㆍ세부사
업 사 업 개 요 국가계
획
투
자
심
사
지
방
채
BTL
의무지출
재원 총사업비 기투자
연     도     별     투     자     계     획
향  후
법
정
보
조
이
자 소  계 2026 2027 2028 2029 2030
산모신생아 건강관
리 지원(전환형)
기간:2026.01~2030.12
대상:기준중위 소득 150
%이하
규모:태아 유형, 출산
순위, 소득수준, 서비스
기간에 따라 지원금액
상이
내용:산모신생아 건강
관리사 지원
Y 보
건복
지부
N N N N Y N
계 3,634 0 3,634 607 662 721 786 857 0
의무 3,634 0 3,634 607 662 721 786 857 0
시도비 2,530 0 2,530 423 461 502 547 597 0
시군구비 1,104 0 1,104 184 201 219 239 260 0
산후조리비 지원
기간:2026~2030
대상:화성시동부권역
출산가정
규모:화성시동부권역
출산가정
내용:산후조리비(지역
화폐 50만원) 지급
N N N N Y N
계 3,430 0 3,430 686 686 686 686 686 0
의무 3,430 0 3,430 686 686 686 686 686 0
시도비 2,401 0 2,401 480 480 480 480 480 0
시군구비 1,029 0 1,029 206 206 206 206 206 0
국가예방접종 실시
기간:2026.01~2030.12
대상:만 13세 이하 아동
및 고위험군 성인
규모:화성시 동부권역
거주 아동 및 성인
내용:국가예방접종 백
신 및 시행 비용 지원
Y 질
병관
리청
N N N N Y N
계 16,831 0 16,831 3,366 3,366 3,366 3,366 3,366 0
의무 16,831 0 16,831 3,366 3,366 3,366 3,366 3,366 0
국고보조금 8,416 0 8,416 1,683 1,683 1,683 1,683 1,683 0
시도비 2,524 0 2,524 505 505 505 505 505 0
시군구비 5,891 0 5,891 1,178 1,178 1,178 1,178 1,178 0
국가예방접종 실시(
코로나19)
기간:2026.01~2030.12
대상:65세이상 어르신,
면역저하자, 감염취약
시설종사자
규모:동부권역 65세이상
어르신, 면역저하자, 감
염취약시설종사자
내용:코로나19예방접종
백신 및 시행비 지원
Y 질
병관
리청
N N N N Y N
계 4,511 0 4,511 902 902 902 902 902 0
의무 4,511 0 4,511 902 902 902 902 902 0
국고보조금 2,256 0 2,256 451 451 451 451 451 0
시도비 676 0 676 135 135 135 135 135 0
시군구비 1,578 0 1,578 316 316 316 316 316 0
- 287 -
세세부부사사업업계계획획서서
회계연도 : 2026년
회계구분 : 일반 , 특별회계 , 기금
분    야 : 전체
부    문 : 전체 (단위 : 백만원)
분야ㆍ부문ㆍ정책ㆍ단위ㆍ세부사
업 사 업 개 요 국가계
획
투
자
심
사
지
방
채
BTL
의무지출
재원 총사업비 기투자
연     도     별     투     자     계     획
향  후
법
정
보
조
이
자 소  계 2026 2027 2028 2029 2030
식품의약안전 11,700 0 11,700 2,340 2,340 2,340 2,340 2,340 0
선진 위생문화 정착 11,700 0 11,700 2,340 2,340 2,340 2,340 2,340 0
부정불량식품 근절 11,700 0 11,700 2,340 2,340 2,340 2,340 2,340 0
지역급식관리지원센
터 운영
기간:2026~2030
대상:사업대상 소규모
급식소
규모:860개소
내용:급식안전관리 지
원
Y 식
품의
약품
안전
처
Y N N N Y N
계 11,700 0 11,700 2,340 2,340 2,340 2,340 2,340 0
의무 11,700 0 11,700 2,340 2,340 2,340 2,340 2,340 0
국고보조금 5,850 0 5,850 1,170 1,170 1,170 1,170 1,170 0
시도비 878 0 878 176 176 176 176 176 0
시군구비 4,973 0 4,973 995 995 995 995 995 0
농림해양수산 1,320,322 43,630 1,276,692 250,231 248,968 246,039 261,647 269,807 0
농업ㆍ농촌 857,942 11,139 846,802 166,650 162,898 161,061 174,938 181,255 0
안정적인 농업환경 조성 46,692 0 46,692 9,074 9,394 9,394 9,404 9,427 0
농업기반 확충 46,692 0 46,692 9,074 9,394 9,394 9,404 9,427 0
농로포장 및 수리시
설 개ㆍ보수
기간:2025.01~2030.12
대상:관내 농어촌지역
규모:농로포장 2km, 용
배수로 6km 이상 정비
내용:콘크리트 포장, 흄
관, 환경수로관 설치 등
N N N N N N
계 15,043 0 15,043 3,000 3,000 3,000 3,010 3,033 0
재량 15,043 0 15,043 3,000 3,000 3,000 3,010 3,033 0
시군구비 15,043 0 15,043 3,000 3,000 3,000 3,010 3,033 0
수리시설 정비
기간:2025.01~2030.12
대상:관내 수리시설
내용:배수문 전동화 및 보수, 
권양기 및 문비교체, 양수장 
설치, 송수관로 정비, 
수초마름 제거, 안전휀스 
설치, 방조제 안전점검
N N N N N N
계 5,680 0 5,680 880 1,200 1,200 1,200 1,200 0
재량 5,680 0 5,680 880 1,200 1,200 1,200 1,200 0
시군구비 5,680 0 5,680 880 1,200 1,200 1,200 1,200 0
- 286 -
- 287 -
세세부부사사업업계계획획서서
회계연도 : 2026년
회계구분 : 일반 , 특별회계 , 기금
분    야 : 전체
부    문 : 전체 (단위 : 백만원)
분야ㆍ부문ㆍ정책ㆍ단위ㆍ세부사
업 사 업 개 요 국가계
획
투
자
심
사
지
방
채
BTL
의무지출
재원 총사업비 기투자
연     도     별     투     자     계     획
향  후
법
정
보
조
이
자 소  계 2026 2027 2028 2029 2030
식품의약안전 11,700 0 11,700 2,340 2,340 2,340 2,340 2,340 0
선진 위생문화 정착 11,700 0 11,700 2,340 2,340 2,340 2,340 2,340 0
부정불량식품 근절 11,700 0 11,700 2,340 2,340 2,340 2,340 2,340 0
지역급식관리지원센
터 운영
기간:2026~2030
대상:사업대상 소규모
급식소
규모:860개소
내용:급식안전관리 지
원
Y 식
품의
약품
안전
처
Y N N N Y N
계 11,700 0 11,700 2,340 2,340 2,340 2,340 2,340 0
의무 11,700 0 11,700 2,340 2,340 2,340 2,340 2,340 0
국고보조금 5,850 0 5,850 1,170 1,170 1,170 1,170 1,170 0
시도비 878 0 878 176 176 176 176 176 0
시군구비 4,973 0 4,973 995 995 995 995 995 0
농림해양수산 1,320,322 43,630 1,276,692 250,231 248,968 246,039 261,647 269,807 0
농업ㆍ농촌 857,942 11,139 846,802 166,650 162,898 161,061 174,938 181,255 0
안정적인 농업환경 조성 46,692 0 46,692 9,074 9,394 9,394 9,404 9,427 0
농업기반 확충 46,692 0 46,692 9,074 9,394 9,394 9,404 9,427 0
농로포장 및 수리시
설 개ㆍ보수
기간:2025.01~2030.12
대상:관내 농어촌지역
규모:농로포장 2km, 용
배수로 6km 이상 정비
내용:콘크리트 포장, 흄
관, 환경수로관 설치 등
N N N N N N
계 15,043 0 15,043 3,000 3,000 3,000 3,010 3,033 0
재량 15,043 0 15,043 3,000 3,000 3,000 3,010 3,033 0
시군구비 15,043 0 15,043 3,000 3,000 3,000 3,010 3,033 0
수리시설 정비
기간:2025.01~2030.12
대상:관내 수리시설
내용:배수문 전동화 및 보수, 
권양기 및 문비교체, 양수장 
설치, 송수관로 정비, 
수초마름 제거, 안전휀스 
설치, 방조제 안전점검
N N N N N N
계 5,680 0 5,680 880 1,200 1,200 1,200 1,200 0
재량 5,680 0 5,680 880 1,200 1,200 1,200 1,200 0
시군구비 5,680 0 5,680 880 1,200 1,200 1,200 1,200 0
- 287 -
- 288 -
세세부부사사업업계계획획서서
회계연도 : 2026년
회계구분 : 일반 , 특별회계 , 기금
분    야 : 전체
부    문 : 전체 (단위 : 백만원)
분야ㆍ부문ㆍ정책ㆍ단위ㆍ세부사
업 사 업 개 요 국가계
획
투
자
심
사
지
방
채
BTL
의무지출
재원 총사업비 기투자
연     도     별     투     자     계     획
향  후
법
정
보
조
이
자 소  계 2026 2027 2028 2029 2030
수리시설 정비(보조
)(전환사업)
기간:2025.01~2030.12
위치:용사지구 외 1개소
규모:식생옹벽블럭, 수
로관 정비 등
내용:수리시설 정비
N N N N Y N
계 5,000 0 5,000 1,000 1,000 1,000 1,000 1,000 0
의무 5,000 0 5,000 1,000 1,000 1,000 1,000 1,000 0
시도비 500 0 500 100 100 100 100 100 0
시군구비 4,500 0 4,500 900 900 900 900 900 0
영농 한해 특별대책
지원
기간:2025. 1. ~ 2030. 12.
대상:우정읍 운평리 일원
주민
규모:양수장 1개소 설치,
송수관로(D350) L=1,430.0m
내용:양수장 1개소 설치,
송수관로(D350) L=1,430.0m
N N N N Y N
계 5,789 0 5,789 1,158 1,158 1,158 1,158 1,158 0
의무 5,789 0 5,789 1,158 1,158 1,158 1,158 1,158 0
시도비 2,894 0 2,894 579 579 579 579 579 0
시군구비 2,894 0 2,894 579 579 579 579 579 0
농업기반시설 유지
관리
기간:2026. 1. ~ 2030.
12.
대상:화성시 주민
규모:화성시 관내 농업
기반시설 유지보수 1식
내용:화성시 관내 농업
기반시설 유지보수 1식
N N N N N N
계 15,180 0 15,180 3,036 3,036 3,036 3,036 3,036 0
재량 15,180 0 15,180 3,036 3,036 3,036 3,036 3,036 0
시군구비 15,180 0 15,180 3,036 3,036 3,036 3,036 3,036 0
지속가능한 축산 발전 23,671 0 23,671 4,734 4,734 4,734 4,734 4,734 0
가축분뇨 공공처리를 통한
건강한 수질환경 보전 23,671 0 23,671 4,734 4,734 4,734 4,734 4,734 0
화성시 가축분뇨 공
공처리시설 운영
기간:2026~2030년
위치:마도면 영종로
1131
규모: 190톤/일(정화처
리 150, 액비화 40)
내용:가축분뇨공공처리
시설 운영
N N N N N N
계 23,671 0 23,671 4,734 4,734 4,734 4,734 4,734 0
재량 23,671 0 23,671 4,734 4,734 4,734 4,734 4,734 0
시군구비 23,671 0 23,671 4,734 4,734 4,734 4,734 4,734 0
경쟁력있는 농촌농업인 육
성 323,097 0 323,097 64,268 64,362 64,458 64,955 65,054 0
농업인 삶의 질 향상 및
복지증진 199,580 0 199,580 39,916 39,916 39,916 39,916 39,916 0
- 289 -
세세부부사사업업계계획획서서
회계연도 : 2026년
회계구분 : 일반 , 특별회계 , 기금
분    야 : 전체
부    문 : 전체 (단위 : 백만원)
분야ㆍ부문ㆍ정책ㆍ단위ㆍ세부사
업 사 업 개 요 국가계
획
투
자
심
사
지
방
채
BTL
의무지출
재원 총사업비 기투자
연     도     별     투     자     계     획
향  후
법
정
보
조
이
자 소  계 2026 2027 2028 2029 2030
기본형 공익직불제
기간:2025~2029
대상:1천m²이상 경작
농업인
규모:72,900명
내용:기본형 공익직불
금 지원
Y 농
림축
산식
품부
N N N Y N N
계 116,135 0 116,135 23,227 23,227 23,227 23,227 23,227 0
의무 116,135 0 116,135 23,227 23,227 23,227 23,227 23,227 0
국고보조금 116,135 0 116,135 23,227 23,227 23,227 23,227 23,227 0
전략작물직불금
기간:연례반복
대상:농업인
규모:관내 농지 中 약
138ha
내용:농업인 직불급 지
원
Y 농
림축
산식
품부
N N N Y N N
계 3,970 0 3,970 794 794 794 794 794 0
의무 3,970 0 3,970 794 794 794 794 794 0
국고보조금 3,970 0 3,970 794 794 794 794 794 0
경기도 농어민 기회
소득 지원
기간:연례반복
대상:지원조건 대상 농
어민
규모:22,970명
내용:대상 농어민이게
월 5만원 지역화폐 지급
(특정농어민 월 15만원)
N N N N Y N
계 73,475 0 73,475 14,695 14,695 14,695 14,695 14,695 0
의무 73,475 0 73,475 14,695 14,695 14,695 14,695 14,695 0
시도비 36,738 0 36,738 7,348 7,348 7,348 7,348 7,348 0
시군구비 36,738 0 36,738 7,348 7,348 7,348 7,348 7,348 0
기초생활거점 조성
사업
기간:2026~2030년
대상:양감면행정복지센
터 구청사 부지 (양감면
신왕리 676-4 일원)
규모:1개소
내용:문화복지 서비스
공간 조성 및 주민 맞춤
형 복지서비스 운영
Y 농
림축
산식
품부
N N N N Y N
계 6,000 0 6,000 1,200 1,200 1,200 1,200 1,200 0
의무 6,000 0 6,000 1,200 1,200 1,200 1,200 1,200 0
균특보조금 4,200 0 4,200 840 840 840 840 840 0
시군구비 1,800 0 1,800 360 360 360 360 360 0
안전한 농산물 생산 기
반 구축 지원 12,553 0 12,553 2,511 2,511 2,511 2,511 2,511 0
친환경 생산단지 육
성 지원
기간:2026.1.1.~
2030.12.31
대상:친환경인증농가
규모:친환경 인증 :
500ha
내용:생산 시설 장비 지
원
N N N N N N
계 2,175 0 2,175 435 435 435 435 435 0
재량 2,175 0 2,175 435 435 435 435 435 0
시군구비 2,175 0 2,175 435 435 435 435 435 0
- 288 -
- 289 -
세세부부사사업업계계획획서서
회계연도 : 2026년
회계구분 : 일반 , 특별회계 , 기금
분    야 : 전체
부    문 : 전체 (단위 : 백만원)
분야ㆍ부문ㆍ정책ㆍ단위ㆍ세부사
업 사 업 개 요 국가계
획
투
자
심
사
지
방
채
BTL
의무지출
재원 총사업비 기투자
연     도     별     투     자     계     획
향  후
법
정
보
조
이
자 소  계 2026 2027 2028 2029 2030
기본형 공익직불제
기간:2025~2029
대상:1천m²이상 경작
농업인
규모:72,900명
내용:기본형 공익직불
금 지원
Y 농
림축
산식
품부
N N N Y N N
계 116,135 0 116,135 23,227 23,227 23,227 23,227 23,227 0
의무 116,135 0 116,135 23,227 23,227 23,227 23,227 23,227 0
국고보조금 116,135 0 116,135 23,227 23,227 23,227 23,227 23,227 0
전략작물직불금
기간:연례반복
대상:농업인
규모:관내 농지 中 약
138ha
내용:농업인 직불급 지
원
Y 농
림축
산식
품부
N N N Y N N
계 3,970 0 3,970 794 794 794 794 794 0
의무 3,970 0 3,970 794 794 794 794 794 0
국고보조금 3,970 0 3,970 794 794 794 794 794 0
경기도 농어민 기회
소득 지원
기간:연례반복
대상:지원조건 대상 농
어민
규모:22,970명
내용:대상 농어민이게
월 5만원 지역화폐 지급
(특정농어민 월 15만원)
N N N N Y N
계 73,475 0 73,475 14,695 14,695 14,695 14,695 14,695 0
의무 73,475 0 73,475 14,695 14,695 14,695 14,695 14,695 0
시도비 36,738 0 36,738 7,348 7,348 7,348 7,348 7,348 0
시군구비 36,738 0 36,738 7,348 7,348 7,348 7,348 7,348 0
기초생활거점 조성
사업
기간:2026~2030년
대상:양감면행정복지센
터 구청사 부지 (양감면
신왕리 676-4 일원)
규모:1개소
내용:문화복지 서비스
공간 조성 및 주민 맞춤
형 복지서비스 운영
Y 농
림축
산식
품부
N N N N Y N
계 6,000 0 6,000 1,200 1,200 1,200 1,200 1,200 0
의무 6,000 0 6,000 1,200 1,200 1,200 1,200 1,200 0
균특보조금 4,200 0 4,200 840 840 840 840 840 0
시군구비 1,800 0 1,800 360 360 360 360 360 0
안전한 농산물 생산 기
반 구축 지원 12,553 0 12,553 2,511 2,511 2,511 2,511 2,511 0
친환경 생산단지 육
성 지원
기간:2026.1.1.~
2030.12.31
대상:친환경인증농가
규모:친환경 인증 :
500ha
내용:생산 시설 장비 지
원
N N N N N N
계 2,175 0 2,175 435 435 435 435 435 0
재량 2,175 0 2,175 435 435 435 435 435 0
시군구비 2,175 0 2,175 435 435 435 435 435 0
- 289 -
- 290 -
세세부부사사업업계계획획서서
회계연도 : 2026년
회계구분 : 일반 , 특별회계 , 기금
분    야 : 전체
부    문 : 전체 (단위 : 백만원)
분야ㆍ부문ㆍ정책ㆍ단위ㆍ세부사
업 사 업 개 요 국가계
획
투
자
심
사
지
방
채
BTL
의무지출
재원 총사업비 기투자
연     도     별     투     자     계     획
향  후
법
정
보
조
이
자 소  계 2026 2027 2028 2029 2030
유기농업자재 및 농
법 지원
기간:2026년~2030년
대상:친환경 인증 농업인
및 농업법인
규모:444농가(1년기준)
내용:친환경농업단지 조성
및 육성에 필요한 자재 및
농법(우렁이종패, 요리사료
구입비) 지원
N N N N N N
계 3,850 0 3,850 770 770 770 770 770 0
재량 3,850 0 3,850 770 770 770 770 770 0
시군구비 3,850 0 3,850 770 770 770 770 770 0
경기 임산부 친환경
농산물 지원
기간:2026.1.1.~
2030.12.31
대상:관내 임산부
규모:3,800명(1년기준)
내용:친환경농산물지원
N N N N Y N
계 6,528 0 6,528 1,306 1,306 1,306 1,306 1,306 0
의무 6,528 0 6,528 1,306 1,306 1,306 1,306 1,306 0
시도비 1,958 0 1,958 392 392 392 392 392 0
시군구비 4,570 0 4,570 914 914 914 914 914 0
활력있고 경쟁력있는 미
래농업 육성 17,816 0 17,816 3,451 3,506 3,562 3,619 3,678 0
청년후계농 영농정
착 지원
기간: 2026.01~2030.12
대상: 화성시에 주소를 둔
만18세~40세 미만인 독립영
농 3년 이하 청년농업인
규모: 청년농업인 사업대상
자 210명
내용: 청년농업인 영농정착
을 위한 정착지원금 지급
Y 농
림축
산식
품부
N N N N Y N
계 8,222 0 8,222 1,644 1,644 1,644 1,644 1,644 0
의무 8,222 0 8,222 1,644 1,644 1,644 1,644 1,644 0
균특보조금 5,744 0 5,744 1,149 1,149 1,149 1,149 1,149 0
시군구비 2,479 0 2,479 496 496 496 496 496 0
화성에코팜테마파크
운영
기간:2026. 1. 1. ~ 2030.
12. 31.
대상:화성푸드통합지원센터
위탁
규모:14.6ha, 건축연면적
4,568.22㎡(4개동)
내용:화성에코팜테마파크
운영
N N N N N N
계 9,594 0 9,594 1,807 1,861 1,917 1,975 2,034 0
재량 9,594 0 9,594 1,807 1,861 1,917 1,975 2,034 0
시군구비 9,594 0 9,594 1,807 1,861 1,917 1,975 2,034 0
고품질 농산물 생산 및
육성 74,047 0 74,047 14,649 14,649 14,649 15,049 15,049 0
1차 벼 병해충 방제
농약 지원
기간:2026.01~2030.12
대상:관내 수도작 농가
규모:6,200원*10봉*14,903
㏊
내용:초기 벼 병해충 방제
육묘상처리제 지원
N N N N N N
계 4,620 0 4,620 924 924 924 924 924 0
재량 4,620 0 4,620 924 924 924 924 924 0
- 291 -
세세부부사사업업계계획획서서
회계연도 : 2026년
회계구분 : 일반 , 특별회계 , 기금
분    야 : 전체
부    문 : 전체 (단위 : 백만원)
분야ㆍ부문ㆍ정책ㆍ단위ㆍ세부사
업 사 업 개 요 국가계
획
투
자
심
사
지
방
채
BTL
의무지출
재원 총사업비 기투자
연     도     별     투     자     계     획
향  후
법
정
보
조
이
자 소  계 2026 2027 2028 2029 2030
N N N N N N 시군구비 4,620 0 4,620 924 924 924 924 924 0
2·3차 벼 병해충
공동방제 지원
기간:2026.01~2030.12
대상:관내 벼 재배지(동부,
동탄출장소, 13개 읍면)
규모:14,766㏊(가경작지 포
함)
내용:중기~후기 벼 병해충
방제지원
N N N N N N
계 23,237 0 23,237 4,647 4,647 4,647 4,647 4,647 0
재량 23,237 0 23,237 4,647 4,647 4,647 4,647 4,647 0
시군구비 23,237 0 23,237 4,647 4,647 4,647 4,647 4,647 0
지역특화품종(골든
퀸3호) 품종 구입
지원
기간:2026~ 2030년 
대상:수향미 재배 농업
인 
규모:재배면적 약
5,000ha 
내용:수향미 종자구입
비 지원 
N N N N N N
계 2,000 0 2,000 400 400 400 400 400 0
재량 2,000 0 2,000 400 400 400 400 400 0
시군구비 2,000 0 2,000 400 400 400 400 400 0
농작물 재해보험 가
입 지원
기간:2026.01~2030.12
대상:관내 농가(농림업에
종사하는 개인 또는 법인)
규모:관내 신청 농가(농림
업에 종사하는 개인 또는
법인)
내용:농작물 재해 시 재해
보상을 통한 경영 안정화
N N N N Y N
계 6,735 0 6,735 1,347 1,347 1,347 1,347 1,347 0
의무 6,735 0 6,735 1,347 1,347 1,347 1,347 1,347 0
시도비 2,021 0 2,021 404 404 404 404 404 0
시군구비 4,715 0 4,715 943 943 943 943 943 0
농업용관리기 등 소
형농기계 지원
기간:연례반복
대상:관내농가
규모:270대(예정)
내용:소형농기계 구입
비용 지원
N N N N Y N
계 2,000 0 2,000 400 400 400 400 400 0
의무 2,000 0 2,000 400 400 400 400 400 0
시도비 500 0 500 100 100 100 100 100 0
시군구비 1,500 0 1,500 300 300 300 300 300 0
선택형 맞춤농정사
업(전환사업)
기간:연례반복
대상:관내수요단체
규모:1~2개소
내용:농산물 생산 등 시
설 및 장비지원
N N N N Y N
계 2,385 0 2,385 477 477 477 477 477 0
의무 2,385 0 2,385 477 477 477 477 477 0
시도비 480 0 480 96 96 96 96 96 0
- 290 -
- 291 -
세세부부사사업업계계획획서서
회계연도 : 2026년
회계구분 : 일반 , 특별회계 , 기금
분    야 : 전체
부    문 : 전체 (단위 : 백만원)
분야ㆍ부문ㆍ정책ㆍ단위ㆍ세부사
업 사 업 개 요 국가계
획
투
자
심
사
지
방
채
BTL
의무지출
재원 총사업비 기투자
연     도     별     투     자     계     획
향  후
법
정
보
조
이
자 소  계 2026 2027 2028 2029 2030
N N N N N N 시군구비 4,620 0 4,620 924 924 924 924 924 0
2·3차 벼 병해충
공동방제 지원
기간:2026.01~2030.12
대상:관내 벼 재배지(동부,
동탄출장소, 13개 읍면)
규모:14,766㏊(가경작지 포
함)
내용:중기~후기 벼 병해충
방제지원
N N N N N N
계 23,237 0 23,237 4,647 4,647 4,647 4,647 4,647 0
재량 23,237 0 23,237 4,647 4,647 4,647 4,647 4,647 0
시군구비 23,237 0 23,237 4,647 4,647 4,647 4,647 4,647 0
지역특화품종(골든
퀸3호) 품종 구입
지원
기간:2026~ 2030년 
대상:수향미 재배 농업
인 
규모:재배면적 약
5,000ha 
내용:수향미 종자구입
비 지원 
N N N N N N
계 2,000 0 2,000 400 400 400 400 400 0
재량 2,000 0 2,000 400 400 400 400 400 0
시군구비 2,000 0 2,000 400 400 400 400 400 0
농작물 재해보험 가
입 지원
기간:2026.01~2030.12
대상:관내 농가(농림업에
종사하는 개인 또는 법인)
규모:관내 신청 농가(농림
업에 종사하는 개인 또는
법인)
내용:농작물 재해 시 재해
보상을 통한 경영 안정화
N N N N Y N
계 6,735 0 6,735 1,347 1,347 1,347 1,347 1,347 0
의무 6,735 0 6,735 1,347 1,347 1,347 1,347 1,347 0
시도비 2,021 0 2,021 404 404 404 404 404 0
시군구비 4,715 0 4,715 943 943 943 943 943 0
농업용관리기 등 소
형농기계 지원
기간:연례반복
대상:관내농가
규모:270대(예정)
내용:소형농기계 구입
비용 지원
N N N N Y N
계 2,000 0 2,000 400 400 400 400 400 0
의무 2,000 0 2,000 400 400 400 400 400 0
시도비 500 0 500 100 100 100 100 100 0
시군구비 1,500 0 1,500 300 300 300 300 300 0
선택형 맞춤농정사
업(전환사업)
기간:연례반복
대상:관내수요단체
규모:1~2개소
내용:농산물 생산 등 시
설 및 장비지원
N N N N Y N
계 2,385 0 2,385 477 477 477 477 477 0
의무 2,385 0 2,385 477 477 477 477 477 0
시도비 480 0 480 96 96 96 96 96 0
- 291 -
- 292 -
세세부부사사업업계계획획서서
회계연도 : 2026년
회계구분 : 일반 , 특별회계 , 기금
분    야 : 전체
부    문 : 전체 (단위 : 백만원)
분야ㆍ부문ㆍ정책ㆍ단위ㆍ세부사
업 사 업 개 요 국가계
획
투
자
심
사
지
방
채
BTL
의무지출
재원 총사업비 기투자
연     도     별     투     자     계     획
향  후
법
정
보
조
이
자 소  계 2026 2027 2028 2029 2030
N N N N Y N 시군구비 1,905 0 1,905 381 381 381 381 381 0
못자리 상토 지원
기간:2025~2029
대상:벼재배 농업인
규모:31,500명
내용:못자리용 상토 지
원
N N N N N N
계 8,800 0 8,800 1,760 1,760 1,760 1,760 1,760 0
재량 8,800 0 8,800 1,760 1,760 1,760 1,760 1,760 0
시군구비 8,800 0 8,800 1,760 1,760 1,760 1,760 1,760 0
원예용 상토 지원
기간:2026~2030
대상:원예 농업인
규모:18,000명
내용:원예용 상토 지원
N N N N N N
계 4,700 0 4,700 900 900 900 1,000 1,000 0
재량 4,700 0 4,700 900 900 900 1,000 1,000 0
시군구비 4,700 0 4,700 900 900 900 1,000 1,000 0
웰빙 원예용 하우스
지원사업
기간:연례반복
대상:관내 원예 재배농
가
규모:10개소
내용:농업용 시설지원
N N N N N N
계 3,100 0 3,100 500 500 500 800 800 0
재량 3,100 0 3,100 500 500 500 800 800 0
시군구비 3,100 0 3,100 500 500 500 800 800 0
유기질비료 지원(전
환사업)
기간:2026.1.1.~
2030.12.31
대상:관내 농지
규모:22,000톤(1년기준)
내용:유기질비료 지원
N N N N N N
계 8,505 0 8,505 1,701 1,701 1,701 1,701 1,701 0
재량 8,505 0 8,505 1,701 1,701 1,701 1,701 1,701 0
시군구비 8,505 0 8,505 1,701 1,701 1,701 1,701 1,701 0
토양개량제 지원
기간:2026.1.1.~
2030.12.31
대상:농업경영체등록농
가
규모:약 2,000농가
내용:토양개량제 공급
Y 농
림축
산식
품부
N N N N Y N
계 4,320 0 4,320 864 864 864 864 864 0
의무 4,320 0 4,320 864 864 864 864 864 0
균특보조금 2,688 0 2,688 538 538 538 538 538 0
시도비 816 0 816 163 163 163 163 163 0
시군구비 816 0 816 163 163 163 163 163 0
- 293 -
세세부부사사업업계계획획서서
회계연도 : 2026년
회계구분 : 일반 , 특별회계 , 기금
분    야 : 전체
부    문 : 전체 (단위 : 백만원)
분야ㆍ부문ㆍ정책ㆍ단위ㆍ세부사
업 사 업 개 요 국가계
획
투
자
심
사
지
방
채
BTL
의무지출
재원 총사업비 기투자
연     도     별     투     자     계     획
향  후
법
정
보
조
이
자 소  계 2026 2027 2028 2029 2030
경기미 우수단지 농
기계 공급
기간: 2026.01.~2030.12.
대상: 경기미 품질향상 기
여도가 높은 우수단지
규모: 1개소
내용:  농기계 공급 지원
N N N N Y N
계 375 0 375 75 75 75 75 75 0
의무 375 0 375 75 75 75 75 75 0
시도비 375 0 375 75 75 75 75 75 0
경기미 가공저장시
설 스마트화 지원(
전환사업)
기간:연례반복
대상:관내 영농조합법
인 등
규모:예산규모내 지원
내용:고품질 경기미 건
조, 가공(도정), 저장
시설 또는 장비 지원
N N N N Y N
계 3,271 0 3,271 654 654 654 654 654 0
의무 3,271 0 3,271 654 654 654 654 654 0
시도비 981 0 981 196 196 196 196 196 0
시군구비 2,290 0 2,290 458 458 458 458 458 0
주민소득지원사업 19,100 0 19,100 3,740 3,780 3,820 3,860 3,900 0
주민소득지원 융자
금 지원
기간:2026~2030
대상:관내 농업인(약정
계약 체결한 자 중 연간
4,000천원 이상 납품)
규모:약 170농가
내용:무이자융자 지원
N N N N N N
계 19,100 0 19,100 3,740 3,780 3,820 3,860 3,900 0
재량 19,100 0 19,100 3,740 3,780 3,820 3,860 3,900 0
시군구비 19,100 0 19,100 3,740 3,780 3,820 3,860 3,900 0
고품질 농산물 유통 활성
화 331,097 11,139 319,958 60,923 58,326 56,379 69,162 75,169 0
활력있고 경쟁력 강한
농촌경제 육성 20,655 8,400 12,255 2,191 2,711 2,171 2,811 2,371 0
농촌신활력플러스
기간:2020.01~2026.12
대상:서부지역(송산,서
신,마도) 일원
규모:1개소
내용:민간자생조직 활
용 농산업고도화, 일자
리창출 등 운영 지원
Y 농
림축
산식
품부
N N N N Y N
계 8,420 8,400 20 20 0 0 0 0 0
의무 8,420 8,400 20 20 0 0 0 0 0
국고보조금 4,900 4,900 0 0 0 0 0 0 0
시군구비 3,520 3,500 20 20 0 0 0 0 0
농특산물 통합상표
홍보
기간: 2026. 01. ~ 2030.12
대상: 서울, 수도권, 전국 및 행사장 N N N N N N 계 1,755 0 1,755 351 351 351 351 351 0
- 292 -
- 293 -
세세부부사사업업계계획획서서
회계연도 : 2026년
회계구분 : 일반 , 특별회계 , 기금
분    야 : 전체
부    문 : 전체 (단위 : 백만원)
분야ㆍ부문ㆍ정책ㆍ단위ㆍ세부사
업 사 업 개 요 국가계
획
투
자
심
사
지
방
채
BTL
의무지출
재원 총사업비 기투자
연     도     별     투     자     계     획
향  후
법
정
보
조
이
자 소  계 2026 2027 2028 2029 2030
경기미 우수단지 농
기계 공급
기간: 2026.01.~2030.12.
대상: 경기미 품질향상 기
여도가 높은 우수단지
규모: 1개소
내용:  농기계 공급 지원
N N N N Y N
계 375 0 375 75 75 75 75 75 0
의무 375 0 375 75 75 75 75 75 0
시도비 375 0 375 75 75 75 75 75 0
경기미 가공저장시
설 스마트화 지원(
전환사업)
기간:연례반복
대상:관내 영농조합법
인 등
규모:예산규모내 지원
내용:고품질 경기미 건
조, 가공(도정), 저장
시설 또는 장비 지원
N N N N Y N
계 3,271 0 3,271 654 654 654 654 654 0
의무 3,271 0 3,271 654 654 654 654 654 0
시도비 981 0 981 196 196 196 196 196 0
시군구비 2,290 0 2,290 458 458 458 458 458 0
주민소득지원사업 19,100 0 19,100 3,740 3,780 3,820 3,860 3,900 0
주민소득지원 융자
금 지원
기간:2026~2030
대상:관내 농업인(약정
계약 체결한 자 중 연간
4,000천원 이상 납품)
규모:약 170농가
내용:무이자융자 지원
N N N N N N
계 19,100 0 19,100 3,740 3,780 3,820 3,860 3,900 0
재량 19,100 0 19,100 3,740 3,780 3,820 3,860 3,900 0
시군구비 19,100 0 19,100 3,740 3,780 3,820 3,860 3,900 0
고품질 농산물 유통 활성
화 331,097 11,139 319,958 60,923 58,326 56,379 69,162 75,169 0
활력있고 경쟁력 강한
농촌경제 육성 20,655 8,400 12,255 2,191 2,711 2,171 2,811 2,371 0
농촌신활력플러스
기간:2020.01~2026.12
대상:서부지역(송산,서
신,마도) 일원
규모:1개소
내용:민간자생조직 활
용 농산업고도화, 일자
리창출 등 운영 지원
Y 농
림축
산식
품부
N N N N Y N
계 8,420 8,400 20 20 0 0 0 0 0
의무 8,420 8,400 20 20 0 0 0 0 0
국고보조금 4,900 4,900 0 0 0 0 0 0 0
시군구비 3,520 3,500 20 20 0 0 0 0 0
농특산물 통합상표
홍보
기간: 2026. 01. ~ 2030.12
대상: 서울, 수도권, 전국 및 행사장 N N N N N N 계 1,755 0 1,755 351 351 351 351 351 0
- 293 -
- 294 -
세세부부사사업업계계획획서서
회계연도 : 2026년
회계구분 : 일반 , 특별회계 , 기금
분    야 : 전체
부    문 : 전체 (단위 : 백만원)
분야ㆍ부문ㆍ정책ㆍ단위ㆍ세부사
업 사 업 개 요 국가계
획
투
자
심
사
지
방
채
BTL
의무지출
재원 총사업비 기투자
연     도     별     투     자     계     획
향  후
법
정
보
조
이
자 소  계 2026 2027 2028 2029 2030
규모: 언론매체 및 홍보시설 이용 등
내용: 각종 미디어 등을 통한 
화성시 백만특례시와 
농특산물 통합상표 영상 
(음성) 및 이미지 송출
N N N N N N
재량 1,755 0 1,755 351 351 351 351 351 0
시군구비 1,755 0 1,755 351 351 351 351 351 0
햇살드리 포장재 지
원
기간:26~30년
대상:햇살드리 인증 경
영체
규모:103개 경영체
내용:포장재 제작비용
지원
N N N N Y N
계 4,500 0 4,500 840 840 840 940 1,040 0
의무 4,500 0 4,500 840 840 840 940 1,040 0
시군구비 4,500 0 4,500 840 840 840 940 1,040 0
화성송산포도 축제
기간:2026.01~2030.12
대상:화성시민 및 전국
민
규모:전국단위
내용:화성송산포도 축
제 개최
Y N N N N N
계 1,430 0 1,430 286 286 286 286 286 0
재량 1,430 0 1,430 286 286 286 286 286 0
시군구비 1,430 0 1,430 286 286 286 286 286 0
식품소재 및 반가공
산업육성
기간:2026.01.01.~
2030.12.31.
대상:농림축산식품부
재정사업관리 기본규정
에 따른 생산자단체, 식
품기업
규모:2개소
내용:식품소재 및 반가
공 산업 관련 시설, 장
비 구축지원
Y 농
림축
산식
품부
N N N N Y N
계 1,980 0 1,980 180 720 180 720 180 0
의무 1,980 0 1,980 180 720 180 720 180 0
국고보조금 990 0 990 90 360 90 360 90 0
시도비 495 0 495 45 180 45 180 45 0
시군구비 495 0 495 45 180 45 180 45 0
농식품 바우처 사업
기간:2026. 1. ~ 2030.
12.
대상:생계급여 수급가
구 중 임산부·영유아
·아동(초·중·고등학
생) 포함 가구
규모:약 700가구
내용:농식품바우처 지
원
Y 농
림축
산식
품부
N N N N Y N
계 2,570 0 2,570 514 514 514 514 514 0
의무 2,570 0 2,570 514 514 514 514 514 0
국고보조금 1,285 0 1,285 257 257 257 257 257 0
시도비 386 0 386 77 77 77 77 77 0
시군구비 900 0 900 180 180 180 180 180 0
- 295 -
세세부부사사업업계계획획서서
회계연도 : 2026년
회계구분 : 일반 , 특별회계 , 기금
분    야 : 전체
부    문 : 전체 (단위 : 백만원)
분야ㆍ부문ㆍ정책ㆍ단위ㆍ세부사
업 사 업 개 요 국가계
획
투
자
심
사
지
방
채
BTL
의무지출
재원 총사업비 기투자
연     도     별     투     자     계     획
향  후
법
정
보
조
이
자 소  계 2026 2027 2028 2029 2030
공공급식농산물 이용확
대 258,444 0 258,444 47,029 47,029 47,029 56,029 61,329 0
무상급식 지원
기간: 2026. 01 ~ 2030.
12
대상: 관내 학교 및 사
립유치원
규모: 198개교
내용: 급식비 지원
N N N N N N
계 208,944 0 208,944 37,729 37,729 37,729 45,729 50,029 0
재량 208,944 0 208,944 37,729 37,729 37,729 45,729 50,029 0
시군구비 208,944 0 208,944 37,729 37,729 37,729 45,729 50,029 0
경기도 어린이 건강
과일 공급 지원
기간:2026.01~2030.12
대상:관내 어린이집 등
시설 이용 아동, 가정보
육 어린이
규모:39,130명, 연간 58
회 내외
내용:도내산(국내산) 제
철과일 공급지원
N N N N Y N
계 12,500 0 12,500 2,500 2,500 2,500 2,500 2,500 0
의무 12,500 0 12,500 2,500 2,500 2,500 2,500 2,500 0
시도비 6,250 0 6,250 1,250 1,250 1,250 1,250 1,250 0
시군구비 6,250 0 6,250 1,250 1,250 1,250 1,250 1,250 0
친환경 등 우수농산
물 학교급식 지원
기간:2025.01~2030.12
대상:관내 초·중·고
·특수학교
규모:농산물(25개교),
쌀(179개교)
내용:도내 친환경농산
물 차액 지원
N N N N Y N
계 16,500 0 16,500 3,300 3,300 3,300 3,300 3,300 0
의무 16,500 0 16,500 3,300 3,300 3,300 3,300 3,300 0
시도비 8,250 0 8,250 1,650 1,650 1,650 1,650 1,650 0
시군구비 8,250 0 8,250 1,650 1,650 1,650 1,650 1,650 0
화성시 친환경 등
우수농산물 학교급
식 지원
기간:2025.01~2030.12
대상:관내 유치원 및 초
·중·고·특수학교
규모:농산물(154개교)
쌀(218개교)
내용:관내 농산물 및 햇
살드리 쌀 차액지원
N N N N N N
계 20,500 0 20,500 3,500 3,500 3,500 4,500 5,500 0
재량 20,500 0 20,500 3,500 3,500 3,500 4,500 5,500 0
시군구비 20,500 0 20,500 3,500 3,500 3,500 4,500 5,500 0
로컬푸드 생산 및 유통
확대 51,999 2,739 49,259 11,704 8,586 7,179 10,322 11,469 0
재단법인 화성푸드
통합지원센터 지원
기간:2026.01~2030.12
대상:(재)화성푸드통합
지원센터
규모:1개소
내용:재단운영 지원
Y N N Y N N
계 42,908 0 42,908 6,900 7,038 7,179 10,322 11,469 0
의무 42,908 0 42,908 6,900 7,038 7,179 10,322 11,469 0
- 294 -
- 295 -
세세부부사사업업계계획획서서
회계연도 : 2026년
회계구분 : 일반 , 특별회계 , 기금
분    야 : 전체
부    문 : 전체 (단위 : 백만원)
분야ㆍ부문ㆍ정책ㆍ단위ㆍ세부사
업 사 업 개 요 국가계
획
투
자
심
사
지
방
채
BTL
의무지출
재원 총사업비 기투자
연     도     별     투     자     계     획
향  후
법
정
보
조
이
자 소  계 2026 2027 2028 2029 2030
공공급식농산물 이용확
대 258,444 0 258,444 47,029 47,029 47,029 56,029 61,329 0
무상급식 지원
기간: 2026. 01 ~ 2030.
12
대상: 관내 학교 및 사
립유치원
규모: 198개교
내용: 급식비 지원
N N N N N N
계 208,944 0 208,944 37,729 37,729 37,729 45,729 50,029 0
재량 208,944 0 208,944 37,729 37,729 37,729 45,729 50,029 0
시군구비 208,944 0 208,944 37,729 37,729 37,729 45,729 50,029 0
경기도 어린이 건강
과일 공급 지원
기간:2026.01~2030.12
대상:관내 어린이집 등
시설 이용 아동, 가정보
육 어린이
규모:39,130명, 연간 58
회 내외
내용:도내산(국내산) 제
철과일 공급지원
N N N N Y N
계 12,500 0 12,500 2,500 2,500 2,500 2,500 2,500 0
의무 12,500 0 12,500 2,500 2,500 2,500 2,500 2,500 0
시도비 6,250 0 6,250 1,250 1,250 1,250 1,250 1,250 0
시군구비 6,250 0 6,250 1,250 1,250 1,250 1,250 1,250 0
친환경 등 우수농산
물 학교급식 지원
기간:2025.01~2030.12
대상:관내 초·중·고
·특수학교
규모:농산물(25개교),
쌀(179개교)
내용:도내 친환경농산
물 차액 지원
N N N N Y N
계 16,500 0 16,500 3,300 3,300 3,300 3,300 3,300 0
의무 16,500 0 16,500 3,300 3,300 3,300 3,300 3,300 0
시도비 8,250 0 8,250 1,650 1,650 1,650 1,650 1,650 0
시군구비 8,250 0 8,250 1,650 1,650 1,650 1,650 1,650 0
화성시 친환경 등
우수농산물 학교급
식 지원
기간:2025.01~2030.12
대상:관내 유치원 및 초
·중·고·특수학교
규모:농산물(154개교)
쌀(218개교)
내용:관내 농산물 및 햇
살드리 쌀 차액지원
N N N N N N
계 20,500 0 20,500 3,500 3,500 3,500 4,500 5,500 0
재량 20,500 0 20,500 3,500 3,500 3,500 4,500 5,500 0
시군구비 20,500 0 20,500 3,500 3,500 3,500 4,500 5,500 0
로컬푸드 생산 및 유통
확대 51,999 2,739 49,259 11,704 8,586 7,179 10,322 11,469 0
재단법인 화성푸드
통합지원센터 지원
기간:2026.01~2030.12
대상:(재)화성푸드통합
지원센터
규모:1개소
내용:재단운영 지원
Y N N Y N N
계 42,908 0 42,908 6,900 7,038 7,179 10,322 11,469 0
의무 42,908 0 42,908 6,900 7,038 7,179 10,322 11,469 0
- 295 -
- 296 -
세세부부사사업업계계획획서서
회계연도 : 2026년
회계구분 : 일반 , 특별회계 , 기금
분    야 : 전체
부    문 : 전체 (단위 : 백만원)
분야ㆍ부문ㆍ정책ㆍ단위ㆍ세부사
업 사 업 개 요 국가계
획
투
자
심
사
지
방
채
BTL
의무지출
재원 총사업비 기투자
연     도     별     투     자     계     획
향  후
법
정
보
조
이
자 소  계 2026 2027 2028 2029 2030
Y N N Y N N 시군구비 42,908 0 42,908 6,900 7,038 7,179 10,322 11,469 0
재단법인 화성푸드
통합지원센터 청사
건립
기간:2022.1. ~ 2026.12.
대상: 경기도 화성시 봉
담읍 서봉산길 10
규모:1,700㎡(515평)
내용:화성푸드통합지원
센터 청사 건립
Y Y N N N N
계 9,091 2,739 6,352 4,804 1,548 0 0 0 0
재량 9,091 2,739 6,352 4,804 1,548 0 0 0 0
시군구비 9,091 2,739 6,352 4,804 1,548 0 0 0 0
지속가능한 축산 발전 73,480 0 73,480 14,305 14,510 14,510 15,077 15,077 0
축산업 경쟁력 강화 25,068 0 25,068 5,014 5,014 5,014 5,014 5,014 0
조사료생산용 사일
리지제조 지원
기간: 2025.01.01 ~ 2029.12.31.
대상: 관내농가
규모: 사일리지 제조 23,720톤
내용: 비닐 또는 장비 등을 이용
사일리지 등을 제조하여 축산농
가까지 단거리 운송하는데 소요
되는 비용(비닐, 망사, 발효제,
연료 및 감가상각비, 인건비 등)
을 지원
Y 농
림축
산식
품부
N N N N Y N
계 9,000 0 9,000 1,800 1,800 1,800 1,800 1,800 0
의무 9,000 0 9,000 1,800 1,800 1,800 1,800 1,800 0
국고보조금 3,000 0 3,000 600 600 600 600 600 0
시군구비 6,000 0 6,000 1,200 1,200 1,200 1,200 1,200 0
축산 ICT 융복합 확
산
기간:2025.01.01 ~
2029..12.31
대상:관내 농가
규모:20개소
내용:축산농가에 생산
비 절감 및 최적의 사양
관리 등으로 경쟁력을
강화하기 위한 ICT 융복
합 장비지원
Y 농
림축
산식
품부
N N N N Y N
계 2,489 0 2,489 498 498 498 498 498 0
의무 2,489 0 2,489 498 498 498 498 498 0
국고보조금 1,493 0 1,493 299 299 299 299 299 0
시군구비 996 0 996 199 199 199 199 199 0
가축행복농장
기간:25.01.01~30.12.31
대상:경기도 가축행복
농장 인증 받은 축산농
가 및 법인
규모:15개소
내용:축사 및 축사시설
개선 등 지원
N N N N Y N
계 4,610 0 4,610 922 922 922 922 922 0
의무 4,610 0 4,610 922 922 922 922 922 0
시도비 834 0 834 167 167 167 167 167 0
시군구비 3,776 0 3,776 755 755 755 755 755 0
- 297 -
세세부부사사업업계계획획서서
회계연도 : 2026년
회계구분 : 일반 , 특별회계 , 기금
분    야 : 전체
부    문 : 전체 (단위 : 백만원)
분야ㆍ부문ㆍ정책ㆍ단위ㆍ세부사
업 사 업 개 요 국가계
획
투
자
심
사
지
방
채
BTL
의무지출
재원 총사업비 기투자
연     도     별     투     자     계     획
향  후
법
정
보
조
이
자 소  계 2026 2027 2028 2029 2030
축산농가 태양광 설
치 지원사업
기간:2026~2030
대상:관내 시민
규모:21개소
내용:태양광 발전 시설(
사업용, 전량 판매)의
설치비 지원
N N N N Y N
계 3,938 0 3,938 788 788 788 788 788 0
의무 3,938 0 3,938 788 788 788 788 788 0
시도비 1,969 0 1,969 394 394 394 394 394 0
시군구비 1,969 0 1,969 394 394 394 394 394 0
가축재해보험 가입
지원
기간:25.01.01~29.12.31
대상:관내 농가
규모:예산 한도내에서 1
농가당 납입공제료 총
액기준 300만원 한도내
내용:가축재해보험 가
입시 납입하는 보험료
일부 지원
N N N N Y N
계 5,032 0 5,032 1,006 1,006 1,006 1,006 1,006 0
의무 5,032 0 5,032 1,006 1,006 1,006 1,006 1,006 0
시도비 1,509 0 1,509 302 302 302 302 302 0
시군구비 3,522 0 3,522 704 704 704 704 704 0
말산업 육성 2,822 0 2,822 564 564 564 564 564 0
학생승마지원(일반
승마체험)
기간:25.01.01~29.12.31
대상:관내 초중고 학생
및 학교밖 청소년
규모:2,600명(관내 초,
중학생)
내용:승마장 위탁강습(
10회/명)
Y 농
림축
산식
품부
N N N N Y N
계 2,822 0 2,822 564 564 564 564 564 0
의무 2,822 0 2,822 564 564 564 564 564 0
국고보조금 490 0 490 98 98 98 98 98 0
시군구비 2,333 0 2,333 467 467 467 467 467 0
안전 축산물 유통판로
확대 13,681 0 13,681 2,653 2,757 2,757 2,757 2,757 0
우수축산물 학교급
식 지원
기간:25.01~12
대상:관내 초·중·고
등학교 중 사업 희망학
교
규모:관내 163개교(
1,250톤)
내용:초중고등학생에
대한 양질의 축산물 공
급
N N N N Y N
계 11,000 0 11,000 2,200 2,200 2,200 2,200 2,200 0
의무 11,000 0 11,000 2,200 2,200 2,200 2,200 2,200 0
시도비 5,500 0 5,500 1,100 1,100 1,100 1,100 1,100 0
시군구비 5,500 0 5,500 1,100 1,100 1,100 1,100 1,100 0
- 296 -
- 297 -
세세부부사사업업계계획획서서
회계연도 : 2026년
회계구분 : 일반 , 특별회계 , 기금
분    야 : 전체
부    문 : 전체 (단위 : 백만원)
분야ㆍ부문ㆍ정책ㆍ단위ㆍ세부사
업 사 업 개 요 국가계
획
투
자
심
사
지
방
채
BTL
의무지출
재원 총사업비 기투자
연     도     별     투     자     계     획
향  후
법
정
보
조
이
자 소  계 2026 2027 2028 2029 2030
축산농가 태양광 설
치 지원사업
기간:2026~2030
대상:관내 시민
규모:21개소
내용:태양광 발전 시설(
사업용, 전량 판매)의
설치비 지원
N N N N Y N
계 3,938 0 3,938 788 788 788 788 788 0
의무 3,938 0 3,938 788 788 788 788 788 0
시도비 1,969 0 1,969 394 394 394 394 394 0
시군구비 1,969 0 1,969 394 394 394 394 394 0
가축재해보험 가입
지원
기간:25.01.01~29.12.31
대상:관내 농가
규모:예산 한도내에서 1
농가당 납입공제료 총
액기준 300만원 한도내
내용:가축재해보험 가
입시 납입하는 보험료
일부 지원
N N N N Y N
계 5,032 0 5,032 1,006 1,006 1,006 1,006 1,006 0
의무 5,032 0 5,032 1,006 1,006 1,006 1,006 1,006 0
시도비 1,509 0 1,509 302 302 302 302 302 0
시군구비 3,522 0 3,522 704 704 704 704 704 0
말산업 육성 2,822 0 2,822 564 564 564 564 564 0
학생승마지원(일반
승마체험)
기간:25.01.01~29.12.31
대상:관내 초중고 학생
및 학교밖 청소년
규모:2,600명(관내 초,
중학생)
내용:승마장 위탁강습(
10회/명)
Y 농
림축
산식
품부
N N N N Y N
계 2,822 0 2,822 564 564 564 564 564 0
의무 2,822 0 2,822 564 564 564 564 564 0
국고보조금 490 0 490 98 98 98 98 98 0
시군구비 2,333 0 2,333 467 467 467 467 467 0
안전 축산물 유통판로
확대 13,681 0 13,681 2,653 2,757 2,757 2,757 2,757 0
우수축산물 학교급
식 지원
기간:25.01~12
대상:관내 초·중·고
등학교 중 사업 희망학
교
규모:관내 163개교(
1,250톤)
내용:초중고등학생에
대한 양질의 축산물 공
급
N N N N Y N
계 11,000 0 11,000 2,200 2,200 2,200 2,200 2,200 0
의무 11,000 0 11,000 2,200 2,200 2,200 2,200 2,200 0
시도비 5,500 0 5,500 1,100 1,100 1,100 1,100 1,100 0
시군구비 5,500 0 5,500 1,100 1,100 1,100 1,100 1,100 0
- 297 -
- 298 -
세세부부사사업업계계획획서서
회계연도 : 2026년
회계구분 : 일반 , 특별회계 , 기금
분    야 : 전체
부    문 : 전체 (단위 : 백만원)
분야ㆍ부문ㆍ정책ㆍ단위ㆍ세부사
업 사 업 개 요 국가계
획
투
자
심
사
지
방
채
BTL
의무지출
재원 총사업비 기투자
연     도     별     투     자     계     획
향  후
법
정
보
조
이
자 소  계 2026 2027 2028 2029 2030
학교 우유급식 지원
기간:26~30
대상:국민기초생활 보
장대상 가정 및 한부모
가정 등 가정형편이  어
려운 초·중·고등학생
규모:3,626명 × 250일
내용:국민기초생활수급
자등 초중고등학생 중
희망학생에게 무상우유
지원
Y 농
림축
산식
품부
N N N N Y N
계 2,681 0 2,681 453 557 557 557 557 0
의무 2,681 0 2,681 453 557 557 557 557 0
국고보조금 1,358 0 1,358 272 272 272 272 272 0
시도비 418 0 418 0 105 105 105 105 0
시군구비 905 0 905 181 181 181 181 181 0
자연순환형 축산업 실현 14,176 0 14,176 2,528 2,628 2,628 3,195 3,195 0
친환경 과학순환농
업퇴비살포비 지원
기간:2026~2030
대상:관내시민
규모:700ha
내용:살포 비용 일부 지
원
N N N N Y N
계 2,184 0 2,184 210 210 210 777 777 0
의무 2,184 0 2,184 210 210 210 777 777 0
시도비 1,449 0 1,449 63 63 63 630 630 0
시군구비 735 0 735 147 147 147 147 147 0
가축분뇨 처리시설
지원사업
기간:26.01.01 
~30.12.31
대상:관내 양돈농가
규모:10개소
내용:원심고액분리기(
명칭: 데칸타) 구입비
지원
N N N N N N
계 2,500 0 2,500 500 500 500 500 500 0
재량 2,500 0 2,500 500 500 500 500 500 0
시군구비 2,500 0 2,500 500 500 500 500 500 0
깨끗한 축산농장 환
경개선제 지원
기간:25.01.01~29.12.31
대상:관내 농가
규모:환경개선제(미생
물제, 탈취제)
100,000kg
내용: 환경개선제(미생
물제 등) 지원
N N N N Y N
계 2,100 0 2,100 420 420 420 420 420 0
의무 2,100 0 2,100 420 420 420 420 420 0
시도비 630 0 630 126 126 126 126 126 0
시군구비 1,470 0 1,470 294 294 294 294 294 0
양축농가 톱밥 공급 기간:2026.01.01~2030.12.31
대상:관내 축산농가 N N N N N N 계 5,900 0 5,900 1,100 1,200 1,200 1,200 1,200 0
- 299 -
세세부부사사업업계계획획서서
회계연도 : 2026년
회계구분 : 일반 , 특별회계 , 기금
분    야 : 전체
부    문 : 전체 (단위 : 백만원)
분야ㆍ부문ㆍ정책ㆍ단위ㆍ세부사
업 사 업 개 요 국가계
획
투
자
심
사
지
방
채
BTL
의무지출
재원 총사업비 기투자
연     도     별     투     자     계     획
향  후
법
정
보
조
이
자 소  계 2026 2027 2028 2029 2030
규모:수분조절재(톱밥·왕겨
) 10,000톤 지원
내용:축분퇴비화를 위한 
톱밥·왕겨 구입보조금 지원
N N N N N N
재량 5,900 0 5,900 1,100 1,200 1,200 1,200 1,200 0
시군구비 5,900 0 5,900 1,100 1,200 1,200 1,200 1,200 0
축산환경개선사업
기간:26.01.01~30.12.31
대상:관내 농가
내용:파리천적벌 : 30세
트 등
규모:수분조절제(톱밥)
및 탈취제 등 구입비 지
원
N N N N Y N
계 1,492 0 1,492 298 298 298 298 298 0
의무 1,492 0 1,492 298 298 298 298 298 0
시도비 447 0 447 89 89 89 89 89 0
시군구비 1,044 0 1,044 209 209 209 209 209 0
가축전염병 예방 관리 17,733 0 17,733 3,547 3,547 3,547 3,547 3,547 0
예방약품 등 지원(
가축전염병 예방접
종)
25.01.01~29.12.31
소, 돼지, 닭 사육농가
45,102,925두
가축전염병 발생 예방
을 위한 축종별 질병별
시기별 예방백신 구입
지원야생동물 광견병
예방을 위한 미끼백신
살포 및 살포비 지급
Y 농
림축
산식
품부
N N N N Y N
계 7,898 0 7,898 1,580 1,580 1,580 1,580 1,580 0
의무 7,898 0 7,898 1,580 1,580 1,580 1,580 1,580 0
국고보조금 2,270 0 2,270 454 454 454 454 454 0
시도비 960 0 960 192 192 192 192 192 0
시군구비 4,669 0 4,669 934 934 934 934 934 0
구제역 예방백신 지
원
기간:25.01.01 
~29.12.31
대상:관내 우제류 농가
규모:557,000두(전업농
482,000두, 소규모
75,000두)
내용:관내 우제류 농가
에 대한 구제역 예방백
신 구입 지원
Y 농
림축
산식
품부
N N N N Y N
계 3,710 0 3,710 742 742 742 742 742 0
의무 3,710 0 3,710 742 742 742 742 742 0
국고보조금 1,985 0 1,985 397 397 397 397 397 0
시도비 345 0 345 69 69 69 69 69 0
시군구비 1,380 0 1,380 276 276 276 276 276 0
살처분보상금 Y 농림축
산식품부 N N N N Y N 계 3,125 0 3,125 625 625 625 625 625 0
- 298 -
- 299 -
세세부부사사업업계계획획서서
회계연도 : 2026년
회계구분 : 일반 , 특별회계 , 기금
분    야 : 전체
부    문 : 전체 (단위 : 백만원)
분야ㆍ부문ㆍ정책ㆍ단위ㆍ세부사
업 사 업 개 요 국가계
획
투
자
심
사
지
방
채
BTL
의무지출
재원 총사업비 기투자
연     도     별     투     자     계     획
향  후
법
정
보
조
이
자 소  계 2026 2027 2028 2029 2030
규모:수분조절재(톱밥·왕겨
) 10,000톤 지원
내용:축분퇴비화를 위한 
톱밥·왕겨 구입보조금 지원
N N N N N N
재량 5,900 0 5,900 1,100 1,200 1,200 1,200 1,200 0
시군구비 5,900 0 5,900 1,100 1,200 1,200 1,200 1,200 0
축산환경개선사업
기간:26.01.01~30.12.31
대상:관내 농가
내용:파리천적벌 : 30세
트 등
규모:수분조절제(톱밥)
및 탈취제 등 구입비 지
원
N N N N Y N
계 1,492 0 1,492 298 298 298 298 298 0
의무 1,492 0 1,492 298 298 298 298 298 0
시도비 447 0 447 89 89 89 89 89 0
시군구비 1,044 0 1,044 209 209 209 209 209 0
가축전염병 예방 관리 17,733 0 17,733 3,547 3,547 3,547 3,547 3,547 0
예방약품 등 지원(
가축전염병 예방접
종)
25.01.01~29.12.31
소, 돼지, 닭 사육농가
45,102,925두
가축전염병 발생 예방
을 위한 축종별 질병별
시기별 예방백신 구입
지원야생동물 광견병
예방을 위한 미끼백신
살포 및 살포비 지급
Y 농
림축
산식
품부
N N N N Y N
계 7,898 0 7,898 1,580 1,580 1,580 1,580 1,580 0
의무 7,898 0 7,898 1,580 1,580 1,580 1,580 1,580 0
국고보조금 2,270 0 2,270 454 454 454 454 454 0
시도비 960 0 960 192 192 192 192 192 0
시군구비 4,669 0 4,669 934 934 934 934 934 0
구제역 예방백신 지
원
기간:25.01.01 
~29.12.31
대상:관내 우제류 농가
규모:557,000두(전업농
482,000두, 소규모
75,000두)
내용:관내 우제류 농가
에 대한 구제역 예방백
신 구입 지원
Y 농
림축
산식
품부
N N N N Y N
계 3,710 0 3,710 742 742 742 742 742 0
의무 3,710 0 3,710 742 742 742 742 742 0
국고보조금 1,985 0 1,985 397 397 397 397 397 0
시도비 345 0 345 69 69 69 69 69 0
시군구비 1,380 0 1,380 276 276 276 276 276 0
살처분보상금 Y 농림축
산식품부 N N N N Y N 계 3,125 0 3,125 625 625 625 625 625 0
- 299 -
- 300 -
세세부부사사업업계계획획서서
회계연도 : 2026년
회계구분 : 일반 , 특별회계 , 기금
분    야 : 전체
부    문 : 전체 (단위 : 백만원)
분야ㆍ부문ㆍ정책ㆍ단위ㆍ세부사
업 사 업 개 요 국가계
획
투
자
심
사
지
방
채
BTL
의무지출
재원 총사업비 기투자
연     도     별     투     자     계     획
향  후
법
정
보
조
이
자 소  계 2026 2027 2028 2029 2030
기간:25.01.01~29.12.31
대상:가축전염병 발생으로 
살처분(폐기)된 감염축, 물건 
등
규모:504두
내용:가축전염병 발생으로 
살처분 된 가축 및 폐기된 
오염물건 등에 대
한 보상금 지급
N N N N Y N
의무 3,125 0 3,125 625 625 625 625 625 0
국고보조금 2,500 0 2,500 500 500 500 500 500 0
시도비 313 0 313 63 63 63 63 63 0
시군구비 313 0 313 63 63 63 63 63 0
긴급방역 운영
기간:25.01.01~29.12.31
대상:관내 축산농가
규모:관내 축산농가
내용:긴급 가축전염병
발생시 즉각적인 긴급
조치를 위해 필요한 제
반 소요 비용
N N N N N N
계 3,000 0 3,000 600 600 600 600 600 0
재량 3,000 0 3,000 600 600 600 600 600 0
시군구비 3,000 0 3,000 600 600 600 600 600 0
반려동물 친화도시 조성 8,422 0 8,422 4,455 992 992 992 992 0
동물 보호·관리 강화 8,422 0 8,422 4,455 992 992 992 992 0
동물보호관리
2025 ~ 2029
시와 협약된 유기동물
보호센터
1개소
유기동물 보호 관리에
따른 동물보호센터 지
원
N N N N Y N
계 1,275 0 1,275 255 255 255 255 255 0
의무 1,275 0 1,275 255 255 255 255 255 0
시도비 383 0 383 77 77 77 77 77 0
시군구비 893 0 893 179 179 179 179 179 0
유기동물 처리
2025 ~ 2029
시와 협약된 유기동물
보호센터
1,700두
유기된 동물 보호 관리
N N N N N N
계 1,683 0 1,683 337 337 337 337 337 0
재량 1,683 0 1,683 337 337 337 337 337 0
시군구비 1,683 0 1,683 337 337 337 337 337 0
길고양이 중성화 수
술비 지원
기간:2025 ~ 2029
대상:화성시 관내 길고양이
규모:1,900두
내용:길고양이 포획, 중성
화 수술 비용 관리
Y 농
림축
산식
품부
N N N N Y N
계 2,000 0 2,000 400 400 400 400 400 0
의무 2,000 0 2,000 400 400 400 400 400 0
- 301 -
세세부부사사업업계계획획서서
회계연도 : 2026년
회계구분 : 일반 , 특별회계 , 기금
분    야 : 전체
부    문 : 전체 (단위 : 백만원)
분야ㆍ부문ㆍ정책ㆍ단위ㆍ세부사
업 사 업 개 요 국가계
획
투
자
심
사
지
방
채
BTL
의무지출
재원 총사업비 기투자
연     도     별     투     자     계     획
향  후
법
정
보
조
이
자 소  계 2026 2027 2028 2029 2030
N N N N Y N
국고보조금 400 0 400 80 80 80 80 80 0
시도비 240 0 240 48 48 48 48 48 0
시군구비 1,360 0 1,360 272 272 272 272 272 0
개사육농가 폐업·
전업지원
기간:2025 ~ 2027
대상:관내 폐업전업 개
농가
규모:30농가
내용:개사육농가 폐업
전업 지원
Y 농
림축
산식
품부
N N N N Y N
계 3,464 0 3,464 3,464 0 0 0 0 0
의무 3,464 0 3,464 3,464 0 0 0 0 0
국고보조금 1,732 0 1,732 1,732 0 0 0 0 0
시도비 520 0 520 520 0 0 0 0 0
시군구비 1,212 0 1,212 1,212 0 0 0 0 0
경쟁력 있는 농업인력 육
성 9,295 0 9,295 1,859 1,859 1,859 1,859 1,859 0
농업기술센터 시설운영
및 환경개선 7,995 0 7,995 1,599 1,599 1,599 1,599 1,599 0
농업기술센터 청사
및 차량 관리
기간:2026.01~2030.12
대상:농업기술센터 청사 및 차량
규모:통근버스 1대 임차,  공용
차량 21대 운영, 조경관리용역 1
식, 청사 보안 및 청소 용역 등
내용:청사 및 차량 유지보수를
위한 공사, 용역, 물품 등 구입
N N N Y N N
계 6,445 0 6,445 1,289 1,289 1,289 1,289 1,289 0
의무 6,445 0 6,445 1,289 1,289 1,289 1,289 1,289 0
시군구비 6,445 0 6,445 1,289 1,289 1,289 1,289 1,289 0
농업기술센터 시설
환경 개선
기간:2026. 1. ~ 2030. 12.
대상:화성시 농업기술센터
규모:독정리 1289번지 일원
내용:청사 내 시설물 및 편
의시설 조성
N N N N N N
계 1,550 0 1,550 310 310 310 310 310 0
재량 1,550 0 1,550 310 310 310 310 310 0
시군구비 1,550 0 1,550 310 310 310 310 310 0
농업문화 활성화 1,300 0 1,300 260 260 260 260 260 0
화성시 도농 어울림
축제
기간:2026.01.~2030.12.
대상:화성시민 Y N N N N N 계 1,300 0 1,300 260 260 260 260 260 0
- 300 -
- 301 -
세세부부사사업업계계획획서서
회계연도 : 2026년
회계구분 : 일반 , 특별회계 , 기금
분    야 : 전체
부    문 : 전체 (단위 : 백만원)
분야ㆍ부문ㆍ정책ㆍ단위ㆍ세부사
업 사 업 개 요 국가계
획
투
자
심
사
지
방
채
BTL
의무지출
재원 총사업비 기투자
연     도     별     투     자     계     획
향  후
법
정
보
조
이
자 소  계 2026 2027 2028 2029 2030
N N N N Y N
국고보조금 400 0 400 80 80 80 80 80 0
시도비 240 0 240 48 48 48 48 48 0
시군구비 1,360 0 1,360 272 272 272 272 272 0
개사육농가 폐업·
전업지원
기간:2025 ~ 2027
대상:관내 폐업전업 개
농가
규모:30농가
내용:개사육농가 폐업
전업 지원
Y 농
림축
산식
품부
N N N N Y N
계 3,464 0 3,464 3,464 0 0 0 0 0
의무 3,464 0 3,464 3,464 0 0 0 0 0
국고보조금 1,732 0 1,732 1,732 0 0 0 0 0
시도비 520 0 520 520 0 0 0 0 0
시군구비 1,212 0 1,212 1,212 0 0 0 0 0
경쟁력 있는 농업인력 육
성 9,295 0 9,295 1,859 1,859 1,859 1,859 1,859 0
농업기술센터 시설운영
및 환경개선 7,995 0 7,995 1,599 1,599 1,599 1,599 1,599 0
농업기술센터 청사
및 차량 관리
기간:2026.01~2030.12
대상:농업기술센터 청사 및 차량
규모:통근버스 1대 임차,  공용
차량 21대 운영, 조경관리용역 1
식, 청사 보안 및 청소 용역 등
내용:청사 및 차량 유지보수를
위한 공사, 용역, 물품 등 구입
N N N Y N N
계 6,445 0 6,445 1,289 1,289 1,289 1,289 1,289 0
의무 6,445 0 6,445 1,289 1,289 1,289 1,289 1,289 0
시군구비 6,445 0 6,445 1,289 1,289 1,289 1,289 1,289 0
농업기술센터 시설
환경 개선
기간:2026. 1. ~ 2030. 12.
대상:화성시 농업기술센터
규모:독정리 1289번지 일원
내용:청사 내 시설물 및 편
의시설 조성
N N N N N N
계 1,550 0 1,550 310 310 310 310 310 0
재량 1,550 0 1,550 310 310 310 310 310 0
시군구비 1,550 0 1,550 310 310 310 310 310 0
농업문화 활성화 1,300 0 1,300 260 260 260 260 260 0
화성시 도농 어울림
축제
기간:2026.01.~2030.12.
대상:화성시민 Y N N N N N 계 1,300 0 1,300 260 260 260 260 260 0
- 301 -
- 302 -
세세부부사사업업계계획획서서
회계연도 : 2026년
회계구분 : 일반 , 특별회계 , 기금
분    야 : 전체
부    문 : 전체 (단위 : 백만원)
분야ㆍ부문ㆍ정책ㆍ단위ㆍ세부사
업 사 업 개 요 국가계
획
투
자
심
사
지
방
채
BTL
의무지출
재원 총사업비 기투자
연     도     별     투     자     계     획
향  후
법
정
보
조
이
자 소  계 2026 2027 2028 2029 2030
규모:약40,000명
내용:우수 농축수산물 
판매·홍보, 체험·문화행사 
개최
Y N N N N N
재량 1,300 0 1,300 260 260 260 260 260 0
시군구비 1,300 0 1,300 260 260 260 260 260 0
녹색농업 기술개발 보급 30,400 0 30,400 4,494 6,410 6,424 6,442 6,631 0
식량작물 기술보급 3,969 0 3,969 790 791 792 798 799 0
농업신기술시범(식
량작물)(도비)
기간: 2026년~2030년
대상: 벼 재배 단체 등
규모: 사업당 1개소
내용: 디지털 재배단지
조성 등
N N N N Y N
계 3,969 0 3,969 790 791 792 798 799 0
의무 3,969 0 3,969 790 791 792 798 799 0
시도비 1,310 0 1,310 261 262 262 263 263 0
시군구비 2,659 0 2,659 529 530 530 535 536 0
원예작물 기술보급 20,175 0 20,175 872 4,781 4,782 4,783 4,959 0
원예새기술보급(국
비)
기간: 2026. 1. ~ 2030.
12.
대상: 원예작물 재배농
가
규모: 1개소
내용: 원예새기술 보급
을 통한 영농 신기술 보
급
Y 농
촌진
흥청
N N N N Y N
계 18,591 0 18,591 560 4,463 4,464 4,464 4,640 0
의무 18,591 0 18,591 560 4,463 4,464 4,464 4,640 0
국고보조금 9,295 0 9,295 280 2,232 2,232 2,232 2,320 0
시군구비 9,295 0 9,295 280 2,232 2,232 2,232 2,320 0
원예새기술보급(도
비)
기간: 2025. 1. ~ 2029.
12.
대상: 원예작물 재배 농
가
규모: 1개소
내용: 원예분야 새기술
보급으로 농가 생산비
절감 및 품질 고급화
N N N N Y N
계 1,585 0 1,585 312 318 318 319 319 0
의무 1,585 0 1,585 312 318 318 319 319 0
시도비 567 0 567 111 114 114 114 114 0
시군구비 1,018 0 1,018 201 204 204 204 205 0
과수 재배기술 보급 및
선진 농업인 육성 4,256 0 4,256 832 838 850 862 874 0
- 303 -
세세부부사사업업계계획획서서
회계연도 : 2026년
회계구분 : 일반 , 특별회계 , 기금
분    야 : 전체
부    문 : 전체 (단위 : 백만원)
분야ㆍ부문ㆍ정책ㆍ단위ㆍ세부사
업 사 업 개 요 국가계
획
투
자
심
사
지
방
채
BTL
의무지출
재원 총사업비 기투자
연     도     별     투     자     계     획
향  후
법
정
보
조
이
자 소  계 2026 2027 2028 2029 2030
농업신기술보급(과
수)(국비)
기간:2025.01~2029.12
대상:과수 재배 농업인,
영농조합법인 등
규모:1개소
내용: 이상기후 대응 안
정생산 체계 구축
Y 농
촌진
흥청
N N N N Y N
계 3,051 0 3,051 607 608 610 612 614 0
의무 3,051 0 3,051 607 608 610 612 614 0
국고보조금 1,526 0 1,526 304 304 305 306 307 0
시군구비 1,526 0 1,526 304 304 305 306 307 0
기후변화 대응 과수
육성
기간:2026.01~2029.12
대상:관내 포도생산 농
업인
규모:사업당 1개소
내용:스마트팜 교육 및
기술보급 등
N N N N N N
계 1,205 0 1,205 225 230 240 250 260 0
재량 1,205 0 1,205 225 230 240 250 260 0
시군구비 1,205 0 1,205 225 230 240 250 260 0
농업 유전자원 확보 보
급 2,000 0 2,000 2,000 0 0 0 0 0
종자산업기반구축
기간:2026.1.1.~2026.12.31
.
대상:화성시농업기술센터
내(장안면 풍무길80번길
53-20)
규모:씨감자 채종 온실 조
성(6,000㎡)
내용:씨감자 종자 생산 및
품질관리에 필요한 시설 및
장비 구축
Y 농
림축
산식
품부
Y N N N Y N
계 2,000 0 2,000 2,000 0 0 0 0 0
의무 2,000 0 2,000 2,000 0 0 0 0 0
국고보조금 1,000 0 1,000 1,000 0 0 0 0 0
시군구비 1,000 0 1,000 1,000 0 0 0 0 0
농생명자원 활용 보급 11,789 0 11,789 2,538 2,313 2,313 2,313 2,313 0
농산물 안전성 관리체계
구축 2,705 0 2,705 721 496 496 496 496 0
농산물안전분석연구
실 운영
기간:2026. ~ 2030.
대상:관내 농업인 등
규모:농업환경분석 연
8,000건
내용:농업환경분석으로
지속가능한 과학영농
추진
N N N N N N
계 2,705 0 2,705 721 496 496 496 496 0
재량 2,705 0 2,705 721 496 496 496 496 0
시군구비 2,705 0 2,705 721 496 496 496 496 0
고품질 축산물 생산을
위한 과학영농기술 지원 2,262 0 2,262 452 452 452 452 452 0
- 302 -
- 303 -
세세부부사사업업계계획획서서
회계연도 : 2026년
회계구분 : 일반 , 특별회계 , 기금
분    야 : 전체
부    문 : 전체 (단위 : 백만원)
분야ㆍ부문ㆍ정책ㆍ단위ㆍ세부사
업 사 업 개 요 국가계
획
투
자
심
사
지
방
채
BTL
의무지출
재원 총사업비 기투자
연     도     별     투     자     계     획
향  후
법
정
보
조
이
자 소  계 2026 2027 2028 2029 2030
농업신기술보급(과
수)(국비)
기간:2025.01~2029.12
대상:과수 재배 농업인,
영농조합법인 등
규모:1개소
내용: 이상기후 대응 안
정생산 체계 구축
Y 농
촌진
흥청
N N N N Y N
계 3,051 0 3,051 607 608 610 612 614 0
의무 3,051 0 3,051 607 608 610 612 614 0
국고보조금 1,526 0 1,526 304 304 305 306 307 0
시군구비 1,526 0 1,526 304 304 305 306 307 0
기후변화 대응 과수
육성
기간:2026.01~2029.12
대상:관내 포도생산 농
업인
규모:사업당 1개소
내용:스마트팜 교육 및
기술보급 등
N N N N N N
계 1,205 0 1,205 225 230 240 250 260 0
재량 1,205 0 1,205 225 230 240 250 260 0
시군구비 1,205 0 1,205 225 230 240 250 260 0
농업 유전자원 확보 보
급 2,000 0 2,000 2,000 0 0 0 0 0
종자산업기반구축
기간:2026.1.1.~2026.12.31
.
대상:화성시농업기술센터
내(장안면 풍무길80번길
53-20)
규모:씨감자 채종 온실 조
성(6,000㎡)
내용:씨감자 종자 생산 및
품질관리에 필요한 시설 및
장비 구축
Y 농
림축
산식
품부
Y N N N Y N
계 2,000 0 2,000 2,000 0 0 0 0 0
의무 2,000 0 2,000 2,000 0 0 0 0 0
국고보조금 1,000 0 1,000 1,000 0 0 0 0 0
시군구비 1,000 0 1,000 1,000 0 0 0 0 0
농생명자원 활용 보급 11,789 0 11,789 2,538 2,313 2,313 2,313 2,313 0
농산물 안전성 관리체계
구축 2,705 0 2,705 721 496 496 496 496 0
농산물안전분석연구
실 운영
기간:2026. ~ 2030.
대상:관내 농업인 등
규모:농업환경분석 연
8,000건
내용:농업환경분석으로
지속가능한 과학영농
추진
N N N N N N
계 2,705 0 2,705 721 496 496 496 496 0
재량 2,705 0 2,705 721 496 496 496 496 0
시군구비 2,705 0 2,705 721 496 496 496 496 0
고품질 축산물 생산을
위한 과학영농기술 지원 2,262 0 2,262 452 452 452 452 452 0
- 303 -
- 304 -
세세부부사사업업계계획획서서
회계연도 : 2026년
회계구분 : 일반 , 특별회계 , 기금
분    야 : 전체
부    문 : 전체 (단위 : 백만원)
분야ㆍ부문ㆍ정책ㆍ단위ㆍ세부사
업 사 업 개 요 국가계
획
투
자
심
사
지
방
채
BTL
의무지출
재원 총사업비 기투자
연     도     별     투     자     계     획
향  후
법
정
보
조
이
자 소  계 2026 2027 2028 2029 2030
미생물생산 운영지
원
기간:2025년 ~ 2029년
대상:화성시 관내 농업
인
규모:농업인 1,000여명
내용:유용미생물 4종 생
산 및 보급
N N N N N N
계 2,262 0 2,262 452 452 452 452 452 0
재량 2,262 0 2,262 452 452 452 452 452 0
시군구비 2,262 0 2,262 452 452 452 452 452 0
농기계 임대사업 활성화 6,822 0 6,822 1,364 1,364 1,364 1,364 1,364 0
농업인 안전재해보
험 사업
기간:2025.01~2029.12
대상:영농종사 농업인
규모:화성시 농업인
15,000명
내용:농기계 종합보험
가입지원
N N N N Y N
계 4,322 0 4,322 864 864 864 864 864 0
의무 4,322 0 4,322 864 864 864 864 864 0
시도비 1,297 0 1,297 259 259 259 259 259 0
시군구비 3,025 0 3,025 605 605 605 605 605 0
임대농업기계 구입
기간:2025. 1. ~ 2029.
12.
대상:관내 농업인
규모:50종
내용:신규 농기계 및 노
후화 농기계 대체구입
N N N N N N
계 2,500 0 2,500 500 500 500 500 500 0
재량 2,500 0 2,500 500 500 500 500 500 0
시군구비 2,500 0 2,500 500 500 500 500 500 0
임업ㆍ산촌 412,707 25,881 386,826 73,942 75,651 77,310 79,040 80,883 0
웰빙 녹색도시 구현 93,252 0 93,252 15,678 18,409 19,027 19,701 20,437 0
공원관리 82,856 0 82,856 13,862 16,419 16,937 17,506 18,133 0
공원시설물 관리 위
탁 운영
기간:2026.01~2026.12
대상:화성시 서남부권 내
공원 및 유료주차장
규모:공원시설물(315개소,
3,776천㎡) , 공원유료주차
장(3개소)
내용:공원관리업무 위탁운
영(화성도시공사)
N N N Y N N
계 27,067 0 27,067 5,413 5,413 5,413 5,413 5,413 0
의무 27,067 0 27,067 5,413 5,413 5,413 5,413 5,413 0
시군구비 27,067 0 27,067 5,413 5,413 5,413 5,413 5,413 0
향남1권역, 팔탄, 양
감 공원 관리 및 정비
기간:2026.01~2030.12
대상:향남1지구 공원 32개소
내용:공원 유지관리
N N N N N N 계 8,787 0 8,787 787 2,000 2,000 2,000 2,000 0
- 305 -
세세부부사사업업계계획획서서
회계연도 : 2026년
회계구분 : 일반 , 특별회계 , 기금
분    야 : 전체
부    문 : 전체 (단위 : 백만원)
분야ㆍ부문ㆍ정책ㆍ단위ㆍ세부사
업 사 업 개 요 국가계
획
투
자
심
사
지
방
채
BTL
의무지출
재원 총사업비 기투자
연     도     별     투     자     계     획
향  후
법
정
보
조
이
자 소  계 2026 2027 2028 2029 2030
N N N N N N
재량 8,787 0 8,787 787 2,000 2,000 2,000 2,000 0
시군구비 8,787 0 8,787 787 2,000 2,000 2,000 2,000 0
향남2권역 공원 관
리 및 정비
기간:2026.01~2030.12
대상:향남2지구 공원 35
개소
규모:향남2지구 공원 35
개소
내용:공원 유지관리
N N N N N N
계 5,725 0 5,725 1,145 1,145 1,145 1,145 1,145 0
재량 5,725 0 5,725 1,145 1,145 1,145 1,145 1,145 0
시군구비 5,725 0 5,725 1,145 1,145 1,145 1,145 1,145 0
봉담1권역 공원 관
리 및 정비
기간:2026. 1. ~ 2030.
12.
대상:봉담1지구 공원 30
개소
규모:봉담1지구 공원 30
개소
내용:공원 유지관리
N N N N N N
계 4,040 0 4,040 808 808 808 808 808 0
재량 4,040 0 4,040 808 808 808 808 808 0
시군구비 4,040 0 4,040 808 808 808 808 808 0
봉담2권역 공원 관
리 및 정비
기간:2026. 1 ~ 2030.
12.
대상:봉담2지구 공원 10
개소
규모:봉담2지구 공원 10
개소
내용:공원 유지관리
N N N N N N
계 2,750 0 2,750 550 550 550 550 550 0
재량 2,750 0 2,750 550 550 550 550 550 0
시군구비 2,750 0 2,750 550 550 550 550 550 0
정남,기배,화산권역
공원 관리 및 정비
기간:2026.01~2030.12
대상:기배, 화산, 정남
소재 공원 48개소
규모:기배, 화산, 정남
소재 공원 48개소
내용:공원 유지관리
N N N N N N
계 3,548 0 3,548 710 710 710 710 710 0
재량 3,548 0 3,548 710 710 710 710 710 0
시군구비 3,548 0 3,548 710 710 710 710 710 0
정조효공원 관리 및
정비
기간:2026.01.~2030.12.
대상:정조효공원(안녕
동228)
규모:정조효공원(안녕
동228)
내용:공원 유지관리
N N N N N N
계 3,080 0 3,080 616 616 616 616 616 0
재량 3,080 0 3,080 616 616 616 616 616 0
시군구비 3,080 0 3,080 616 616 616 616 616 0
남양권역 공원 관리
및 정비
기간:2026.01~2030.12
대상:남양권 공원 40개소
내용:공원 유지관리
N N N N N N 계 5,897 0 5,897 792 1,100 1,210 1,331 1,464 0
- 304 -
- 305 -
세세부부사사업업계계획획서서
회계연도 : 2026년
회계구분 : 일반 , 특별회계 , 기금
분    야 : 전체
부    문 : 전체 (단위 : 백만원)
분야ㆍ부문ㆍ정책ㆍ단위ㆍ세부사
업 사 업 개 요 국가계
획
투
자
심
사
지
방
채
BTL
의무지출
재원 총사업비 기투자
연     도     별     투     자     계     획
향  후
법
정
보
조
이
자 소  계 2026 2027 2028 2029 2030
N N N N N N
재량 8,787 0 8,787 787 2,000 2,000 2,000 2,000 0
시군구비 8,787 0 8,787 787 2,000 2,000 2,000 2,000 0
향남2권역 공원 관
리 및 정비
기간:2026.01~2030.12
대상:향남2지구 공원 35
개소
규모:향남2지구 공원 35
개소
내용:공원 유지관리
N N N N N N
계 5,725 0 5,725 1,145 1,145 1,145 1,145 1,145 0
재량 5,725 0 5,725 1,145 1,145 1,145 1,145 1,145 0
시군구비 5,725 0 5,725 1,145 1,145 1,145 1,145 1,145 0
봉담1권역 공원 관
리 및 정비
기간:2026. 1. ~ 2030.
12.
대상:봉담1지구 공원 30
개소
규모:봉담1지구 공원 30
개소
내용:공원 유지관리
N N N N N N
계 4,040 0 4,040 808 808 808 808 808 0
재량 4,040 0 4,040 808 808 808 808 808 0
시군구비 4,040 0 4,040 808 808 808 808 808 0
봉담2권역 공원 관
리 및 정비
기간:2026. 1 ~ 2030.
12.
대상:봉담2지구 공원 10
개소
규모:봉담2지구 공원 10
개소
내용:공원 유지관리
N N N N N N
계 2,750 0 2,750 550 550 550 550 550 0
재량 2,750 0 2,750 550 550 550 550 550 0
시군구비 2,750 0 2,750 550 550 550 550 550 0
정남,기배,화산권역
공원 관리 및 정비
기간:2026.01~2030.12
대상:기배, 화산, 정남
소재 공원 48개소
규모:기배, 화산, 정남
소재 공원 48개소
내용:공원 유지관리
N N N N N N
계 3,548 0 3,548 710 710 710 710 710 0
재량 3,548 0 3,548 710 710 710 710 710 0
시군구비 3,548 0 3,548 710 710 710 710 710 0
정조효공원 관리 및
정비
기간:2026.01.~2030.12.
대상:정조효공원(안녕
동228)
규모:정조효공원(안녕
동228)
내용:공원 유지관리
N N N N N N
계 3,080 0 3,080 616 616 616 616 616 0
재량 3,080 0 3,080 616 616 616 616 616 0
시군구비 3,080 0 3,080 616 616 616 616 616 0
남양권역 공원 관리
및 정비
기간:2026.01~2030.12
대상:남양권 공원 40개소
내용:공원 유지관리
N N N N N N 계 5,897 0 5,897 792 1,100 1,210 1,331 1,464 0
- 305 -
- 306 -
세세부부사사업업계계획획서서
회계연도 : 2026년
회계구분 : 일반 , 특별회계 , 기금
분    야 : 전체
부    문 : 전체 (단위 : 백만원)
분야ㆍ부문ㆍ정책ㆍ단위ㆍ세부사
업 사 업 개 요 국가계
획
투
자
심
사
지
방
채
BTL
의무지출
재원 총사업비 기투자
연     도     별     투     자     계     획
향  후
법
정
보
조
이
자 소  계 2026 2027 2028 2029 2030
N N N N N N
재량 5,897 0 5,897 792 1,100 1,210 1,331 1,464 0
시군구비 5,897 0 5,897 792 1,100 1,210 1,331 1,464 0
새솔권역 공원 관리
및 정비
기간:2026.01~2030.12
대상:새솔동권역 공원
26개소
규모:새솔동권역 공원
26개소
내용:공원 유지관리
N N N N N N
계 4,432 0 4,432 726 799 878 966 1,063 0
재량 4,432 0 4,432 726 799 878 966 1,063 0
시군구비 4,432 0 4,432 726 799 878 966 1,063 0
서부1권역 공원 관
리 및 정비(매송,비
봉,송산)
기간:2026.01~2030.12
대상:비봉,매송,송산 지
역 공원
규모:24개소
내용:공원 내 수목,잔디
생육관리 및 시설물 정
비
N N N N N N
계 2,485 0 2,485 407 448 492 542 596 0
재량 2,485 0 2,485 407 448 492 542 596 0
시군구비 2,485 0 2,485 407 448 492 542 596 0
서부2권역 공원 관
리 및 정비(마도,서
신)
기간:2026.01~2030.12
대상:서부2권역 공원 34
개소
대상:서부2권역 공원 34
개소
내용:공원 유지관리
N N N N N N
계 2,686 0 2,686 440 484 532 586 644 0
재량 2,686 0 2,686 440 484 532 586 644 0
시군구비 2,686 0 2,686 440 484 532 586 644 0
남부권역 공원 관리
및 정비(우정,장안)
기간:2026.01~2030.12
대상:남부권역 공원 19
개소
대상:남부권역 공원 19
개소
내용:공원 유지관리
N N N N N N
계 3,022 0 3,022 495 545 599 659 725 0
재량 3,022 0 3,022 495 545 599 659 725 0
시군구비 3,022 0 3,022 495 545 599 659 725 0
비봉지구 공원 관리
및 정비
기간:2026.01~2030.12
대상:비봉지구 공원
대상:비봉지구 공원
내용:공원 유지관리
N N N N N N
계 3,053 0 3,053 500 550 605 666 732 0
재량 3,053 0 3,053 500 550 605 666 732 0
시군구비 3,053 0 3,053 500 550 605 666 732 0
매향리평화생태공원
공원 관리 및 정비
기간:2026.01 ~2030.12
대상:매향리평화생태공원
내용:공원 유지관리
N N N N N N 계 6,285 0 6,285 473 1,252 1,378 1,515 1,667 0
- 307 -
세세부부사사업업계계획획서서
회계연도 : 2026년
회계구분 : 일반 , 특별회계 , 기금
분    야 : 전체
부    문 : 전체 (단위 : 백만원)
분야ㆍ부문ㆍ정책ㆍ단위ㆍ세부사
업 사 업 개 요 국가계
획
투
자
심
사
지
방
채
BTL
의무지출
재원 총사업비 기투자
연     도     별     투     자     계     획
향  후
법
정
보
조
이
자 소  계 2026 2027 2028 2029 2030
N N N N N N
재량 6,285 0 6,285 473 1,252 1,378 1,515 1,667 0
시군구비 6,285 0 6,285 473 1,252 1,378 1,515 1,667 0
공원운영 10,395 0 10,395 1,817 1,990 2,090 2,194 2,304 0
공원 관리운영
기간:2026. 1. ~ 2030.
12.
대상:서부공원관리과
권역 공원
규모:전체공원
내용:공원운영관리
N N N Y N N
계 10,395 0 10,395 1,817 1,990 2,090 2,194 2,304 0
의무 10,395 0 10,395 1,817 1,990 2,090 2,194 2,304 0
시군구비 10,395 0 10,395 1,817 1,990 2,090 2,194 2,304 0
웰빙 녹색도시 구현 146,673 0 146,673 28,875 28,797 29,227 29,665 30,108 0
공원관리 146,673 0 146,673 28,875 28,797 29,227 29,665 30,108 0
공원시설물 관리 위
탁 운영
기간:2026.01~2030.12.
대상:동부, 동탄권 공원
규모:동부, 동탄권 공원-
12개소, 유료공원 주차장
내용:공원청소 및 유지관리
등
N N N N N N
계 37,762 0 37,762 7,359 7,454 7,551 7,649 7,749 0
재량 37,762 0 37,762 7,359 7,454 7,551 7,649 7,749 0
시군구비 37,762 0 37,762 7,359 7,454 7,551 7,649 7,749 0
시민정원사 운영
기간:2026.01.01.~
2030.12.31.
대상:화성시민
규모:시민정원사 40명 
내용:초화류관리 둥
N N N N N N
계 2,950 0 2,950 567 578 590 602 614 0
재량 2,950 0 2,950 567 578 590 602 614 0
시군구비 2,950 0 2,950 567 578 590 602 614 0
공원관리원 운영
2026.01.01~2030.12.31
화성시민
기간제근로자 18명
공원관리 기간제 관련
업무
N N N N N N
계 1,832 0 1,832 352 359 366 374 381 0
재량 1,832 0 1,832 352 359 366 374 381 0
시군구비 1,832 0 1,832 352 359 366 374 381 0
병점권역 수목,잔디
생육관리
기간:2026. 1. 1 ~ 2030. 12. 31.
대상:동부1권역(병점권역) 
내 공원,광장 및 공공공지 등 
82개소
N N N N N N 계 2,885 0 2,885 562 570 577 584 592 0
- 306 -
- 307 -
세세부부사사업업계계획획서서
회계연도 : 2026년
회계구분 : 일반 , 특별회계 , 기금
분    야 : 전체
부    문 : 전체 (단위 : 백만원)
분야ㆍ부문ㆍ정책ㆍ단위ㆍ세부사
업 사 업 개 요 국가계
획
투
자
심
사
지
방
채
BTL
의무지출
재원 총사업비 기투자
연     도     별     투     자     계     획
향  후
법
정
보
조
이
자 소  계 2026 2027 2028 2029 2030
N N N N N N
재량 6,285 0 6,285 473 1,252 1,378 1,515 1,667 0
시군구비 6,285 0 6,285 473 1,252 1,378 1,515 1,667 0
공원운영 10,395 0 10,395 1,817 1,990 2,090 2,194 2,304 0
공원 관리운영
기간:2026. 1. ~ 2030.
12.
대상:서부공원관리과
권역 공원
규모:전체공원
내용:공원운영관리
N N N Y N N
계 10,395 0 10,395 1,817 1,990 2,090 2,194 2,304 0
의무 10,395 0 10,395 1,817 1,990 2,090 2,194 2,304 0
시군구비 10,395 0 10,395 1,817 1,990 2,090 2,194 2,304 0
웰빙 녹색도시 구현 146,673 0 146,673 28,875 28,797 29,227 29,665 30,108 0
공원관리 146,673 0 146,673 28,875 28,797 29,227 29,665 30,108 0
공원시설물 관리 위
탁 운영
기간:2026.01~2030.12.
대상:동부, 동탄권 공원
규모:동부, 동탄권 공원-
12개소, 유료공원 주차장
내용:공원청소 및 유지관리
등
N N N N N N
계 37,762 0 37,762 7,359 7,454 7,551 7,649 7,749 0
재량 37,762 0 37,762 7,359 7,454 7,551 7,649 7,749 0
시군구비 37,762 0 37,762 7,359 7,454 7,551 7,649 7,749 0
시민정원사 운영
기간:2026.01.01.~
2030.12.31.
대상:화성시민
규모:시민정원사 40명 
내용:초화류관리 둥
N N N N N N
계 2,950 0 2,950 567 578 590 602 614 0
재량 2,950 0 2,950 567 578 590 602 614 0
시군구비 2,950 0 2,950 567 578 590 602 614 0
공원관리원 운영
2026.01.01~2030.12.31
화성시민
기간제근로자 18명
공원관리 기간제 관련
업무
N N N N N N
계 1,832 0 1,832 352 359 366 374 381 0
재량 1,832 0 1,832 352 359 366 374 381 0
시군구비 1,832 0 1,832 352 359 366 374 381 0
병점권역 수목,잔디
생육관리
기간:2026. 1. 1 ~ 2030. 12. 31.
대상:동부1권역(병점권역) 
내 공원,광장 및 공공공지 등 
82개소
N N N N N N 계 2,885 0 2,885 562 570 577 584 592 0
- 307 -
- 308 -
세세부부사사업업계계획획서서
회계연도 : 2026년
회계구분 : 일반 , 특별회계 , 기금
분    야 : 전체
부    문 : 전체 (단위 : 백만원)
분야ㆍ부문ㆍ정책ㆍ단위ㆍ세부사
업 사 업 개 요 국가계
획
투
자
심
사
지
방
채
BTL
의무지출
재원 총사업비 기투자
연     도     별     투     자     계     획
향  후
법
정
보
조
이
자 소  계 2026 2027 2028 2029 2030
규모:82개소
내용:수목·잔디관리 및 
병해충방제 등
N N N N N N
재량 2,885 0 2,885 562 570 577 584 592 0
시군구비 2,885 0 2,885 562 570 577 584 592 0
병점권역 시설물관
리
기간:2026. 1. 1. ~ 2030.
12. 31.
대상:동부1권역(병점권역)
내 공원, 광장 및 공공공지
등 82개소
규모:82개소
내용:공원 내 노후 시설물
정비 등
N N N N N N
계 2,446 0 2,446 470 479 489 499 509 0
재량 2,446 0 2,446 470 479 489 499 509 0
시군구비 2,446 0 2,446 470 479 489 499 509 0
센트럴파크권역 수
목,잔디 생육관리
기간:2026.01~2030.12.
대상:센트럴파크권역
공원
규모:2개소
내용:잔디관리, 수목전
정, 병해충방제, 원형보
전지 유지관리 등
N N N N N N
계 3,336 0 3,336 628 647 667 687 707 0
재량 3,336 0 3,336 628 647 667 687 707 0
시군구비 3,336 0 3,336 628 647 667 687 707 0
센트럴파크권역 시
설물관리
기간:2026.1.~2030.12.
대상:센트럴파크(반송동 59일원)
, 구봉산근린공원(병점동 865일
원)
규모:센트럴파크(반송동 59일원)
, 구봉산근린공원(병점동 865일
원)
내용:수목관리 및 시설물 관리
N N N N N N
계 2,112 0 2,112 390 406 422 439 456 0
재량 2,112 0 2,112 390 406 422 439 456 0
시군구비 2,112 0 2,112 390 406 422 439 456 0
큰재봉권역 수목,잔
디 생육관리
기간:2026. 1. 1 ~ 2030.
12. 31.
대상:동탄1신도시 큰재
봉권역
규모:53개소
내용:잔디관리, 병해충
방제 등
N N N N N N
계 2,880 0 2,880 561 568 576 583 591 0
재량 2,880 0 2,880 561 568 576 583 591 0
시군구비 2,880 0 2,880 561 568 576 583 591 0
큰재봉권역 시설물
관리
기간:2026. 1. ~ 2030.
12.
대상:동탄1신도시 큰재
봉권역 공원 등
규모:53개소
내용:공원 내 시설물 유
지관리
N N N N N N
계 1,911 0 1,911 367 375 382 390 397 0
재량 1,911 0 1,911 367 375 382 390 397 0
시군구비 1,911 0 1,911 367 375 382 390 397 0
반석산권역 수목,잔
디 생육관리
기간:2026. 1. 1 ~ 2030. 12. 31.
대상:동탄1신도시, 
동탄일반산단 공원,광장 및 
공공공지 등
N N N N N N 계 3,181 0 3,181 620 628 636 644 653 0
- 309 -
세세부부사사업업계계획획서서
회계연도 : 2026년
회계구분 : 일반 , 특별회계 , 기금
분    야 : 전체
부    문 : 전체 (단위 : 백만원)
분야ㆍ부문ㆍ정책ㆍ단위ㆍ세부사
업 사 업 개 요 국가계
획
투
자
심
사
지
방
채
BTL
의무지출
재원 총사업비 기투자
연     도     별     투     자     계     획
향  후
법
정
보
조
이
자 소  계 2026 2027 2028 2029 2030
규모:40개소
내용:수목·잔디관리 및 
병해충방제 등
N N N N N N
재량 3,181 0 3,181 620 628 636 644 653 0
시군구비 3,181 0 3,181 620 628 636 644 653 0
반석산권역 시설물
관리
2026. 1. ~ 2030. 12.
동탄1신도시 반석산권
역 공원 등
동탄1신도시 반석산권
역 40개소
수목식재, 이식 및 공원
시설물 보수 등
N N N N N N
계 1,407 0 1,407 270 276 281 287 293 0
재량 1,407 0 1,407 270 276 281 287 293 0
시군구비 1,407 0 1,407 270 276 281 287 293 0
청계권역 수목, 잔
디 생육관리
기간:2026.01~2030.12.
대상:청계권역 63개소
규모:청계권역 63개소,
483,609㎡ 
내용:잔디관리, 병해충
방제, 수목 및 초화보식
등
N N N N N N
계 4,550 0 4,550 883 896 910 923 937 0
재량 4,550 0 4,550 883 896 910 923 937 0
시군구비 4,550 0 4,550 883 896 910 923 937 0
치동천권역 수목,
잔디 생육관리
기간:2026.01~2030.12.
대상:치동천권역 32개소
규모:치동천권역 32개소
, 552,234㎡
내용:수목전정, 잔디관
리, 병해충방제 등
N N N N N N
계 4,550 0 4,550 883 896 910 923 937 0
재량 4,550 0 4,550 883 896 910 923 937 0
시군구비 4,550 0 4,550 883 896 910 923 937 0
치동천권역 시설물
관리
기간:2025.01~2030.12.
대상:치동천권역 32개소
규모:치동천권역 32개소,
552,234㎡
내용:수목식재, 공원등 정
비, 배수로정비, 공원시설
물 설치 등
N N N N N N
계 1,830 0 1,830 355 361 366 371 377 0
재량 1,830 0 1,830 355 361 366 371 377 0
시군구비 1,830 0 1,830 355 361 366 371 377 0
신리천권역 수목,
잔디 생육관리
기간:2026.1~2030.12
대상:동탄2신도시 공원,
광장 등
규모:20개소
내용:수목·잔디관리,
병해충방제, 수목전정
등
N N N N N N
계 5,256 0 5,256 1,020 1,035 1,051 1,067 1,083 0
재량 5,256 0 5,256 1,020 1,035 1,051 1,067 1,083 0
시군구비 5,256 0 5,256 1,020 1,035 1,051 1,067 1,083 0
신리천권역 시설물
관리
기간:2026.1~2030.12
대상:동탄2신도시 공원, 
공공공지 등 20개소
N N N Y N N 계 1,046 0 1,046 203 206 209 212 215 0
- 308 -
- 309 -
세세부부사사업업계계획획서서
회계연도 : 2026년
회계구분 : 일반 , 특별회계 , 기금
분    야 : 전체
부    문 : 전체 (단위 : 백만원)
분야ㆍ부문ㆍ정책ㆍ단위ㆍ세부사
업 사 업 개 요 국가계
획
투
자
심
사
지
방
채
BTL
의무지출
재원 총사업비 기투자
연     도     별     투     자     계     획
향  후
법
정
보
조
이
자 소  계 2026 2027 2028 2029 2030
규모:40개소
내용:수목·잔디관리 및 
병해충방제 등
N N N N N N
재량 3,181 0 3,181 620 628 636 644 653 0
시군구비 3,181 0 3,181 620 628 636 644 653 0
반석산권역 시설물
관리
2026. 1. ~ 2030. 12.
동탄1신도시 반석산권
역 공원 등
동탄1신도시 반석산권
역 40개소
수목식재, 이식 및 공원
시설물 보수 등
N N N N N N
계 1,407 0 1,407 270 276 281 287 293 0
재량 1,407 0 1,407 270 276 281 287 293 0
시군구비 1,407 0 1,407 270 276 281 287 293 0
청계권역 수목, 잔
디 생육관리
기간:2026.01~2030.12.
대상:청계권역 63개소
규모:청계권역 63개소,
483,609㎡ 
내용:잔디관리, 병해충
방제, 수목 및 초화보식
등
N N N N N N
계 4,550 0 4,550 883 896 910 923 937 0
재량 4,550 0 4,550 883 896 910 923 937 0
시군구비 4,550 0 4,550 883 896 910 923 937 0
치동천권역 수목,
잔디 생육관리
기간:2026.01~2030.12.
대상:치동천권역 32개소
규모:치동천권역 32개소
, 552,234㎡
내용:수목전정, 잔디관
리, 병해충방제 등
N N N N N N
계 4,550 0 4,550 883 896 910 923 937 0
재량 4,550 0 4,550 883 896 910 923 937 0
시군구비 4,550 0 4,550 883 896 910 923 937 0
치동천권역 시설물
관리
기간:2025.01~2030.12.
대상:치동천권역 32개소
규모:치동천권역 32개소,
552,234㎡
내용:수목식재, 공원등 정
비, 배수로정비, 공원시설
물 설치 등
N N N N N N
계 1,830 0 1,830 355 361 366 371 377 0
재량 1,830 0 1,830 355 361 366 371 377 0
시군구비 1,830 0 1,830 355 361 366 371 377 0
신리천권역 수목,
잔디 생육관리
기간:2026.1~2030.12
대상:동탄2신도시 공원,
광장 등
규모:20개소
내용:수목·잔디관리,
병해충방제, 수목전정
등
N N N N N N
계 5,256 0 5,256 1,020 1,035 1,051 1,067 1,083 0
재량 5,256 0 5,256 1,020 1,035 1,051 1,067 1,083 0
시군구비 5,256 0 5,256 1,020 1,035 1,051 1,067 1,083 0
신리천권역 시설물
관리
기간:2026.1~2030.12
대상:동탄2신도시 공원, 
공공공지 등 20개소
N N N Y N N 계 1,046 0 1,046 203 206 209 212 215 0
- 309 -
- 310 -
세세부부사사업업계계획획서서
회계연도 : 2026년
회계구분 : 일반 , 특별회계 , 기금
분    야 : 전체
부    문 : 전체 (단위 : 백만원)
분야ㆍ부문ㆍ정책ㆍ단위ㆍ세부사
업 사 업 개 요 국가계
획
투
자
심
사
지
방
채
BTL
의무지출
재원 총사업비 기투자
연     도     별     투     자     계     획
향  후
법
정
보
조
이
자 소  계 2026 2027 2028 2029 2030
규모:신리천권역 23개소
내용:노후 시설물 재정비 등 N N N Y N N
의무 1,046 0 1,046 203 206 209 212 215 0
시군구비 1,046 0 1,046 203 206 209 212 215 0
여울권역 수목.잔디
생육관리
기간:2026.01~2030.12.
대상:여울공원 외 7개소
규모:33개소, 512,019㎡
내용:잔디관리, 병해충
방제, 수목, 초화류 보
식 및 생육개선 등
N N N N N N
계 3,232 0 3,232 627 637 646 656 666 0
재량 3,232 0 3,232 627 637 646 656 666 0
시군구비 3,232 0 3,232 627 637 646 656 666 0
여울권역 시설물관
리
기간:2026.1.~2030.12.
대상:여울공원, 자라뫼
공원
규모:2개소, 382,430㎡
내용:수목 및 시설물 유
지관리, 청소관리용역,
화장실 보수 등
N N N N N N
계 2,615 0 2,615 508 515 523 531 539 0
재량 2,615 0 2,615 508 515 523 531 539 0
시군구비 2,615 0 2,615 508 515 523 531 539 0
테크노밸리권역 수
목.잔디 생육관리
기간: 2026. 1. ~ 2030. 12.
대상:테크노밸리권역 주민
규모: 테크노밸리권역 일대
, 389,220
내용:잔디관리, 병해충방제
등
N N N N N N
계 2,092 0 2,092 406 412 418 425 431 0
재량 2,092 0 2,092 406 412 418 425 431 0
시군구비 2,092 0 2,092 406 412 418 425 431 0
동탄호수공원 수목,
잔디 생육관리
기간:2026.1.~2030.12.
대상:동탄호수공원
규모:641천㎡
내용:수목·잔디관리,
병해충방제 등
N N N N N N
계 6,205 0 6,205 1,192 1,216 1,241 1,265 1,291 0
재량 6,205 0 6,205 1,192 1,216 1,241 1,265 1,291 0
시군구비 6,205 0 6,205 1,192 1,216 1,241 1,265 1,291 0
동탄호수공원 시설
물관리
기간:2026.1.~2030.12.
대상:동탄호수공원(23호,
24호 근린공원)
규모:동탄호수공원 641천㎡
내용: 산책로 환경개선, 노
후 시설물 재정비 등
N N N N N N
계 12,485 0 12,485 2,399 2,447 2,496 2,546 2,597 0
재량 12,485 0 12,485 2,399 2,447 2,496 2,546 2,597 0
시군구비 12,485 0 12,485 2,399 2,447 2,496 2,546 2,597 0
장지천권역 수목,잔
디 생육관리
기간:2026.01.~2030.12.
대상:장지천 권역 내 공원 및 
공공공지
N N N N N N 계 4,512 0 4,512 867 884 902 920 938 0
- 311 -
세세부부사사업업계계획획서서
회계연도 : 2026년
회계구분 : 일반 , 특별회계 , 기금
분    야 : 전체
부    문 : 전체 (단위 : 백만원)
분야ㆍ부문ㆍ정책ㆍ단위ㆍ세부사
업 사 업 개 요 국가계
획
투
자
심
사
지
방
채
BTL
의무지출
재원 총사업비 기투자
연     도     별     투     자     계     획
향  후
법
정
보
조
이
자 소  계 2026 2027 2028 2029 2030
내용:병해충·수목관리: 
구제방제 1~2회, 예방방제 
1회, 비료시비 및 엽
면시비 1식 등
N N N N N N
재량 4,512 0 4,512 867 884 902 920 938 0
시군구비 4,512 0 4,512 867 884 902 920 938 0
왕배산권역 수목,잔
디 생육관리
기간:2026.01.~2030.12.
대상:동탄2신도시 왕배산권역 내
공원
규모:동탄2신도시 왕배산권역 내
공원
내용:병해충·수목관리: 구제방
제 1~2회, 예방방제 1회, 비료시
비 및 엽면시비 1식 등
N N N N N N
계 5,308 0 5,308 1,020 1,040 1,061 1,082 1,104 0
재량 5,308 0 5,308 1,020 1,040 1,061 1,082 1,104 0
시군구비 5,308 0 5,308 1,020 1,040 1,061 1,082 1,104 0
왕배산권역 시설물
관리
기간:2026.01.~2030.12.
대상:동탄2신도시 왕배산권
역
규모:동탄2신도시 왕배산권
역
내용:공원 내 노후 시설물
교체 및 신규 시설물 설치
N N N N N N
계 3,238 0 3,238 622 635 647 660 673 0
재량 3,238 0 3,238 622 635 647 660 673 0
시군구비 3,238 0 3,238 622 635 647 660 673 0
수경시설 관리
기간:2026. 1.~2030.12.
대상:동탄호수공원 및
여울공원 등
규모:직영공원 4개소
내용:수경시설 및 음악
분수, 루나분수 유지관
리
N N N N N N
계 4,746 0 4,746 912 930 949 968 987 0
재량 4,746 0 4,746 912 930 949 968 987 0
시군구비 4,746 0 4,746 912 930 949 968 987 0
시설물 관리
기간:2026.1.~2030.12.
대상:동부1, 동탄1·2공
원
규모:동부,동탄권 내 공
원
내용:공원 노후시설물
보수
N N N N N N
계 2,100 0 2,100 420 420 420 420 420 0
재량 2,100 0 2,100 420 420 420 420 420 0
시군구비 2,100 0 2,100 420 420 420 420 420 0
공원질서유지용역
기간:2026. 1. ~ 2030. 12. 
대상:병점권역, 동탄1, 2 신도시
공원 및 공공공지 , 광장 등 
규모:병점권역, 동탄1, 2 신도시
공원 및 공공공지 , 광장 등 
내용:도시공원 내 질서유지관리
N N N N N N
계 3,962 0 3,962 761 776 792 808 824 0
재량 3,962 0 3,962 761 776 792 808 824 0
시군구비 3,962 0 3,962 761 776 792 808 824 0
공원 관리운영
기간:2026.1.~2030.12.
대상:동부, 동탄권 공원
내용:공원시설물 유지관리 등
N N N N N N 계 15,744 0 15,744 3,149 3,149 3,149 3,149 3,146 0
- 310 -
- 311 -
세세부부사사업업계계획획서서
회계연도 : 2026년
회계구분 : 일반 , 특별회계 , 기금
분    야 : 전체
부    문 : 전체 (단위 : 백만원)
분야ㆍ부문ㆍ정책ㆍ단위ㆍ세부사
업 사 업 개 요 국가계
획
투
자
심
사
지
방
채
BTL
의무지출
재원 총사업비 기투자
연     도     별     투     자     계     획
향  후
법
정
보
조
이
자 소  계 2026 2027 2028 2029 2030
내용:병해충·수목관리: 
구제방제 1~2회, 예방방제 
1회, 비료시비 및 엽
면시비 1식 등
N N N N N N
재량 4,512 0 4,512 867 884 902 920 938 0
시군구비 4,512 0 4,512 867 884 902 920 938 0
왕배산권역 수목,잔
디 생육관리
기간:2026.01.~2030.12.
대상:동탄2신도시 왕배산권역 내
공원
규모:동탄2신도시 왕배산권역 내
공원
내용:병해충·수목관리: 구제방
제 1~2회, 예방방제 1회, 비료시
비 및 엽면시비 1식 등
N N N N N N
계 5,308 0 5,308 1,020 1,040 1,061 1,082 1,104 0
재량 5,308 0 5,308 1,020 1,040 1,061 1,082 1,104 0
시군구비 5,308 0 5,308 1,020 1,040 1,061 1,082 1,104 0
왕배산권역 시설물
관리
기간:2026.01.~2030.12.
대상:동탄2신도시 왕배산권
역
규모:동탄2신도시 왕배산권
역
내용:공원 내 노후 시설물
교체 및 신규 시설물 설치
N N N N N N
계 3,238 0 3,238 622 635 647 660 673 0
재량 3,238 0 3,238 622 635 647 660 673 0
시군구비 3,238 0 3,238 622 635 647 660 673 0
수경시설 관리
기간:2026. 1.~2030.12.
대상:동탄호수공원 및
여울공원 등
규모:직영공원 4개소
내용:수경시설 및 음악
분수, 루나분수 유지관
리
N N N N N N
계 4,746 0 4,746 912 930 949 968 987 0
재량 4,746 0 4,746 912 930 949 968 987 0
시군구비 4,746 0 4,746 912 930 949 968 987 0
시설물 관리
기간:2026.1.~2030.12.
대상:동부1, 동탄1·2공
원
규모:동부,동탄권 내 공
원
내용:공원 노후시설물
보수
N N N N N N
계 2,100 0 2,100 420 420 420 420 420 0
재량 2,100 0 2,100 420 420 420 420 420 0
시군구비 2,100 0 2,100 420 420 420 420 420 0
공원질서유지용역
기간:2026. 1. ~ 2030. 12. 
대상:병점권역, 동탄1, 2 신도시
공원 및 공공공지 , 광장 등 
규모:병점권역, 동탄1, 2 신도시
공원 및 공공공지 , 광장 등 
내용:도시공원 내 질서유지관리
N N N N N N
계 3,962 0 3,962 761 776 792 808 824 0
재량 3,962 0 3,962 761 776 792 808 824 0
시군구비 3,962 0 3,962 761 776 792 808 824 0
공원 관리운영
기간:2026.1.~2030.12.
대상:동부, 동탄권 공원
내용:공원시설물 유지관리 등
N N N N N N 계 15,744 0 15,744 3,149 3,149 3,149 3,149 3,146 0
- 311 -
- 312 -
세세부부사사업업계계획획서서
회계연도 : 2026년
회계구분 : 일반 , 특별회계 , 기금
분    야 : 전체
부    문 : 전체 (단위 : 백만원)
분야ㆍ부문ㆍ정책ㆍ단위ㆍ세부사
업 사 업 개 요 국가계
획
투
자
심
사
지
방
채
BTL
의무지출
재원 총사업비 기투자
연     도     별     투     자     계     획
향  후
법
정
보
조
이
자 소  계 2026 2027 2028 2029 2030
N N N N N N
재량 15,744 0 15,744 3,149 3,149 3,149 3,149 3,146 0
시군구비 15,744 0 15,744 3,149 3,149 3,149 3,149 3,146 0
경기 아이누리놀이
터 조성
기간: 2026.1.1.~2030.12.31.
규모: 행림어린이공원 1,500㎡, 
코끼리공원 1,500㎡
내용: 노후된 
어린이놀이터 재정비
N N N N N N
계 500 0 500 500 0 0 0 0 0
재량 500 0 500 500 0 0 0 0 0
시도비 150 0 150 150 0 0 0 0 0
시군구비 350 0 350 350 0 0 0 0 0
웰빙 녹색도시 구현(병점
구) 103 0 103 20 20 21 21 21 0
공원관리(병점구) 103 0 103 20 20 21 21 21 0
쌈지공원 관리 및
정비(병점구)
기간: 2026. 1. 1 ~
2030. 12. 31.
대상: 병점구청 내 쌈지
공원
규모: 7개소
내용:잔디관리, 병해충
방제 등
N N N N N N
계 103 0 103 20 20 21 21 21 0
재량 103 0 103 20 20 21 21 21 0
시군구비 103 0 103 20 20 21 21 21 0
웰빙 녹색도시 구현(동탄
구) 257 0 257 50 51 51 52 53 0
공원관리(동탄구) 257 0 257 50 51 51 52 53 0
쌈지공원 관리 및
정비(동탄구)
기간: 2026. 1. 1 ~
2030. 12. 31.
대상: 동탄구청 내 쌈지
공원
규모: 2개소
내용:잔디관리, 병해충
방제 등
N N N N N N
계 257 0 257 50 51 51 52 53 0
재량 257 0 257 50 51 51 52 53 0
시군구비 257 0 257 50 51 51 52 53 0
지속가능한 녹색공간 확충 172,423 25,881 146,542 29,318 28,373 28,984 29,602 30,265 0
산림자원화 6,066 0 6,066 1,213 1,213 1,213 1,213 1,213 0
- 313 -
세세부부사사업업계계획획서서
회계연도 : 2026년
회계구분 : 일반 , 특별회계 , 기금
분    야 : 전체
부    문 : 전체 (단위 : 백만원)
분야ㆍ부문ㆍ정책ㆍ단위ㆍ세부사
업 사 업 개 요 국가계
획
투
자
심
사
지
방
채
BTL
의무지출
재원 총사업비 기투자
연     도     별     투     자     계     획
향  후
법
정
보
조
이
자 소  계 2026 2027 2028 2029 2030
숲길 조성관리
기간:2025.01.01~
2030.01.01
대상:관내 등산로 46개
소
규모:226.7km
내용:노후화된 시설물
교체 및 설치
N N N N N N
계 3,000 0 3,000 600 600 600 600 600 0
재량 3,000 0 3,000 600 600 600 600 600 0
시군구비 3,000 0 3,000 600 600 600 600 600 0
숲길 유지관리
기간:2025.01.01~
2023.01.01
대상:관내 등산로 46개
소
규모:226.7km
내용:예초, 덩굴제거,
시설물 교체 등
N N N N N N
계 3,066 0 3,066 613 613 613 613 613 0
재량 3,066 0 3,066 613 613 613 613 613 0
시군구비 3,066 0 3,066 613 613 613 613 613 0
산림휴양시설 확충 37,253 25,881 11,372 3,101 1,761 1,964 2,160 2,387 0
무봉산 자연휴양림
조성
기간:2017.01~2024.03.
대상:동탄면 중리 산80
·79·84번지 일원
규모:364,649㎡(36.4ha)
내용:자연휴양림 조성
Y N N N N N
계 24,100 24,100 0 0 0 0 0 0 0
재량 24,100 24,100 0 0 0 0 0 0 0
시군구비 24,100 24,100 0 0 0 0 0 0 0
무봉산 자연휴양림
운영 관리
기간:2024. 1. ~ 2030.
12.
대상:화성시민
규모:31ha
내용:무봉산자연휴양림
운영관리
N N N N N N
계 9,872 0 9,872 1,601 1,761 1,964 2,160 2,387 0
재량 9,872 0 9,872 1,601 1,761 1,964 2,160 2,387 0
시군구비 9,872 0 9,872 1,601 1,761 1,964 2,160 2,387 0
초록산 산림휴양공
원 조성사업
기간:2019. 9. ~ 2026.
12.
대상:화성시민
규모:4,697㎡ 
내용:초록산 산림휴양
공원 조성
Y N N N N N
계 3,281 1,781 1,500 1,500 0 0 0 0 0
재량 3,281 1,781 1,500 1,500 0 0 0 0 0
시도비 300 0 300 300 0 0 0 0 0
시군구비 2,981 1,781 1,200 1,200 0 0 0 0 0
산림보호 8,569 0 8,569 1,714 1,714 1,714 1,714 1,714 0
- 312 -
- 313 -
세세부부사사업업계계획획서서
회계연도 : 2026년
회계구분 : 일반 , 특별회계 , 기금
분    야 : 전체
부    문 : 전체 (단위 : 백만원)
분야ㆍ부문ㆍ정책ㆍ단위ㆍ세부사
업 사 업 개 요 국가계
획
투
자
심
사
지
방
채
BTL
의무지출
재원 총사업비 기투자
연     도     별     투     자     계     획
향  후
법
정
보
조
이
자 소  계 2026 2027 2028 2029 2030
숲길 조성관리
기간:2025.01.01~
2030.01.01
대상:관내 등산로 46개
소
규모:226.7km
내용:노후화된 시설물
교체 및 설치
N N N N N N
계 3,000 0 3,000 600 600 600 600 600 0
재량 3,000 0 3,000 600 600 600 600 600 0
시군구비 3,000 0 3,000 600 600 600 600 600 0
숲길 유지관리
기간:2025.01.01~
2023.01.01
대상:관내 등산로 46개
소
규모:226.7km
내용:예초, 덩굴제거,
시설물 교체 등
N N N N N N
계 3,066 0 3,066 613 613 613 613 613 0
재량 3,066 0 3,066 613 613 613 613 613 0
시군구비 3,066 0 3,066 613 613 613 613 613 0
산림휴양시설 확충 37,253 25,881 11,372 3,101 1,761 1,964 2,160 2,387 0
무봉산 자연휴양림
조성
기간:2017.01~2024.03.
대상:동탄면 중리 산80
·79·84번지 일원
규모:364,649㎡(36.4ha)
내용:자연휴양림 조성
Y N N N N N
계 24,100 24,100 0 0 0 0 0 0 0
재량 24,100 24,100 0 0 0 0 0 0 0
시군구비 24,100 24,100 0 0 0 0 0 0 0
무봉산 자연휴양림
운영 관리
기간:2024. 1. ~ 2030.
12.
대상:화성시민
규모:31ha
내용:무봉산자연휴양림
운영관리
N N N N N N
계 9,872 0 9,872 1,601 1,761 1,964 2,160 2,387 0
재량 9,872 0 9,872 1,601 1,761 1,964 2,160 2,387 0
시군구비 9,872 0 9,872 1,601 1,761 1,964 2,160 2,387 0
초록산 산림휴양공
원 조성사업
기간:2019. 9. ~ 2026.
12.
대상:화성시민
규모:4,697㎡ 
내용:초록산 산림휴양
공원 조성
Y N N N N N
계 3,281 1,781 1,500 1,500 0 0 0 0 0
재량 3,281 1,781 1,500 1,500 0 0 0 0 0
시도비 300 0 300 300 0 0 0 0 0
시군구비 2,981 1,781 1,200 1,200 0 0 0 0 0
산림보호 8,569 0 8,569 1,714 1,714 1,714 1,714 1,714 0
- 313 -
- 314 -
세세부부사사업업계계획획서서
회계연도 : 2026년
회계구분 : 일반 , 특별회계 , 기금
분    야 : 전체
부    문 : 전체 (단위 : 백만원)
분야ㆍ부문ㆍ정책ㆍ단위ㆍ세부사
업 사 업 개 요 국가계
획
투
자
심
사
지
방
채
BTL
의무지출
재원 총사업비 기투자
연     도     별     투     자     계     획
향  후
법
정
보
조
이
자 소  계 2026 2027 2028 2029 2030
산림재해일자리 단
기(산불전문예방진
화대)
기간:2026. 2.1.~5.15.(
봄철), 11. 1.~12. 15.(
가을철), 연례반복
대상:취약계층(저소득
층 등)
규모:33명
내용:산불예찰 및 진화
Y 산
림청 N N N N Y N
계 2,607 0 2,607 521 521 521 521 521 0
의무 2,607 0 2,607 521 521 521 521 521 0
국고보조금 1,043 0 1,043 209 209 209 209 209 0
시도비 469 0 469 94 94 94 94 94 0
시군구비 1,095 0 1,095 219 219 219 219 219 0
산불방지대책 운영
기간:2026.~2030.
대상:취약계층(저소득층 등
)
규모:산불 홍보물 및 안전
장비 확보, 산불전문예방진
화대 27명 등
내용:산불방지대책본부 운
영
N N N N N N
계 2,712 0 2,712 542 542 542 542 542 0
재량 2,712 0 2,712 542 542 542 542 542 0
시군구비 2,712 0 2,712 542 542 542 542 542 0
산불방지대책(경상)
기간:2026.~2030.
대상:화성시민
규모:산불진화헬기 임
차 1대, 산불유관기관
물품 지원
내용:산불진화헬기 임
차 1대, 산불유관기관
물품 지원
N N N N Y N
계 3,250 0 3,250 650 650 650 650 650 0
의무 3,250 0 3,250 650 650 650 650 650 0
시도비 975 0 975 195 195 195 195 195 0
시군구비 2,275 0 2,275 455 455 455 455 455 0
녹지대 관리 48,399 0 48,399 9,275 9,477 9,680 9,882 10,085 0
녹지대 관리 일반
기간:2026.01~2030.12
대상:녹지대 정비 및 상
시관리
규모:관내 녹지대 
내용:녹지내 수목 및 시
설물 유지관리
N N N Y N N
계 16,180 0 16,180 3,236 3,236 3,236 3,236 3,236 0
의무 16,180 0 16,180 3,236 3,236 3,236 3,236 3,236 0
시군구비 16,180 0 16,180 3,236 3,236 3,236 3,236 3,236 0
녹지대 제초 및 수
형조절
기간:2026.01~2030.12
대상:녹지대 관목 가지치기
, 제초 등
규모:관내 녹지대
내용:녹지대 예초, 제초,
관목전정
N N N Y N N
계 20,075 0 20,075 4,015 4,015 4,015 4,015 4,015 0
의무 20,075 0 20,075 4,015 4,015 4,015 4,015 4,015 0
- 315 -
세세부부사사업업계계획획서서
회계연도 : 2026년
회계구분 : 일반 , 특별회계 , 기금
분    야 : 전체
부    문 : 전체 (단위 : 백만원)
분야ㆍ부문ㆍ정책ㆍ단위ㆍ세부사
업 사 업 개 요 국가계
획
투
자
심
사
지
방
채
BTL
의무지출
재원 총사업비 기투자
연     도     별     투     자     계     획
향  후
법
정
보
조
이
자 소  계 2026 2027 2028 2029 2030
N N N Y N N 시군구비 20,075 0 20,075 4,015 4,015 4,015 4,015 4,015 0
녹지대 병해충 방제
기간:2026.01~2030.12
대상:녹지대 수목 병해
충 예찰 및 방제
규모:관내 녹지대
내용:수목 병해충 예찰
및 예빙,구제방제
N N N N N N
계 12,144 0 12,144 2,024 2,226 2,429 2,631 2,834 0
재량 12,144 0 12,144 2,024 2,226 2,429 2,631 2,834 0
시군구비 12,144 0 12,144 2,024 2,226 2,429 2,631 2,834 0
가로수 관리 45,762 0 45,762 8,741 8,933 9,139 9,358 9,591 0
가로수 관리 일반
기간:2025.01~2029.12
대상:화성시 관내
규모:화성시 관내 가로
수
내용:가로수 메워심기,
상시관리 등
N N N Y N N
계 19,000 0 19,000 3,800 3,800 3,800 3,800 3,800 0
의무 19,000 0 19,000 3,800 3,800 3,800 3,800 3,800 0
시군구비 19,000 0 19,000 3,800 3,800 3,800 3,800 3,800 0
가로수 수형조절
기간:2026.01~2029.12
대상:화성시 관내
규모:화성시 관내 가로
수 및 가로변 관목
내용:가로수 가지치기
N N N Y N N
계 16,412 0 16,412 2,871 3,063 3,269 3,488 3,721 0
의무 16,412 0 16,412 2,871 3,063 3,269 3,488 3,721 0
시군구비 16,412 0 16,412 2,871 3,063 3,269 3,488 3,721 0
가로수 병해충 방제
기간:2026.01~2029.12
대상:가로수 병해충 예
찰 및 방제
규모:화성시 관내 가로
수
내용:병해충 예찰 및 방
제
N N N N N N
계 7,350 0 7,350 1,470 1,470 1,470 1,470 1,470 0
재량 7,350 0 7,350 1,470 1,470 1,470 1,470 1,470 0
시군구비 7,350 0 7,350 1,470 1,470 1,470 1,470 1,470 0
가로변 재해예방 및
긴급복구
2026.01.~2029.12.
화성시 관내
관내 가로수 및 도로변
잡목
재해우려목 사전 제거
및 긴급 대응
N N N N N N
계 3,000 0 3,000 600 600 600 600 600 0
재량 3,000 0 3,000 600 600 600 600 600 0
시군구비 3,000 0 3,000 600 600 600 600 600 0
도로변 녹지 관리 26,375 0 26,375 5,275 5,275 5,275 5,275 5,275 0
- 314 -
- 315 -
세세부부사사업업계계획획서서
회계연도 : 2026년
회계구분 : 일반 , 특별회계 , 기금
분    야 : 전체
부    문 : 전체 (단위 : 백만원)
분야ㆍ부문ㆍ정책ㆍ단위ㆍ세부사
업 사 업 개 요 국가계
획
투
자
심
사
지
방
채
BTL
의무지출
재원 총사업비 기투자
연     도     별     투     자     계     획
향  후
법
정
보
조
이
자 소  계 2026 2027 2028 2029 2030
N N N Y N N 시군구비 20,075 0 20,075 4,015 4,015 4,015 4,015 4,015 0
녹지대 병해충 방제
기간:2026.01~2030.12
대상:녹지대 수목 병해
충 예찰 및 방제
규모:관내 녹지대
내용:수목 병해충 예찰
및 예빙,구제방제
N N N N N N
계 12,144 0 12,144 2,024 2,226 2,429 2,631 2,834 0
재량 12,144 0 12,144 2,024 2,226 2,429 2,631 2,834 0
시군구비 12,144 0 12,144 2,024 2,226 2,429 2,631 2,834 0
가로수 관리 45,762 0 45,762 8,741 8,933 9,139 9,358 9,591 0
가로수 관리 일반
기간:2025.01~2029.12
대상:화성시 관내
규모:화성시 관내 가로
수
내용:가로수 메워심기,
상시관리 등
N N N Y N N
계 19,000 0 19,000 3,800 3,800 3,800 3,800 3,800 0
의무 19,000 0 19,000 3,800 3,800 3,800 3,800 3,800 0
시군구비 19,000 0 19,000 3,800 3,800 3,800 3,800 3,800 0
가로수 수형조절
기간:2026.01~2029.12
대상:화성시 관내
규모:화성시 관내 가로
수 및 가로변 관목
내용:가로수 가지치기
N N N Y N N
계 16,412 0 16,412 2,871 3,063 3,269 3,488 3,721 0
의무 16,412 0 16,412 2,871 3,063 3,269 3,488 3,721 0
시군구비 16,412 0 16,412 2,871 3,063 3,269 3,488 3,721 0
가로수 병해충 방제
기간:2026.01~2029.12
대상:가로수 병해충 예
찰 및 방제
규모:화성시 관내 가로
수
내용:병해충 예찰 및 방
제
N N N N N N
계 7,350 0 7,350 1,470 1,470 1,470 1,470 1,470 0
재량 7,350 0 7,350 1,470 1,470 1,470 1,470 1,470 0
시군구비 7,350 0 7,350 1,470 1,470 1,470 1,470 1,470 0
가로변 재해예방 및
긴급복구
2026.01.~2029.12.
화성시 관내
관내 가로수 및 도로변
잡목
재해우려목 사전 제거
및 긴급 대응
N N N N N N
계 3,000 0 3,000 600 600 600 600 600 0
재량 3,000 0 3,000 600 600 600 600 600 0
시군구비 3,000 0 3,000 600 600 600 600 600 0
도로변 녹지 관리 26,375 0 26,375 5,275 5,275 5,275 5,275 5,275 0
- 315 -
- 316 -
세세부부사사업업계계획획서서
회계연도 : 2026년
회계구분 : 일반 , 특별회계 , 기금
분    야 : 전체
부    문 : 전체 (단위 : 백만원)
분야ㆍ부문ㆍ정책ㆍ단위ㆍ세부사
업 사 업 개 요 국가계
획
투
자
심
사
지
방
채
BTL
의무지출
재원 총사업비 기투자
연     도     별     투     자     계     획
향  후
법
정
보
조
이
자 소  계 2026 2027 2028 2029 2030
도로변 풀베기
기간: 연례반복
대상:관내 주요 도로변
규모: 769개 노선 (연장
: 1,768㎞, 면적:
6,271,000㎡)
내용:도로변 풀베기
N N N N N N
계 26,375 0 26,375 5,275 5,275 5,275 5,275 5,275 0
재량 26,375 0 26,375 5,275 5,275 5,275 5,275 5,275 0
시군구비 26,375 0 26,375 5,275 5,275 5,275 5,275 5,275 0
해양수산ㆍ어촌 49,674 6,610 43,064 9,639 10,419 7,669 7,669 7,669 0
해양수산 자원화 49,674 6,610 43,064 9,639 10,419 7,669 7,669 7,669 0
해양수산 정책지원 79 0 79 16 16 16 16 16 0
수산소식 및 정보제
공 지원
기간: 매년
대상: 화성시 수산업경
영인 연합회
규모: 화성시 수산업경
영인 175명
내용: 수산신문 및 소식
지 등 수산정보 제공
N N N N Y N
계 79 0 79 16 16 16 16 16 0
의무 79 0 79 16 16 16 16 16 0
시도비 24 0 24 5 5 5 5 5 0
시군구비 55 0 55 11 11 11 11 11 0
수산진흥 및 관리 24,720 0 24,720 5,000 4,930 4,930 4,930 4,930 0
해면 갯벌어장 지원
기간:2026년~2030년
대상:「수산업법」 제8조
및 제15조에 따라 면허된
마을어업 어장
규모:패류종자 살포, 해삼
종자 방류, 어장환경 개선
내용:마을어장 서식환경 개
선(패류종자 살포, 해삼종
자 방류, 어장환경 개선)
N N N N Y N
계 14,000 0 14,000 2,800 2,800 2,800 2,800 2,800 0
의무 14,000 0 14,000 2,800 2,800 2,800 2,800 2,800 0
시도비 1,400 0 1,400 280 280 280 280 280 0
시군구비 12,600 0 12,600 2,520 2,520 2,520 2,520 2,520 0
해면수산자원 조성
기간: 2026. 1. ~ 2030.
12.
대상: 관내 연안해역
규모: 조피볼락, 넙치
등 4종 방류
내용: 연안해역에 부가
가치가 높은 건강한 수
산종자 방류
N N N N Y N
계 7,500 0 7,500 1,500 1,500 1,500 1,500 1,500 0
의무 7,500 0 7,500 1,500 1,500 1,500 1,500 1,500 0
시도비 750 0 750 150 150 150 150 150 0
- 317 -
세세부부사사업업계계획획서서
회계연도 : 2026년
회계구분 : 일반 , 특별회계 , 기금
분    야 : 전체
부    문 : 전체 (단위 : 백만원)
분야ㆍ부문ㆍ정책ㆍ단위ㆍ세부사
업 사 업 개 요 국가계
획
투
자
심
사
지
방
채
BTL
의무지출
재원 총사업비 기투자
연     도     별     투     자     계     획
향  후
법
정
보
조
이
자 소  계 2026 2027 2028 2029 2030
N N N N Y N 시군구비 6,750 0 6,750 1,350 1,350 1,350 1,350 1,350 0
고품질 김 양식시설
지원
기간:2026년~2030년
대상:화성시 김 양식어
장에서 실제 김 양식업
을 하는 어업인
규모:활성처리제 30,000
통, 영양제 2,273통
내용:고품질 김 양식시
설 지원(활성처리제, 영
양제 지원)
N N N N Y N
계 3,000 0 3,000 600 600 600 600 600 0
의무 3,000 0 3,000 600 600 600 600 600 0
시도비 300 0 300 60 60 60 60 60 0
시군구비 2,700 0 2,700 540 540 540 540 540 0
실시간 해양수산환
경 관측시스템 설치
기간 : 2026. 1. ~ 2030.
12.
대상 : 관내 연안해역
규모 : 관측소 3개
내용 : 실시간 해양수산
환경 관측시스템 설치
및 유지보수
N N N N N N
계 220 0 220 100 30 30 30 30 0
재량 220 0 220 100 30 30 30 30 0
시군구비 220 0 220 100 30 30 30 30 0
어항시설 확충 및 관리 8,800 850 7,950 1,590 1,590 1,590 1,590 1,590 0
어항시설 및 공유수
면 유지관리
기간: 2026년~2030년
대상: 관내 어항 11개소
규모: 관내 어항 11개소
내용: 관내 어항 11개소 및
공유수면의 안전시설 보수
·보강 등 유지관리
N N N N N N
계 3,950 0 3,950 790 790 790 790 790 0
재량 3,950 0 3,950 790 790 790 790 790 0
시군구비 3,950 0 3,950 790 790 790 790 790 0
어장진입로 설치 및
유지보수
기간 : 2026년~2030년
대상 : 어장진입로 이용
어업인
규모 : 관내 어항
내용 : 어장진입로 설치
및 보수 보강
N N N N N N
계 2,350 850 1,500 300 300 300 300 300 0
재량 2,350 850 1,500 300 300 300 300 300 0
시군구비 2,350 850 1,500 300 300 300 300 300 0
공중화장실 청소 유
지관리 용역
기간: 2025년 ~ 2029년
대상: 관내 공중화장실
17개소
규모: 관내 공중화장실
17개소
내용: 관내 어항내 공중
화장실의 청결한 환경
유지
N N N N N N
계 2,500 0 2,500 500 500 500 500 500 0
재량 2,500 0 2,500 500 500 500 500 500 0
시군구비 2,500 0 2,500 500 500 500 500 500 0
- 316 -
- 317 -
세세부부사사업업계계획획서서
회계연도 : 2026년
회계구분 : 일반 , 특별회계 , 기금
분    야 : 전체
부    문 : 전체 (단위 : 백만원)
분야ㆍ부문ㆍ정책ㆍ단위ㆍ세부사
업 사 업 개 요 국가계
획
투
자
심
사
지
방
채
BTL
의무지출
재원 총사업비 기투자
연     도     별     투     자     계     획
향  후
법
정
보
조
이
자 소  계 2026 2027 2028 2029 2030
N N N N Y N 시군구비 6,750 0 6,750 1,350 1,350 1,350 1,350 1,350 0
고품질 김 양식시설
지원
기간:2026년~2030년
대상:화성시 김 양식어
장에서 실제 김 양식업
을 하는 어업인
규모:활성처리제 30,000
통, 영양제 2,273통
내용:고품질 김 양식시
설 지원(활성처리제, 영
양제 지원)
N N N N Y N
계 3,000 0 3,000 600 600 600 600 600 0
의무 3,000 0 3,000 600 600 600 600 600 0
시도비 300 0 300 60 60 60 60 60 0
시군구비 2,700 0 2,700 540 540 540 540 540 0
실시간 해양수산환
경 관측시스템 설치
기간 : 2026. 1. ~ 2030.
12.
대상 : 관내 연안해역
규모 : 관측소 3개
내용 : 실시간 해양수산
환경 관측시스템 설치
및 유지보수
N N N N N N
계 220 0 220 100 30 30 30 30 0
재량 220 0 220 100 30 30 30 30 0
시군구비 220 0 220 100 30 30 30 30 0
어항시설 확충 및 관리 8,800 850 7,950 1,590 1,590 1,590 1,590 1,590 0
어항시설 및 공유수
면 유지관리
기간: 2026년~2030년
대상: 관내 어항 11개소
규모: 관내 어항 11개소
내용: 관내 어항 11개소 및
공유수면의 안전시설 보수
·보강 등 유지관리
N N N N N N
계 3,950 0 3,950 790 790 790 790 790 0
재량 3,950 0 3,950 790 790 790 790 790 0
시군구비 3,950 0 3,950 790 790 790 790 790 0
어장진입로 설치 및
유지보수
기간 : 2026년~2030년
대상 : 어장진입로 이용
어업인
규모 : 관내 어항
내용 : 어장진입로 설치
및 보수 보강
N N N N N N
계 2,350 850 1,500 300 300 300 300 300 0
재량 2,350 850 1,500 300 300 300 300 300 0
시군구비 2,350 850 1,500 300 300 300 300 300 0
공중화장실 청소 유
지관리 용역
기간: 2025년 ~ 2029년
대상: 관내 공중화장실
17개소
규모: 관내 공중화장실
17개소
내용: 관내 어항내 공중
화장실의 청결한 환경
유지
N N N N N N
계 2,500 0 2,500 500 500 500 500 500 0
재량 2,500 0 2,500 500 500 500 500 500 0
시군구비 2,500 0 2,500 500 500 500 500 500 0
- 317 -
- 318 -
세세부부사사업업계계획획서서
회계연도 : 2026년
회계구분 : 일반 , 특별회계 , 기금
분    야 : 전체
부    문 : 전체 (단위 : 백만원)
분야ㆍ부문ㆍ정책ㆍ단위ㆍ세부사
업 사 업 개 요 국가계
획
투
자
심
사
지
방
채
BTL
의무지출
재원 총사업비 기투자
연     도     별     투     자     계     획
향  후
법
정
보
조
이
자 소  계 2026 2027 2028 2029 2030
어촌특화 및 활성화 10,410 5,760 4,650 1,900 2,750 0 0 0 0
매향항 어촌신활력
증진사업
기간:2023. 1. ~ 2025.
12.
대상:우정읍 매향항
규모:어촌어항재생사업
1식
내용:어항시설 개선 등
Y 해
양수
산부
Y N N N Y N
계 5,000 5,000 0 0 0 0 0 0 0
의무 5,000 5,000 0 0 0 0 0 0 0
균특보조금 3,500 3,500 0 0 0 0 0 0 0
시도비 450 450 0 0 0 0 0 0 0
시군구비 1,050 1,050 0 0 0 0 0 0 0
송교항 어촌신활력
증진사업
기간:2025년~2027년
대상:서신면 송교항
규모:어촌어항재생사업
1식
내용:어항시설 개선 등
Y 해
양수
산부
N N N N Y N
계 4,250 0 4,250 1,500 2,750 0 0 0 0
의무 4,250 0 4,250 1,500 2,750 0 0 0 0
균특보조금 2,975 0 2,975 1,050 1,925 0 0 0 0
시도비 383 0 383 135 248 0 0 0 0
시군구비 893 0 893 315 578 0 0 0 0
어촌체험휴양마을
고도화 사업
Y 해
양수
산부
N N N N Y N
계 1,160 760 400 400 0 0 0 0 0
의무 1,160 760 400 400 0 0 0 0 0
국고보조금 600 400 200 200 0 0 0 0 0
시도비 120 60 60 60 0 0 0 0 0
시군구비 440 300 140 140 0 0 0 0 0
해양보전 및 관리 4,000 0 4,000 800 800 800 800 800 0
해양쓰레기 정화 Y 해양
수산부 N N N N Y N 계 4,000 0 4,000 800 800 800 800 800 0
- 319 -
세세부부사사업업계계획획서서
회계연도 : 2026년
회계구분 : 일반 , 특별회계 , 기금
분    야 : 전체
부    문 : 전체 (단위 : 백만원)
분야ㆍ부문ㆍ정책ㆍ단위ㆍ세부사
업 사 업 개 요 국가계
획
투
자
심
사
지
방
채
BTL
의무지출
재원 총사업비 기투자
연     도     별     투     자     계     획
향  후
법
정
보
조
이
자 소  계 2026 2027 2028 2029 2030
기간:2026. 1. ~  2030. 12.
대상:관내 항포구 및 해안가
규모:해양쓰레기 연간 800톤
내용:해양쓰레기 수거 처리
N N N N Y N
의무 4,000 0 4,000 800 800 800 800 800 0
균특보조금 2,000 0 2,000 400 400 400 400 400 0
시도비 1,000 0 1,000 200 200 200 200 200 0
시군구비 1,000 0 1,000 200 200 200 200 200 0
어업환경 및 어업지도선
관리 1,665 0 1,665 333 333 333 333 333 0
화성바다누리호 선
박 관리
기간: 2025년 ~ 2029년
대상: 화성바다누리호
규모: 어업지도선(80톤)
1대
내용: 어업지도선 운영
및 유지관리
N N N N N N
계 1,665 0 1,665 333 333 333 333 333 0
재량 1,665 0 1,665 333 333 333 333 333 0
시군구비 1,665 0 1,665 333 333 333 333 333 0
산업ㆍ중소기업및에너지 699,389 43,401 655,033 117,854 123,535 125,407 135,471 152,765 955
산업금융지원 2,000 0 2,000 1,000 1,000 0 0 0 0
화성특례시 임팩트펀드 조
성 및 운용 2,000 0 2,000 1,000 1,000 0 0 0 0
화성특례시 임팩트펀드
조성 및 운용 2,000 0 2,000 1,000 1,000 0 0 0 0
화성특례시 임팩트
펀드 조성 및 운용
기간:2026년~2029년
대상:화성특례시 사회
적경제기업 대상 
규모:710억원
내용:관내 사회적경제
기업에 170억원 이상 투
자
Y N N N N N
계 2,000 0 2,000 1,000 1,000 0 0 0 0
재량 2,000 0 2,000 1,000 1,000 0 0 0 0
시군구비 2,000 0 2,000 1,000 1,000 0 0 0 0
무역및투자유치 40,329 750 39,579 5,610 6,939 8,210 8,760 10,060 0
양질의 유망기업 투자유치 2,250 0 2,250 750 750 750 0 0 0
투자유치 활성화 2,250 0 2,250 750 750 750 0 0 0
- 318 -
- 319 -
세세부부사사업업계계획획서서
회계연도 : 2026년
회계구분 : 일반 , 특별회계 , 기금
분    야 : 전체
부    문 : 전체 (단위 : 백만원)
분야ㆍ부문ㆍ정책ㆍ단위ㆍ세부사
업 사 업 개 요 국가계
획
투
자
심
사
지
방
채
BTL
의무지출
재원 총사업비 기투자
연     도     별     투     자     계     획
향  후
법
정
보
조
이
자 소  계 2026 2027 2028 2029 2030
기간:2026. 1. ~  2030. 12.
대상:관내 항포구 및 해안가
규모:해양쓰레기 연간 800톤
내용:해양쓰레기 수거 처리
N N N N Y N
의무 4,000 0 4,000 800 800 800 800 800 0
균특보조금 2,000 0 2,000 400 400 400 400 400 0
시도비 1,000 0 1,000 200 200 200 200 200 0
시군구비 1,000 0 1,000 200 200 200 200 200 0
어업환경 및 어업지도선
관리 1,665 0 1,665 333 333 333 333 333 0
화성바다누리호 선
박 관리
기간: 2025년 ~ 2029년
대상: 화성바다누리호
규모: 어업지도선(80톤)
1대
내용: 어업지도선 운영
및 유지관리
N N N N N N
계 1,665 0 1,665 333 333 333 333 333 0
재량 1,665 0 1,665 333 333 333 333 333 0
시군구비 1,665 0 1,665 333 333 333 333 333 0
산업ㆍ중소기업및에너지 699,389 43,401 655,033 117,854 123,535 125,407 135,471 152,765 955
산업금융지원 2,000 0 2,000 1,000 1,000 0 0 0 0
화성특례시 임팩트펀드 조
성 및 운용 2,000 0 2,000 1,000 1,000 0 0 0 0
화성특례시 임팩트펀드
조성 및 운용 2,000 0 2,000 1,000 1,000 0 0 0 0
화성특례시 임팩트
펀드 조성 및 운용
기간:2026년~2029년
대상:화성특례시 사회
적경제기업 대상 
규모:710억원
내용:관내 사회적경제
기업에 170억원 이상 투
자
Y N N N N N
계 2,000 0 2,000 1,000 1,000 0 0 0 0
재량 2,000 0 2,000 1,000 1,000 0 0 0 0
시군구비 2,000 0 2,000 1,000 1,000 0 0 0 0
무역및투자유치 40,329 750 39,579 5,610 6,939 8,210 8,760 10,060 0
양질의 유망기업 투자유치 2,250 0 2,250 750 750 750 0 0 0
투자유치 활성화 2,250 0 2,250 750 750 750 0 0 0
- 319 -
- 320 -
세세부부사사업업계계획획서서
회계연도 : 2026년
회계구분 : 일반 , 특별회계 , 기금
분    야 : 전체
부    문 : 전체 (단위 : 백만원)
분야ㆍ부문ㆍ정책ㆍ단위ㆍ세부사
업 사 업 개 요 국가계
획
투
자
심
사
지
방
채
BTL
의무지출
재원 총사업비 기투자
연     도     별     투     자     계     획
향  후
법
정
보
조
이
자 소  계 2026 2027 2028 2029 2030
대규모투자기업 유
치 지원
기간:2026년~2028년
대상:관내 투자기업
규모:대규모 투자기업
내용:대규모 투자기업
재정지원
N N N N N N
계 2,250 0 2,250 750 750 750 0 0 0
재량 2,250 0 2,250 750 750 750 0 0 0
시도비 2,250 0 2,250 750 750 750 0 0 0
양질의 유망기업 투자유치 4,500 750 3,750 750 750 750 750 750 0
투자유치기금 운용 4,500 750 3,750 750 750 750 750 750 0
투자기업 유치 지원
기간:2025년~2030년
대상:외국인투자기업
규모: 총45억 원
내용:외국인투자기업
현금지원
Y 산
업통
상자
원부
N N N N Y N
계 4,500 750 3,750 750 750 750 750 750 0
의무 4,500 750 3,750 750 750 750 750 750 0
시군구비 4,500 750 3,750 750 750 750 750 750 0
재무활동(투자유치기금) 33,579 0 33,579 4,110 5,439 6,710 8,010 9,310 0
보전지출(투자유치기금) 33,579 0 33,579 4,110 5,439 6,710 8,010 9,310 0
투자유치기금 예치
금
기간:2025 ~ 2029
대상:관내 대규모 투자
기업
규모:총 585억 원
내용:대규모 투자기업
지원
N N N N N N
계 33,579 0 33,579 4,110 5,439 6,710 8,010 9,310 0
재량 33,579 0 33,579 4,110 5,439 6,710 8,010 9,310 0
시군구비 33,579 0 33,579 4,110 5,439 6,710 8,010 9,310 0
산업진흥ㆍ고도화 10,740 0 10,740 948 1,948 3,448 3,948 448 0
모빌리티 산업 경쟁력 강
화 10,740 0 10,740 948 1,948 3,448 3,948 448 0
모빌리티 실증 및 상용
화 기반 구축 10,740 0 10,740 948 1,948 3,448 3,948 448 0
자율주행 리빙랩 도
시 구축 사업 추진
기간:2025. 1. ~ 2029. 12.
대상:대상:  화성시민(전체)
규모:자율주행차 서비스 1식
내용:자율주행 8대 분야 공공서
비스 제공
Y 국
토교
통부
Y N N N N N
계 8,500 0 8,500 500 1,500 3,000 3,500 0 0
재량 8,500 0 8,500 500 1,500 3,000 3,500 0 0
- 321 -
세세부부사사업업계계획획서서
회계연도 : 2026년
회계구분 : 일반 , 특별회계 , 기금
분    야 : 전체
부    문 : 전체 (단위 : 백만원)
분야ㆍ부문ㆍ정책ㆍ단위ㆍ세부사
업 사 업 개 요 국가계
획
투
자
심
사
지
방
채
BTL
의무지출
재원 총사업비 기투자
연     도     별     투     자     계     획
향  후
법
정
보
조
이
자 소  계 2026 2027 2028 2029 2030
Y N N N N N 시군구비 8,500 0 8,500 500 1,500 3,000 3,500 0 0
모빌리티센터 네트
워크 인프라 구축
및 운영
기간:2025. 1. ~ 2030. 12.
대상:담당공무원 일부
규모:화성시 미래모빌리티센터
네트워크 인프라 구축 및 운영 1
식
내용:네트워크 구성 개선 1식,
보안취약점 개선 1식, 네트워크
및 보안시스템 운영 1식
N N N N N N
계 2,240 0 2,240 448 448 448 448 448 0
재량 2,240 0 2,240 448 448 448 448 448 0
시군구비 2,240 0 2,240 448 448 448 448 448 0
에너지및자원개발 9,935 9,654 281 281 0 0 0 0 0
도로 조도환경 개선(본청) 9,935 9,654 281 281 0 0 0 0 0
도로교통 및 보행안전
개선(본청) 9,935 9,654 281 281 0 0 0 0 0
지역에너지 신산업
활성화 지원사업
기간:2020.06~2026.2.
대상:화성시 전역 도로
규모:LED조명등 12,990
개 등
내용:고효율 LED조명등
설치 등
Y 산
업통
상자
원부
Y N N N Y N
계 9,935 9,654 281 281 0 0 0 0 0
의무 9,935 9,654 281 281 0 0 0 0 0
국고보조금 2,070 2,070 0 0 0 0 0 0 0
시군구비 7,865 7,584 281 281 0 0 0 0 0
(민자 등) 6,216 6,216 0 0 0 0 0 0 0
산업ㆍ중소기업일반 636,384 32,997 602,432 110,016 113,648 113,749 122,763 142,257 955
신재생에너지 보급 확대 63,503 32,997 30,506 6,265 6,658 6,648 5,473 5,463 0
친환경에너지 자립도 증
대 14,003 0 14,003 2,801 2,801 2,801 2,801 2,801 0
에너지자립마을 조
성사업
기간:2026.01~2030.12
대상:관내 에너지 낙후
지역
규모:년 355kW
내용:자가용 및 상업용
태양광 설비 지원
N N N N Y N
계 2,334 0 2,334 467 467 467 467 467 0
의무 2,334 0 2,334 467 467 467 467 467 0
시도비 875 0 875 175 175 175 175 175 0
- 320 -
- 321 -
세세부부사사업업계계획획서서
회계연도 : 2026년
회계구분 : 일반 , 특별회계 , 기금
분    야 : 전체
부    문 : 전체 (단위 : 백만원)
분야ㆍ부문ㆍ정책ㆍ단위ㆍ세부사
업 사 업 개 요 국가계
획
투
자
심
사
지
방
채
BTL
의무지출
재원 총사업비 기투자
연     도     별     투     자     계     획
향  후
법
정
보
조
이
자 소  계 2026 2027 2028 2029 2030
Y N N N N N 시군구비 8,500 0 8,500 500 1,500 3,000 3,500 0 0
모빌리티센터 네트
워크 인프라 구축
및 운영
기간:2025. 1. ~ 2030. 12.
대상:담당공무원 일부
규모:화성시 미래모빌리티센터
네트워크 인프라 구축 및 운영 1
식
내용:네트워크 구성 개선 1식,
보안취약점 개선 1식, 네트워크
및 보안시스템 운영 1식
N N N N N N
계 2,240 0 2,240 448 448 448 448 448 0
재량 2,240 0 2,240 448 448 448 448 448 0
시군구비 2,240 0 2,240 448 448 448 448 448 0
에너지및자원개발 9,935 9,654 281 281 0 0 0 0 0
도로 조도환경 개선(본청) 9,935 9,654 281 281 0 0 0 0 0
도로교통 및 보행안전
개선(본청) 9,935 9,654 281 281 0 0 0 0 0
지역에너지 신산업
활성화 지원사업
기간:2020.06~2026.2.
대상:화성시 전역 도로
규모:LED조명등 12,990
개 등
내용:고효율 LED조명등
설치 등
Y 산
업통
상자
원부
Y N N N Y N
계 9,935 9,654 281 281 0 0 0 0 0
의무 9,935 9,654 281 281 0 0 0 0 0
국고보조금 2,070 2,070 0 0 0 0 0 0 0
시군구비 7,865 7,584 281 281 0 0 0 0 0
(민자 등) 6,216 6,216 0 0 0 0 0 0 0
산업ㆍ중소기업일반 636,384 32,997 602,432 110,016 113,648 113,749 122,763 142,257 955
신재생에너지 보급 확대 63,503 32,997 30,506 6,265 6,658 6,648 5,473 5,463 0
친환경에너지 자립도 증
대 14,003 0 14,003 2,801 2,801 2,801 2,801 2,801 0
에너지자립마을 조
성사업
기간:2026.01~2030.12
대상:관내 에너지 낙후
지역
규모:년 355kW
내용:자가용 및 상업용
태양광 설비 지원
N N N N Y N
계 2,334 0 2,334 467 467 467 467 467 0
의무 2,334 0 2,334 467 467 467 467 467 0
시도비 875 0 875 175 175 175 175 175 0
- 321 -
- 322 -
세세부부사사업업계계획획서서
회계연도 : 2026년
회계구분 : 일반 , 특별회계 , 기금
분    야 : 전체
부    문 : 전체 (단위 : 백만원)
분야ㆍ부문ㆍ정책ㆍ단위ㆍ세부사
업 사 업 개 요 국가계
획
투
자
심
사
지
방
채
BTL
의무지출
재원 총사업비 기투자
연     도     별     투     자     계     획
향  후
법
정
보
조
이
자 소  계 2026 2027 2028 2029 2030
N N N N Y N 시군구비 1,459 0 1,459 292 292 292 292 292 0
신재생에너지 융복
합지원사업
기간: 2025. 1.~2029. 12.
대상: 각 읍면동 주택, 건
물 및 산업단지  내 건물
등
규모: 700개소, 총7,000kw
신재생에너지설비 설치
내용: 2종이상 신재생에너
지설비 설치지원
Y 산
업통
상자
원부
Y N N N Y N
계 11,668 0 11,668 2,334 2,334 2,334 2,334 2,334 0
의무 11,668 0 11,668 2,334 2,334 2,334 2,334 2,334 0
국고보조금 4,518 0 4,518 904 904 904 904 904 0
시군구비 7,150 0 7,150 1,430 1,430 1,430 1,430 1,430 0
에너지 복지 실현 49,500 32,997 16,503 3,464 3,857 3,847 2,672 2,662 0
마을단위 LPG소형저
장탱크 보급사업
기간:2025~2030년
대상:도시가스미공급지
역
규모:50세대
내용:연료사용환경개선
N N N N Y N
계 1,847 0 1,847 47 450 450 450 450 0
의무 1,847 0 1,847 47 450 450 450 450 0
시도비 247 0 247 47 50 50 50 50 0
시군구비 1,600 0 1,600 0 400 400 400 400 0
도시가스 공급 취약
지역 지원
기간:2025~2030년
대상:가스미공급지역
규모:화성시전역
내용:공급배관설치지원
N N N N N N
계 9,800 0 9,800 1,980 1,970 1,960 1,950 1,940 0
재량 9,800 0 9,800 1,980 1,970 1,960 1,950 1,940 0
시군구비 9,800 0 9,800 1,980 1,970 1,960 1,950 1,940 0
주거지역 가공전선
로 지중화
기간:2026~2030년
대상:관내 주거지역
규모:1.2km지중화
내용:가공전선로지중화
Y N N N N N
계 36,492 32,997 3,495 1,165 1,165 1,165 0 0 0
재량 36,492 32,997 3,495 1,165 1,165 1,165 0 0 0
시군구비 36,492 32,997 3,495 1,165 1,165 1,165 0 0 0
도시가스 배관망 지
원사업
기간:2025~2030년
대상:취약지역
규모:연간 3~4개 마을
내용:공급배관설치지원
Y N N N Y N
계 1,361 0 1,361 272 272 272 272 272 0
의무 1,361 0 1,361 272 272 272 272 272 0
- 323 -
세세부부사사업업계계획획서서
회계연도 : 2026년
회계구분 : 일반 , 특별회계 , 기금
분    야 : 전체
부    문 : 전체 (단위 : 백만원)
분야ㆍ부문ㆍ정책ㆍ단위ㆍ세부사
업 사 업 개 요 국가계
획
투
자
심
사
지
방
채
BTL
의무지출
재원 총사업비 기투자
연     도     별     투     자     계     획
향  후
법
정
보
조
이
자 소  계 2026 2027 2028 2029 2030
Y N N N Y N
시도비 681 0 681 136 136 136 136 136 0
시군구비 681 0 681 136 136 136 136 136 0
(민자 등) 10,000 0 10,000 2,000 2,000 2,000 2,000 2,000 0
첨단산업 경쟁력 강화 76,439 0 76,439 14,029 14,029 14,029 16,676 17,676 0
첨단산업 육성 및 지원 8,379 0 8,379 1,676 1,676 1,676 1,676 1,676 0
경기도형 스마트공
장 구축 및 컨설팅
지원
기간: 2025. 1. ~2030. 12.
대상: 관내 중소기업
규모: 기업당 53,000천원
지원, 연 31개사 지원
내용: 스마트공장 '기초'단
계 도입 대상 기업에 사전
컨설팅 제공 및 설비, 솔루
션 구축 지원
N N N N Y N
계 8,379 0 8,379 1,676 1,676 1,676 1,676 1,676 0
의무 8,379 0 8,379 1,676 1,676 1,676 1,676 1,676 0
시도비 4,190 0 4,190 838 838 838 838 838 0
시군구비 4,190 0 4,190 838 838 838 838 838 0
지역산업 생태계 육성 68,059 0 68,059 12,353 12,353 12,353 15,000 16,000 0
화성산업진흥원 운
영 지원
기간:2026.01~2030.12
위치:봉담읍 동화길 51, 봉
담 원희캐슬
조직:3본부 9팀 정원58명
주요기능: 지역산업 육성정
책수 립, 기업지원사업 등
Y N N Y N N
계 68,059 0 68,059 12,353 12,353 12,353 15,000 16,000 0
의무 68,059 0 68,059 12,353 12,353 12,353 15,000 16,000 0
시군구비 68,059 0 68,059 12,353 12,353 12,353 15,000 16,000 0
기업지원 활성화 85,642 0 85,642 16,348 16,348 16,348 17,648 18,948 0
중소기업 지원 12,961 0 12,961 2,592 2,592 2,592 2,592 2,592 0
중소기업 육성지원
기간:2026.01~2030.12
대상:관내 기업
규모:850개사 내외
내용:기업경영지원 등
N N N N N N
계 3,099 0 3,099 620 620 620 620 620 0
재량 3,099 0 3,099 620 620 620 620 620 0
시군구비 3,099 0 3,099 620 620 620 620 620 0
- 322 -
- 323 -
세세부부사사업업계계획획서서
회계연도 : 2026년
회계구분 : 일반 , 특별회계 , 기금
분    야 : 전체
부    문 : 전체 (단위 : 백만원)
분야ㆍ부문ㆍ정책ㆍ단위ㆍ세부사
업 사 업 개 요 국가계
획
투
자
심
사
지
방
채
BTL
의무지출
재원 총사업비 기투자
연     도     별     투     자     계     획
향  후
법
정
보
조
이
자 소  계 2026 2027 2028 2029 2030
Y N N N Y N
시도비 681 0 681 136 136 136 136 136 0
시군구비 681 0 681 136 136 136 136 136 0
(민자 등) 10,000 0 10,000 2,000 2,000 2,000 2,000 2,000 0
첨단산업 경쟁력 강화 76,439 0 76,439 14,029 14,029 14,029 16,676 17,676 0
첨단산업 육성 및 지원 8,379 0 8,379 1,676 1,676 1,676 1,676 1,676 0
경기도형 스마트공
장 구축 및 컨설팅
지원
기간: 2025. 1. ~2030. 12.
대상: 관내 중소기업
규모: 기업당 53,000천원
지원, 연 31개사 지원
내용: 스마트공장 '기초'단
계 도입 대상 기업에 사전
컨설팅 제공 및 설비, 솔루
션 구축 지원
N N N N Y N
계 8,379 0 8,379 1,676 1,676 1,676 1,676 1,676 0
의무 8,379 0 8,379 1,676 1,676 1,676 1,676 1,676 0
시도비 4,190 0 4,190 838 838 838 838 838 0
시군구비 4,190 0 4,190 838 838 838 838 838 0
지역산업 생태계 육성 68,059 0 68,059 12,353 12,353 12,353 15,000 16,000 0
화성산업진흥원 운
영 지원
기간:2026.01~2030.12
위치:봉담읍 동화길 51, 봉
담 원희캐슬
조직:3본부 9팀 정원58명
주요기능: 지역산업 육성정
책수 립, 기업지원사업 등
Y N N Y N N
계 68,059 0 68,059 12,353 12,353 12,353 15,000 16,000 0
의무 68,059 0 68,059 12,353 12,353 12,353 15,000 16,000 0
시군구비 68,059 0 68,059 12,353 12,353 12,353 15,000 16,000 0
기업지원 활성화 85,642 0 85,642 16,348 16,348 16,348 17,648 18,948 0
중소기업 지원 12,961 0 12,961 2,592 2,592 2,592 2,592 2,592 0
중소기업 육성지원
기간:2026.01~2030.12
대상:관내 기업
규모:850개사 내외
내용:기업경영지원 등
N N N N N N
계 3,099 0 3,099 620 620 620 620 620 0
재량 3,099 0 3,099 620 620 620 620 620 0
시군구비 3,099 0 3,099 620 620 620 620 620 0
- 323 -
- 324 -
세세부부사사업업계계획획서서
회계연도 : 2026년
회계구분 : 일반 , 특별회계 , 기금
분    야 : 전체
부    문 : 전체 (단위 : 백만원)
분야ㆍ부문ㆍ정책ㆍ단위ㆍ세부사
업 사 업 개 요 국가계
획
투
자
심
사
지
방
채
BTL
의무지출
재원 총사업비 기투자
연     도     별     투     자     계     획
향  후
법
정
보
조
이
자 소  계 2026 2027 2028 2029 2030
기술닥터 사업
기간:2026.01~2030.12
대상:관내 중소기업
규모:550건 내외
내용:기업현장 애로기
술 지원
N N N N Y N
계 2,362 0 2,362 472 472 472 472 472 0
의무 2,362 0 2,362 472 472 472 472 472 0
시도비 709 0 709 142 142 142 142 142 0
시군구비 1,654 0 1,654 331 331 331 331 331 0
기업환경 개선(보조
)(전환사업)
기간:2026.01~2030.12
대상:관내 중소기업
규모:50개사 내외
내용:중소기업 기업환
경 개선
N N N N Y N
계 4,500 0 4,500 900 900 900 900 900 0
의무 4,500 0 4,500 900 900 900 900 900 0
시도비 2,250 0 2,250 450 450 450 450 450 0
시군구비 2,250 0 2,250 450 450 450 450 450 0
공장밀집지역 기반
시설 정비사업
기간:2026.01~2030.12
대상:관내 공장밀집지
역
규모:공장밀집지역 12개
소
내용:도로보수, 배수관
로 정비 등
N N N N N N
계 3,000 0 3,000 600 600 600 600 600 0
재량 3,000 0 3,000 600 600 600 600 600 0
시군구비 3,000 0 3,000 600 600 600 600 600 0
중소기업 자금 지원 35,975 0 35,975 6,595 6,595 6,595 7,595 8,595 0
중소기업 자금 지원
기간:2026.01~2030.12
대상:관내 중소기업으로 일
정요건 충족대상
지원규모:1,800여건
내용:중소기업 육성자금 출
연, 매축채권보험 지원, 특
례보증 및 운전자금 지원
등
N N N N N N
계 35,975 0 35,975 6,595 6,595 6,595 7,595 8,595 0
재량 35,975 0 35,975 6,595 6,595 6,595 7,595 8,595 0
시군구비 35,975 0 35,975 6,595 6,595 6,595 7,595 8,595 0
중소기업 통상지원 10,540 0 10,540 2,108 2,108 2,108 2,108 2,108 0
해외수출판로 개척
사업
기간:2026~2030년
대상:관내 중소기업
규모:213개사 내외
내용:시장개척단 등 4개
사업 진행
Y N N N N N
계 2,741 0 2,741 548 548 548 548 548 0
재량 2,741 0 2,741 548 548 548 548 548 0
- 325 -
세세부부사사업업계계획획서서
회계연도 : 2026년
회계구분 : 일반 , 특별회계 , 기금
분    야 : 전체
부    문 : 전체 (단위 : 백만원)
분야ㆍ부문ㆍ정책ㆍ단위ㆍ세부사
업 사 업 개 요 국가계
획
투
자
심
사
지
방
채
BTL
의무지출
재원 총사업비 기투자
연     도     별     투     자     계     획
향  후
법
정
보
조
이
자 소  계 2026 2027 2028 2029 2030
Y N N N N N 시군구비 2,741 0 2,741 548 548 548 548 548 0
해외전시회 지원
기간:2026~2030년
대상:관내 중소기업
규모:119개사 내외
내용:해외전시회 참가
지원
Y N N N N N
계 3,500 0 3,500 700 700 700 700 700 0
재량 3,500 0 3,500 700 700 700 700 700 0
시군구비 3,500 0 3,500 700 700 700 700 700 0
수출물류지원
기간:2026~2030년
대상:관내 중소기업
규모:110개사 내외
내용:수출물류비 지원
N N N N N N
계 2,000 0 2,000 400 400 400 400 400 0
재량 2,000 0 2,000 400 400 400 400 400 0
시군구비 2,000 0 2,000 400 400 400 400 400 0
수출업무지원센터
운영비
기간:2026~2030년
대상:수출업무지원센터
규모:1년 간 센터 운영
비용
내용:수출업무지원센터
운영
N N N N N N
계 2,299 0 2,299 460 460 460 460 460 0
재량 2,299 0 2,299 460 460 460 460 460 0
시군구비 2,299 0 2,299 460 460 460 460 460 0
창업·벤처기업 지원 2,596 0 2,596 459 459 459 559 659 0
강소기업 성장환경
구축지원
기간:2026.1.1.~2030.12.31
.
대상:관내 중소기업, 창업
기업 등
규모:관내 중소기업, 창업
기업 60개사
내용:관내 유망 기업 적극
지원 및 육성
N N N N N N
계 2,596 0 2,596 459 459 459 559 659 0
재량 2,596 0 2,596 459 459 459 559 659 0
시군구비 2,596 0 2,596 459 459 459 559 659 0
소공인지원 23,570 0 23,570 4,594 4,594 4,594 4,794 4,994 0
소공인 특화지원
기간:2026.01~2030.12
대상:화성시 관내 제조업
소공인
규모 :1,254백만원(매년)
내용:교육사업,소공인 마케
팅 지원,소공인 인증지원,
소공인 특화 컨설팅 지원
N N N N N N
계 6,115 0 6,115 1,103 1,103 1,103 1,303 1,503 0
재량 6,115 0 6,115 1,103 1,103 1,103 1,303 1,503 0
시군구비 6,115 0 6,115 1,103 1,103 1,103 1,303 1,503 0
- 324 -
- 325 -
세세부부사사업업계계획획서서
회계연도 : 2026년
회계구분 : 일반 , 특별회계 , 기금
분    야 : 전체
부    문 : 전체 (단위 : 백만원)
분야ㆍ부문ㆍ정책ㆍ단위ㆍ세부사
업 사 업 개 요 국가계
획
투
자
심
사
지
방
채
BTL
의무지출
재원 총사업비 기투자
연     도     별     투     자     계     획
향  후
법
정
보
조
이
자 소  계 2026 2027 2028 2029 2030
Y N N N N N 시군구비 2,741 0 2,741 548 548 548 548 548 0
해외전시회 지원
기간:2026~2030년
대상:관내 중소기업
규모:119개사 내외
내용:해외전시회 참가
지원
Y N N N N N
계 3,500 0 3,500 700 700 700 700 700 0
재량 3,500 0 3,500 700 700 700 700 700 0
시군구비 3,500 0 3,500 700 700 700 700 700 0
수출물류지원
기간:2026~2030년
대상:관내 중소기업
규모:110개사 내외
내용:수출물류비 지원
N N N N N N
계 2,000 0 2,000 400 400 400 400 400 0
재량 2,000 0 2,000 400 400 400 400 400 0
시군구비 2,000 0 2,000 400 400 400 400 400 0
수출업무지원센터
운영비
기간:2026~2030년
대상:수출업무지원센터
규모:1년 간 센터 운영
비용
내용:수출업무지원센터
운영
N N N N N N
계 2,299 0 2,299 460 460 460 460 460 0
재량 2,299 0 2,299 460 460 460 460 460 0
시군구비 2,299 0 2,299 460 460 460 460 460 0
창업·벤처기업 지원 2,596 0 2,596 459 459 459 559 659 0
강소기업 성장환경
구축지원
기간:2026.1.1.~2030.12.31
.
대상:관내 중소기업, 창업
기업 등
규모:관내 중소기업, 창업
기업 60개사
내용:관내 유망 기업 적극
지원 및 육성
N N N N N N
계 2,596 0 2,596 459 459 459 559 659 0
재량 2,596 0 2,596 459 459 459 559 659 0
시군구비 2,596 0 2,596 459 459 459 559 659 0
소공인지원 23,570 0 23,570 4,594 4,594 4,594 4,794 4,994 0
소공인 특화지원
기간:2026.01~2030.12
대상:화성시 관내 제조업
소공인
규모 :1,254백만원(매년)
내용:교육사업,소공인 마케
팅 지원,소공인 인증지원,
소공인 특화 컨설팅 지원
N N N N N N
계 6,115 0 6,115 1,103 1,103 1,103 1,303 1,503 0
재량 6,115 0 6,115 1,103 1,103 1,103 1,303 1,503 0
시군구비 6,115 0 6,115 1,103 1,103 1,103 1,303 1,503 0
- 325 -
- 326 -
세세부부사사업업계계획획서서
회계연도 : 2026년
회계구분 : 일반 , 특별회계 , 기금
분    야 : 전체
부    문 : 전체 (단위 : 백만원)
분야ㆍ부문ㆍ정책ㆍ단위ㆍ세부사
업 사 업 개 요 국가계
획
투
자
심
사
지
방
채
BTL
의무지출
재원 총사업비 기투자
연     도     별     투     자     계     획
향  후
법
정
보
조
이
자 소  계 2026 2027 2028 2029 2030
소공인 집적지구 공
동기반시설 운영
기간:2026.01~2030.12
대상:화성시 소재 금속
제조 및 기계제조 소공
인
규모:연간 900건 내외
내용:공동장비 운용 및
시설 관리
N N N N N N
계 4,203 0 4,203 841 841 841 841 841 0
재량 4,203 0 4,203 841 841 841 841 841 0
시도비 150 0 150 30 30 30 30 30 0
시군구비 4,053 0 4,053 811 811 811 811 811 0
소공인 복합지원센
터 운영
기간:2026.01~2030.12.
대상:화성시 소재 금속
가공 및 기계제조 소공
인
규모:연간 850건 내외
내용:공동장비 운용 및
지원사업
N N N N N N
계 6,813 0 6,813 1,363 1,363 1,363 1,363 1,363 0
재량 6,813 0 6,813 1,363 1,363 1,363 1,363 1,363 0
시도비 150 0 150 30 30 30 30 30 0
시군구비 6,663 0 6,663 1,333 1,333 1,333 1,333 1,333 0
동탄 소공인 복합지
원센터 운영
기간:2026.01~2030.12
대상:관내 소공인
규모: 연간900건 내외
내용:소공인 실무교육
지원, 반도체 장비시설
지원
N N N N N N
계 6,440 0 6,440 1,288 1,288 1,288 1,288 1,288 0
재량 6,440 0 6,440 1,288 1,288 1,288 1,288 1,288 0
시도비 150 0 150 30 30 30 30 30 0
시군구비 6,290 0 6,290 1,258 1,258 1,258 1,258 1,258 0
기업경쟁력 강화 4,748 0 3,793 1,775 504 504 504 504 955
산업인프라조성 4,748 0 3,793 1,775 504 504 504 504 955
산업단지 위탁관리
운영
기간:2025.01~2029.12
수탁기관:화성도시공사
규모:13개 산업단지
위탁내용:관내 산업단
지 관리업무
N N N N N N
계 2,022 0 2,022 404 404 404 404 404 0
재량 2,022 0 2,022 404 404 404 404 404 0
시군구비 2,022 0 2,022 404 404 404 404 404 0
향남제약일반산업단지
복합문화센터 건립
기간:2020. 6. ~ 2030. 12. 31
대상:향남읍 상신리 906번지 
일원(향남제약산업단지 내)
Y N N N N N 계 2,726 0 1,771 1,371 100 100 100 100 955
- 327 -
세세부부사사업업계계획획서서
회계연도 : 2026년
회계구분 : 일반 , 특별회계 , 기금
분    야 : 전체
부    문 : 전체 (단위 : 백만원)
분야ㆍ부문ㆍ정책ㆍ단위ㆍ세부사
업 사 업 개 요 국가계
획
투
자
심
사
지
방
채
BTL
의무지출
재원 총사업비 기투자
연     도     별     투     자     계     획
향  후
법
정
보
조
이
자 소  계 2026 2027 2028 2029 2030
규모:지하1층 ~ 지상3층, 
연면적 1,220㎡
내용:향남제약산업단지 내 
체력단련실, 다목적실, 
휴식공간 등으로 구성된 
복합문화센터 건립
Y N N N N N
재량 2,726 0 1,771 1,371 100 100 100 100 955
시군구비 2,726 0 1,771 1,371 100 100 100 100 955
지역경제 성장기반 구축 366,057 0 366,057 63,599 68,109 68,220 74,462 91,667 0
지역 상권 활성화 320,609 0 320,609 56,489 57,530 57,530 66,530 82,530 0
지역화폐 발행지원(
도비)
기간:연례반복
대상:지역화폐 이용자
규모:761,170명
내용:희망화성지역화폐
발행을 통한 소상공인
매출 증대 및 지역경제
선순환 도모
N N N N Y N
계 143,755 0 143,755 28,751 28,751 28,751 28,751 28,751 0
의무 143,755 0 143,755 28,751 28,751 28,751 28,751 28,751 0
시도비 57,505 0 57,505 11,501 11,501 11,501 11,501 11,501 0
시군구비 86,250 0 86,250 17,250 17,250 17,250 17,250 17,250 0
지역화폐 발행지원(
자체)
기간:연례반복
대상:지역화폐 이용자
규모:761,170명
내용:지역화폐 도입을
통한 소상공인 실질적
매출 증대 및 지역경제
선순환 도모
N N N N Y N
계 167,395 0 167,395 27,279 27,279 27,279 35,279 50,279 0
의무 167,395 0 167,395 27,279 27,279 27,279 35,279 50,279 0
시군구비 167,395 0 167,395 27,279 27,279 27,279 35,279 50,279 0
공공배달앱 활성화
지원
기간:연례반복
대상:공공배달앱 이용자 및
가맹점주
규모: 화성시민 100만명
내용:가맹점 경영 지원: 배
달수수료 쿠폰 지원, 신규
가맹점 할인쿠폰 지원, 홍
보비 
N N N N N N
계 9,459 0 9,459 459 1,500 1,500 2,500 3,500 0
재량 9,459 0 9,459 459 1,500 1,500 2,500 3,500 0
시군구비 9,459 0 9,459 459 1,500 1,500 2,500 3,500 0
소상공인 지원 34,338 0 34,338 6,130 6,149 6,250 7,352 8,457 0
소상공인 자금 지원
기간:2025.01~2029.12.
대상:관내 소상공인
규모:특례보증, 이자차
액 보전, 특례보증료 총
5,000백만원 지원
내용:소상공인 자금 지
원
N N N N N N
계 31,588 0 31,588 5,580 5,599 5,700 6,802 7,907 0
재량 31,588 0 31,588 5,580 5,599 5,700 6,802 7,907 0
시군구비 31,588 0 31,588 5,580 5,599 5,700 6,802 7,907 0
- 326 -
- 327 -
세세부부사사업업계계획획서서
회계연도 : 2026년
회계구분 : 일반 , 특별회계 , 기금
분    야 : 전체
부    문 : 전체 (단위 : 백만원)
분야ㆍ부문ㆍ정책ㆍ단위ㆍ세부사
업 사 업 개 요 국가계
획
투
자
심
사
지
방
채
BTL
의무지출
재원 총사업비 기투자
연     도     별     투     자     계     획
향  후
법
정
보
조
이
자 소  계 2026 2027 2028 2029 2030
규모:지하1층 ~ 지상3층, 
연면적 1,220㎡
내용:향남제약산업단지 내 
체력단련실, 다목적실, 
휴식공간 등으로 구성된 
복합문화센터 건립
Y N N N N N
재량 2,726 0 1,771 1,371 100 100 100 100 955
시군구비 2,726 0 1,771 1,371 100 100 100 100 955
지역경제 성장기반 구축 366,057 0 366,057 63,599 68,109 68,220 74,462 91,667 0
지역 상권 활성화 320,609 0 320,609 56,489 57,530 57,530 66,530 82,530 0
지역화폐 발행지원(
도비)
기간:연례반복
대상:지역화폐 이용자
규모:761,170명
내용:희망화성지역화폐
발행을 통한 소상공인
매출 증대 및 지역경제
선순환 도모
N N N N Y N
계 143,755 0 143,755 28,751 28,751 28,751 28,751 28,751 0
의무 143,755 0 143,755 28,751 28,751 28,751 28,751 28,751 0
시도비 57,505 0 57,505 11,501 11,501 11,501 11,501 11,501 0
시군구비 86,250 0 86,250 17,250 17,250 17,250 17,250 17,250 0
지역화폐 발행지원(
자체)
기간:연례반복
대상:지역화폐 이용자
규모:761,170명
내용:지역화폐 도입을
통한 소상공인 실질적
매출 증대 및 지역경제
선순환 도모
N N N N Y N
계 167,395 0 167,395 27,279 27,279 27,279 35,279 50,279 0
의무 167,395 0 167,395 27,279 27,279 27,279 35,279 50,279 0
시군구비 167,395 0 167,395 27,279 27,279 27,279 35,279 50,279 0
공공배달앱 활성화
지원
기간:연례반복
대상:공공배달앱 이용자 및
가맹점주
규모: 화성시민 100만명
내용:가맹점 경영 지원: 배
달수수료 쿠폰 지원, 신규
가맹점 할인쿠폰 지원, 홍
보비 
N N N N N N
계 9,459 0 9,459 459 1,500 1,500 2,500 3,500 0
재량 9,459 0 9,459 459 1,500 1,500 2,500 3,500 0
시군구비 9,459 0 9,459 459 1,500 1,500 2,500 3,500 0
소상공인 지원 34,338 0 34,338 6,130 6,149 6,250 7,352 8,457 0
소상공인 자금 지원
기간:2025.01~2029.12.
대상:관내 소상공인
규모:특례보증, 이자차
액 보전, 특례보증료 총
5,000백만원 지원
내용:소상공인 자금 지
원
N N N N N N
계 31,588 0 31,588 5,580 5,599 5,700 6,802 7,907 0
재량 31,588 0 31,588 5,580 5,599 5,700 6,802 7,907 0
시군구비 31,588 0 31,588 5,580 5,599 5,700 6,802 7,907 0
- 327 -
- 328 -
세세부부사사업업계계획획서서
회계연도 : 2026년
회계구분 : 일반 , 특별회계 , 기금
분    야 : 전체
부    문 : 전체 (단위 : 백만원)
분야ㆍ부문ㆍ정책ㆍ단위ㆍ세부사
업 사 업 개 요 국가계
획
투
자
심
사
지
방
채
BTL
의무지출
재원 총사업비 기투자
연     도     별     투     자     계     획
향  후
법
정
보
조
이
자 소  계 2026 2027 2028 2029 2030
소상공인 경영환경
개선 사업
기간:연례반복
대상:관내 소상공인
규모:약150개소
내용:경영환경개선 비
용 지원
N N N N N N
계 2,750 0 2,750 550 550 550 550 550 0
재량 2,750 0 2,750 550 550 550 550 550 0
시군구비 2,750 0 2,750 550 550 550 550 550 0
서민경제 안정화 도모 11,110 0 11,110 980 4,430 4,440 580 680 0
전통시장 및 상점가
활성화 지원
기간:연례반복
대상:전통시장 및 상점가
방문 고객
규모:행사 개최시 순간최대
인원 300인 이하
내용:문화공연, 영수증이벤
트 등 상권활성화 행사 진
행
N N N N N N
계 2,700 0 2,700 480 480 480 580 680 0
재량 2,700 0 2,700 480 480 480 580 680 0
시군구비 2,700 0 2,700 480 480 480 580 680 0
전통시장 혁신모델
구축사업
기간:2025.1 ~ 2028.12.
대상:전통시장 및 서해안
관광자원을 이용하는 시민
규모:궁평항해오름수산시장
A동 리모델링
내용:지역맞춤형 도시 랜드
마크 전통시장 혁신모델 구
축
Y N N N N N
계 8,410 0 8,410 500 3,950 3,960 0 0 0
재량 8,410 0 8,410 500 3,950 3,960 0 0 0
시군구비 8,410 0 8,410 500 3,950 3,960 0 0 0
노사상생의 산업평화도시
조성 29,316 0 29,316 5,863 5,863 5,863 5,863 5,863 0
노사상생협력 기업문화
조성 1,891 0 1,891 378 378 378 378 378 0
화성시노사민정협의
회사무국 운영
기간:2025.01~2030.12
대상:민간단체법정운영
비보조(시비)
규모:411,000천원
내용:화성시노사민정협
의회 의결사항 추진 
N N N Y N N
계 1,891 0 1,891 378 378 378 378 378 0
의무 1,891 0 1,891 378 378 378 378 378 0
시군구비 1,891 0 1,891 378 378 378 378 378 0
노동복지 증진 및 권익
신장 15,750 0 15,750 3,150 3,150 3,150 3,150 3,150 0
근로자복지관 운영
기간:2026.01~2030.12
대상:해당없음
규모:3,300,084천원
내용:화성시 근로자종
합복지관 운영 일체
N N N Y N N
계 15,750 0 15,750 3,150 3,150 3,150 3,150 3,150 0
의무 15,750 0 15,750 3,150 3,150 3,150 3,150 3,150 0
- 329 -
세세부부사사업업계계획획서서
회계연도 : 2026년
회계구분 : 일반 , 특별회계 , 기금
분    야 : 전체
부    문 : 전체 (단위 : 백만원)
분야ㆍ부문ㆍ정책ㆍ단위ㆍ세부사
업 사 업 개 요 국가계
획
투
자
심
사
지
방
채
BTL
의무지출
재원 총사업비 기투자
연     도     별     투     자     계     획
향  후
법
정
보
조
이
자 소  계 2026 2027 2028 2029 2030
N N N Y N N 시군구비 15,750 0 15,750 3,150 3,150 3,150 3,150 3,150 0
안전한 일터 조성 11,675 0 11,675 2,335 2,335 2,335 2,335 2,335 0
산업안전지킴이 운
영
기간:2026.01~2026.12.
해당없음
총액 3,231,801천원
사업장 안전점검 및 컨
설팅
N N N N N N
계 11,675 0 11,675 2,335 2,335 2,335 2,335 2,335 0
재량 11,675 0 11,675 2,335 2,335 2,335 2,335 2,335 0
시군구비 11,675 0 11,675 2,335 2,335 2,335 2,335 2,335 0
지역경제 성장기반 구축 10,680 0 10,680 2,136 2,136 2,136 2,136 2,136 0
일자리 지원 10,680 0 10,680 2,136 2,136 2,136 2,136 2,136 0
희망내일사업 추진
기간:2025.01~2029.12
대상:저소득 실업자
규모:연 420명
내용:대상자 선발 및 운
영
N N N N N N
계 10,680 0 10,680 2,136 2,136 2,136 2,136 2,136 0
재량 10,680 0 10,680 2,136 2,136 2,136 2,136 2,136 0
시군구비 10,680 0 10,680 2,136 2,136 2,136 2,136 2,136 0
교통및물류 5,592,438 1,154,637 4,437,801 423,808 975,084 1,055,426 980,776 1,002,708 0
도로 2,795,545 1,006,172 1,789,373 100,201 203,771 167,013 640,152 678,236 0
도로망확충을 통한 교통체
증 해소 1,669,039 576,990 1,092,049 26,150 25,804 22,935 462,431 554,729 0
지방도 확ㆍ포장 189,985 189,985 0 0 0 0 0 0 0
백미-송교간 도로확
포장공사
기간 : 2007.01. ~
2026.12.
대상 : 서신면 백미리 ~
송교리
규모 : L=4.92km, B=15m(
2차로)
내용 : 백미~송교간 도
로확포장(지방도 301호
선)
N N N N N N
계 38,100 38,100 0 0 0 0 0 0 0
재량 38,100 38,100 0 0 0 0 0 0 0
시군구비 35,100 35,100 0 0 0 0 0 0 0
지방채 3,000 3,000 0 0 0 0 0 0 0
- 328 -
- 329 -
세세부부사사업업계계획획서서
회계연도 : 2026년
회계구분 : 일반 , 특별회계 , 기금
분    야 : 전체
부    문 : 전체 (단위 : 백만원)
분야ㆍ부문ㆍ정책ㆍ단위ㆍ세부사
업 사 업 개 요 국가계
획
투
자
심
사
지
방
채
BTL
의무지출
재원 총사업비 기투자
연     도     별     투     자     계     획
향  후
법
정
보
조
이
자 소  계 2026 2027 2028 2029 2030
N N N Y N N 시군구비 15,750 0 15,750 3,150 3,150 3,150 3,150 3,150 0
안전한 일터 조성 11,675 0 11,675 2,335 2,335 2,335 2,335 2,335 0
산업안전지킴이 운
영
기간:2026.01~2026.12.
해당없음
총액 3,231,801천원
사업장 안전점검 및 컨
설팅
N N N N N N
계 11,675 0 11,675 2,335 2,335 2,335 2,335 2,335 0
재량 11,675 0 11,675 2,335 2,335 2,335 2,335 2,335 0
시군구비 11,675 0 11,675 2,335 2,335 2,335 2,335 2,335 0
지역경제 성장기반 구축 10,680 0 10,680 2,136 2,136 2,136 2,136 2,136 0
일자리 지원 10,680 0 10,680 2,136 2,136 2,136 2,136 2,136 0
희망내일사업 추진
기간:2025.01~2029.12
대상:저소득 실업자
규모:연 420명
내용:대상자 선발 및 운
영
N N N N N N
계 10,680 0 10,680 2,136 2,136 2,136 2,136 2,136 0
재량 10,680 0 10,680 2,136 2,136 2,136 2,136 2,136 0
시군구비 10,680 0 10,680 2,136 2,136 2,136 2,136 2,136 0
교통및물류 5,592,438 1,154,637 4,437,801 423,808 975,084 1,055,426 980,776 1,002,708 0
도로 2,795,545 1,006,172 1,789,373 100,201 203,771 167,013 640,152 678,236 0
도로망확충을 통한 교통체
증 해소 1,669,039 576,990 1,092,049 26,150 25,804 22,935 462,431 554,729 0
지방도 확ㆍ포장 189,985 189,985 0 0 0 0 0 0 0
백미-송교간 도로확
포장공사
기간 : 2007.01. ~
2026.12.
대상 : 서신면 백미리 ~
송교리
규모 : L=4.92km, B=15m(
2차로)
내용 : 백미~송교간 도
로확포장(지방도 301호
선)
N N N N N N
계 38,100 38,100 0 0 0 0 0 0 0
재량 38,100 38,100 0 0 0 0 0 0 0
시군구비 35,100 35,100 0 0 0 0 0 0 0
지방채 3,000 3,000 0 0 0 0 0 0 0
- 329 -
- 330 -
세세부부사사업업계계획획서서
회계연도 : 2026년
회계구분 : 일반 , 특별회계 , 기금
분    야 : 전체
부    문 : 전체 (단위 : 백만원)
분야ㆍ부문ㆍ정책ㆍ단위ㆍ세부사
업 사 업 개 요 국가계
획
투
자
심
사
지
방
채
BTL
의무지출
재원 총사업비 기투자
연     도     별     투     자     계     획
향  후
법
정
보
조
이
자 소  계 2026 2027 2028 2029 2030
조암지구 연결도로
확포장공사
기간:2014.03~2025. 12.
대상:우정읍 조암리
규모:L=0.85㎞, B=25m
내용:국지도82호선 도로
확포장공사(2→4차로)
Y N N N N N
계 18,478 18,478 0 0 0 0 0 0 0
재량 18,478 18,478 0 0 0 0 0 0 0
시군구비 18,478 18,478 0 0 0 0 0 0 0
궁평 관광지 연결도
로 확포장공사
기간:2016.01~2025.09
대상:서신면 궁평리~백
미리 일원
규모:L=4.5km B=12m(2차
로)
내용:궁평 관광지 연결
도로 확포장공사
Y 행
정안
전부
Y N N N Y N
계 82,344 82,344 0 0 0 0 0 0 0
의무 82,344 82,344 0 0 0 0 0 0 0
국고보조금 28,950 28,950 0 0 0 0 0 0 0
시군구비 53,394 53,394 0 0 0 0 0 0 0
(민자 등) 500 500 0 0 0 0 0 0 0
화산리 도로개선공
사
기간:2016. 9. 1. ~ 2025.
03. 31.
대상:우정읍 화산리 일원
규모:L=0.7km, 
2차로→4차로
내용:화산리 도로개선공사 
N N N N N N
계 2,930 2,930 0 0 0 0 0 0 0
재량 2,930 2,930 0 0 0 0 0 0 0
시군구비 2,930 2,930 0 0 0 0 0 0 0
매향-화산간 도로확
포장공사
기간:2017.03~2026. 2.
대상:우정읍 매향리~화
산리 일원
규모:L=2.92km, 2차로→
4차로
내용:지방도301호선 도
로확포장공사
Y N N N Y N
계 48,133 48,133 0 0 0 0 0 0 0
의무 48,133 48,133 0 0 0 0 0 0 0
시도비 24,000 24,000 0 0 0 0 0 0 0
시군구비 24,133 24,133 0 0 0 0 0 0 0
시도 확ㆍ포장 399,044 213,199 185,845 19,200 13,925 9,300 105,750 37,670 0
시도13호선 도로확
포장공사
기간:2011.01~2025.12.
위치:남양읍 장덕리~팔
탄면 하저리
규모:L=6.6km, B=12.5m
내용:시도 확포장공사
Y N N Y N N
계 47,420 47,420 0 0 0 0 0 0 0
의무 47,420 47,420 0 0 0 0 0 0 0
- 331 -
세세부부사사업업계계획획서서
회계연도 : 2026년
회계구분 : 일반 , 특별회계 , 기금
분    야 : 전체
부    문 : 전체 (단위 : 백만원)
분야ㆍ부문ㆍ정책ㆍ단위ㆍ세부사
업 사 업 개 요 국가계
획
투
자
심
사
지
방
채
BTL
의무지출
재원 총사업비 기투자
연     도     별     투     자     계     획
향  후
법
정
보
조
이
자 소  계 2026 2027 2028 2029 2030
Y N N Y N N
국고보조금 3,750 3,750 0 0 0 0 0 0 0
시군구비 43,670 43,670 0 0 0 0 0 0 0
동학-벌말간 도로확
포장공사
기간:2015.01~2026. 12.
대상:비봉면 쌍학리 일
원
규모:L=2.0km, 2차로
내용:시도 및 농어촌도
로 확장
Y 행
정안
전부
Y N N N N N
계 26,552 26,552 0 0 0 0 0 0 0
재량 26,552 26,552 0 0 0 0 0 0 0
균특보조금 287 287 0 0 0 0 0 0 0
시군구비 26,265 26,265 0 0 0 0 0 0 0
수기-분천간 도로확
포장공사
기간:2015.01~2026. 4.
위치:봉담읍 수기리~분
천리
규모:L=1.5km, 2→4차로
내용:시도64호선 도로확
포장
Y Y N N Y N
계 36,490 29,790 6,700 6,700 0 0 0 0 0
의무 36,490 29,790 6,700 6,700 0 0 0 0 0
시군구비 29,790 29,790 0 0 0 0 0 0 0
지방채 6,700 0 6,700 6,700 0 0 0 0 0
시도 69호선 도로확
포장공사(2구간)
기간:2009.06~2025.12
위치:비봉면 삼화리~매
송면 야목리
규모:L=3.3km, 2→4차로
내용:시도69호선 도로확
포장
Y N N N N N
계 39,060 39,060 0 0 0 0 0 0 0
재량 39,060 39,060 0 0 0 0 0 0 0
시군구비 39,060 39,060 0 0 0 0 0 0 0
(민자 등) 16,400 16,400 0 0 0 0 0 0 0
와우-배양간 도로확
포장공사
기간:2016.01~2025. 3.
대상:봉담읍 와우리~배
양동 일원
규모:L=0.8km, B=20m(2
→4차로)
내용:시도70호선 도로확
포장공사
Y N N N N N
계 28,192 28,192 0 0 0 0 0 0 0
재량 28,192 28,192 0 0 0 0 0 0 0
시군구비 28,192 28,192 0 0 0 0 0 0 0
시도53호선 도로확
포장공사
기간:2018.04~2027. 12.
대상:마도면 청원리 일원 Y N N N N N 계 8,850 1,450 7,400 0 2,000 1,000 3,400 1,000 0
- 330 -
- 331 -
세세부부사사업업계계획획서서
회계연도 : 2026년
회계구분 : 일반 , 특별회계 , 기금
분    야 : 전체
부    문 : 전체 (단위 : 백만원)
분야ㆍ부문ㆍ정책ㆍ단위ㆍ세부사
업 사 업 개 요 국가계
획
투
자
심
사
지
방
채
BTL
의무지출
재원 총사업비 기투자
연     도     별     투     자     계     획
향  후
법
정
보
조
이
자 소  계 2026 2027 2028 2029 2030
Y N N Y N N
국고보조금 3,750 3,750 0 0 0 0 0 0 0
시군구비 43,670 43,670 0 0 0 0 0 0 0
동학-벌말간 도로확
포장공사
기간:2015.01~2026. 12.
대상:비봉면 쌍학리 일
원
규모:L=2.0km, 2차로
내용:시도 및 농어촌도
로 확장
Y 행
정안
전부
Y N N N N N
계 26,552 26,552 0 0 0 0 0 0 0
재량 26,552 26,552 0 0 0 0 0 0 0
균특보조금 287 287 0 0 0 0 0 0 0
시군구비 26,265 26,265 0 0 0 0 0 0 0
수기-분천간 도로확
포장공사
기간:2015.01~2026. 4.
위치:봉담읍 수기리~분
천리
규모:L=1.5km, 2→4차로
내용:시도64호선 도로확
포장
Y Y N N Y N
계 36,490 29,790 6,700 6,700 0 0 0 0 0
의무 36,490 29,790 6,700 6,700 0 0 0 0 0
시군구비 29,790 29,790 0 0 0 0 0 0 0
지방채 6,700 0 6,700 6,700 0 0 0 0 0
시도 69호선 도로확
포장공사(2구간)
기간:2009.06~2025.12
위치:비봉면 삼화리~매
송면 야목리
규모:L=3.3km, 2→4차로
내용:시도69호선 도로확
포장
Y N N N N N
계 39,060 39,060 0 0 0 0 0 0 0
재량 39,060 39,060 0 0 0 0 0 0 0
시군구비 39,060 39,060 0 0 0 0 0 0 0
(민자 등) 16,400 16,400 0 0 0 0 0 0 0
와우-배양간 도로확
포장공사
기간:2016.01~2025. 3.
대상:봉담읍 와우리~배
양동 일원
규모:L=0.8km, B=20m(2
→4차로)
내용:시도70호선 도로확
포장공사
Y N N N N N
계 28,192 28,192 0 0 0 0 0 0 0
재량 28,192 28,192 0 0 0 0 0 0 0
시군구비 28,192 28,192 0 0 0 0 0 0 0
시도53호선 도로확
포장공사
기간:2018.04~2027. 12.
대상:마도면 청원리 일원 Y N N N N N 계 8,850 1,450 7,400 0 2,000 1,000 3,400 1,000 0
- 331 -
- 332 -
세세부부사사업업계계획획서서
회계연도 : 2026년
회계구분 : 일반 , 특별회계 , 기금
분    야 : 전체
부    문 : 전체 (단위 : 백만원)
분야ㆍ부문ㆍ정책ㆍ단위ㆍ세부사
업 사 업 개 요 국가계
획
투
자
심
사
지
방
채
BTL
의무지출
재원 총사업비 기투자
연     도     별     투     자     계     획
향  후
법
정
보
조
이
자 소  계 2026 2027 2028 2029 2030
규모:L=1.00km, 
2차로→3차로
내용:시도53호선 
도로확·포장공사
Y N N N N N
재량 8,850 1,450 7,400 0 2,000 1,000 3,400 1,000 0
시군구비 8,850 1,450 7,400 0 2,000 1,000 3,400 1,000 0
시도1호선 도로확포
장공사
기간:2018.08~2028. 8.
대상:남양읍 원천리~송
림리 일원
규모:L=1.60km, 
B=12.0m(양방향 2차로)
내용:시도1호선 도로확
·포장
Y N N N N N
계 23,500 4,400 19,100 3,000 2,000 2,000 8,000 4,100 0
재량 23,500 4,400 19,100 3,000 2,000 2,000 8,000 4,100 0
시군구비 23,500 4,400 19,100 3,000 2,000 2,000 8,000 4,100 0
시도31호선 도로확
포장공사
기간:2019.06~2027.12
대상:봉담읍 상리~왕림
리 일원
규모:L=2.5km B=25m
내용:시도31호선 도로확
포장공사
Y N N N N N
계 29,115 12,915 16,200 3,000 3,300 3,300 3,300 3,300 0
재량 29,115 12,915 16,200 3,000 3,300 3,300 3,300 3,300 0
시군구비 29,115 12,915 16,200 3,000 3,300 3,300 3,300 3,300 0
시도78호선 도로확
포장공사
기간:2019.06~2028.12
대상:봉담읍 야목리~원
리 일원
규모:L=2.1km, B=20m(4
→6차로)
내용:시도78호선 도로확
포장공사
Y N N N N N
계 13,850 700 13,150 0 2,000 1,000 10,150 0 0
재량 13,850 700 13,150 0 2,000 1,000 10,150 0 0
시군구비 13,850 700 13,150 0 2,000 1,000 10,150 0 0
시도15호선 도로확
포장공사(2구간)
기간:2019.05~2027. 2.
위치:남양읍 안석리~활
초리 일원
규모:L=1.46km, B=12m
내용:시도15호선 도로확
포장공사
Y N N N N N
계 23,200 16,800 6,400 4,000 2,400 0 0 0 0
재량 23,200 16,800 6,400 4,000 2,400 0 0 0 0
시군구비 23,200 16,800 6,400 4,000 2,400 0 0 0 0
만년제교차로-중외
제약사거리 도로개
선공사
기간:2019.12~2025. 4. 
대상:안녕동 105-80번지
일원
규모:L=915m, B=3.5m
내용:도로개선 공사
Y N N N N N
계 4,220 4,220 0 0 0 0 0 0 0
재량 4,220 4,220 0 0 0 0 0 0 0
시군구비 4,220 4,220 0 0 0 0 0 0 0
시도50호선 외1개소
도로확포장공사
기간:2024. 05. ~ 2029. 07.
대상:우정읍 일원 Y N N N N N 계 32,820 1,100 31,720 2,300 2,000 2,000 13,000 12,420 0
- 333 -
세세부부사사업업계계획획서서
회계연도 : 2026년
회계구분 : 일반 , 특별회계 , 기금
분    야 : 전체
부    문 : 전체 (단위 : 백만원)
분야ㆍ부문ㆍ정책ㆍ단위ㆍ세부사
업 사 업 개 요 국가계
획
투
자
심
사
지
방
채
BTL
의무지출
재원 총사업비 기투자
연     도     별     투     자     계     획
향  후
법
정
보
조
이
자 소  계 2026 2027 2028 2029 2030
규모:시도50호선 L=0.79km, 
B=19m / 우정201호선 
L=1.350km, B=12.5m
내용:시도50호선, 
우정201호선 도로확포장공사
Y N N N N N
재량 32,820 1,100 31,720 2,300 2,000 2,000 13,000 12,420 0
시군구비 32,820 1,100 31,720 2,300 2,000 2,000 13,000 12,420 0
시도57호선 도로확
포장공사
기간:2025. 1. ~ 2031.
12.
대상:향남읍 수직리~양
감면 사창리 일원
규모:L=2.9km B=20m
내용:시도57호선 도로확
포장공사 
Y N N N N N
계 40,800 600 40,200 100 0 0 37,100 3,000 0
재량 40,800 600 40,200 100 0 0 37,100 3,000 0
시군구비 40,800 600 40,200 100 0 0 37,100 3,000 0
시도27호선 도로확
포장공사
기간:2026~2032
대상:남양읍 남양리 ~
활초리
규모:총연장 L=3.23km,
폭(B)=10m(2차로)
내용:시도 개설사업
Y N N N N N
계 44,975 0 44,975 100 225 0 30,800 13,850 0
재량 44,975 0 44,975 100 225 0 30,800 13,850 0
시군구비 44,975 0 44,975 100 225 0 30,800 13,850 0
농어촌도로 확ㆍ포장 289,178 141,303 147,875 6,750 5,455 7,250 95,360 33,060 0
당하-오일간 도로확
포장공사
기간:2010.01~2025.03.
대상:봉담읍 당하리~정
남면 오일리
규모:L=4.93㎞, B=15m
내용:농어촌도로 201호
선 도로확포장
Y N N N N N
계 84,437 84,437 0 0 0 0 0 0 0
재량 84,437 84,437 0 0 0 0 0 0 0
시군구비 84,437 84,437 0 0 0 0 0 0 0
보통-수기간 도로확
포장공사
기간:2014.01~2025. 3.
대상:정남면 보통리~수
기리 일원
규모:L=2.3km, B=20m(2
→4차로)
내용:농어촌도로 101·
102호선 확포장
Y N N N N N
계 46,766 46,766 0 0 0 0 0 0 0
재량 46,766 46,766 0 0 0 0 0 0 0
시군구비 46,766 46,766 0 0 0 0 0 0 0
(민자 등) 1,100 1,100 0 0 0 0 0 0 0
양노리 도로확포장
공사
기간:2017.01~2026. 12.
대상:비봉면 양노리
규모:L=0.85km, 
B=12m(2차로)
내용:양노리 도로확포장공
사
Y N N N N N
계 9,005 4,150 4,855 4,000 855 0 0 0 0
재량 9,005 4,150 4,855 4,000 855 0 0 0 0
- 332 -
- 333 -
세세부부사사업업계계획획서서
회계연도 : 2026년
회계구분 : 일반 , 특별회계 , 기금
분    야 : 전체
부    문 : 전체 (단위 : 백만원)
분야ㆍ부문ㆍ정책ㆍ단위ㆍ세부사
업 사 업 개 요 국가계
획
투
자
심
사
지
방
채
BTL
의무지출
재원 총사업비 기투자
연     도     별     투     자     계     획
향  후
법
정
보
조
이
자 소  계 2026 2027 2028 2029 2030
규모:시도50호선 L=0.79km, 
B=19m / 우정201호선 
L=1.350km, B=12.5m
내용:시도50호선, 
우정201호선 도로확포장공사
Y N N N N N
재량 32,820 1,100 31,720 2,300 2,000 2,000 13,000 12,420 0
시군구비 32,820 1,100 31,720 2,300 2,000 2,000 13,000 12,420 0
시도57호선 도로확
포장공사
기간:2025. 1. ~ 2031.
12.
대상:향남읍 수직리~양
감면 사창리 일원
규모:L=2.9km B=20m
내용:시도57호선 도로확
포장공사 
Y N N N N N
계 40,800 600 40,200 100 0 0 37,100 3,000 0
재량 40,800 600 40,200 100 0 0 37,100 3,000 0
시군구비 40,800 600 40,200 100 0 0 37,100 3,000 0
시도27호선 도로확
포장공사
기간:2026~2032
대상:남양읍 남양리 ~
활초리
규모:총연장 L=3.23km,
폭(B)=10m(2차로)
내용:시도 개설사업
Y N N N N N
계 44,975 0 44,975 100 225 0 30,800 13,850 0
재량 44,975 0 44,975 100 225 0 30,800 13,850 0
시군구비 44,975 0 44,975 100 225 0 30,800 13,850 0
농어촌도로 확ㆍ포장 289,178 141,303 147,875 6,750 5,455 7,250 95,360 33,060 0
당하-오일간 도로확
포장공사
기간:2010.01~2025.03.
대상:봉담읍 당하리~정
남면 오일리
규모:L=4.93㎞, B=15m
내용:농어촌도로 201호
선 도로확포장
Y N N N N N
계 84,437 84,437 0 0 0 0 0 0 0
재량 84,437 84,437 0 0 0 0 0 0 0
시군구비 84,437 84,437 0 0 0 0 0 0 0
보통-수기간 도로확
포장공사
기간:2014.01~2025. 3.
대상:정남면 보통리~수
기리 일원
규모:L=2.3km, B=20m(2
→4차로)
내용:농어촌도로 101·
102호선 확포장
Y N N N N N
계 46,766 46,766 0 0 0 0 0 0 0
재량 46,766 46,766 0 0 0 0 0 0 0
시군구비 46,766 46,766 0 0 0 0 0 0 0
(민자 등) 1,100 1,100 0 0 0 0 0 0 0
양노리 도로확포장
공사
기간:2017.01~2026. 12.
대상:비봉면 양노리
규모:L=0.85km, 
B=12m(2차로)
내용:양노리 도로확포장공
사
Y N N N N N
계 9,005 4,150 4,855 4,000 855 0 0 0 0
재량 9,005 4,150 4,855 4,000 855 0 0 0 0
- 333 -
- 334 -
세세부부사사업업계계획획서서
회계연도 : 2026년
회계구분 : 일반 , 특별회계 , 기금
분    야 : 전체
부    문 : 전체 (단위 : 백만원)
분야ㆍ부문ㆍ정책ㆍ단위ㆍ세부사
업 사 업 개 요 국가계
획
투
자
심
사
지
방
채
BTL
의무지출
재원 총사업비 기투자
연     도     별     투     자     계     획
향  후
법
정
보
조
이
자 소  계 2026 2027 2028 2029 2030
Y N N N N N 시군구비 9,005 4,150 4,855 4,000 855 0 0 0 0
왕림-분천간 도로확
포장공사
기간:2017.01~2028. 12.
대상:봉담읍 왕림리~분
천리 일원
규모:L=1.85km, 왕복2차
로
내용:리도206호선 도로
확포장공사
Y N N N N N
계 37,300 2,640 34,660 1,000 1,000 5,000 24,660 3,000 0
재량 37,300 2,640 34,660 1,000 1,000 5,000 24,660 3,000 0
시군구비 37,300 2,640 34,660 1,000 1,000 5,000 24,660 3,000 0
지화리(리도201호선
) 도로확포장공사
기간:2017.03~2026.12.
대상:송산면 지화리 678
번지 일원
규모:L=0.45km, B=12m
내용:리도201호선 도로
확포장공사
Y N N N N N
계 4,010 2,610 1,400 1,000 400 0 0 0 0
재량 4,010 2,610 1,400 1,000 400 0 0 0 0
시군구비 4,010 2,610 1,400 1,000 400 0 0 0 0
천등리(리도201호선
) 도로확포장공사
기간:2023. 10. 16. ~
2029.12.31.
대상:송산면 천등리 일
원
규모:L=1km, B=10m
내용:천등리 (리도201호
선) 도로확포장공사
N N N N N N
계 7,200 400 6,800 0 2,000 2,200 2,600 0 0
재량 7,200 400 6,800 0 2,000 2,200 2,600 0 0
시군구비 7,200 400 6,800 0 2,000 2,200 2,600 0 0
남양 202호선 도로
확포장공사
기간:2025.1 .~ 2031.
12.
대상:남양읍 장덕리 일
원 
규모:L=2.2km B=10m
내용:남양 리도202호선
도로확포장공사
N N N N N N
계 14,000 150 13,850 325 325 0 11,600 1,600 0
재량 14,000 150 13,850 325 325 0 11,600 1,600 0
시군구비 14,000 150 13,850 325 325 0 11,600 1,600 0
남양104호선 외1개
소 도로확포장공사
기간:2025. 1. ~ 2031. 12.
대상:남양읍 무송리 및 팔
탄 하저리 일원
규모:L=2.2km B=12m 2차로
내용:남양 104호선 외 1개
소 도로확포장공사
N N N N N N
계 30,400 150 30,250 325 325 0 24,500 5,100 0
재량 30,400 150 30,250 325 325 0 24,500 5,100 0
시군구비 30,400 150 30,250 325 325 0 24,500 5,100 0
마도205호선 도로확
포장공사
기간:2026.01.~2032.12.
대상: 마도면 청원리 일원
규모:L=1.7km, 2차로
내용: 마도205호선 도로확
포장공사
Y N N N N N
계 12,940 0 12,940 50 500 0 11,000 1,390 0
재량 12,940 0 12,940 50 500 0 11,000 1,390 0
- 335 -
세세부부사사업업계계획획서서
회계연도 : 2026년
회계구분 : 일반 , 특별회계 , 기금
분    야 : 전체
부    문 : 전체 (단위 : 백만원)
분야ㆍ부문ㆍ정책ㆍ단위ㆍ세부사
업 사 업 개 요 국가계
획
투
자
심
사
지
방
채
BTL
의무지출
재원 총사업비 기투자
연     도     별     투     자     계     획
향  후
법
정
보
조
이
자 소  계 2026 2027 2028 2029 2030
Y N N N N N 시군구비 12,940 0 12,940 50 500 0 11,000 1,390 0
양감 204호선 외 1
개소(향남 208호선)
도로확포장공사
기간:2026~2032
대상:양감면 신왕리 408-4
~ 향남읍 상두리 554-2번지
규모:총연장 L=4.3km, 폭(B)
=10m(2차로)
내용:농어촌도로 개설사업
Y N N N N N
계 43,120 0 43,120 50 50 50 21,000 21,970 0
재량 43,120 0 43,120 50 50 50 21,000 21,970 0
시군구비 43,120 0 43,120 50 50 50 21,000 21,970 0
비법정도로 확ㆍ포장 44,510 26,533 17,977 0 3,634 3,075 5,634 5,634 0
매향리 도로확포장
공사
기간:2016.01~2025.3.
대상:우정읍 매향리 일
원
규모:L=1.8km B=20m
내용:도로확포장공사
Y 행
정안
전부
Y N N N Y N
계 12,810 12,810 0 0 0 0 0 0 0
의무 12,810 12,810 0 0 0 0 0 0 0
국고보조금 1,250 1,250 0 0 0 0 0 0 0
시군구비 11,560 11,560 0 0 0 0 0 0 0
상기-내리간 도로확
포장공사
기간:2017.01~2029.12.
대상:봉담읍 상기리~내
리 일원
규모:L=2.0km, 왕복2차
로
내용:도로확포장공사
Y N N N N N
계 21,700 8,023 13,677 0 2,559 2,000 4,559 4,559 0
재량 21,700 8,023 13,677 0 2,559 2,000 4,559 4,559 0
시군구비 21,700 8,023 13,677 0 2,559 2,000 4,559 4,559 0
자안리 연결도로 확
포장공사
기간:2017.01~2028.12
대상:비봉면 자안리 일
원
규모:L=1.15km(왕복4차
로)
내용:자안리 연결도로
확포장공사
Y N N N N N
계 10,000 5,700 4,300 0 1,075 1,075 1,075 1,075 0
재량 10,000 5,700 4,300 0 1,075 1,075 1,075 1,075 0
시군구비 10,000 5,700 4,300 0 1,075 1,075 1,075 1,075 0
민자도로 702,622 4,970 697,652 200 2,000 2,500 215,777 477,175 0
시도69호선 도로 확
ㆍ포장
기간:2009.06~2026.12
대상:비봉면 양노리 ~ 비봉면 삼
화리
내용:시도69호선 도로확포장
규모:L=1.8km,(2~8차로), 
교량5개
소(349m)
Y N N N N N
계 4,222 4,222 0 0 0 0 0 0 0
재량 4,222 4,222 0 0 0 0 0 0 0
- 334 -
- 335 -
세세부부사사업업계계획획서서
회계연도 : 2026년
회계구분 : 일반 , 특별회계 , 기금
분    야 : 전체
부    문 : 전체 (단위 : 백만원)
분야ㆍ부문ㆍ정책ㆍ단위ㆍ세부사
업 사 업 개 요 국가계
획
투
자
심
사
지
방
채
BTL
의무지출
재원 총사업비 기투자
연     도     별     투     자     계     획
향  후
법
정
보
조
이
자 소  계 2026 2027 2028 2029 2030
Y N N N N N 시군구비 12,940 0 12,940 50 500 0 11,000 1,390 0
양감 204호선 외 1
개소(향남 208호선)
도로확포장공사
기간:2026~2032
대상:양감면 신왕리 408-4
~ 향남읍 상두리 554-2번지
규모:총연장 L=4.3km, 폭(B)
=10m(2차로)
내용:농어촌도로 개설사업
Y N N N N N
계 43,120 0 43,120 50 50 50 21,000 21,970 0
재량 43,120 0 43,120 50 50 50 21,000 21,970 0
시군구비 43,120 0 43,120 50 50 50 21,000 21,970 0
비법정도로 확ㆍ포장 44,510 26,533 17,977 0 3,634 3,075 5,634 5,634 0
매향리 도로확포장
공사
기간:2016.01~2025.3.
대상:우정읍 매향리 일
원
규모:L=1.8km B=20m
내용:도로확포장공사
Y 행
정안
전부
Y N N N Y N
계 12,810 12,810 0 0 0 0 0 0 0
의무 12,810 12,810 0 0 0 0 0 0 0
국고보조금 1,250 1,250 0 0 0 0 0 0 0
시군구비 11,560 11,560 0 0 0 0 0 0 0
상기-내리간 도로확
포장공사
기간:2017.01~2029.12.
대상:봉담읍 상기리~내
리 일원
규모:L=2.0km, 왕복2차
로
내용:도로확포장공사
Y N N N N N
계 21,700 8,023 13,677 0 2,559 2,000 4,559 4,559 0
재량 21,700 8,023 13,677 0 2,559 2,000 4,559 4,559 0
시군구비 21,700 8,023 13,677 0 2,559 2,000 4,559 4,559 0
자안리 연결도로 확
포장공사
기간:2017.01~2028.12
대상:비봉면 자안리 일
원
규모:L=1.15km(왕복4차
로)
내용:자안리 연결도로
확포장공사
Y N N N N N
계 10,000 5,700 4,300 0 1,075 1,075 1,075 1,075 0
재량 10,000 5,700 4,300 0 1,075 1,075 1,075 1,075 0
시군구비 10,000 5,700 4,300 0 1,075 1,075 1,075 1,075 0
민자도로 702,622 4,970 697,652 200 2,000 2,500 215,777 477,175 0
시도69호선 도로 확
ㆍ포장
기간:2009.06~2026.12
대상:비봉면 양노리 ~ 비봉면 삼
화리
내용:시도69호선 도로확포장
규모:L=1.8km,(2~8차로), 
교량5개
소(349m)
Y N N N N N
계 4,222 4,222 0 0 0 0 0 0 0
재량 4,222 4,222 0 0 0 0 0 0 0
- 335 -
- 336 -
세세부부사사업업계계획획서서
회계연도 : 2026년
회계구분 : 일반 , 특별회계 , 기금
분    야 : 전체
부    문 : 전체 (단위 : 백만원)
분야ㆍ부문ㆍ정책ㆍ단위ㆍ세부사
업 사 업 개 요 국가계
획
투
자
심
사
지
방
채
BTL
의무지출
재원 총사업비 기투자
연     도     별     투     자     계     획
향  후
법
정
보
조
이
자 소  계 2026 2027 2028 2029 2030
Y N N N N N
시군구비 4,222 4,222 0 0 0 0 0 0 0
(민자 등) 59,078 59,078 0 0 0 0 0 0 0
발안~남양 고속화도
로 개설
기간:2017.09~2029.12
대상:향남읍 상신리~남
양읍 송림리 일원
규모:L=15.36km(왕복4차
로)
내용:민자도로 개설
N N N N N N
계 329,200 358 328,842 0 0 0 163,900 164,942 0
재량 329,200 358 328,842 0 0 0 163,900 164,942 0
시군구비 329,200 358 328,842 0 0 0 163,900 164,942 0
(민자 등) 381,700 12,300 369,400 107,000 10,000 10,000 144,500 97,900 0
매송~동탄 고속화도
로 개설
기간:2020.04~2033.6
대상:매송면 원평리~반
정동 일원
규모:L=10.63km, 왕복4
차로
내용:민자도로 개설
Y N N N N N
계 204,200 120 204,080 0 2,000 2,000 40,000 160,080 0
재량 204,200 120 204,080 0 2,000 2,000 40,000 160,080 0
시군구비 204,200 120 204,080 0 2,000 2,000 40,000 160,080 0
(민자 등) 529,900 0 529,900 0 5,000 5,000 309,964 209,936 0
화성~오산 고속화도
로 개설
기간:2022.08~2031.06
위치:향남읍 행정리~경
기도 오산시 금암동
규모:L=13.30km
내용:민자고속화도로
개설
Y N N N N N
계 165,000 270 164,730 200 0 500 11,877 152,153 0
재량 165,000 270 164,730 200 0 500 11,877 152,153 0
시군구비 165,000 270 164,730 200 0 500 11,877 152,153 0
(민자 등) 448,400 0 28,400 0 0 0 28,400 0 420,000
국도 확·포장 43,700 1,000 42,700 0 790 810 39,910 1,190 0
국도77호선(화성IC~
남양연구소) 도로확
포장공사
기간:2025.1~ 2030.12.
대상:남양읍 신남리 산
103-3~신남리 산150-1(
국도77호선)
규모:L=2.0km B=20m
내용:도로망확충
Y N N N N N
계 43,700 1,000 42,700 0 790 810 39,910 1,190 0
재량 43,700 1,000 42,700 0 790 810 39,910 1,190 0
시군구비 43,700 1,000 42,700 0 790 810 39,910 1,190 0
- 337 -
세세부부사사업업계계획획서서
회계연도 : 2026년
회계구분 : 일반 , 특별회계 , 기금
분    야 : 전체
부    문 : 전체 (단위 : 백만원)
분야ㆍ부문ㆍ정책ㆍ단위ㆍ세부사
업 사 업 개 요 국가계
획
투
자
심
사
지
방
채
BTL
의무지출
재원 총사업비 기투자
연     도     별     투     자     계     획
향  후
법
정
보
조
이
자 소  계 2026 2027 2028 2029 2030
빠르고 편리한 도로개설 833,325 429,182 404,143 21,108 119,310 84,871 116,863 61,991 0
도시계획도로 개설 832,050 429,182 402,868 20,687 119,141 84,675 116,637 61,729 0
봉담도시계획도로
중로2-3호선 외 3개
소 개설공사
기간:2017.01~2025.10.
대상:봉담읍 와우리
213-111번지 일원
규모:L=580m, B=10~15m
내용:도시계획도로 개
설공사
Y N N N N N
계 19,020 19,020 0 0 0 0 0 0 0
재량 19,020 19,020 0 0 0 0 0 0 0
시군구비 19,020 19,020 0 0 0 0 0 0 0
봉담도시계획도로
대로3-16호선 외 1
개소 개설공사
기간:2016.07.~
2026.05.30.
대상:수원대학교 인근
규모:L=882m, B=10~25m
내용:도시계획도로 개
설
Y N N N N N
계 19,494 19,494 0 0 0 0 0 0 0
재량 19,494 19,494 0 0 0 0 0 0 0
시군구비 19,494 19,494 0 0 0 0 0 0 0
봉담도시계획도로
소로1-15호선 외 1
개소 개설공사
기간:2017.01~2024. 12
위치:봉담읍 와우리
156-99 일원
규모:L=253m, B=10m
내용:봉담권 도시계획
도로 개설
Y N N N N N
계 9,350 9,350 0 0 0 0 0 0 0
재량 9,350 9,350 0 0 0 0 0 0 0
시군구비 9,350 9,350 0 0 0 0 0 0 0
봉담도시계획도로
소로1-16호선 외 2
개소 개설공사
기간:2017.01~2026.3
위치:봉담읍 와우리 163
일원
규모:L=599m, B=8~10m
내용:봉담권 도시계획
도로 개설
Y N N N N N
계 11,600 11,600 0 0 0 0 0 0 0
재량 11,600 11,600 0 0 0 0 0 0 0
시군구비 11,600 11,600 0 0 0 0 0 0 0
봉담도시계획도로
소로1-17호선 외 1
개소 개설공사
기간:2017.01~2025.12
위치:봉담읍 와우리
156-48 일원
규모:L=458m, B=8~10m
내용:도시계획도로 개
설공사
Y N N N N N
계 9,600 9,600 0 0 0 0 0 0 0
재량 9,600 9,600 0 0 0 0 0 0 0
시군구비 9,600 9,600 0 0 0 0 0 0 0
봉담도시계획도로 소로1-23호
선 외 2개소 개설공사
기간:2018.01~2026.01
위치:봉담읍 와우리 178-1 
일원
Y N N N N N 계 8,400 8,400 0 0 0 0 0 0 0
- 336 -
- 337 -
세세부부사사업업계계획획서서
회계연도 : 2026년
회계구분 : 일반 , 특별회계 , 기금
분    야 : 전체
부    문 : 전체 (단위 : 백만원)
분야ㆍ부문ㆍ정책ㆍ단위ㆍ세부사
업 사 업 개 요 국가계
획
투
자
심
사
지
방
채
BTL
의무지출
재원 총사업비 기투자
연     도     별     투     자     계     획
향  후
법
정
보
조
이
자 소  계 2026 2027 2028 2029 2030
빠르고 편리한 도로개설 833,325 429,182 404,143 21,108 119,310 84,871 116,863 61,991 0
도시계획도로 개설 832,050 429,182 402,868 20,687 119,141 84,675 116,637 61,729 0
봉담도시계획도로
중로2-3호선 외 3개
소 개설공사
기간:2017.01~2025.10.
대상:봉담읍 와우리
213-111번지 일원
규모:L=580m, B=10~15m
내용:도시계획도로 개
설공사
Y N N N N N
계 19,020 19,020 0 0 0 0 0 0 0
재량 19,020 19,020 0 0 0 0 0 0 0
시군구비 19,020 19,020 0 0 0 0 0 0 0
봉담도시계획도로
대로3-16호선 외 1
개소 개설공사
기간:2016.07.~
2026.05.30.
대상:수원대학교 인근
규모:L=882m, B=10~25m
내용:도시계획도로 개
설
Y N N N N N
계 19,494 19,494 0 0 0 0 0 0 0
재량 19,494 19,494 0 0 0 0 0 0 0
시군구비 19,494 19,494 0 0 0 0 0 0 0
봉담도시계획도로
소로1-15호선 외 1
개소 개설공사
기간:2017.01~2024. 12
위치:봉담읍 와우리
156-99 일원
규모:L=253m, B=10m
내용:봉담권 도시계획
도로 개설
Y N N N N N
계 9,350 9,350 0 0 0 0 0 0 0
재량 9,350 9,350 0 0 0 0 0 0 0
시군구비 9,350 9,350 0 0 0 0 0 0 0
봉담도시계획도로
소로1-16호선 외 2
개소 개설공사
기간:2017.01~2026.3
위치:봉담읍 와우리 163
일원
규모:L=599m, B=8~10m
내용:봉담권 도시계획
도로 개설
Y N N N N N
계 11,600 11,600 0 0 0 0 0 0 0
재량 11,600 11,600 0 0 0 0 0 0 0
시군구비 11,600 11,600 0 0 0 0 0 0 0
봉담도시계획도로
소로1-17호선 외 1
개소 개설공사
기간:2017.01~2025.12
위치:봉담읍 와우리
156-48 일원
규모:L=458m, B=8~10m
내용:도시계획도로 개
설공사
Y N N N N N
계 9,600 9,600 0 0 0 0 0 0 0
재량 9,600 9,600 0 0 0 0 0 0 0
시군구비 9,600 9,600 0 0 0 0 0 0 0
봉담도시계획도로 소로1-23호
선 외 2개소 개설공사
기간:2018.01~2026.01
위치:봉담읍 와우리 178-1 
일원
Y N N N N N 계 8,400 8,400 0 0 0 0 0 0 0
- 337 -
- 338 -
세세부부사사업업계계획획서서
회계연도 : 2026년
회계구분 : 일반 , 특별회계 , 기금
분    야 : 전체
부    문 : 전체 (단위 : 백만원)
분야ㆍ부문ㆍ정책ㆍ단위ㆍ세부사
업 사 업 개 요 국가계
획
투
자
심
사
지
방
채
BTL
의무지출
재원 총사업비 기투자
연     도     별     투     자     계     획
향  후
법
정
보
조
이
자 소  계 2026 2027 2028 2029 2030
규모:L=235m, B=8~10m
내용:봉담권 도시계획도로 
개설
Y N N N N N
재량 8,400 8,400 0 0 0 0 0 0 0
시군구비 8,400 8,400 0 0 0 0 0 0 0
봉담도시계획도로
소로1-25호선 개설
공사
기간:2023.01~2026.12
위치:와우리 26-4번지
일원(임광아파트)
규모:L=387m, B=8~10m
내용:도시계획도로 개
설
Y N N N N N
계 3,250 2,500 750 0 750 0 0 0 0
재량 3,250 2,500 750 0 750 0 0 0 0
시군구비 3,250 2,500 750 0 750 0 0 0 0
우정도시계획도로
소로2-9호선 외 2개
소 개설공사
기간:2016.01~2026.12.
대상:우정읍 조암리 360-84
번지(조암3리회관)
규모:L=520m, B=8m
내용:도시계획도로 소로2-9
호선 외 2개소 개설공사
Y N N N N N
계 5,591 4,931 660 0 0 0 660 0 0
재량 5,591 4,931 660 0 0 0 660 0 0
시군구비 5,591 4,931 660 0 0 0 660 0 0
정남도시계획도로
소로2-2호선 외 2개
소 개설공사
기간: 2016. 07 ~ 2026.
12
위치: 괘랑리 1165 일원
규모: L=656m, B=6~9mm
내용: 도시계획도로 개
설
Y N N N N N
계 10,680 9,680 1,000 0 50 50 450 450 0
재량 10,680 9,680 1,000 0 50 50 450 450 0
시군구비 10,680 9,680 1,000 0 50 50 450 450 0
우정도시계획도로
소로2-30호선(구2-26
) 개설공사
기간:2018.01.~2026.06.
대상:우정읍 조암리
471-14번지 일원
규모:L=230m, B=8m
내용:도시계획도로 개
설
Y N N N N N
계 3,150 3,150 0 0 0 0 0 0 0
재량 3,150 3,150 0 0 0 0 0 0 0
시군구비 3,150 3,150 0 0 0 0 0 0 0
우정도시계획도로
소로2-34호선 개설
공사
기간:2016.08~2026.06
대상:우정읍 조암리(조
암기산아파트 인근)
규모:L=202m, B=8m
내용:도시계획도로 개
설공사
Y N N N N N
계 2,460 2,460 0 0 0 0 0 0 0
재량 2,460 2,460 0 0 0 0 0 0 0
시군구비 2,460 2,460 0 0 0 0 0 0 0
향남도시계획도로 소로1-9호
선 외 2개소 개설공사
기간:2016.01.~2024.12.
대상:향남읍 평리 81-17번지 
일원(평2리)
Y N N N N N 계 22,850 22,850 0 0 0 0 0 0 0
- 339 -
세세부부사사업업계계획획서서
회계연도 : 2026년
회계구분 : 일반 , 특별회계 , 기금
분    야 : 전체
부    문 : 전체 (단위 : 백만원)
분야ㆍ부문ㆍ정책ㆍ단위ㆍ세부사
업 사 업 개 요 국가계
획
투
자
심
사
지
방
채
BTL
의무지출
재원 총사업비 기투자
연     도     별     투     자     계     획
향  후
법
정
보
조
이
자 소  계 2026 2027 2028 2029 2030
규모:L=701m, B=8~10m
내용:도시계획도로 개설 Y N N N N N
재량 22,850 22,850 0 0 0 0 0 0 0
시군구비 22,850 22,850 0 0 0 0 0 0 0
향남도시계획도로
소로1-13호선 개설
공사
기간: 2016. 1. ~ 2025. 12.
대상: 향남읍 장짐리
203-10번지 일원 (신양아파
트)
규모: L=225m, B=10m(왕복2
차로, 보도 1.3×2)
내용:도시계획도로 개설
Y N N N N N
계 2,850 2,850 0 0 0 0 0 0 0
재량 2,850 2,850 0 0 0 0 0 0 0
시군구비 2,850 2,850 0 0 0 0 0 0 0
향남도시계획도로
소로2-4호선 외 2개
소 개설공사
기간:2018.01.~2025.12.
대상:향남읍 발안리
85-14번지 일원(발안2리
회관)
규모:L=474m, B=6~8m
내용:도시계획도로 개
설
Y N N N N N
계 4,630 4,630 0 0 0 0 0 0 0
재량 4,630 4,630 0 0 0 0 0 0 0
시군구비 4,630 4,630 0 0 0 0 0 0 0
진안도시계획도로
소로1-2호선 외 1개
소 개설공사
기간: 2016. 07 ~ 2024.
12
대상: 진안동 458-37 일
원
규모: L=379m, B=10m
내용: 도시계획도로 개
설
Y N N N N N
계 13,060 13,060 0 0 0 0 0 0 0
재량 13,060 13,060 0 0 0 0 0 0 0
시군구비 13,060 13,060 0 0 0 0 0 0 0
향남도시계획도로
소로2-22,-23 개설공
사
기간:2010.01.~2025.12.
대상:향남읍 평리 일원
규모:L=434km, B=6~8m
내용:도시계획도로 개
설
Y N N N N N
계 4,380 4,380 0 0 0 0 0 0 0
재량 4,380 4,380 0 0 0 0 0 0 0
시군구비 4,380 4,380 0 0 0 0 0 0 0
진안도시계획도로
소로1-29호선 외2개
소 개설공사
기간: 2017. 01 ~ 2025.
12
위치:진안동 456-4 일원
규모:L=300m, B=8~10m
내용:도시계획도로 개
설
Y N N N N N
계 8,625 8,625 0 0 0 0 0 0 0
재량 8,625 8,625 0 0 0 0 0 0 0
시군구비 8,625 8,625 0 0 0 0 0 0 0
향남도시계획도로 소로2-27호선(구
1-15) 외 1개소 개설공사
기간:2018.01.~2026.6.
대상:향남읍 장짐리 
108-9번지 일원
Y N N N N N 계 4,800 4,400 400 400 0 0 0 0 0
- 338 -
- 339 -
세세부부사사업업계계획획서서
회계연도 : 2026년
회계구분 : 일반 , 특별회계 , 기금
분    야 : 전체
부    문 : 전체 (단위 : 백만원)
분야ㆍ부문ㆍ정책ㆍ단위ㆍ세부사
업 사 업 개 요 국가계
획
투
자
심
사
지
방
채
BTL
의무지출
재원 총사업비 기투자
연     도     별     투     자     계     획
향  후
법
정
보
조
이
자 소  계 2026 2027 2028 2029 2030
규모:L=701m, B=8~10m
내용:도시계획도로 개설 Y N N N N N
재량 22,850 22,850 0 0 0 0 0 0 0
시군구비 22,850 22,850 0 0 0 0 0 0 0
향남도시계획도로
소로1-13호선 개설
공사
기간: 2016. 1. ~ 2025. 12.
대상: 향남읍 장짐리
203-10번지 일원 (신양아파
트)
규모: L=225m, B=10m(왕복2
차로, 보도 1.3×2)
내용:도시계획도로 개설
Y N N N N N
계 2,850 2,850 0 0 0 0 0 0 0
재량 2,850 2,850 0 0 0 0 0 0 0
시군구비 2,850 2,850 0 0 0 0 0 0 0
향남도시계획도로
소로2-4호선 외 2개
소 개설공사
기간:2018.01.~2025.12.
대상:향남읍 발안리
85-14번지 일원(발안2리
회관)
규모:L=474m, B=6~8m
내용:도시계획도로 개
설
Y N N N N N
계 4,630 4,630 0 0 0 0 0 0 0
재량 4,630 4,630 0 0 0 0 0 0 0
시군구비 4,630 4,630 0 0 0 0 0 0 0
진안도시계획도로
소로1-2호선 외 1개
소 개설공사
기간: 2016. 07 ~ 2024.
12
대상: 진안동 458-37 일
원
규모: L=379m, B=10m
내용: 도시계획도로 개
설
Y N N N N N
계 13,060 13,060 0 0 0 0 0 0 0
재량 13,060 13,060 0 0 0 0 0 0 0
시군구비 13,060 13,060 0 0 0 0 0 0 0
향남도시계획도로
소로2-22,-23 개설공
사
기간:2010.01.~2025.12.
대상:향남읍 평리 일원
규모:L=434km, B=6~8m
내용:도시계획도로 개
설
Y N N N N N
계 4,380 4,380 0 0 0 0 0 0 0
재량 4,380 4,380 0 0 0 0 0 0 0
시군구비 4,380 4,380 0 0 0 0 0 0 0
진안도시계획도로
소로1-29호선 외2개
소 개설공사
기간: 2017. 01 ~ 2025.
12
위치:진안동 456-4 일원
규모:L=300m, B=8~10m
내용:도시계획도로 개
설
Y N N N N N
계 8,625 8,625 0 0 0 0 0 0 0
재량 8,625 8,625 0 0 0 0 0 0 0
시군구비 8,625 8,625 0 0 0 0 0 0 0
향남도시계획도로 소로2-27호선(구
1-15) 외 1개소 개설공사
기간:2018.01.~2026.6.
대상:향남읍 장짐리 
108-9번지 일원
Y N N N N N 계 4,800 4,400 400 400 0 0 0 0 0
- 339 -
- 340 -
세세부부사사업업계계획획서서
회계연도 : 2026년
회계구분 : 일반 , 특별회계 , 기금
분    야 : 전체
부    문 : 전체 (단위 : 백만원)
분야ㆍ부문ㆍ정책ㆍ단위ㆍ세부사
업 사 업 개 요 국가계
획
투
자
심
사
지
방
채
BTL
의무지출
재원 총사업비 기투자
연     도     별     투     자     계     획
향  후
법
정
보
조
이
자 소  계 2026 2027 2028 2029 2030
규모:L=430m, B=8~10m
내용:도시계획도로 개설 Y N N N N N
재량 4,800 4,400 400 400 0 0 0 0 0
시군구비 4,800 4,400 400 400 0 0 0 0 0
남양도시계획도로
소로2-6호선 외 1개
소 개설공사
기간:2016.01.~2026.12.
대상:남양읍 남양리
590-1번지 일원
규모:L=191m, B=6~8m
내용:도시계획도로 개
설
Y N N N N N
계 4,770 4,770 0 0 0 0 0 0 0
재량 4,770 4,770 0 0 0 0 0 0 0
시군구비 4,770 4,770 0 0 0 0 0 0 0
매송도시계획도로
소로1-2호선(구1-4)
외 2개소 개설공사
기간:2016.01~2025.12
대상:매송면 야목리
164-13일원
규모:L=986m, B=10m
내용:도시계획도로 개
설
Y N N N N N
계 6,580 6,380 200 200 0 0 0 0 0
재량 6,580 6,380 200 200 0 0 0 0 0
시군구비 6,580 6,380 200 200 0 0 0 0 0
마도도시계획도로
소로1-1호선 개설공
사
기간: 2016. 1. ~ 2026. 12.
대상: 마도면 석교리 210-3
번지 일원
규모: L=0.393km, B=9~10m
내용: 도시계획도로 개설
Y N N N N N
계 4,400 4,400 0 0 0 0 0 0 0
재량 4,400 4,400 0 0 0 0 0 0 0
시군구비 4,400 4,400 0 0 0 0 0 0 0
마도도시계획도로
소로3-11호선 외 1
개소 개설공사
기간:2016.08.~2026.12.
대상:마도면 석교리 134
번지~석교리 83번지
규모:L=340m, B=6m
내용:도시계획도로 개
설
Y N N N N N
계 2,900 2,900 0 0 0 0 0 0 0
재량 2,900 2,900 0 0 0 0 0 0 0
시군구비 2,900 2,900 0 0 0 0 0 0 0
화산도시계획도로
소로2-8호선 외2개
소 개설공사
기간: 2017. 01 ~ 2025.
12
위치: 송산동 146-26일
원
규모: L=440m, B=8~10m
내용: 도시계획도로개
설
Y N N N N N
계 5,280 5,280 0 0 0 0 0 0 0
재량 5,280 5,280 0 0 0 0 0 0 0
시군구비 5,280 5,280 0 0 0 0 0 0 0
송산도시계획도로 소
로2-7호선 외 1개소
기간:2017.01~2026.12
대상:사강리 562-3번지 일원 Y N N N N N 계 5,480 5,480 0 0 0 0 0 0 0
- 341 -
세세부부사사업업계계획획서서
회계연도 : 2026년
회계구분 : 일반 , 특별회계 , 기금
분    야 : 전체
부    문 : 전체 (단위 : 백만원)
분야ㆍ부문ㆍ정책ㆍ단위ㆍ세부사
업 사 업 개 요 국가계
획
투
자
심
사
지
방
채
BTL
의무지출
재원 총사업비 기투자
연     도     별     투     자     계     획
향  후
법
정
보
조
이
자 소  계 2026 2027 2028 2029 2030
규모:L=595m, B=8m
내용:도시계획도로 개설 Y N N N N N
재량 5,480 5,480 0 0 0 0 0 0 0
시군구비 5,480 5,480 0 0 0 0 0 0 0
서신도시계획도로
소로1-2호선 외 5개
소 개설공사
기간:2016.02~2026.12
위치:상안리 856-9번지
일원
규모:L=1,207m, B=6~12m
내용:도시계획도로 개
설
Y N N N N N
계 10,600 10,600 0 0 0 0 0 0 0
재량 10,600 10,600 0 0 0 0 0 0 0
시군구비 10,600 10,600 0 0 0 0 0 0 0
화산도시계획도로
소로1-1호선 외 2개
소 개설공사
기간2017. 1. ~ 2026.
12.
대상:송산동 200-26 일
원
규모:L=318m, B=8~10m
내용:도시계획도로 개
설
Y N N N N N
계 6,260 6,260 0 0 0 0 0 0 0
재량 6,260 6,260 0 0 0 0 0 0 0
시군구비 6,260 6,260 0 0 0 0 0 0 0
장안4,5,8리 진입로
확장공사
기간:2016.03~2027.12
위치:장안리 1270-1번지
일원
규모:L=760m,B=5~8m
내용:도시계획도로 개
설
Y N N N N N
계 2,450 900 1,550 0 775 0 775 0 0
재량 2,450 900 1,550 0 775 0 775 0 0
시군구비 2,450 900 1,550 0 775 0 775 0 0
화산도시계획도로
소로1-5호선 외 2개
소 개설공사
기간: 2017. 01 ~ 2026.
12
위치: 송산동 202-89 일
원
규모: L=369m, B=8~10m
내용: 도시계획도로 개
설
Y N N N N N
계 653 653 0 0 0 0 0 0 0
재량 653 653 0 0 0 0 0 0 0
시군구비 653 653 0 0 0 0 0 0 0
양감도시계획도로
소로3-8호선 외 2개
소 개설공사
기간:2016.08~2025.12
위치:양감면 신왕리
704-30번지 일원
규모:L=391, B=6m
내용:도시계획도로 개
설
Y N N N N N
계 2,260 2,260 0 0 0 0 0 0 0
재량 2,260 2,260 0 0 0 0 0 0 0
시군구비 2,260 2,260 0 0 0 0 0 0 0
화산도시계획도로 소로2-9호
선 외 2개소 개설공사
기간: 2017. 01 ~ 2026. 12
위치: 안녕동 32-5 일원 Y N N N N N 계 11,280 11,280 0 0 0 0 0 0 0
- 340 -
- 341 -
세세부부사사업업계계획획서서
회계연도 : 2026년
회계구분 : 일반 , 특별회계 , 기금
분    야 : 전체
부    문 : 전체 (단위 : 백만원)
분야ㆍ부문ㆍ정책ㆍ단위ㆍ세부사
업 사 업 개 요 국가계
획
투
자
심
사
지
방
채
BTL
의무지출
재원 총사업비 기투자
연     도     별     투     자     계     획
향  후
법
정
보
조
이
자 소  계 2026 2027 2028 2029 2030
규모:L=595m, B=8m
내용:도시계획도로 개설 Y N N N N N
재량 5,480 5,480 0 0 0 0 0 0 0
시군구비 5,480 5,480 0 0 0 0 0 0 0
서신도시계획도로
소로1-2호선 외 5개
소 개설공사
기간:2016.02~2026.12
위치:상안리 856-9번지
일원
규모:L=1,207m, B=6~12m
내용:도시계획도로 개
설
Y N N N N N
계 10,600 10,600 0 0 0 0 0 0 0
재량 10,600 10,600 0 0 0 0 0 0 0
시군구비 10,600 10,600 0 0 0 0 0 0 0
화산도시계획도로
소로1-1호선 외 2개
소 개설공사
기간2017. 1. ~ 2026.
12.
대상:송산동 200-26 일
원
규모:L=318m, B=8~10m
내용:도시계획도로 개
설
Y N N N N N
계 6,260 6,260 0 0 0 0 0 0 0
재량 6,260 6,260 0 0 0 0 0 0 0
시군구비 6,260 6,260 0 0 0 0 0 0 0
장안4,5,8리 진입로
확장공사
기간:2016.03~2027.12
위치:장안리 1270-1번지
일원
규모:L=760m,B=5~8m
내용:도시계획도로 개
설
Y N N N N N
계 2,450 900 1,550 0 775 0 775 0 0
재량 2,450 900 1,550 0 775 0 775 0 0
시군구비 2,450 900 1,550 0 775 0 775 0 0
화산도시계획도로
소로1-5호선 외 2개
소 개설공사
기간: 2017. 01 ~ 2026.
12
위치: 송산동 202-89 일
원
규모: L=369m, B=8~10m
내용: 도시계획도로 개
설
Y N N N N N
계 653 653 0 0 0 0 0 0 0
재량 653 653 0 0 0 0 0 0 0
시군구비 653 653 0 0 0 0 0 0 0
양감도시계획도로
소로3-8호선 외 2개
소 개설공사
기간:2016.08~2025.12
위치:양감면 신왕리
704-30번지 일원
규모:L=391, B=6m
내용:도시계획도로 개
설
Y N N N N N
계 2,260 2,260 0 0 0 0 0 0 0
재량 2,260 2,260 0 0 0 0 0 0 0
시군구비 2,260 2,260 0 0 0 0 0 0 0
화산도시계획도로 소로2-9호
선 외 2개소 개설공사
기간: 2017. 01 ~ 2026. 12
위치: 안녕동 32-5 일원 Y N N N N N 계 11,280 11,280 0 0 0 0 0 0 0
- 341 -
- 342 -
세세부부사사업업계계획획서서
회계연도 : 2026년
회계구분 : 일반 , 특별회계 , 기금
분    야 : 전체
부    문 : 전체 (단위 : 백만원)
분야ㆍ부문ㆍ정책ㆍ단위ㆍ세부사
업 사 업 개 요 국가계
획
투
자
심
사
지
방
채
BTL
의무지출
재원 총사업비 기투자
연     도     별     투     자     계     획
향  후
법
정
보
조
이
자 소  계 2026 2027 2028 2029 2030
규모: L=442m, B=8~10m
내용: 도시계획도로 개설 Y N N N N N
재량 11,280 11,280 0 0 0 0 0 0 0
시군구비 11,280 11,280 0 0 0 0 0 0 0
화산도시계획도로
소로1-12호선 외 1
개소 개설공사
기간: 2017. 01 ~ 2026.
12
위치: 송산동 158-143일
원
규모: L=425m, B=8~10m
내용: 도시계획도로 개
설
Y N N N N N
계 10,060 10,060 0 0 0 0 0 0 0
재량 10,060 10,060 0 0 0 0 0 0 0
시군구비 10,060 10,060 0 0 0 0 0 0 0
병점역일원 도시계
획시설 개선공사
기간:2017.01~2026.12
위치:진안동 534-2~
527-34
규모:광장(1개소), 도로
(2개소), 주차장(1개소)
내용:도로개선사업
Y N N N N N
계 32,500 32,500 0 0 0 0 0 0 0
재량 32,500 32,500 0 0 0 0 0 0 0
시군구비 32,500 32,500 0 0 0 0 0 0 0
매송도시계획도로
소2-69호선 외 1개
소 개설공사
기간:2018.01~2026.12
대상:매송면 야목리
444-28번지 일원
규모:L=521m, B=8m
내용:도시계획도로 개
설
Y N N N N N
계 5,240 5,240 0 0 0 0 0 0 0
재량 5,240 5,240 0 0 0 0 0 0 0
시군구비 5,240 5,240 0 0 0 0 0 0 0
양감도시계획도로
소로3-10호선 외 2
개소 개설공사
기간:2017.02~2026.01.
위치:양감면 신왕리
678-3번지 일원
규모:L=422m, B=6m
내용:도시계획도로 개
설
Y N N N N N
계 2,760 2,760 0 0 0 0 0 0 0
재량 2,760 2,760 0 0 0 0 0 0 0
시군구비 2,760 2,760 0 0 0 0 0 0 0
팔탄도시계획도로
소로3-9호선 외 2개
소 개설공사
기간:2017.01~2026.3.
위치:구장리 737-1번지
일원
규모:L=422,B=6~9.5m
내용:도시계획도로 개
설
Y N N N N N
계 2,890 2,890 0 0 0 0 0 0 0
재량 2,890 2,890 0 0 0 0 0 0 0
시군구비 2,890 2,890 0 0 0 0 0 0 0
봉담도시계획도로 소
로3-16호선 개설공사
기간:2017. 9. ~ 2026. 12.
대상:봉담읍 동화리 
415-9번지 일원
Y N N N N N 계 2,100 2,100 0 0 0 0 0 0 0
- 343 -
세세부부사사업업계계획획서서
회계연도 : 2026년
회계구분 : 일반 , 특별회계 , 기금
분    야 : 전체
부    문 : 전체 (단위 : 백만원)
분야ㆍ부문ㆍ정책ㆍ단위ㆍ세부사
업 사 업 개 요 국가계
획
투
자
심
사
지
방
채
BTL
의무지출
재원 총사업비 기투자
연     도     별     투     자     계     획
향  후
법
정
보
조
이
자 소  계 2026 2027 2028 2029 2030
규모:L=204m, B=6m
내용:도시계획도로 개설 Y N N N N N
재량 2,100 2,100 0 0 0 0 0 0 0
시도비 500 500 0 0 0 0 0 0 0
시군구비 1,600 1,600 0 0 0 0 0 0 0
팔탄도시계획도로
소로2-12호선 개설
공사
기간:2017.09~2026.12
위치:구장리 599-1번지
일원
규모:L=272m, B=8m
내용:도시계획도로 개
설
Y N N N N N
계 2,700 2,300 400 400 0 0 0 0 0
재량 2,700 2,300 400 400 0 0 0 0 0
시군구비 2,700 2,300 400 400 0 0 0 0 0
마도도시계획도로
소로3-34, 22호선 개
설공사
기간:2024. 10. ~ 2025.
12.
대상:마도면민
규모:L=375m, B=6m
내용:도시계획도로 개
설
Y N N N N N
계 3,860 3,860 0 0 0 0 0 0 0
재량 3,860 3,860 0 0 0 0 0 0 0
시군구비 3,860 3,860 0 0 0 0 0 0 0
서신도시계획도로
소로1-11호선(구2-11
) 개설공사
기간:2017.09~2026.12
위치:상안리 797번지 일
원
규모:L=190m, B=10m
내용:도시계획도로 개
설
Y N N N N N
계 2,540 2,050 490 0 0 0 490 0 0
재량 2,540 2,050 490 0 0 0 490 0 0
시군구비 2,540 2,050 490 0 0 0 490 0 0
매송도시계획도로
소로2-5,9호선 개설
공사
기간:2018.01~2026.12
대상:매송면 천천리
146-2번지 일원
규모:L=610m, B=8m
내용:도시계획도로 개
설
Y N N N N N
계 8,700 5,600 3,100 1,500 1,600 0 0 0 0
재량 8,700 5,600 3,100 1,500 1,600 0 0 0 0
시군구비 8,700 5,600 3,100 1,500 1,600 0 0 0 0
매송도시계획도로
소로2-45호선 개설
공사
기간:2017.09~2026.12
위치:매송면 어천리
470-4번지 일원
규모:L=200m, B=8m
내용:도시계획도로 개
설
Y N N N N N
계 2,260 2,260 0 0 0 0 0 0 0
재량 2,260 2,260 0 0 0 0 0 0 0
시군구비 2,260 2,260 0 0 0 0 0 0 0
- 342 -
- 343 -
세세부부사사업업계계획획서서
회계연도 : 2026년
회계구분 : 일반 , 특별회계 , 기금
분    야 : 전체
부    문 : 전체 (단위 : 백만원)
분야ㆍ부문ㆍ정책ㆍ단위ㆍ세부사
업 사 업 개 요 국가계
획
투
자
심
사
지
방
채
BTL
의무지출
재원 총사업비 기투자
연     도     별     투     자     계     획
향  후
법
정
보
조
이
자 소  계 2026 2027 2028 2029 2030
규모:L=204m, B=6m
내용:도시계획도로 개설 Y N N N N N
재량 2,100 2,100 0 0 0 0 0 0 0
시도비 500 500 0 0 0 0 0 0 0
시군구비 1,600 1,600 0 0 0 0 0 0 0
팔탄도시계획도로
소로2-12호선 개설
공사
기간:2017.09~2026.12
위치:구장리 599-1번지
일원
규모:L=272m, B=8m
내용:도시계획도로 개
설
Y N N N N N
계 2,700 2,300 400 400 0 0 0 0 0
재량 2,700 2,300 400 400 0 0 0 0 0
시군구비 2,700 2,300 400 400 0 0 0 0 0
마도도시계획도로
소로3-34, 22호선 개
설공사
기간:2024. 10. ~ 2025.
12.
대상:마도면민
규모:L=375m, B=6m
내용:도시계획도로 개
설
Y N N N N N
계 3,860 3,860 0 0 0 0 0 0 0
재량 3,860 3,860 0 0 0 0 0 0 0
시군구비 3,860 3,860 0 0 0 0 0 0 0
서신도시계획도로
소로1-11호선(구2-11
) 개설공사
기간:2017.09~2026.12
위치:상안리 797번지 일
원
규모:L=190m, B=10m
내용:도시계획도로 개
설
Y N N N N N
계 2,540 2,050 490 0 0 0 490 0 0
재량 2,540 2,050 490 0 0 0 490 0 0
시군구비 2,540 2,050 490 0 0 0 490 0 0
매송도시계획도로
소로2-5,9호선 개설
공사
기간:2018.01~2026.12
대상:매송면 천천리
146-2번지 일원
규모:L=610m, B=8m
내용:도시계획도로 개
설
Y N N N N N
계 8,700 5,600 3,100 1,500 1,600 0 0 0 0
재량 8,700 5,600 3,100 1,500 1,600 0 0 0 0
시군구비 8,700 5,600 3,100 1,500 1,600 0 0 0 0
매송도시계획도로
소로2-45호선 개설
공사
기간:2017.09~2026.12
위치:매송면 어천리
470-4번지 일원
규모:L=200m, B=8m
내용:도시계획도로 개
설
Y N N N N N
계 2,260 2,260 0 0 0 0 0 0 0
재량 2,260 2,260 0 0 0 0 0 0 0
시군구비 2,260 2,260 0 0 0 0 0 0 0
- 343 -
- 344 -
세세부부사사업업계계획획서서
회계연도 : 2026년
회계구분 : 일반 , 특별회계 , 기금
분    야 : 전체
부    문 : 전체 (단위 : 백만원)
분야ㆍ부문ㆍ정책ㆍ단위ㆍ세부사
업 사 업 개 요 국가계
획
투
자
심
사
지
방
채
BTL
의무지출
재원 총사업비 기투자
연     도     별     투     자     계     획
향  후
법
정
보
조
이
자 소  계 2026 2027 2028 2029 2030
매송도시계획도로
소로2-39호선 개설
공사
기간:2017.09~2027.12
대상:매송면 어천리 328
번지 일원
규모:L=220m, B=8m
내용:도시계획도로 개
설
Y N N N N N
계 2,460 1,940 520 0 520 0 0 0 0
재량 2,460 1,940 520 0 520 0 0 0 0
시군구비 2,460 1,940 520 0 520 0 0 0 0
매송도시계획도로
소로2-40,41호선 개
설공사
기간:2017.09~2026.12
대상:매송면 어천리 413
번지 일원
규모:L=438m, B=7~8m
내용:도시계획도로 개
설
Y N N N N N
계 3,300 3,300 0 0 0 0 0 0 0
재량 3,300 3,300 0 0 0 0 0 0 0
시군구비 3,300 3,300 0 0 0 0 0 0 0
서신도시계획도로
소로1-2호선(2구간)
개설공사
기간:2018.01~2026.12
위치:서신면 상안리
856-9번지 일원
규모:L=400m, B=10m
내용:도시계획도로 개
설
Y N N N N N
계 3,160 3,160 0 0 0 0 0 0 0
재량 3,160 3,160 0 0 0 0 0 0 0
시군구비 3,160 3,160 0 0 0 0 0 0 0
매송도시계획도로
소로2-76,83호선 개
설공사
기간:2018.01~2027.12
대상:매송면 야목리 374
번지 일원
규모:L=358m, B=8m
내용:도시계획도로 개
설
Y N N N N N
계 3,500 2,800 700 0 700 0 0 0 0
재량 3,500 2,800 700 0 700 0 0 0 0
시군구비 3,500 2,800 700 0 700 0 0 0 0
매송도시계획도로
소로2-86호선 개설
공사
기간:2018.01~2026.12
대상:매송면 야목리 375
번지 일원
규모:L=255m, B=8m
내용:도시계획도로 개
설
Y N N N N N
계 3,820 3,620 200 200 0 0 0 0 0
재량 3,820 3,620 200 200 0 0 0 0 0
시군구비 3,820 3,620 200 200 0 0 0 0 0
매송도시계획도로
소로2-69호선 외 1
개소 개설공사
기간:2018.01~2026.12
대상:매송면 야목리
444-28번지 일원
규모:L=521m, B=8m
내용:도시계획도로 개
설
Y N N N N N
계 5,240 5,240 0 0 0 0 0 0 0
재량 5,240 5,240 0 0 0 0 0 0 0
시군구비 5,240 5,240 0 0 0 0 0 0 0
- 345 -
세세부부사사업업계계획획서서
회계연도 : 2026년
회계구분 : 일반 , 특별회계 , 기금
분    야 : 전체
부    문 : 전체 (단위 : 백만원)
분야ㆍ부문ㆍ정책ㆍ단위ㆍ세부사
업 사 업 개 요 국가계
획
투
자
심
사
지
방
채
BTL
의무지출
재원 총사업비 기투자
연     도     별     투     자     계     획
향  후
법
정
보
조
이
자 소  계 2026 2027 2028 2029 2030
매송도시계획도로
소로2-43,44호선 개
설공사
기간:2018.01~2026.12
대상:매송면 어천리
330-42번지 일원
규모:L=225m, B=8m
내용:도시계획도로 개
설
Y N N N N N
계 2,850 2,850 0 0 0 0 0 0 0
재량 2,850 2,850 0 0 0 0 0 0 0
시군구비 2,850 2,850 0 0 0 0 0 0 0
매송도시계획도로
소로1-5호선 개설공
사
기간:2018.01~2026.12
대상:매송면 원리 193번
지 일원
규모:L=605m, B=8~10m
내용:도시계획도로 개
설
Y N N N N N
계 7,920 7,920 0 0 0 0 0 0 0
재량 7,920 7,920 0 0 0 0 0 0 0
시군구비 7,920 7,920 0 0 0 0 0 0 0
매송도시계획도로
소로1-7,2-20호선 개
설공사
기간:2018.01~2026.12
대상:매송면 원평리
552-8 일원
규모:L=572m, B=8~10m
내용:도시계획도로 개
설
Y N N N N N
계 5,980 5,980 0 0 0 0 0 0 0
재량 5,980 5,980 0 0 0 0 0 0 0
시군구비 5,980 5,980 0 0 0 0 0 0 0
향남도시계획도로
소로1-19호선 개설
공사
기간:2018.01.~2025.12.
대상:향남읍 도이리
239-5번지 일원
규모:L=658m, B=10m(2차
로)
내용:도시계획도로 개
설
Y N N N N N
계 2,900 2,900 0 0 0 0 0 0 0
재량 2,900 2,900 0 0 0 0 0 0 0
시군구비 2,900 2,900 0 0 0 0 0 0 0
향남도시계획도로
소로1-20호선 개설
공사
기간:2018.09~2026.12
대상:향남읍 도이리
65-2번지 일원
규모:L=970m, B=10m(2차
로)
내용:도시계획도로 개
설
Y N N N N N
계 6,220 5,720 500 500 0 0 0 0 0
재량 6,220 5,720 500 500 0 0 0 0 0
시군구비 6,220 5,720 500 500 0 0 0 0 0
비봉도시계획도로
소로2-51호선 개설
공사
기간:2019. 4. ~ 2027.
12.
대상:비봉면 삼화리 190
번지 일원(삼화5리 마을
회관)
규모:L=803m, B=8~14m
내용:도시계획도로 개
설
Y N N N N N
계 10,502 3,750 6,752 1,000 2,430 2,322 1,000 0 0
재량 10,502 3,750 6,752 1,000 2,430 2,322 1,000 0 0
시군구비 10,502 3,750 6,752 1,000 2,430 2,322 1,000 0 0
- 344 -
- 345 -
세세부부사사업업계계획획서서
회계연도 : 2026년
회계구분 : 일반 , 특별회계 , 기금
분    야 : 전체
부    문 : 전체 (단위 : 백만원)
분야ㆍ부문ㆍ정책ㆍ단위ㆍ세부사
업 사 업 개 요 국가계
획
투
자
심
사
지
방
채
BTL
의무지출
재원 총사업비 기투자
연     도     별     투     자     계     획
향  후
법
정
보
조
이
자 소  계 2026 2027 2028 2029 2030
매송도시계획도로
소로2-43,44호선 개
설공사
기간:2018.01~2026.12
대상:매송면 어천리
330-42번지 일원
규모:L=225m, B=8m
내용:도시계획도로 개
설
Y N N N N N
계 2,850 2,850 0 0 0 0 0 0 0
재량 2,850 2,850 0 0 0 0 0 0 0
시군구비 2,850 2,850 0 0 0 0 0 0 0
매송도시계획도로
소로1-5호선 개설공
사
기간:2018.01~2026.12
대상:매송면 원리 193번
지 일원
규모:L=605m, B=8~10m
내용:도시계획도로 개
설
Y N N N N N
계 7,920 7,920 0 0 0 0 0 0 0
재량 7,920 7,920 0 0 0 0 0 0 0
시군구비 7,920 7,920 0 0 0 0 0 0 0
매송도시계획도로
소로1-7,2-20호선 개
설공사
기간:2018.01~2026.12
대상:매송면 원평리
552-8 일원
규모:L=572m, B=8~10m
내용:도시계획도로 개
설
Y N N N N N
계 5,980 5,980 0 0 0 0 0 0 0
재량 5,980 5,980 0 0 0 0 0 0 0
시군구비 5,980 5,980 0 0 0 0 0 0 0
향남도시계획도로
소로1-19호선 개설
공사
기간:2018.01.~2025.12.
대상:향남읍 도이리
239-5번지 일원
규모:L=658m, B=10m(2차
로)
내용:도시계획도로 개
설
Y N N N N N
계 2,900 2,900 0 0 0 0 0 0 0
재량 2,900 2,900 0 0 0 0 0 0 0
시군구비 2,900 2,900 0 0 0 0 0 0 0
향남도시계획도로
소로1-20호선 개설
공사
기간:2018.09~2026.12
대상:향남읍 도이리
65-2번지 일원
규모:L=970m, B=10m(2차
로)
내용:도시계획도로 개
설
Y N N N N N
계 6,220 5,720 500 500 0 0 0 0 0
재량 6,220 5,720 500 500 0 0 0 0 0
시군구비 6,220 5,720 500 500 0 0 0 0 0
비봉도시계획도로
소로2-51호선 개설
공사
기간:2019. 4. ~ 2027.
12.
대상:비봉면 삼화리 190
번지 일원(삼화5리 마을
회관)
규모:L=803m, B=8~14m
내용:도시계획도로 개
설
Y N N N N N
계 10,502 3,750 6,752 1,000 2,430 2,322 1,000 0 0
재량 10,502 3,750 6,752 1,000 2,430 2,322 1,000 0 0
시군구비 10,502 3,750 6,752 1,000 2,430 2,322 1,000 0 0
- 345 -
- 346 -
세세부부사사업업계계획획서서
회계연도 : 2026년
회계구분 : 일반 , 특별회계 , 기금
분    야 : 전체
부    문 : 전체 (단위 : 백만원)
분야ㆍ부문ㆍ정책ㆍ단위ㆍ세부사
업 사 업 개 요 국가계
획
투
자
심
사
지
방
채
BTL
의무지출
재원 총사업비 기투자
연     도     별     투     자     계     획
향  후
법
정
보
조
이
자 소  계 2026 2027 2028 2029 2030
우정도시계획도로
소로2-17호선 개설
공사(장기미집행)
기간:2019.06~2026.12
대상:우정읍 조암리
226-11번지 일원
규모:L=256m, B=8m
내용:도시계획도로 개
설
Y N N N N N
계 3,150 3,150 0 0 0 0 0 0 0
재량 3,150 3,150 0 0 0 0 0 0 0
시군구비 3,150 3,150 0 0 0 0 0 0 0
팔탄도시계획도로
소로3-6호선(잔여구
간) 개설공사(장기
미집행)
기간:2019. 06. ~ 2027
년
위치:구장리 767번지
규모:L=200m, B=6m
내용:도시계획도로 개
설
N N N N N N
계 1,600 1,150 450 0 230 0 220 0 0
재량 1,600 1,150 450 0 230 0 220 0 0
시군구비 1,600 1,150 450 0 230 0 220 0 0
송산도시계획도로
소로2-14호선 외 1
개소 개설공사(장기
미집행)
기간:2019. 06. ~ 2026.
12.
위치:송산면 사강리 629
번지 일원
규모:L=201m, B=6~8m
내용:도시계획도로 개
설
N N N N N N
계 1,990 1,990 0 0 0 0 0 0 0
재량 1,990 1,990 0 0 0 0 0 0 0
시군구비 1,990 1,990 0 0 0 0 0 0 0
송산도시계획도로
소로3-5호선 개설공
사(장기미집행)
기간:2019.06~2026.12
위치:송산면 사강리
590-6번지 일원
규모:L=245m, B=6m
내용:도시계획도로 개
설
Y N N N N N
계 2,250 2,250 0 0 0 0 0 0 0
재량 2,250 2,250 0 0 0 0 0 0 0
시군구비 2,250 2,250 0 0 0 0 0 0 0
매송도시계획도로
소로2-31호선 개설
공사(장기미집행)
기간:2019.04~2026.12
대상:매송면 원평리
85-1번지 일원
규모:L=270m, B=8m(왕복
2차로)
내용:도시계획도로 개
설
Y N N N N N
계 3,000 3,000 0 0 0 0 0 0 0
재량 3,000 3,000 0 0 0 0 0 0 0
시군구비 3,000 3,000 0 0 0 0 0 0 0
도시계획도로 대로
3-38호선 개설공사
기간:2020.02~2028.12
대상:우정읍 조원삼거
리~장안면 사곡사거리
규모:L=1,042m, B=25m
내용:도시계획도로 개
설
Y N N N N N
계 19,500 8,900 10,600 0 200 200 200 10,000 0
재량 19,500 8,900 10,600 0 200 200 200 10,000 0
시군구비 19,500 8,900 10,600 0 200 200 200 10,000 0
- 347 -
세세부부사사업업계계획획서서
회계연도 : 2026년
회계구분 : 일반 , 특별회계 , 기금
분    야 : 전체
부    문 : 전체 (단위 : 백만원)
분야ㆍ부문ㆍ정책ㆍ단위ㆍ세부사
업 사 업 개 요 국가계
획
투
자
심
사
지
방
채
BTL
의무지출
재원 총사업비 기투자
연     도     별     투     자     계     획
향  후
법
정
보
조
이
자 소  계 2026 2027 2028 2029 2030
마도도시계획도로
중로3-2(잔여),소로
2-7호선 개설공사
기간: 2020. 2. ~ 2026. 12.
대상: 마도면 석교리
238-44번지 일원
규모: L=260m, B=8~12m(왕복
2차로, 보도 2.0×2)
내용: 도시계획도로 개설
Y N N N N N
계 3,180 2,800 380 0 0 0 380 0 0
재량 3,180 2,800 380 0 0 0 380 0 0
시군구비 3,180 2,800 380 0 0 0 380 0 0
서신도시계획도로
소로2-3호선 외 1개
소 개설공사
기간:2022.05.~2029.12.
위치:서신면 궁평리
204-1번지 일원
규모:L=1,170m, B=6~12m
내용:도시계획도로 개
설
Y N N N N N
계 7,500 100 7,400 0 1,850 1,850 1,850 1,850 0
재량 7,500 100 7,400 0 1,850 1,850 1,850 1,850 0
시군구비 7,500 100 7,400 0 1,850 1,850 1,850 1,850 0
팔탄도시계획도로
소로2-1호선 외 1개
소 개설공사
기간:2022.05~2027.12.
위치:팔탄면 노하리 산
146-7번지 일원
규모:L=522m, B=8m
내용:도시계획도로 개
설
Y N N N N N
계 3,300 100 3,200 1,700 1,500 0 0 0 0
재량 3,300 100 3,200 1,700 1,500 0 0 0 0
시군구비 3,300 100 3,200 1,700 1,500 0 0 0 0
팔탄도시계획도로
소로2-4호선 외 2개
소 개설공사
기간:2022.05~2029.12
위치:팔탄면 노하리 산
135-3번지 일원
규모:L=755m, B=8m
내용:도시계획도로 개
설
Y N N N N N
계 4,800 100 4,700 0 1,100 1,200 1,200 1,200 0
재량 4,800 100 4,700 0 1,100 1,200 1,200 1,200 0
시군구비 4,800 100 4,700 0 1,100 1,200 1,200 1,200 0
진안도시계획도로
중로2-6호선 개설공
사(2공구)
기간: 2015. 01 ~ 2030. 12
위치: 송산동 135-260 일원
규모: L=1,025m, B=15~20m
내용: 도시계획도로 개설
Y N N N N N
계 21,500 21,500 0 0 0 0 0 0 0
재량 21,500 21,500 0 0 0 0 0 0 0
시군구비 21,500 21,500 0 0 0 0 0 0 0
장안도시계획도로
중로2-1호선 외 1개
소 개설공사
기간:2022.05~2027.12.
위치:장안면 장안리 865
번지 일원
규모:L=1,277m, B=6~15m
내용:도시계획도로 개
설
Y N N N N N
계 8,910 100 8,810 2,000 2,000 3,000 1,810 0 0
재량 8,910 100 8,810 2,000 2,000 3,000 1,810 0 0
시군구비 8,910 100 8,810 2,000 2,000 3,000 1,810 0 0
- 346 -
- 347 -
세세부부사사업업계계획획서서
회계연도 : 2026년
회계구분 : 일반 , 특별회계 , 기금
분    야 : 전체
부    문 : 전체 (단위 : 백만원)
분야ㆍ부문ㆍ정책ㆍ단위ㆍ세부사
업 사 업 개 요 국가계
획
투
자
심
사
지
방
채
BTL
의무지출
재원 총사업비 기투자
연     도     별     투     자     계     획
향  후
법
정
보
조
이
자 소  계 2026 2027 2028 2029 2030
마도도시계획도로
중로3-2(잔여),소로
2-7호선 개설공사
기간: 2020. 2. ~ 2026. 12.
대상: 마도면 석교리
238-44번지 일원
규모: L=260m, B=8~12m(왕복
2차로, 보도 2.0×2)
내용: 도시계획도로 개설
Y N N N N N
계 3,180 2,800 380 0 0 0 380 0 0
재량 3,180 2,800 380 0 0 0 380 0 0
시군구비 3,180 2,800 380 0 0 0 380 0 0
서신도시계획도로
소로2-3호선 외 1개
소 개설공사
기간:2022.05.~2029.12.
위치:서신면 궁평리
204-1번지 일원
규모:L=1,170m, B=6~12m
내용:도시계획도로 개
설
Y N N N N N
계 7,500 100 7,400 0 1,850 1,850 1,850 1,850 0
재량 7,500 100 7,400 0 1,850 1,850 1,850 1,850 0
시군구비 7,500 100 7,400 0 1,850 1,850 1,850 1,850 0
팔탄도시계획도로
소로2-1호선 외 1개
소 개설공사
기간:2022.05~2027.12.
위치:팔탄면 노하리 산
146-7번지 일원
규모:L=522m, B=8m
내용:도시계획도로 개
설
Y N N N N N
계 3,300 100 3,200 1,700 1,500 0 0 0 0
재량 3,300 100 3,200 1,700 1,500 0 0 0 0
시군구비 3,300 100 3,200 1,700 1,500 0 0 0 0
팔탄도시계획도로
소로2-4호선 외 2개
소 개설공사
기간:2022.05~2029.12
위치:팔탄면 노하리 산
135-3번지 일원
규모:L=755m, B=8m
내용:도시계획도로 개
설
Y N N N N N
계 4,800 100 4,700 0 1,100 1,200 1,200 1,200 0
재량 4,800 100 4,700 0 1,100 1,200 1,200 1,200 0
시군구비 4,800 100 4,700 0 1,100 1,200 1,200 1,200 0
진안도시계획도로
중로2-6호선 개설공
사(2공구)
기간: 2015. 01 ~ 2030. 12
위치: 송산동 135-260 일원
규모: L=1,025m, B=15~20m
내용: 도시계획도로 개설
Y N N N N N
계 21,500 21,500 0 0 0 0 0 0 0
재량 21,500 21,500 0 0 0 0 0 0 0
시군구비 21,500 21,500 0 0 0 0 0 0 0
장안도시계획도로
중로2-1호선 외 1개
소 개설공사
기간:2022.05~2027.12.
위치:장안면 장안리 865
번지 일원
규모:L=1,277m, B=6~15m
내용:도시계획도로 개
설
Y N N N N N
계 8,910 100 8,810 2,000 2,000 3,000 1,810 0 0
재량 8,910 100 8,810 2,000 2,000 3,000 1,810 0 0
시군구비 8,910 100 8,810 2,000 2,000 3,000 1,810 0 0
- 347 -
- 348 -
세세부부사사업업계계획획서서
회계연도 : 2026년
회계구분 : 일반 , 특별회계 , 기금
분    야 : 전체
부    문 : 전체 (단위 : 백만원)
분야ㆍ부문ㆍ정책ㆍ단위ㆍ세부사
업 사 업 개 요 국가계
획
투
자
심
사
지
방
채
BTL
의무지출
재원 총사업비 기투자
연     도     별     투     자     계     획
향  후
법
정
보
조
이
자 소  계 2026 2027 2028 2029 2030
장안도시계획도로
중로3-1호선 외 3개
소 개설공사
기간:2022.05~2029.12.
위치:장안면 장안리
1224-2번지 일원
규모:L=1,319m, B=6~12m
내용:도시계획도로 개
설
Y N N N N N
계 10,605 100 10,505 0 1,000 1,000 5,505 3,000 0
재량 10,605 100 10,505 0 1,000 1,000 5,505 3,000 0
시군구비 10,605 100 10,505 0 1,000 1,000 5,505 3,000 0
장안도시계획도로
중로3-2호선 개설공
사
기간:2022.05~2027.12.
위치:장안면 장안리
1436번지 일원
규모:L=714m, B=13m
내용:도시계획도로 개
설
Y N N N N N
계 6,775 100 6,675 4,100 2,575 0 0 0 0
재량 6,775 100 6,675 4,100 2,575 0 0 0 0
시군구비 6,775 100 6,675 4,100 2,575 0 0 0 0
장안도시계획도로
소로3-5호선 외 3개
소 개설공사
기간:2022.05~2029.12.
위치:장안면 독정리
75-2번지 일원
규모:L=738m, B=6~8m
내용:도시계획도로 개
설
Y N N N N N
계 2,160 600 1,560 0 300 350 350 560 0
재량 2,160 600 1,560 0 300 350 350 560 0
시군구비 2,160 600 1,560 0 300 350 350 560 0
우정도시계획도로
소로2-2호선 외 5개
소 개설공사
기간:2022.05~2030.12
위치:우정읍 호곡리 산
1-11번지 일원
규모:L=1,045m, B=6~8m
내용:도시계획도로 개
설
Y N N N N N
계 13,400 100 13,300 0 2,000 2,000 3,650 5,650 0
재량 13,400 100 13,300 0 2,000 2,000 3,650 5,650 0
시군구비 13,400 100 13,300 0 2,000 2,000 3,650 5,650 0
염티(남양)지구 도
시계획도로 개설공
사
기간:2023.01.~2027.12.
위치:남양읍 북양리 73
번지 일원
규모:L=389m, B=8m
내용:GB우선해제지구 내
도시계획도로 개설
Y N N N N N
계 2,500 58 2,442 0 1,221 0 1,221 0 0
재량 2,500 58 2,442 0 1,221 0 1,221 0 0
시군구비 2,500 58 2,442 0 1,221 0 1,221 0 0
건너말(비봉)지구
도시계획도로 개설
공사
기간:2023.01~2028.12
위치:비봉면 남전리
131-1번지 일원
규모:L=825m, B=8~10m
내용:GB우선해제지구 내
도시계획도로 개설
Y N N N N N
계 4,882 131 4,751 0 1,188 1,782 1,782 0 0
재량 4,882 131 4,751 0 1,188 1,782 1,782 0 0
시군구비 4,882 131 4,751 0 1,188 1,782 1,782 0 0
- 349 -
세세부부사사업업계계획획서서
회계연도 : 2026년
회계구분 : 일반 , 특별회계 , 기금
분    야 : 전체
부    문 : 전체 (단위 : 백만원)
분야ㆍ부문ㆍ정책ㆍ단위ㆍ세부사
업 사 업 개 요 국가계
획
투
자
심
사
지
방
채
BTL
의무지출
재원 총사업비 기투자
연     도     별     투     자     계     획
향  후
법
정
보
조
이
자 소  계 2026 2027 2028 2029 2030
쑥골(매송)지구 도
시계획도로 개설공
사
기간:2023.01~2027.12
위치:매송면 숙곡리
719-5번지 일원
규모:L=1,316m, B=8~10m
내용:GB우선해제지구 내
도시계획도로 개설
Y N N N N N
계 9,279 194 9,085 0 3,028 3,028 3,029 0 0
재량 9,279 194 9,085 0 3,028 3,028 3,029 0 0
시군구비 9,279 194 9,085 0 3,028 3,028 3,029 0 0
판문동(비봉)지구
도시계획도로 개설
공사
기간:2023.01~2027.12
위치:비봉면 양노리
634-7번지 일원
규모:L=373m, B=10m
내용:GB우선해제지구 내
도시계획도로 개설
Y N N N N N
계 4,057 69 3,988 0 1,994 0 1,994 0 0
재량 4,057 69 3,988 0 1,994 0 1,994 0 0
시군구비 4,057 69 3,988 0 1,994 0 1,994 0 0
대전동(비봉)지구
도시계획도로 개설
공사
기간:2023.01~2027.12
위치:비봉면 남전리
418-4번지 일원
규모:L=1,302m, B=8~10m
내용:GB우선해제지구 내
도시계획도로 개설
Y N N N N N
계 6,731 160 6,571 0 1,643 1,643 1,643 1,643 0
재량 6,731 160 6,571 0 1,643 1,643 1,643 1,643 0
시군구비 6,731 160 6,571 0 1,643 1,643 1,643 1,643 0
백노동(비봉)지구
도시계획도로 개설
공사
기간:2023.01~2027.12
위치:비봉면 양노리
820-2번지 일원
규모:L=808m, B=6~10m
내용:GB우선해제지구 내
도시계획도로 개설
Y N N N N N
계 10,701 151 10,550 0 2,638 2,638 2,638 2,638 0
재량 10,701 151 10,550 0 2,638 2,638 2,638 2,638 0
시군구비 10,701 151 10,550 0 2,638 2,638 2,638 2,638 0
백학동(비봉)지구
도시계획도로 개설
공사
기간:2023.01~2027.12
위치:비봉면 쌍학리
432-4번지 일원
규모:L=1,361m, B=8~10m
내용:GB우선해제지구 내
도시계획도로 개설
Y N N N N N
계 11,760 3,117 8,643 0 2,161 2,161 2,161 2,161 0
재량 11,760 3,117 8,643 0 2,161 2,161 2,161 2,161 0
시군구비 11,760 3,117 8,643 0 2,161 2,161 2,161 2,161 0
권농골(비봉)지구
도시계획도로 개설
공사
기간:2023.01~2027.12
위치:비봉면 삼화리 986
번지 일원
규모:L=1,976m, B=8~10m
내용:GB우선해제지구 내
도시계획도로 개설
Y N N N N N
계 11,483 212 11,271 0 1,000 1,000 9,271 0 0
재량 11,483 212 11,271 0 1,000 1,000 9,271 0 0
시군구비 11,483 212 11,271 0 1,000 1,000 9,271 0 0
- 348 -
- 349 -
세세부부사사업업계계획획서서
회계연도 : 2026년
회계구분 : 일반 , 특별회계 , 기금
분    야 : 전체
부    문 : 전체 (단위 : 백만원)
분야ㆍ부문ㆍ정책ㆍ단위ㆍ세부사
업 사 업 개 요 국가계
획
투
자
심
사
지
방
채
BTL
의무지출
재원 총사업비 기투자
연     도     별     투     자     계     획
향  후
법
정
보
조
이
자 소  계 2026 2027 2028 2029 2030
쑥골(매송)지구 도
시계획도로 개설공
사
기간:2023.01~2027.12
위치:매송면 숙곡리
719-5번지 일원
규모:L=1,316m, B=8~10m
내용:GB우선해제지구 내
도시계획도로 개설
Y N N N N N
계 9,279 194 9,085 0 3,028 3,028 3,029 0 0
재량 9,279 194 9,085 0 3,028 3,028 3,029 0 0
시군구비 9,279 194 9,085 0 3,028 3,028 3,029 0 0
판문동(비봉)지구
도시계획도로 개설
공사
기간:2023.01~2027.12
위치:비봉면 양노리
634-7번지 일원
규모:L=373m, B=10m
내용:GB우선해제지구 내
도시계획도로 개설
Y N N N N N
계 4,057 69 3,988 0 1,994 0 1,994 0 0
재량 4,057 69 3,988 0 1,994 0 1,994 0 0
시군구비 4,057 69 3,988 0 1,994 0 1,994 0 0
대전동(비봉)지구
도시계획도로 개설
공사
기간:2023.01~2027.12
위치:비봉면 남전리
418-4번지 일원
규모:L=1,302m, B=8~10m
내용:GB우선해제지구 내
도시계획도로 개설
Y N N N N N
계 6,731 160 6,571 0 1,643 1,643 1,643 1,643 0
재량 6,731 160 6,571 0 1,643 1,643 1,643 1,643 0
시군구비 6,731 160 6,571 0 1,643 1,643 1,643 1,643 0
백노동(비봉)지구
도시계획도로 개설
공사
기간:2023.01~2027.12
위치:비봉면 양노리
820-2번지 일원
규모:L=808m, B=6~10m
내용:GB우선해제지구 내
도시계획도로 개설
Y N N N N N
계 10,701 151 10,550 0 2,638 2,638 2,638 2,638 0
재량 10,701 151 10,550 0 2,638 2,638 2,638 2,638 0
시군구비 10,701 151 10,550 0 2,638 2,638 2,638 2,638 0
백학동(비봉)지구
도시계획도로 개설
공사
기간:2023.01~2027.12
위치:비봉면 쌍학리
432-4번지 일원
규모:L=1,361m, B=8~10m
내용:GB우선해제지구 내
도시계획도로 개설
Y N N N N N
계 11,760 3,117 8,643 0 2,161 2,161 2,161 2,161 0
재량 11,760 3,117 8,643 0 2,161 2,161 2,161 2,161 0
시군구비 11,760 3,117 8,643 0 2,161 2,161 2,161 2,161 0
권농골(비봉)지구
도시계획도로 개설
공사
기간:2023.01~2027.12
위치:비봉면 삼화리 986
번지 일원
규모:L=1,976m, B=8~10m
내용:GB우선해제지구 내
도시계획도로 개설
Y N N N N N
계 11,483 212 11,271 0 1,000 1,000 9,271 0 0
재량 11,483 212 11,271 0 1,000 1,000 9,271 0 0
시군구비 11,483 212 11,271 0 1,000 1,000 9,271 0 0
- 349 -
- 350 -
세세부부사사업업계계획획서서
회계연도 : 2026년
회계구분 : 일반 , 특별회계 , 기금
분    야 : 전체
부    문 : 전체 (단위 : 백만원)
분야ㆍ부문ㆍ정책ㆍ단위ㆍ세부사
업 사 업 개 요 국가계
획
투
자
심
사
지
방
채
BTL
의무지출
재원 총사업비 기투자
연     도     별     투     자     계     획
향  후
법
정
보
조
이
자 소  계 2026 2027 2028 2029 2030
고잔(남양)지구 도
시계획도로 개설공
사
기간:2023.01~2027.12.
위치:남양읍 신외리
248-2번지 일원
규모:L=488m, B=8m
내용:GB우선해제지구 내
도시계획도로 개설
Y N N N N N
계 4,080 73 4,007 1,500 2,507 0 0 0 0
재량 4,080 73 4,007 1,500 2,507 0 0 0 0
시군구비 4,080 73 4,007 1,500 2,507 0 0 0 0
신안동(비봉)지구
도시계획도로 개설
공사
기간:2023.01~2027.12
위치:비봉면 자안리 233
번지 일원
규모:L=611m, B=6~20m
내용:GB우선해제지구 내
도시계획도로 개설
Y N N N N N
계 2,310 127 2,183 1,637 546 0 0 0 0
재량 2,310 127 2,183 1,637 546 0 0 0 0
시군구비 2,310 127 2,183 1,637 546 0 0 0 0
윗말(남양)지구 도
시계획도로 개설공
사
기간:2023.01~2027.12.
위치:남양읍 신외리
483-5번지 일원
규모:L=844m, B=8m
내용:GB우선해제지구 내
도시계획도로 개설
Y N N N N N
계 4,050 125 3,925 1,500 2,425 0 0 0 0
재량 4,050 125 3,925 1,500 2,425 0 0 0 0
시군구비 4,050 125 3,925 1,500 2,425 0 0 0 0
요골(비봉)지구 도
시계획도로 개설공
사
기간:2023.01~2027.12
위치:비봉면 청요리
306-5번지 일원
규모:L=1,011m, B=8~10m
내용:GB우선해제지구 내
도시계획도로 개설
Y N N N N N
계 5,365 167 5,198 0 1,732 1,733 1,733 0 0
재량 5,365 167 5,198 0 1,732 1,733 1,733 0 0
시군구비 5,365 167 5,198 0 1,732 1,733 1,733 0 0
도파골(비봉)지구
도시계획도로 개설
공사
기간:2023.01~2028.12.
위치:비봉면 삼화리 816
번지 일원
규모:L=1,691m, B=8~10m
내용:GB우선해제지구 내
도시계획도로 개설
Y N N N N N
계 10,202 202 10,000 0 2,000 2,000 2,000 4,000 0
재량 10,202 202 10,000 0 2,000 2,000 2,000 4,000 0
시군구비 10,202 202 10,000 0 2,000 2,000 2,000 4,000 0
정자동(남양)지구
도시계획도로 개설
공사
기간:2023.01~2027.12.
위치:남양읍 장전리
282-1번지 일원
규모:L=1,001m, B=8~10m
내용:GB우선해제지구 내
도시계획도로 개설
Y N N N N N
계 4,390 161 4,229 0 2,115 0 2,115 0 0
재량 4,390 161 4,229 0 2,115 0 2,115 0 0
시군구비 4,390 161 4,229 0 2,115 0 2,115 0 0
- 351 -
세세부부사사업업계계획획서서
회계연도 : 2026년
회계구분 : 일반 , 특별회계 , 기금
분    야 : 전체
부    문 : 전체 (단위 : 백만원)
분야ㆍ부문ㆍ정책ㆍ단위ㆍ세부사
업 사 업 개 요 국가계
획
투
자
심
사
지
방
채
BTL
의무지출
재원 총사업비 기투자
연     도     별     투     자     계     획
향  후
법
정
보
조
이
자 소  계 2026 2027 2028 2029 2030
구포동(비봉)지구
도시계획도로 개설
공사
기간:2023.01~2028.12
위치:비봉면 구포리
48-3번지 일원
규모:L=1,619m, B=8~10m
내용:GB우선해제지구 내
도시계획도로 개설
Y N N N N N
계 13,703 197 13,506 0 1,000 1,000 7,506 4,000 0
재량 13,703 197 13,506 0 1,000 1,000 7,506 4,000 0
시군구비 13,703 197 13,506 0 1,000 1,000 7,506 4,000 0
청룡골(비봉)지구
도시계획도로 개설
공사
기간:2023.01~2028.12
위치:비봉면 청요리
615-1번지 일원
규모:L=1,804m, B=8~10m
내용:GB우선해제지구 내
도시계획도로 개설
Y N N N N N
계 9,229 212 9,017 0 3,306 3,711 1,000 1,000 0
재량 9,229 212 9,017 0 3,306 3,711 1,000 1,000 0
시군구비 9,229 212 9,017 0 3,306 3,711 1,000 1,000 0
무제실, 무덤실(남
양)지구 도시계획도
로 개설공사
기간:2023.01~2027.12.
위치:남양읍 장전리
498-3번지 일원
규모:L=1,098m, B=8~10m
내용:GB우선해제지구 내
도시계획도로 개설
Y N N N N N
계 3,030 169 2,861 0 1,431 0 1,431 0 0
재량 3,030 169 2,861 0 1,431 0 1,431 0 0
시군구비 3,030 169 2,861 0 1,431 0 1,431 0 0
덕고개(봉담)지구
도시계획도로 개설
공사
기간:2023.01~2027.12.
위치:봉담읍 내리 767-1
번지 일원
규모:L=776m, B=10m
내용:GB우선해제지구 내
도시계획도로 개설
Y N N N N N
계 5,581 125 5,456 500 1,000 1,000 1,500 1,456 0
재량 5,581 125 5,456 500 1,000 1,000 1,500 1,456 0
시군구비 5,581 125 5,456 500 1,000 1,000 1,500 1,456 0
향촌(남양)지구 도
시계획도로 개설공
사
기간:2023.01~2027.12.
위치:남양읍 시리 578-3
번지 일원
규모:L=446m, B=8m
내용:GB우선해제지구 내
도시계획도로 개설
Y N N N N N
계 3,280 66 3,214 0 1,607 0 1,607 0 0
재량 3,280 66 3,214 0 1,607 0 1,607 0 0
시군구비 3,280 66 3,214 0 1,607 0 1,607 0 0
동이터(남양)지구
도시계획도로 개설
공사
기간:2023.01~2028.12.
위치:남양읍 신외리
497-1번지 일원
규모:L=1,447m, B=8~10m
내용:GB우선해제지구 내
도시계획도로 개설
Y N N N N N
계 9,482 175 9,307 0 1,000 1,000 7,307 0 0
재량 9,482 175 9,307 0 1,000 1,000 7,307 0 0
시군구비 9,482 175 9,307 0 1,000 1,000 7,307 0 0
- 350 -
- 351 -
세세부부사사업업계계획획서서
회계연도 : 2026년
회계구분 : 일반 , 특별회계 , 기금
분    야 : 전체
부    문 : 전체 (단위 : 백만원)
분야ㆍ부문ㆍ정책ㆍ단위ㆍ세부사
업 사 업 개 요 국가계
획
투
자
심
사
지
방
채
BTL
의무지출
재원 총사업비 기투자
연     도     별     투     자     계     획
향  후
법
정
보
조
이
자 소  계 2026 2027 2028 2029 2030
구포동(비봉)지구
도시계획도로 개설
공사
기간:2023.01~2028.12
위치:비봉면 구포리
48-3번지 일원
규모:L=1,619m, B=8~10m
내용:GB우선해제지구 내
도시계획도로 개설
Y N N N N N
계 13,703 197 13,506 0 1,000 1,000 7,506 4,000 0
재량 13,703 197 13,506 0 1,000 1,000 7,506 4,000 0
시군구비 13,703 197 13,506 0 1,000 1,000 7,506 4,000 0
청룡골(비봉)지구
도시계획도로 개설
공사
기간:2023.01~2028.12
위치:비봉면 청요리
615-1번지 일원
규모:L=1,804m, B=8~10m
내용:GB우선해제지구 내
도시계획도로 개설
Y N N N N N
계 9,229 212 9,017 0 3,306 3,711 1,000 1,000 0
재량 9,229 212 9,017 0 3,306 3,711 1,000 1,000 0
시군구비 9,229 212 9,017 0 3,306 3,711 1,000 1,000 0
무제실, 무덤실(남
양)지구 도시계획도
로 개설공사
기간:2023.01~2027.12.
위치:남양읍 장전리
498-3번지 일원
규모:L=1,098m, B=8~10m
내용:GB우선해제지구 내
도시계획도로 개설
Y N N N N N
계 3,030 169 2,861 0 1,431 0 1,431 0 0
재량 3,030 169 2,861 0 1,431 0 1,431 0 0
시군구비 3,030 169 2,861 0 1,431 0 1,431 0 0
덕고개(봉담)지구
도시계획도로 개설
공사
기간:2023.01~2027.12.
위치:봉담읍 내리 767-1
번지 일원
규모:L=776m, B=10m
내용:GB우선해제지구 내
도시계획도로 개설
Y N N N N N
계 5,581 125 5,456 500 1,000 1,000 1,500 1,456 0
재량 5,581 125 5,456 500 1,000 1,000 1,500 1,456 0
시군구비 5,581 125 5,456 500 1,000 1,000 1,500 1,456 0
향촌(남양)지구 도
시계획도로 개설공
사
기간:2023.01~2027.12.
위치:남양읍 시리 578-3
번지 일원
규모:L=446m, B=8m
내용:GB우선해제지구 내
도시계획도로 개설
Y N N N N N
계 3,280 66 3,214 0 1,607 0 1,607 0 0
재량 3,280 66 3,214 0 1,607 0 1,607 0 0
시군구비 3,280 66 3,214 0 1,607 0 1,607 0 0
동이터(남양)지구
도시계획도로 개설
공사
기간:2023.01~2028.12.
위치:남양읍 신외리
497-1번지 일원
규모:L=1,447m, B=8~10m
내용:GB우선해제지구 내
도시계획도로 개설
Y N N N N N
계 9,482 175 9,307 0 1,000 1,000 7,307 0 0
재량 9,482 175 9,307 0 1,000 1,000 7,307 0 0
시군구비 9,482 175 9,307 0 1,000 1,000 7,307 0 0
- 351 -
- 352 -
세세부부사사업업계계획획서서
회계연도 : 2026년
회계구분 : 일반 , 특별회계 , 기금
분    야 : 전체
부    문 : 전체 (단위 : 백만원)
분야ㆍ부문ㆍ정책ㆍ단위ㆍ세부사
업 사 업 개 요 국가계
획
투
자
심
사
지
방
채
BTL
의무지출
재원 총사업비 기투자
연     도     별     투     자     계     획
향  후
법
정
보
조
이
자 소  계 2026 2027 2028 2029 2030
원막1(남양)지구 도
시계획도로 개설공
사
기간:2023.01~2028.12.
위치:남양읍 원천리
221-2번지 일원
규모:L=1,070m, B=8~10m
내용:GB우선해제지구 내
도시계획도로 개설
Y N N N N N
계 2,680 182 2,498 0 832 833 833 0 0
재량 2,680 182 2,498 0 832 833 833 0 0
시군구비 2,680 182 2,498 0 832 833 833 0 0
양지동(남양)지구
도시계획도로 개설
공사
기간:2023.01~2027.12.
위치:남양읍 송림리
457-3번지 일원
규모:L=1,246m, B=8~10m
내용:GB우선해제지구 내
도시계획도로 개설
Y N N N N N
계 10,260 204 10,056 0 2,514 2,514 2,514 2,514 0
재량 10,260 204 10,056 0 2,514 2,514 2,514 2,514 0
시군구비 10,260 204 10,056 0 2,514 2,514 2,514 2,514 0
신수리(봉담)지구
도시계획도로 개설
공사
기간:2023.01~2027.12.
위치:봉담읍 상리257-2
번지 일원
규모:L=338m, B=8m
내용:GB우선해제지구 내
도시계획도로 개설
Y N N N N N
계 2,877 50 2,827 0 1,414 1,414 0 0 0
재량 2,877 50 2,827 0 1,414 1,414 0 0 0
시군구비 2,877 50 2,827 0 1,414 1,414 0 0 0
양지(남양)지구 도
시계획도로 개설공
사
기간:2023.01~2027.12.
위치:남양읍 북양리
249-2번지 일원
규모:L=342m, B=8m
내용:GB우선해제지구 내
도시계획도로 개설
Y N N N N N
계 3,920 91 3,829 0 900 900 1,000 1,029 0
재량 3,920 91 3,829 0 900 900 1,000 1,029 0
시군구비 3,920 91 3,829 0 900 900 1,000 1,029 0
웃말(봉담)지구 도
시계획도로 개설공
사
기간:2023.01~2027.12.
위치:봉담읍 상리400번
지 일원
규모:L=797m, B=8~10m
내용:GB우선해제지구 내
도시계획도로 개설
Y N N N N N
계 4,896 133 4,763 0 1,000 1,000 1,000 1,763 0
재량 4,896 133 4,763 0 1,000 1,000 1,000 1,763 0
시군구비 4,896 133 4,763 0 1,000 1,000 1,000 1,763 0
호연이(봉담)지구
도시계획도로 개설
공사
기간:2023.01~2027.12.
위치:봉담읍 상기리
308-3번지 일원
규모:L=672m, B=8m
내용:GB우선해제지구 내
도시계획도로 개설
Y N N N N N
계 5,590 100 5,490 0 2,745 2,745 0 0 0
재량 5,590 100 5,490 0 2,745 2,745 0 0 0
시군구비 5,590 100 5,490 0 2,745 2,745 0 0 0
- 353 -
세세부부사사업업계계획획서서
회계연도 : 2026년
회계구분 : 일반 , 특별회계 , 기금
분    야 : 전체
부    문 : 전체 (단위 : 백만원)
분야ㆍ부문ㆍ정책ㆍ단위ㆍ세부사
업 사 업 개 요 국가계
획
투
자
심
사
지
방
채
BTL
의무지출
재원 총사업비 기투자
연     도     별     투     자     계     획
향  후
법
정
보
조
이
자 소  계 2026 2027 2028 2029 2030
현천, 강우내(매송)
지구 도시계획도로
개설공사
기간:2023.01~2029.12
위치:매송면 야목리
868-5번지 일원
규모:L=1,124m, B=8~10m
내용:GB우선해제지구 내
도시계획도로 개설
Y N N N N N
계 8,946 180 8,766 0 0 1,922 3,922 2,922 0
재량 8,946 180 8,766 0 0 1,922 3,922 2,922 0
시군구비 8,946 180 8,766 0 0 1,922 3,922 2,922 0
벌터(매송)지구 도
시계획도로 개설공
사
기간:2023.01~2027.12
위치:매송면 원평리 526
번지 일원
규모:L=612m, B=8m
내용:GB우선해제지구 내
도시계획도로 개설
Y N N N N N
계 4,287 91 4,196 0 2,098 2,098 0 0 0
재량 4,287 91 4,196 0 2,098 2,098 0 0 0
시군구비 4,287 91 4,196 0 2,098 2,098 0 0 0
수용소(매송)지구
도시계획도로 개설
공사
기간:2023.01 ~ 2027.12
대상:매송면 천천리
35-27번지 일원
규모:ㅣ=717m, B=8m
내용:GB우선해제지구 내
도시계획도로 개설
Y N N N N N
계 3,615 105 3,510 0 1,755 1,755 0 0 0
재량 3,615 105 3,510 0 1,755 1,755 0 0 0
시군구비 3,615 105 3,510 0 1,755 1,755 0 0 0
존의동(비봉)지구
도시계획도로 개설
공사
기간:2023.01~2027.12
위치:비봉면 남전리
173-6번지 일원
규모:L=458m, B=10m
내용:GB우선해제지구 내
도시계획도로 개설
Y N N N N N
계 2,024 85 1,939 0 970 970 0 0 0
재량 2,024 85 1,939 0 970 970 0 0 0
시군구비 2,024 85 1,939 0 970 970 0 0 0
화산도시계획도로
소로3-1호선 개설공
사
기간: 2019. 01 ~ 2024.
12. 31
대상: 안녕동 46-70 일
원
규모: L=151m, B=6m
내용: 도시계획도로 개
설
Y N N N N N
계 2,600 2,600 0 0 0 0 0 0 0
재량 2,600 2,600 0 0 0 0 0 0 0
시군구비 2,600 2,600 0 0 0 0 0 0 0
기안도시계획도로
소로2-4호선 개설공
사
기간: 2019. 10 ~ 2026.
12
위치: 기안동 170-3 일
원
규모: L=431m, B=8m
내용: 도시계획도로 개
설
Y N N N N N
계 5,905 5,605 300 300 0 0 0 0 0
재량 5,905 5,605 300 300 0 0 0 0 0
시군구비 5,905 5,605 300 300 0 0 0 0 0
- 352 -
- 353 -
세세부부사사업업계계획획서서
회계연도 : 2026년
회계구분 : 일반 , 특별회계 , 기금
분    야 : 전체
부    문 : 전체 (단위 : 백만원)
분야ㆍ부문ㆍ정책ㆍ단위ㆍ세부사
업 사 업 개 요 국가계
획
투
자
심
사
지
방
채
BTL
의무지출
재원 총사업비 기투자
연     도     별     투     자     계     획
향  후
법
정
보
조
이
자 소  계 2026 2027 2028 2029 2030
현천, 강우내(매송)
지구 도시계획도로
개설공사
기간:2023.01~2029.12
위치:매송면 야목리
868-5번지 일원
규모:L=1,124m, B=8~10m
내용:GB우선해제지구 내
도시계획도로 개설
Y N N N N N
계 8,946 180 8,766 0 0 1,922 3,922 2,922 0
재량 8,946 180 8,766 0 0 1,922 3,922 2,922 0
시군구비 8,946 180 8,766 0 0 1,922 3,922 2,922 0
벌터(매송)지구 도
시계획도로 개설공
사
기간:2023.01~2027.12
위치:매송면 원평리 526
번지 일원
규모:L=612m, B=8m
내용:GB우선해제지구 내
도시계획도로 개설
Y N N N N N
계 4,287 91 4,196 0 2,098 2,098 0 0 0
재량 4,287 91 4,196 0 2,098 2,098 0 0 0
시군구비 4,287 91 4,196 0 2,098 2,098 0 0 0
수용소(매송)지구
도시계획도로 개설
공사
기간:2023.01 ~ 2027.12
대상:매송면 천천리
35-27번지 일원
규모:ㅣ=717m, B=8m
내용:GB우선해제지구 내
도시계획도로 개설
Y N N N N N
계 3,615 105 3,510 0 1,755 1,755 0 0 0
재량 3,615 105 3,510 0 1,755 1,755 0 0 0
시군구비 3,615 105 3,510 0 1,755 1,755 0 0 0
존의동(비봉)지구
도시계획도로 개설
공사
기간:2023.01~2027.12
위치:비봉면 남전리
173-6번지 일원
규모:L=458m, B=10m
내용:GB우선해제지구 내
도시계획도로 개설
Y N N N N N
계 2,024 85 1,939 0 970 970 0 0 0
재량 2,024 85 1,939 0 970 970 0 0 0
시군구비 2,024 85 1,939 0 970 970 0 0 0
화산도시계획도로
소로3-1호선 개설공
사
기간: 2019. 01 ~ 2024.
12. 31
대상: 안녕동 46-70 일
원
규모: L=151m, B=6m
내용: 도시계획도로 개
설
Y N N N N N
계 2,600 2,600 0 0 0 0 0 0 0
재량 2,600 2,600 0 0 0 0 0 0 0
시군구비 2,600 2,600 0 0 0 0 0 0 0
기안도시계획도로
소로2-4호선 개설공
사
기간: 2019. 10 ~ 2026.
12
위치: 기안동 170-3 일
원
규모: L=431m, B=8m
내용: 도시계획도로 개
설
Y N N N N N
계 5,905 5,605 300 300 0 0 0 0 0
재량 5,905 5,605 300 300 0 0 0 0 0
시군구비 5,905 5,605 300 300 0 0 0 0 0
- 353 -
- 354 -
세세부부사사업업계계획획서서
회계연도 : 2026년
회계구분 : 일반 , 특별회계 , 기금
분    야 : 전체
부    문 : 전체 (단위 : 백만원)
분야ㆍ부문ㆍ정책ㆍ단위ㆍ세부사
업 사 업 개 요 국가계
획
투
자
심
사
지
방
채
BTL
의무지출
재원 총사업비 기투자
연     도     별     투     자     계     획
향  후
법
정
보
조
이
자 소  계 2026 2027 2028 2029 2030
정남도시계획도로
소로2-1호선 외 2개
소 개설공사
기간:2020~2027
대상:정남면 괘랑리
916-8번지 일원
규모:L=220m, B=6~8m
내용:도시계획도로 개
설
N N N N N N
계 2,072 1,972 100 0 100 0 0 0 0
재량 2,072 1,972 100 0 100 0 0 0 0
시군구비 2,072 1,972 100 0 100 0 0 0 0
정남도시계획도로
소로3-6호선 외 1개
소 개설공사
기간:2019~2027
대상:정남면 괘랑리
924-27번지 일원
규모:L=181m, B=6m
내용:도시계획도로 개
설
N N N N N N
계 2,027 1,627 400 0 400 0 0 0 0
재량 2,027 1,627 400 0 400 0 0 0 0
시군구비 2,027 1,627 400 0 400 0 0 0 0
정남도시계획도로
소로3-5호선 외 1개
소 개설공사
기간:2019~2027
대상:정남면 괘랑리 897
번지 일원
규모:L=240m, B=6m
내용:도시계획도로 개
설
N N N N N N
계 2,369 1,476 893 400 493 0 0 0 0
재량 2,369 1,476 893 400 493 0 0 0 0
시군구비 2,369 1,476 893 400 493 0 0 0 0
화산도시계획도로
소로2-A호선 개설공
사
기간:2023~2029
대상:안녕동 37-35번지
일원
규모:L=112m, B=8m
내용:도시계획도로 개
설
N N N N N N
계 3,498 1,650 1,848 0 462 462 462 462 0
재량 3,498 1,650 1,848 0 462 462 462 462 0
시군구비 3,498 1,650 1,848 0 462 462 462 462 0
기배도시계획도로
소로2-A호선 개설공
사
기간: 2023. 01 ~ 2030.
12
위치: 배양동 19-6번지
일원
규모: L=604m, B=8m
내용: 도시계획도로 개
설
Y N N N N N
계 3,676 1,260 2,416 0 604 0 1,208 604 0
재량 3,676 1,260 2,416 0 604 0 1,208 604 0
시군구비 3,676 1,260 2,416 0 604 0 1,208 604 0
버들무지(비봉)지구
도시계획도로 개설
공사
기간: 
2023.05.~2028.12.
대상: 비봉면 유포리 79
번지 일원
규모: L=1,671m, B=8m
내용: GB해제지구 내 도
시계획도로 개설
Y N N N N N
계 9,810 198 9,612 0 2,204 2,204 5,204 0 0
재량 9,810 198 9,612 0 2,204 2,204 5,204 0 0
시군구비 9,810 198 9,612 0 2,204 2,204 5,204 0 0
- 355 -
세세부부사사업업계계획획서서
회계연도 : 2026년
회계구분 : 일반 , 특별회계 , 기금
분    야 : 전체
부    문 : 전체 (단위 : 백만원)
분야ㆍ부문ㆍ정책ㆍ단위ㆍ세부사
업 사 업 개 요 국가계
획
투
자
심
사
지
방
채
BTL
의무지출
재원 총사업비 기투자
연     도     별     투     자     계     획
향  후
법
정
보
조
이
자 소  계 2026 2027 2028 2029 2030
유지말(비봉)지구
도시계획도로 개설
공사
기간 : 2023.05.~2028.12.
대상: 비봉면 유포리 520번
지 일원
규모: L=1,623m, B=3~10m
내용: GB해제지구 내 도시
계획도로 개설
Y N N N N N
계 7,669 192 7,477 0 1,869 1,869 1,869 1,869 0
재량 7,669 192 7,477 0 1,869 1,869 1,869 1,869 0
시군구비 7,669 192 7,477 0 1,869 1,869 1,869 1,869 0
연화동(비봉)지구
도시계획도로 개설
공사
기간: 2023.05.~2028.12.
대상: 비봉면 삼화리 723-1
번지 일원
규모: L=1,191m, B=8~10m
내용: GB해제지구 내 도시
계획도로 개설
Y N N N N N
계 7,118 150 6,968 0 1,742 1,742 1,742 1,742 0
재량 7,118 150 6,968 0 1,742 1,742 1,742 1,742 0
시군구비 7,118 150 6,968 0 1,742 1,742 1,742 1,742 0
동학동(비봉)지구
도시계획도로 개설
공사
기간: 2023.05.~2028.12.
대상: 비봉면 쌍학리 638번
지 일원
규모: L=1,497m, B=8~10m
내용: GB해제지구 내 도시
계획도로 개설
Y N N N N N
계 8,764 220 8,544 0 2,136 1,136 3,136 2,136 0
재량 8,764 220 8,544 0 2,136 1,136 3,136 2,136 0
시군구비 8,764 220 8,544 0 2,136 1,136 3,136 2,136 0
병실(매송)지구 도
시계획도로 개설공
사
기간: 
2023.05.~2028.12.
대상: 매송면 송라리
690-2번지 일원
규모:  L=1,092m, B=8m
내용: GB우선해제지구
내 도시계획도로 개설
Y N N N N N
계 6,903 140 6,763 0 1,691 1,691 1,691 1,691 0
재량 6,903 140 6,763 0 1,691 1,691 1,691 1,691 0
시군구비 6,903 140 6,763 0 1,691 1,691 1,691 1,691 0
웃신촌2(매송)지구
도시계획도로 개설
공사
기간: 
2023.05.~2028.12.
대상: 매송면 송라리
202-1번지 일원
규모: L=867m, B=8~10m
GB우선해제지구 내 도시
계획도로 개설
Y N N N N N
계 4,435 117 4,318 0 1,080 1,080 1,080 1,080 0
재량 4,435 117 4,318 0 1,080 1,080 1,080 1,080 0
시군구비 4,435 117 4,318 0 1,080 1,080 1,080 1,080 0
내촌(매송)지구 도
시계획도로 개설공
사
기간:2023. 1. ~ 2028.
12.
대상:화성시 매송면 어
천리 377-2번지 일원
규모:L=808m, B=8m
내용:GB우선해제지구 내
도시계획도로 개설
Y N N N N N
계 6,750 110 6,640 0 1,660 1,660 1,660 1,660 0
재량 6,750 110 6,640 0 1,660 1,660 1,660 1,660 0
시군구비 6,750 110 6,640 0 1,660 1,660 1,660 1,660 0
- 354 -
- 355 -
세세부부사사업업계계획획서서
회계연도 : 2026년
회계구분 : 일반 , 특별회계 , 기금
분    야 : 전체
부    문 : 전체 (단위 : 백만원)
분야ㆍ부문ㆍ정책ㆍ단위ㆍ세부사
업 사 업 개 요 국가계
획
투
자
심
사
지
방
채
BTL
의무지출
재원 총사업비 기투자
연     도     별     투     자     계     획
향  후
법
정
보
조
이
자 소  계 2026 2027 2028 2029 2030
유지말(비봉)지구
도시계획도로 개설
공사
기간 : 2023.05.~2028.12.
대상: 비봉면 유포리 520번
지 일원
규모: L=1,623m, B=3~10m
내용: GB해제지구 내 도시
계획도로 개설
Y N N N N N
계 7,669 192 7,477 0 1,869 1,869 1,869 1,869 0
재량 7,669 192 7,477 0 1,869 1,869 1,869 1,869 0
시군구비 7,669 192 7,477 0 1,869 1,869 1,869 1,869 0
연화동(비봉)지구
도시계획도로 개설
공사
기간: 2023.05.~2028.12.
대상: 비봉면 삼화리 723-1
번지 일원
규모: L=1,191m, B=8~10m
내용: GB해제지구 내 도시
계획도로 개설
Y N N N N N
계 7,118 150 6,968 0 1,742 1,742 1,742 1,742 0
재량 7,118 150 6,968 0 1,742 1,742 1,742 1,742 0
시군구비 7,118 150 6,968 0 1,742 1,742 1,742 1,742 0
동학동(비봉)지구
도시계획도로 개설
공사
기간: 2023.05.~2028.12.
대상: 비봉면 쌍학리 638번
지 일원
규모: L=1,497m, B=8~10m
내용: GB해제지구 내 도시
계획도로 개설
Y N N N N N
계 8,764 220 8,544 0 2,136 1,136 3,136 2,136 0
재량 8,764 220 8,544 0 2,136 1,136 3,136 2,136 0
시군구비 8,764 220 8,544 0 2,136 1,136 3,136 2,136 0
병실(매송)지구 도
시계획도로 개설공
사
기간: 
2023.05.~2028.12.
대상: 매송면 송라리
690-2번지 일원
규모:  L=1,092m, B=8m
내용: GB우선해제지구
내 도시계획도로 개설
Y N N N N N
계 6,903 140 6,763 0 1,691 1,691 1,691 1,691 0
재량 6,903 140 6,763 0 1,691 1,691 1,691 1,691 0
시군구비 6,903 140 6,763 0 1,691 1,691 1,691 1,691 0
웃신촌2(매송)지구
도시계획도로 개설
공사
기간: 
2023.05.~2028.12.
대상: 매송면 송라리
202-1번지 일원
규모: L=867m, B=8~10m
GB우선해제지구 내 도시
계획도로 개설
Y N N N N N
계 4,435 117 4,318 0 1,080 1,080 1,080 1,080 0
재량 4,435 117 4,318 0 1,080 1,080 1,080 1,080 0
시군구비 4,435 117 4,318 0 1,080 1,080 1,080 1,080 0
내촌(매송)지구 도
시계획도로 개설공
사
기간:2023. 1. ~ 2028.
12.
대상:화성시 매송면 어
천리 377-2번지 일원
규모:L=808m, B=8m
내용:GB우선해제지구 내
도시계획도로 개설
Y N N N N N
계 6,750 110 6,640 0 1,660 1,660 1,660 1,660 0
재량 6,750 110 6,640 0 1,660 1,660 1,660 1,660 0
시군구비 6,750 110 6,640 0 1,660 1,660 1,660 1,660 0
- 355 -
- 356 -
세세부부사사업업계계획획서서
회계연도 : 2026년
회계구분 : 일반 , 특별회계 , 기금
분    야 : 전체
부    문 : 전체 (단위 : 백만원)
분야ㆍ부문ㆍ정책ㆍ단위ㆍ세부사
업 사 업 개 요 국가계
획
투
자
심
사
지
방
채
BTL
의무지출
재원 총사업비 기투자
연     도     별     투     자     계     획
향  후
법
정
보
조
이
자 소  계 2026 2027 2028 2029 2030
벌말(비봉)지구 도
시계획도로 개설공
사
기간:2023. 5. ~ 2028.
12.
대상:화성시 비봉면 쌍
학리 208-9번지 일원
규모:L=822m, B=8m
내용:GB우선해제지구 내
도시계획도로 개설
Y N N N N N
계 4,276 220 4,056 0 1,352 1,352 1,352 0 0
재량 4,276 220 4,056 0 1,352 1,352 1,352 0 0
시군구비 4,276 220 4,056 0 1,352 1,352 1,352 0 0
외포(남양)지구 도
시계획도로 개설공
사
기간:2023. 5. ~ 2028.
12.
대상:화성시 남양읍 시
리 228-2번지 일원
규모:L=998m, B=8m
내용:GB우선해제지구 내
도시계획도로 개설
Y N N N N N
계 5,823 130 5,693 0 1,897 1,898 1,898 0 0
재량 5,823 130 5,693 0 1,897 1,898 1,898 0 0
시군구비 5,823 130 5,693 0 1,897 1,898 1,898 0 0
들고개(남양)지구
도시계획도로 개설
공사
기간:2023. 5. ~ 2028.
12.
대상:화성시 남양읍 원
천리 436-3번지 일원
규모:L=815m, B=8m
내용:GB우선해제지구 내
도시계획도로 개설
Y N N N N N
계 3,159 95 3,064 0 1,532 1,532 0 0 0
재량 3,159 95 3,064 0 1,532 1,532 0 0 0
시군구비 3,159 95 3,064 0 1,532 1,532 0 0 0
개묵동(남양)지구
도시계획도로 개설
공사
기간:2023. 5. ~ 2028.
12.
대상:화성시 남양읍 원
천리 436-3번지 일원
규모:L=815m, B=8m 
내용:GB해제지구 내 도
시계획도로 개설
Y N N N N N
계 3,879 115 3,764 0 1,871 1,893 0 0 0
재량 3,879 115 3,764 0 1,871 1,893 0 0 0
시군구비 3,879 115 3,764 0 1,871 1,893 0 0 0
중곡(남양)지구 도
시계획도로 개설공
사
기간:2023. 5. ~ 2028.
12.
대상:화성시 남양읍 송
림리 307-2번지 일원
규모:L=629m, B=8m 
내용:GB우선해제지구 내
도시계획도로 개설
Y N N N N N
계 2,896 593 2,303 0 2,303 0 0 0 0
재량 2,896 593 2,303 0 2,303 0 0 0 0
시군구비 2,896 593 2,303 0 2,303 0 0 0 0
문구동(남양)지구
도시계획도로 개설
공사
기간:2023. 5. ~ 2028.
12.
대상:화성시 남양읍 문
호리 272-11번지 일원
규모:L=580m, B=8~10m
내용:GB우선해제지구 내
도시계획도로 개설
Y N N N N N
계 4,921 131 4,790 0 1,596 1,597 1,597 0 0
재량 4,921 131 4,790 0 1,596 1,597 1,597 0 0
시군구비 4,921 131 4,790 0 1,596 1,597 1,597 0 0
- 357 -
세세부부사사업업계계획획서서
회계연도 : 2026년
회계구분 : 일반 , 특별회계 , 기금
분    야 : 전체
부    문 : 전체 (단위 : 백만원)
분야ㆍ부문ㆍ정책ㆍ단위ㆍ세부사
업 사 업 개 요 국가계
획
투
자
심
사
지
방
채
BTL
의무지출
재원 총사업비 기투자
연     도     별     투     자     계     획
향  후
법
정
보
조
이
자 소  계 2026 2027 2028 2029 2030
주네(남양)지구 도
시계획도로 개설공
사
기간:2023. 5. ~ 2028.
12.
대상:화성시 남양읍 수
화리 286-1번지 일원
규모:L=1,016m, B=8m 
내용:GB우선해제지구 내
도시계획도로 개설
Y N N N N N
계 6,225 130 6,095 0 2,031 2,032 2,032 0 0
재량 6,225 130 6,095 0 2,031 2,032 2,032 0 0
시군구비 6,225 130 6,095 0 2,031 2,032 2,032 0 0
양철이(남양)지구
도시계획도로 개설
공사
기간:2023. 5. ~ 2028.
12.
대상:화성시 남양읍 수
화리 660번지 일원
규모:L=1,364m, B=8m 
내용:GB우선해제지구 내
도시계획도로 개설
Y N N N N N
계 7,901 142 7,759 0 2,586 1,586 3,587 0 0
재량 7,901 142 7,759 0 2,586 1,586 3,587 0 0
시군구비 7,901 142 7,759 0 2,586 1,586 3,587 0 0
도곡동(봉담)지구
도시계획도로 개설
공사
기간:2023. 6. ~ 2028.
12.
대상:화성시 봉담읍 상
기리 산249번지 일원
규모:L=788m, B=8m
내용:GB우선해제지구 내
도시계획도로 개설
Y N N N N N
계 5,585 110 5,475 0 1,825 1,825 1,825 0 0
재량 5,585 110 5,475 0 1,825 1,825 1,825 0 0
시군구비 5,585 110 5,475 0 1,825 1,825 1,825 0 0
동탄도시계획도로
소로1-4호선 개설공
사
기간:2016.03. ~ 2026.
12.
대상:장지동 606-1번지
일원
규모:L=606, B=10m
내용:도시계획도로 개
설
Y N N N N N
계 14,114 13,114 1,000 250 250 0 250 250 0
재량 14,114 13,114 1,000 250 250 0 250 250 0
시군구비 14,114 13,114 1,000 250 250 0 250 250 0
국도1호선 병점사거
리 개선사업
기간: 2024.01.~2027.06.
대상:병점동 351-4번지 일
원(병점사거리)
규모: 
가속차로(B=3m,L=85m)
, 감속차로(B=3m,L=62m)
내용:국도1호선 병점사거리
개선사업
Y N N N N N
계 7,100 560 6,540 1,600 4,940 0 0 0 0
재량 7,100 560 6,540 1,600 4,940 0 0 0 0
시군구비 7,100 560 6,540 1,600 4,940 0 0 0 0
봉담도시계획도로
중로2-17호선 외 1
개소 개설공사
기간:2024.7.~2028.12.
대상:봉담읍 동화리
305-5번지 일원
규모:L=632m, B=15m
내용:도시계획도로 개
설
Y N N N N N
계 6,300 230 6,070 1,000 4,070 1,000 0 0 0
재량 6,300 230 6,070 1,000 4,070 1,000 0 0 0
시군구비 6,300 230 6,070 1,000 4,070 1,000 0 0 0
- 356 -
- 357 -
세세부부사사업업계계획획서서
회계연도 : 2026년
회계구분 : 일반 , 특별회계 , 기금
분    야 : 전체
부    문 : 전체 (단위 : 백만원)
분야ㆍ부문ㆍ정책ㆍ단위ㆍ세부사
업 사 업 개 요 국가계
획
투
자
심
사
지
방
채
BTL
의무지출
재원 총사업비 기투자
연     도     별     투     자     계     획
향  후
법
정
보
조
이
자 소  계 2026 2027 2028 2029 2030
주네(남양)지구 도
시계획도로 개설공
사
기간:2023. 5. ~ 2028.
12.
대상:화성시 남양읍 수
화리 286-1번지 일원
규모:L=1,016m, B=8m 
내용:GB우선해제지구 내
도시계획도로 개설
Y N N N N N
계 6,225 130 6,095 0 2,031 2,032 2,032 0 0
재량 6,225 130 6,095 0 2,031 2,032 2,032 0 0
시군구비 6,225 130 6,095 0 2,031 2,032 2,032 0 0
양철이(남양)지구
도시계획도로 개설
공사
기간:2023. 5. ~ 2028.
12.
대상:화성시 남양읍 수
화리 660번지 일원
규모:L=1,364m, B=8m 
내용:GB우선해제지구 내
도시계획도로 개설
Y N N N N N
계 7,901 142 7,759 0 2,586 1,586 3,587 0 0
재량 7,901 142 7,759 0 2,586 1,586 3,587 0 0
시군구비 7,901 142 7,759 0 2,586 1,586 3,587 0 0
도곡동(봉담)지구
도시계획도로 개설
공사
기간:2023. 6. ~ 2028.
12.
대상:화성시 봉담읍 상
기리 산249번지 일원
규모:L=788m, B=8m
내용:GB우선해제지구 내
도시계획도로 개설
Y N N N N N
계 5,585 110 5,475 0 1,825 1,825 1,825 0 0
재량 5,585 110 5,475 0 1,825 1,825 1,825 0 0
시군구비 5,585 110 5,475 0 1,825 1,825 1,825 0 0
동탄도시계획도로
소로1-4호선 개설공
사
기간:2016.03. ~ 2026.
12.
대상:장지동 606-1번지
일원
규모:L=606, B=10m
내용:도시계획도로 개
설
Y N N N N N
계 14,114 13,114 1,000 250 250 0 250 250 0
재량 14,114 13,114 1,000 250 250 0 250 250 0
시군구비 14,114 13,114 1,000 250 250 0 250 250 0
국도1호선 병점사거
리 개선사업
기간: 2024.01.~2027.06.
대상:병점동 351-4번지 일
원(병점사거리)
규모: 
가속차로(B=3m,L=85m)
, 감속차로(B=3m,L=62m)
내용:국도1호선 병점사거리
개선사업
Y N N N N N
계 7,100 560 6,540 1,600 4,940 0 0 0 0
재량 7,100 560 6,540 1,600 4,940 0 0 0 0
시군구비 7,100 560 6,540 1,600 4,940 0 0 0 0
봉담도시계획도로
중로2-17호선 외 1
개소 개설공사
기간:2024.7.~2028.12.
대상:봉담읍 동화리
305-5번지 일원
규모:L=632m, B=15m
내용:도시계획도로 개
설
Y N N N N N
계 6,300 230 6,070 1,000 4,070 1,000 0 0 0
재량 6,300 230 6,070 1,000 4,070 1,000 0 0 0
시군구비 6,300 230 6,070 1,000 4,070 1,000 0 0 0
- 357 -
- 358 -
세세부부사사업업계계획획서서
회계연도 : 2026년
회계구분 : 일반 , 특별회계 , 기금
분    야 : 전체
부    문 : 전체 (단위 : 백만원)
분야ㆍ부문ㆍ정책ㆍ단위ㆍ세부사
업 사 업 개 요 국가계
획
투
자
심
사
지
방
채
BTL
의무지출
재원 총사업비 기투자
연     도     별     투     자     계     획
향  후
법
정
보
조
이
자 소  계 2026 2027 2028 2029 2030
봉담도시계획도로
중로2-A호선 개설공
사
기간 : 2025.01~2029.12.
화성시
L=1.5KM, B=15M
주민편익증진
Y Y N N N N
계 19,800 200 19,600 0 7,600 4,800 4,800 2,400 0
재량 19,800 200 19,600 0 7,600 4,800 4,800 2,400 0
시군구비 9,800 200 9,600 0 2,400 2,400 2,400 2,400 0
지방채 10,000 0 10,000 0 5,200 2,400 2,400 0 0
빈정(매송)지구 도
시계획도로 개설공
사
기간:2026~2028
대상:매송면 야목리
175-22번지 일원
규모:L= 1,744m, B= 8~
10m
내용:도시계획도로 개
설
Y N N N N N
계 7,500 0 7,500 0 1,500 2,500 3,500 0 0
재량 7,500 0 7,500 0 1,500 2,500 3,500 0 0
시군구비 7,500 0 7,500 0 1,500 2,500 3,500 0 0
대지보상사업 1,275 0 1,275 421 169 196 226 262 0
장기미집행시설 대
지보상금
기간:2023.01~2028.12
대상:관내 장기미집행시설
중 지목이 '대'인 토지
규모: 화성시 전역 장기미
집행시설 중 지목이 '대'인
토지
내용:장기미집행시설 대지
보상금
N N N Y N N
계 1,275 0 1,275 421 169 196 226 262 0
의무 1,275 0 1,275 421 169 196 226 262 0
시군구비 1,275 0 1,275 421 169 196 226 262 0
안전하고 쾌적한 도로환경
조성(본청) 11,090 0 11,090 1,826 2,316 2,316 2,316 2,316 0
도로 유지관리 개선(본
청) 7,510 0 7,510 1,110 1,600 1,600 1,600 1,600 0
도로 설해대책 운영
기간:2026.1.1.~2030.12.31.
대상:관내 일반도로 253개노선
808km, 도시계획도로 895개노선
208km
규모:관내 일반도로 253개노선
808km, 도시계획도로 895개노선
208km
내용:화성시  관내 도로 제설작
업
N N N N N N
계 2,000 0 2,000 400 400 400 400 400 0
재량 2,000 0 2,000 400 400 400 400 400 0
시군구비 2,000 0 2,000 400 400 400 400 400 0
마을안길 포장 및
재포장
기간:2026.01.~2030.12.
대상:관내 비법정도로
규모:비법정도로 1,925km
내용:마을안길 정비공사
N N N N N N
계 2,010 0 2,010 10 500 500 500 500 0
재량 2,010 0 2,010 10 500 500 500 500 0
- 359 -
세세부부사사업업계계획획서서
회계연도 : 2026년
회계구분 : 일반 , 특별회계 , 기금
분    야 : 전체
부    문 : 전체 (단위 : 백만원)
분야ㆍ부문ㆍ정책ㆍ단위ㆍ세부사
업 사 업 개 요 국가계
획
투
자
심
사
지
방
채
BTL
의무지출
재원 총사업비 기투자
연     도     별     투     자     계     획
향  후
법
정
보
조
이
자 소  계 2026 2027 2028 2029 2030
N N N N N N 시군구비 2,010 0 2,010 10 500 500 500 500 0
위험도로 구조개선
기간:연례반복
대상:관내위험도로
규모:접수량에따라편성
내용:위험도로구조개선
N N N N N N
계 3,500 0 3,500 700 700 700 700 700 0
재량 3,500 0 3,500 700 700 700 700 700 0
시군구비 3,500 0 3,500 700 700 700 700 700 0
도로시설물 관리(본청) 3,580 0 3,580 716 716 716 716 716 0
지하차도(터널) 유
지관리
기간:2026~2030년
대상:서남부권 지하차
도(터널) 등
규모:지하차도(터널) 시
설물 유지보수 1식
내용:지하차도 시설물
유지보수
N N N N N N
계 3,580 0 3,580 716 716 716 716 716 0
재량 3,580 0 3,580 716 716 716 716 716 0
시군구비 3,580 0 3,580 716 716 716 716 716 0
안전하고 쾌적한 도로환경
조성(만세구) 60,931 0 60,931 12,186 12,186 12,186 12,186 12,186 0
도로 유지관리 개선(만
세구) 22,326 0 22,326 4,465 4,465 4,465 4,465 4,465 0
도로 유지보수(만세
구)
기간:2026.01. ~ 2030.12.
대상:화성시 만세구 시도이
하 법정도로
규모:도로 및 도로시설물
내용:도로 및 도로부속시설
물 정비
N N N Y N N
계 13,486 0 13,486 2,697 2,697 2,697 2,697 2,697 0
의무 13,486 0 13,486 2,697 2,697 2,697 2,697 2,697 0
시군구비 13,486 0 13,486 2,697 2,697 2,697 2,697 2,697 0
차선도색 및 유지관
리(만세구)
2026.01.~2030.01.
화성시 만세구 시도이
하 법정도로
법정도로(시도, 도시계
획도로, 면도 등)
차선 재도색 등
N N N N N N
계 2,100 0 2,100 420 420 420 420 420 0
재량 2,100 0 2,100 420 420 420 420 420 0
시군구비 2,100 0 2,100 420 420 420 420 420 0
도로 안전시설물 설
치 및 유지관리(만
세구)
2026.01. ~ 2030.12.
만세구 도로안전시설물
교통안전표지판 등 설치
교통안전시설물(표지판) 설
치 및 유지보수
N N N N N N
계 1,500 0 1,500 300 300 300 300 300 0
재량 1,500 0 1,500 300 300 300 300 300 0
- 358 -
- 359 -
세세부부사사업업계계획획서서
회계연도 : 2026년
회계구분 : 일반 , 특별회계 , 기금
분    야 : 전체
부    문 : 전체 (단위 : 백만원)
분야ㆍ부문ㆍ정책ㆍ단위ㆍ세부사
업 사 업 개 요 국가계
획
투
자
심
사
지
방
채
BTL
의무지출
재원 총사업비 기투자
연     도     별     투     자     계     획
향  후
법
정
보
조
이
자 소  계 2026 2027 2028 2029 2030
N N N N N N 시군구비 2,010 0 2,010 10 500 500 500 500 0
위험도로 구조개선
기간:연례반복
대상:관내위험도로
규모:접수량에따라편성
내용:위험도로구조개선
N N N N N N
계 3,500 0 3,500 700 700 700 700 700 0
재량 3,500 0 3,500 700 700 700 700 700 0
시군구비 3,500 0 3,500 700 700 700 700 700 0
도로시설물 관리(본청) 3,580 0 3,580 716 716 716 716 716 0
지하차도(터널) 유
지관리
기간:2026~2030년
대상:서남부권 지하차
도(터널) 등
규모:지하차도(터널) 시
설물 유지보수 1식
내용:지하차도 시설물
유지보수
N N N N N N
계 3,580 0 3,580 716 716 716 716 716 0
재량 3,580 0 3,580 716 716 716 716 716 0
시군구비 3,580 0 3,580 716 716 716 716 716 0
안전하고 쾌적한 도로환경
조성(만세구) 60,931 0 60,931 12,186 12,186 12,186 12,186 12,186 0
도로 유지관리 개선(만
세구) 22,326 0 22,326 4,465 4,465 4,465 4,465 4,465 0
도로 유지보수(만세
구)
기간:2026.01. ~ 2030.12.
대상:화성시 만세구 시도이
하 법정도로
규모:도로 및 도로시설물
내용:도로 및 도로부속시설
물 정비
N N N Y N N
계 13,486 0 13,486 2,697 2,697 2,697 2,697 2,697 0
의무 13,486 0 13,486 2,697 2,697 2,697 2,697 2,697 0
시군구비 13,486 0 13,486 2,697 2,697 2,697 2,697 2,697 0
차선도색 및 유지관
리(만세구)
2026.01.~2030.01.
화성시 만세구 시도이
하 법정도로
법정도로(시도, 도시계
획도로, 면도 등)
차선 재도색 등
N N N N N N
계 2,100 0 2,100 420 420 420 420 420 0
재량 2,100 0 2,100 420 420 420 420 420 0
시군구비 2,100 0 2,100 420 420 420 420 420 0
도로 안전시설물 설
치 및 유지관리(만
세구)
2026.01. ~ 2030.12.
만세구 도로안전시설물
교통안전표지판 등 설치
교통안전시설물(표지판) 설
치 및 유지보수
N N N N N N
계 1,500 0 1,500 300 300 300 300 300 0
재량 1,500 0 1,500 300 300 300 300 300 0
- 359 -
- 360 -
세세부부사사업업계계획획서서
회계연도 : 2026년
회계구분 : 일반 , 특별회계 , 기금
분    야 : 전체
부    문 : 전체 (단위 : 백만원)
분야ㆍ부문ㆍ정책ㆍ단위ㆍ세부사
업 사 업 개 요 국가계
획
투
자
심
사
지
방
채
BTL
의무지출
재원 총사업비 기투자
연     도     별     투     자     계     획
향  후
법
정
보
조
이
자 소  계 2026 2027 2028 2029 2030
N N N N N N 시군구비 1,500 0 1,500 300 300 300 300 300 0
시도·농어촌도로·
도시계획도로 포장
도 보수(만세구)
기간:2026.01. ~
2030.12.
대상:법정도로
규모:만세구 내 법정도
로
내용:도로 재포장 등 보
수
N N N N N N
계 4,340 0 4,340 868 868 868 868 868 0
재량 4,340 0 4,340 868 868 868 868 868 0
시군구비 4,340 0 4,340 868 868 868 868 868 0
마을안길 포장 및
재포장(만세구)
기간:2026.01. ~ 2030.12.
대상:만세구 내 비법정도로
규모:만세구 내 비법정도로
내용:마을안길 정비공사
N N N N N N
계 900 0 900 180 180 180 180 180 0
재량 900 0 900 180 180 180 180 180 0
시군구비 900 0 900 180 180 180 180 180 0
도로시설물 관리(만세구
) 27,480 0 27,480 5,496 5,496 5,496 5,496 5,496 0
도로시설물 정밀,정
기안전점검(만세구)
기간:2026~2030년
대상: 서남부권 도로시설물
130개소, 소규모시설물 160
개소
규모:만세구 도로시설물(교
량, 지하차도, 터널 등)
내용:시설물 육안점검 및
비파괴 강도시험 등
N N N N N N
계 6,650 0 6,650 1,330 1,330 1,330 1,330 1,330 0
재량 6,650 0 6,650 1,330 1,330 1,330 1,330 1,330 0
시군구비 6,650 0 6,650 1,330 1,330 1,330 1,330 1,330 0
도로시설물 유지보
수(만세구)
기간: 2026~2030년
대상: 교량, 지하차도,
터널 등
규모: 만세구 도로시설
물
내용: 응급보수, 청소,
준설 등 유지보수
N N N N N N
계 4,000 0 4,000 800 800 800 800 800 0
재량 4,000 0 4,000 800 800 800 800 800 0
시군구비 4,000 0 4,000 800 800 800 800 800 0
도로시설물 보강공
사(만세구)
기간: 2026~2030년
대상:교량, 지하차도, 터널
등
규모:만세구 도로시설물(교
량, 지하차도, 터널 등)
내용: 도로시설물(교량, 지
하차도 등) 보강공사
N N N N N N
계 3,000 0 3,000 600 600 600 600 600 0
재량 3,000 0 3,000 600 600 600 600 600 0
시군구비 3,000 0 3,000 600 600 600 600 600 0
지하차도(터널) 유
지관리(만세구)
기간:2026~2030년
대상:서남부권 
지하차도(터널) 등
N N N N N N 계 4,430 0 4,430 886 886 886 886 886 0
- 361 -
세세부부사사업업계계획획서서
회계연도 : 2026년
회계구분 : 일반 , 특별회계 , 기금
분    야 : 전체
부    문 : 전체 (단위 : 백만원)
분야ㆍ부문ㆍ정책ㆍ단위ㆍ세부사
업 사 업 개 요 국가계
획
투
자
심
사
지
방
채
BTL
의무지출
재원 총사업비 기투자
연     도     별     투     자     계     획
향  후
법
정
보
조
이
자 소  계 2026 2027 2028 2029 2030
규모:지하차도(터널) 시설물 
유지보수 1식
내용:지하차도 시설물 
유지보수
N N N N N N
재량 4,430 0 4,430 886 886 886 886 886 0
시군구비 4,430 0 4,430 886 886 886 886 886 0
교량 내진성능 개선
사업(만세구)
기간:2026~2030년
대상:서남부권 교량 79
개소
규모:유포교 외78개교
내용:교량 내진성능평
가 및 내진보강공사
N N N N N N
계 9,400 0 9,400 1,880 1,880 1,880 1,880 1,880 0
재량 9,400 0 9,400 1,880 1,880 1,880 1,880 1,880 0
시군구비 9,400 0 9,400 1,880 1,880 1,880 1,880 1,880 0
보행환경 개선(만세구) 11,125 0 11,125 2,225 2,225 2,225 2,225 2,225 0
보안등 정비 공사(
만세구)
기간:연례반복
대상:관내
규모:650개소
내용:조명시설정비
N N N N N N
계 3,750 0 3,750 750 750 750 750 750 0
재량 3,750 0 3,750 750 750 750 750 750 0
시군구비 3,750 0 3,750 750 750 750 750 750 0
가로등 정비 공사(
만세구)
기간:2026~2030년
대상:화성시 만세구
규모:가로등 설치 및 교
체 180등
내용:가로등 취약지구
정비공사
N N N N N N
계 4,875 0 4,875 975 975 975 975 975 0
재량 4,875 0 4,875 975 975 975 975 975 0
시군구비 4,875 0 4,875 975 975 975 975 975 0
인도 유지관리(만세
구)
기간:연례반복
대상:관내
규모:내구년도 경과구
건 재정비
내용:인도 노면불량등
내구년도 경과구간에
대한 재정비
N N N N N N
계 2,500 0 2,500 500 500 500 500 500 0
재량 2,500 0 2,500 500 500 500 500 500 0
시군구비 2,500 0 2,500 500 500 500 500 500 0
안전하고 쾌적한 도로환경
조성(효행구) 14,930 0 14,930 1,874 3,264 3,264 3,264 3,264 0
도로시설물 관리(효행구
) 4,770 0 4,770 954 954 954 954 954 0
도로시설물 정밀,정
기안전점검(효행구)
기간:2026~2030년
대상: 효행구 도로시설물 
130개소, 소규모시설물 160개소
N N N N N N 계 1,300 0 1,300 260 260 260 260 260 0
- 360 -
- 361 -
세세부부사사업업계계획획서서
회계연도 : 2026년
회계구분 : 일반 , 특별회계 , 기금
분    야 : 전체
부    문 : 전체 (단위 : 백만원)
분야ㆍ부문ㆍ정책ㆍ단위ㆍ세부사
업 사 업 개 요 국가계
획
투
자
심
사
지
방
채
BTL
의무지출
재원 총사업비 기투자
연     도     별     투     자     계     획
향  후
법
정
보
조
이
자 소  계 2026 2027 2028 2029 2030
규모:지하차도(터널) 시설물 
유지보수 1식
내용:지하차도 시설물 
유지보수
N N N N N N
재량 4,430 0 4,430 886 886 886 886 886 0
시군구비 4,430 0 4,430 886 886 886 886 886 0
교량 내진성능 개선
사업(만세구)
기간:2026~2030년
대상:서남부권 교량 79
개소
규모:유포교 외78개교
내용:교량 내진성능평
가 및 내진보강공사
N N N N N N
계 9,400 0 9,400 1,880 1,880 1,880 1,880 1,880 0
재량 9,400 0 9,400 1,880 1,880 1,880 1,880 1,880 0
시군구비 9,400 0 9,400 1,880 1,880 1,880 1,880 1,880 0
보행환경 개선(만세구) 11,125 0 11,125 2,225 2,225 2,225 2,225 2,225 0
보안등 정비 공사(
만세구)
기간:연례반복
대상:관내
규모:650개소
내용:조명시설정비
N N N N N N
계 3,750 0 3,750 750 750 750 750 750 0
재량 3,750 0 3,750 750 750 750 750 750 0
시군구비 3,750 0 3,750 750 750 750 750 750 0
가로등 정비 공사(
만세구)
기간:2026~2030년
대상:화성시 만세구
규모:가로등 설치 및 교
체 180등
내용:가로등 취약지구
정비공사
N N N N N N
계 4,875 0 4,875 975 975 975 975 975 0
재량 4,875 0 4,875 975 975 975 975 975 0
시군구비 4,875 0 4,875 975 975 975 975 975 0
인도 유지관리(만세
구)
기간:연례반복
대상:관내
규모:내구년도 경과구
건 재정비
내용:인도 노면불량등
내구년도 경과구간에
대한 재정비
N N N N N N
계 2,500 0 2,500 500 500 500 500 500 0
재량 2,500 0 2,500 500 500 500 500 500 0
시군구비 2,500 0 2,500 500 500 500 500 500 0
안전하고 쾌적한 도로환경
조성(효행구) 14,930 0 14,930 1,874 3,264 3,264 3,264 3,264 0
도로시설물 관리(효행구
) 4,770 0 4,770 954 954 954 954 954 0
도로시설물 정밀,정
기안전점검(효행구)
기간:2026~2030년
대상: 효행구 도로시설물 
130개소, 소규모시설물 160개소
N N N N N N 계 1,300 0 1,300 260 260 260 260 260 0
- 361 -
- 362 -
세세부부사사업업계계획획서서
회계연도 : 2026년
회계구분 : 일반 , 특별회계 , 기금
분    야 : 전체
부    문 : 전체 (단위 : 백만원)
분야ㆍ부문ㆍ정책ㆍ단위ㆍ세부사
업 사 업 개 요 국가계
획
투
자
심
사
지
방
채
BTL
의무지출
재원 총사업비 기투자
연     도     별     투     자     계     획
향  후
법
정
보
조
이
자 소  계 2026 2027 2028 2029 2030
규모:호행구 
도로시설물(교량, 지하차도, 
터널 등)
내용:시설물 육안점검 및 
비파괴 강도시험 등
N N N N N N
재량 1,300 0 1,300 260 260 260 260 260 0
시군구비 1,300 0 1,300 260 260 260 260 260 0
도로시설물 유지보
수(효행구)
기간: 2026~2030년
대상: 교량, 지하차도,
터널 등
규모: 서남부권 도로시
설물
내용: 응급보수, 청소,
준설 등 유지보수
N N N N N N
계 1,000 0 1,000 200 200 200 200 200 0
재량 1,000 0 1,000 200 200 200 200 200 0
시군구비 1,000 0 1,000 200 200 200 200 200 0
지하차도(터널) 유
지관리(효행구)
기간:2026~2030년
대상:서남부권 지하차
도(터널) 등
규모:지하차도(터널) 시
설물 유지보수 1식
내용:지하차도 시설물
유지보수
N N N N N N
계 2,370 0 2,370 474 474 474 474 474 0
재량 2,370 0 2,370 474 474 474 474 474 0
시군구비 2,370 0 2,370 474 474 474 474 474 0
교량 내진성능 개선
사업(효행구)
기간:2026~2030년
대상:서남부권 교량 79
개소
규모:유포교 외78개교
내용:교량 내진성능평
가 및 내진보강공사
N N N N N N
계 100 0 100 20 20 20 20 20 0
재량 100 0 100 20 20 20 20 20 0
시군구비 100 0 100 20 20 20 20 20 0
보행환경 개선(효행구) 10,160 0 10,160 920 2,310 2,310 2,310 2,310 0
보도 설치 공사(효
행구)
기간:연례반복
대상:관내
규모:L=4.39㎞
내용:서남부권역 보도
미설치 및 정비구간에
대한 보도설치 및 정비
N N N N N N
계 8,910 0 8,910 670 2,060 2,060 2,060 2,060 0
재량 8,910 0 8,910 670 2,060 2,060 2,060 2,060 0
시군구비 8,910 0 8,910 670 2,060 2,060 2,060 2,060 0
보안등 정비 공사(
효행구)
기간:2026~2030년
대상:관내 도로 조명시
설
규모:보안등 정비 650개
소
내용:보안등 정비공사
N N N N N N
계 600 0 600 120 120 120 120 120 0
재량 600 0 600 120 120 120 120 120 0
시군구비 600 0 600 120 120 120 120 120 0
- 363 -
세세부부사사업업계계획획서서
회계연도 : 2026년
회계구분 : 일반 , 특별회계 , 기금
분    야 : 전체
부    문 : 전체 (단위 : 백만원)
분야ㆍ부문ㆍ정책ㆍ단위ㆍ세부사
업 사 업 개 요 국가계
획
투
자
심
사
지
방
채
BTL
의무지출
재원 총사업비 기투자
연     도     별     투     자     계     획
향  후
법
정
보
조
이
자 소  계 2026 2027 2028 2029 2030
가로등 정비 공사(
효행구)
기간:2026~2030년
대상:화성시 서남부권
규모:가로등 설치 및 교
체 180등
내용:가로등 취약지구
정비공사
N N N N N N
계 650 0 650 130 130 130 130 130 0
재량 650 0 650 130 130 130 130 130 0
시군구비 650 0 650 130 130 130 130 130 0
도로시설 관리(병점구) 71,605 0 71,605 14,321 14,321 14,321 14,321 14,321 0
도로 정비(병점구) 28,705 0 28,705 5,741 5,741 5,741 5,741 5,741 0
도로 유지보수(병점
구)
기간:연례반복
대상:동부권 시민
규모:180개 노선 등
내용:도로 유지 보수 등
N N N Y N N
계 17,955 0 17,955 3,591 3,591 3,591 3,591 3,591 0
의무 17,955 0 17,955 3,591 3,591 3,591 3,591 3,591 0
시군구비 17,955 0 17,955 3,591 3,591 3,591 3,591 3,591 0
자전거도로 및 인도
정비(병점구)
기간:연례반복
대상:동부권 시민
규모:태안로외 1개소 등
내용:노후화된 자전거
도로 및 인도 정비
N N N N N N
계 8,750 0 8,750 1,750 1,750 1,750 1,750 1,750 0
재량 8,750 0 8,750 1,750 1,750 1,750 1,750 1,750 0
시군구비 8,750 0 8,750 1,750 1,750 1,750 1,750 1,750 0
주민편익사업 지원(
병점구)
기간:2025. 1. ~2029.
12.
대상:동부권 시민
규모:예산한도내
내용:마을안길 정비 등
N N N N N N
계 2,000 0 2,000 400 400 400 400 400 0
재량 2,000 0 2,000 400 400 400 400 400 0
시군구비 2,000 0 2,000 400 400 400 400 400 0
시설물 정비(병점구) 29,550 0 29,550 5,910 5,910 5,910 5,910 5,910 0
도로시설물 유지관
리(병점구)
기간:연례반복
대상:동부권 시민
규모:지하차도 30개소
등
내용:도로시설물 유지
관리
N N N N N N
계 3,550 0 3,550 710 710 710 710 710 0
재량 3,550 0 3,550 710 710 710 710 710 0
시군구비 3,550 0 3,550 710 710 710 710 710 0
- 362 -
- 363 -
세세부부사사업업계계획획서서
회계연도 : 2026년
회계구분 : 일반 , 특별회계 , 기금
분    야 : 전체
부    문 : 전체 (단위 : 백만원)
분야ㆍ부문ㆍ정책ㆍ단위ㆍ세부사
업 사 업 개 요 국가계
획
투
자
심
사
지
방
채
BTL
의무지출
재원 총사업비 기투자
연     도     별     투     자     계     획
향  후
법
정
보
조
이
자 소  계 2026 2027 2028 2029 2030
가로등 정비 공사(
효행구)
기간:2026~2030년
대상:화성시 서남부권
규모:가로등 설치 및 교
체 180등
내용:가로등 취약지구
정비공사
N N N N N N
계 650 0 650 130 130 130 130 130 0
재량 650 0 650 130 130 130 130 130 0
시군구비 650 0 650 130 130 130 130 130 0
도로시설 관리(병점구) 71,605 0 71,605 14,321 14,321 14,321 14,321 14,321 0
도로 정비(병점구) 28,705 0 28,705 5,741 5,741 5,741 5,741 5,741 0
도로 유지보수(병점
구)
기간:연례반복
대상:동부권 시민
규모:180개 노선 등
내용:도로 유지 보수 등
N N N Y N N
계 17,955 0 17,955 3,591 3,591 3,591 3,591 3,591 0
의무 17,955 0 17,955 3,591 3,591 3,591 3,591 3,591 0
시군구비 17,955 0 17,955 3,591 3,591 3,591 3,591 3,591 0
자전거도로 및 인도
정비(병점구)
기간:연례반복
대상:동부권 시민
규모:태안로외 1개소 등
내용:노후화된 자전거
도로 및 인도 정비
N N N N N N
계 8,750 0 8,750 1,750 1,750 1,750 1,750 1,750 0
재량 8,750 0 8,750 1,750 1,750 1,750 1,750 1,750 0
시군구비 8,750 0 8,750 1,750 1,750 1,750 1,750 1,750 0
주민편익사업 지원(
병점구)
기간:2025. 1. ~2029.
12.
대상:동부권 시민
규모:예산한도내
내용:마을안길 정비 등
N N N N N N
계 2,000 0 2,000 400 400 400 400 400 0
재량 2,000 0 2,000 400 400 400 400 400 0
시군구비 2,000 0 2,000 400 400 400 400 400 0
시설물 정비(병점구) 29,550 0 29,550 5,910 5,910 5,910 5,910 5,910 0
도로시설물 유지관
리(병점구)
기간:연례반복
대상:동부권 시민
규모:지하차도 30개소
등
내용:도로시설물 유지
관리
N N N N N N
계 3,550 0 3,550 710 710 710 710 710 0
재량 3,550 0 3,550 710 710 710 710 710 0
시군구비 3,550 0 3,550 710 710 710 710 710 0
- 363 -
- 364 -
세세부부사사업업계계획획서서
회계연도 : 2026년
회계구분 : 일반 , 특별회계 , 기금
분    야 : 전체
부    문 : 전체 (단위 : 백만원)
분야ㆍ부문ㆍ정책ㆍ단위ㆍ세부사
업 사 업 개 요 국가계
획
투
자
심
사
지
방
채
BTL
의무지출
재원 총사업비 기투자
연     도     별     투     자     계     획
향  후
법
정
보
조
이
자 소  계 2026 2027 2028 2029 2030
지하차도 유지관리(
병점구)
기간:2026. 1. ~2030.
12.
대상:동부권 시민
규모:능동 지하차도 외
15개소
내용:지하차도 유지보
수
N N N Y N N
계 9,500 0 9,500 1,900 1,900 1,900 1,900 1,900 0
의무 9,500 0 9,500 1,900 1,900 1,900 1,900 1,900 0
시군구비 9,500 0 9,500 1,900 1,900 1,900 1,900 1,900 0
교량 유지관리(병점
구)
기간:연례반복
대상:동부권 시민
규모:병점육교 외 67개
소
내용:노후화 된 시설물
유지보수
N N N Y N N
계 16,500 0 16,500 3,300 3,300 3,300 3,300 3,300 0
의무 16,500 0 16,500 3,300 3,300 3,300 3,300 3,300 0
시군구비 16,500 0 16,500 3,300 3,300 3,300 3,300 3,300 0
가로ㆍ보안등 정비(병점
구) 13,350 0 13,350 2,670 2,670 2,670 2,670 2,670 0
가로ㆍ보안등 유지
보수(병점구)
기간:연례반복
대상:동부권 시민
규모:가로등 4,253개소,
보안등 2,780개소
내용:가로, 보안등 유지
보수
N N N N N N
계 13,350 0 13,350 2,670 2,670 2,670 2,670 2,670 0
재량 13,350 0 13,350 2,670 2,670 2,670 2,670 2,670 0
시군구비 13,350 0 13,350 2,670 2,670 2,670 2,670 2,670 0
도로시설 관리(효행구) 3,800 0 3,800 760 760 760 760 760 0
도로 정비(효행구) 3,800 0 3,800 760 760 760 760 760 0
도로 유지보수(효행
구)
기간: 연례 반복
대상: 효행구 구민
규모: 전체노선180개
효행구 도로시설물 유
지관리
N N N N N N
계 3,800 0 3,800 760 760 760 760 760 0
재량 3,800 0 3,800 760 760 760 760 760 0
시군구비 3,800 0 3,800 760 760 760 760 760 0
교통시설 정비(병점구) 21,050 0 21,050 3,910 4,060 4,210 4,360 4,510 0
교통시설 정비사업(병점
구) 13,050 0 13,050 2,310 2,460 2,610 2,760 2,910 0
교통시설물 유지관
리(병점구)
기간:2026. 1.~2030. 12.
대상:동부권 시민 N N N N N N 계 4,300 0 4,300 760 810 860 910 960 0
- 365 -
세세부부사사업업계계획획서서
회계연도 : 2026년
회계구분 : 일반 , 특별회계 , 기금
분    야 : 전체
부    문 : 전체 (단위 : 백만원)
분야ㆍ부문ㆍ정책ㆍ단위ㆍ세부사
업 사 업 개 요 국가계
획
투
자
심
사
지
방
채
BTL
의무지출
재원 총사업비 기투자
연     도     별     투     자     계     획
향  후
법
정
보
조
이
자 소  계 2026 2027 2028 2029 2030
규모:유지관리 1식
내용:교통시설물 유지보수 등 N N N N N N
재량 4,300 0 4,300 760 810 860 910 960 0
시군구비 4,300 0 4,300 760 810 860 910 960 0
차선도색 유지관리(
병점구)
기간:연례반복
대상:화성시 동부권
규모: L= 123.9km
내용:노후차선 및 횡단
보도 도색
N N N N N N
계 2,000 0 2,000 300 350 400 450 500 0
재량 2,000 0 2,000 300 350 400 450 500 0
시군구비 2,000 0 2,000 300 350 400 450 500 0
신호등 설치ㆍ관리(
병점구)
기간:2026.1.~2030. 12.
대상:동부권 시민
규모:심의위원회 가결
분
내용:교통신호기 유지
관리 등
N N N N N N
계 4,000 0 4,000 800 800 800 800 800 0
재량 4,000 0 4,000 800 800 800 800 800 0
시군구비 4,000 0 4,000 800 800 800 800 800 0
버스승강장 설치ㆍ
관리(병점구)
기간:2026.1.~2030. 12.
대상:동부권 시민
규모:예산한도내 지원
내용:버스정류장 유지
관리 등
N N N N N N
계 2,750 0 2,750 450 500 550 600 650 0
재량 2,750 0 2,750 450 500 550 600 650 0
시군구비 2,750 0 2,750 450 500 550 600 650 0
교통약자 보호구역 유지
관리(병점구) 8,000 0 8,000 1,600 1,600 1,600 1,600 1,600 0
어린이보호구역 시
설물 관리(병점구)
기간:2026.1.~2030.12.
대상:동부권 어린이 대
상
규모:어린이보호구역 39
개소
내용:안전한 통학로 제
공
N N N N N N
계 8,000 0 8,000 1,600 1,600 1,600 1,600 1,600 0
재량 8,000 0 8,000 1,600 1,600 1,600 1,600 1,600 0
시군구비 8,000 0 8,000 1,600 1,600 1,600 1,600 1,600 0
교통안전시설 정비(동탄구
) 38,048 0 38,048 4,928 7,780 8,080 8,480 8,780 0
교통시설 정비사업(동탄
구) 28,748 0 28,748 3,628 5,780 6,080 6,480 6,780 0
교통시설물 유지관
리(동탄구)
기간:2025. 2. ~ 2030. 12.
대상:동탄권 
교통안전시설물
N N N N N N 계 4,500 0 4,500 600 900 900 1,000 1,100 0
- 364 -
- 365 -
세세부부사사업업계계획획서서
회계연도 : 2026년
회계구분 : 일반 , 특별회계 , 기금
분    야 : 전체
부    문 : 전체 (단위 : 백만원)
분야ㆍ부문ㆍ정책ㆍ단위ㆍ세부사
업 사 업 개 요 국가계
획
투
자
심
사
지
방
채
BTL
의무지출
재원 총사업비 기투자
연     도     별     투     자     계     획
향  후
법
정
보
조
이
자 소  계 2026 2027 2028 2029 2030
규모:유지관리 1식
내용:교통시설물 유지보수 등 N N N N N N
재량 4,300 0 4,300 760 810 860 910 960 0
시군구비 4,300 0 4,300 760 810 860 910 960 0
차선도색 유지관리(
병점구)
기간:연례반복
대상:화성시 동부권
규모: L= 123.9km
내용:노후차선 및 횡단
보도 도색
N N N N N N
계 2,000 0 2,000 300 350 400 450 500 0
재량 2,000 0 2,000 300 350 400 450 500 0
시군구비 2,000 0 2,000 300 350 400 450 500 0
신호등 설치ㆍ관리(
병점구)
기간:2026.1.~2030. 12.
대상:동부권 시민
규모:심의위원회 가결
분
내용:교통신호기 유지
관리 등
N N N N N N
계 4,000 0 4,000 800 800 800 800 800 0
재량 4,000 0 4,000 800 800 800 800 800 0
시군구비 4,000 0 4,000 800 800 800 800 800 0
버스승강장 설치ㆍ
관리(병점구)
기간:2026.1.~2030. 12.
대상:동부권 시민
규모:예산한도내 지원
내용:버스정류장 유지
관리 등
N N N N N N
계 2,750 0 2,750 450 500 550 600 650 0
재량 2,750 0 2,750 450 500 550 600 650 0
시군구비 2,750 0 2,750 450 500 550 600 650 0
교통약자 보호구역 유지
관리(병점구) 8,000 0 8,000 1,600 1,600 1,600 1,600 1,600 0
어린이보호구역 시
설물 관리(병점구)
기간:2026.1.~2030.12.
대상:동부권 어린이 대
상
규모:어린이보호구역 39
개소
내용:안전한 통학로 제
공
N N N N N N
계 8,000 0 8,000 1,600 1,600 1,600 1,600 1,600 0
재량 8,000 0 8,000 1,600 1,600 1,600 1,600 1,600 0
시군구비 8,000 0 8,000 1,600 1,600 1,600 1,600 1,600 0
교통안전시설 정비(동탄구
) 38,048 0 38,048 4,928 7,780 8,080 8,480 8,780 0
교통시설 정비사업(동탄
구) 28,748 0 28,748 3,628 5,780 6,080 6,480 6,780 0
교통시설물 유지관
리(동탄구)
기간:2025. 2. ~ 2030. 12.
대상:동탄권 
교통안전시설물
N N N N N N 계 4,500 0 4,500 600 900 900 1,000 1,100 0
- 365 -
- 366 -
세세부부사사업업계계획획서서
회계연도 : 2026년
회계구분 : 일반 , 특별회계 , 기금
분    야 : 전체
부    문 : 전체 (단위 : 백만원)
분야ㆍ부문ㆍ정책ㆍ단위ㆍ세부사
업 사 업 개 요 국가계
획
투
자
심
사
지
방
채
BTL
의무지출
재원 총사업비 기투자
연     도     별     투     자     계     획
향  후
법
정
보
조
이
자 소  계 2026 2027 2028 2029 2030
규모:동탄권 교통안전시설물 
전체(동탄2 4,5단계 인수인계 
건 포함)
내용:동탄권(동탄1,2지구) 
내 교통안전시설물 유지관리
N N N N N N
재량 4,500 0 4,500 600 900 900 1,000 1,100 0
시군구비 4,500 0 4,500 600 900 900 1,000 1,100 0
차선도색 유지관리(
동탄구)
기간: 2026. 1. ~ 2030. 12.
대상: 동탄권 도로
규모: 동탄권(동탄1,2지구)
전지역 노후 차선 L=500km(
차선재도색, 차선조정,차선
제거 등)
내용: 차선 유지보수
N N N Y N N
계 5,400 0 5,400 700 1,100 1,200 1,200 1,200 0
의무 5,400 0 5,400 700 1,100 1,200 1,200 1,200 0
시군구비 5,400 0 5,400 700 1,100 1,200 1,200 1,200 0
신호기 설치·관리(
동탄구)
기간: 2026. 1. ~ 2030. 12.
대상: 동탄권 교통신호기
규모: 동탄권(동탄1,2지구)
내 신규 및 기존 신호등(교
통신호제어기 15대, led차
량신호등 40대, led보행신
호등 40대)
내용: 신호기 설치·관리
N N N Y N N
계 10,500 0 10,500 1,700 1,900 2,100 2,300 2,500 0
의무 10,500 0 10,500 1,700 1,900 2,100 2,300 2,500 0
시군구비 10,500 0 10,500 1,700 1,900 2,100 2,300 2,500 0
버스승강장 설치·
관리(동탄구)
기간:2026. 2. ~ 2030. 12. 
대상:버스승강장
규모:버스정류소 교체 및
신설 8개소버스정류소 유지
관리 497개소
내용:버스승강장 설치 및
유지보수, 청소 
N N N N N N
계 4,900 0 4,900 300 1,100 1,100 1,200 1,200 0
재량 4,900 0 4,900 300 1,100 1,100 1,200 1,200 0
시군구비 4,900 0 4,900 300 1,100 1,100 1,200 1,200 0
신호과속 무인단속
장비 설치·관리(동
탄구)
기간: 2025. 1 ~ 2030. 12.
대상: 동탄권역 무인교통단
속장비
규모: 무인교통단속장비 40
개소 정기검사, 15대 신규
설치
내용: 무인교통단속장비 설
치 등
N N N N N N
계 3,448 0 3,448 328 780 780 780 780 0
재량 3,448 0 3,448 328 780 780 780 780 0
시군구비 3,448 0 3,448 328 780 780 780 780 0
어린이보호구역 유지관
리(동탄구) 9,300 0 9,300 1,300 2,000 2,000 2,000 2,000 0
어린이보호구역 시
설물 정비(동탄구)
기간: 2025. 1. ~2030. 12.
대상: 동탄권 어린이보호구
역
규모: 동탄권(동탄1,2지구)
내 어린이 보호구역 60개소
내용: 어린이보호구역 내
각종 시설물 유지관리
N N N N N N
계 9,300 0 9,300 1,300 2,000 2,000 2,000 2,000 0
재량 9,300 0 9,300 1,300 2,000 2,000 2,000 2,000 0
시군구비 9,300 0 9,300 1,300 2,000 2,000 2,000 2,000 0
- 367 -
세세부부사사업업계계획획서서
회계연도 : 2026년
회계구분 : 일반 , 특별회계 , 기금
분    야 : 전체
부    문 : 전체 (단위 : 백만원)
분야ㆍ부문ㆍ정책ㆍ단위ㆍ세부사
업 사 업 개 요 국가계
획
투
자
심
사
지
방
채
BTL
의무지출
재원 총사업비 기투자
연     도     별     투     자     계     획
향  후
법
정
보
조
이
자 소  계 2026 2027 2028 2029 2030
도로시설 관리(동탄구) 71,727 0 71,727 13,137 13,970 14,070 15,170 15,380 0
도로 정비(동탄구) 25,867 0 25,867 3,967 4,800 4,900 6,000 6,200 0
도로 유지보수(동탄
구)
기간: 2026. 1. ~ 2030. 12.
대상: 동탄권역 도로
규모:  파손도로 등 상시
복구(동탄권)
내용: 동탄권 도로 유지보
수 및 시설물 자재 구입
N N N N N N
계 21,367 0 21,367 3,367 4,000 4,000 5,000 5,000 0
재량 21,367 0 21,367 3,367 4,000 4,000 5,000 5,000 0
시군구비 21,367 0 21,367 3,367 4,000 4,000 5,000 5,000 0
자전거도로 및 보도
정비(동탄구)
기간:2025. 2. ~ 2030. 12. 
대상:동탄권 자전거도로 및
보도
규모:파손도로 등 상시 복
구(동탄 1, 2지구) L=약
212km
내용:자전거도로 및 보도
유지보수
N N N N N N
계 4,500 0 4,500 600 800 900 1,000 1,200 0
재량 4,500 0 4,500 600 800 900 1,000 1,200 0
시군구비 4,500 0 4,500 600 800 900 1,000 1,200 0
시설물 정비(동탄구) 25,360 0 25,360 5,070 5,070 5,070 5,070 5,080 0
도로시설물 유지관
리(동탄구)
기간:2025. 1.  ~ 2030. 12.  
단가공사 착공 및 준공
대상:동탄권 도로시설물,도로표지판
내용:시설물 전기요금 및 승강기 점검
수수료, 도로표지판(단가), 
도로시설물 청소(단가), 
과속방지턱 유지관리(단가) 추진
N N N N N N
계 3,650 0 3,650 730 730 730 730 730 0
재량 3,650 0 3,650 730 730 730 730 730 0
시군구비 3,650 0 3,650 730 730 730 730 730 0
지하차도(터널) 유
지관리(동탄구)
 2026. 1. ~ 2030. 12. 
동탄권 지하차도
지하차도 시설물 유지관리 용역
수전설비 전기안전관리대행 수
수료기타 시설물 보수
지하차도 시설물 유지관리 용역
수전설비 전기안전관리 용역기
타 시설물 보수
N N N N N N
계 7,950 0 7,950 1,590 1,590 1,590 1,590 1,590 0
재량 7,950 0 7,950 1,590 1,590 1,590 1,590 1,590 0
시군구비 7,950 0 7,950 1,590 1,590 1,590 1,590 1,590 0
육교(교량) 유지관
리(동탄구)
 2026. 1.  ~ 2030. 12. 
동탄권 육교
승강기 부품교체승강기
유지관리 용역 등
육교 보수공사육교 승
강기 유지관리 용역육
교 승강기 수리 등
N N N N N N
계 460 0 460 90 90 90 90 100 0
재량 460 0 460 90 90 90 90 100 0
시군구비 460 0 460 90 90 90 90 100 0
- 366 -
- 367 -
세세부부사사업업계계획획서서
회계연도 : 2026년
회계구분 : 일반 , 특별회계 , 기금
분    야 : 전체
부    문 : 전체 (단위 : 백만원)
분야ㆍ부문ㆍ정책ㆍ단위ㆍ세부사
업 사 업 개 요 국가계
획
투
자
심
사
지
방
채
BTL
의무지출
재원 총사업비 기투자
연     도     별     투     자     계     획
향  후
법
정
보
조
이
자 소  계 2026 2027 2028 2029 2030
도로시설 관리(동탄구) 71,727 0 71,727 13,137 13,970 14,070 15,170 15,380 0
도로 정비(동탄구) 25,867 0 25,867 3,967 4,800 4,900 6,000 6,200 0
도로 유지보수(동탄
구)
기간: 2026. 1. ~ 2030. 12.
대상: 동탄권역 도로
규모:  파손도로 등 상시
복구(동탄권)
내용: 동탄권 도로 유지보
수 및 시설물 자재 구입
N N N N N N
계 21,367 0 21,367 3,367 4,000 4,000 5,000 5,000 0
재량 21,367 0 21,367 3,367 4,000 4,000 5,000 5,000 0
시군구비 21,367 0 21,367 3,367 4,000 4,000 5,000 5,000 0
자전거도로 및 보도
정비(동탄구)
기간:2025. 2. ~ 2030. 12. 
대상:동탄권 자전거도로 및
보도
규모:파손도로 등 상시 복
구(동탄 1, 2지구) L=약
212km
내용:자전거도로 및 보도
유지보수
N N N N N N
계 4,500 0 4,500 600 800 900 1,000 1,200 0
재량 4,500 0 4,500 600 800 900 1,000 1,200 0
시군구비 4,500 0 4,500 600 800 900 1,000 1,200 0
시설물 정비(동탄구) 25,360 0 25,360 5,070 5,070 5,070 5,070 5,080 0
도로시설물 유지관
리(동탄구)
기간:2025. 1.  ~ 2030. 12.  
단가공사 착공 및 준공
대상:동탄권 도로시설물,도로표지판
내용:시설물 전기요금 및 승강기 점검
수수료, 도로표지판(단가), 
도로시설물 청소(단가), 
과속방지턱 유지관리(단가) 추진
N N N N N N
계 3,650 0 3,650 730 730 730 730 730 0
재량 3,650 0 3,650 730 730 730 730 730 0
시군구비 3,650 0 3,650 730 730 730 730 730 0
지하차도(터널) 유
지관리(동탄구)
 2026. 1. ~ 2030. 12. 
동탄권 지하차도
지하차도 시설물 유지관리 용역
수전설비 전기안전관리대행 수
수료기타 시설물 보수
지하차도 시설물 유지관리 용역
수전설비 전기안전관리 용역기
타 시설물 보수
N N N N N N
계 7,950 0 7,950 1,590 1,590 1,590 1,590 1,590 0
재량 7,950 0 7,950 1,590 1,590 1,590 1,590 1,590 0
시군구비 7,950 0 7,950 1,590 1,590 1,590 1,590 1,590 0
육교(교량) 유지관
리(동탄구)
 2026. 1.  ~ 2030. 12. 
동탄권 육교
승강기 부품교체승강기
유지관리 용역 등
육교 보수공사육교 승
강기 유지관리 용역육
교 승강기 수리 등
N N N N N N
계 460 0 460 90 90 90 90 100 0
재량 460 0 460 90 90 90 90 100 0
시군구비 460 0 460 90 90 90 90 100 0
- 367 -
- 368 -
세세부부사사업업계계획획서서
회계연도 : 2026년
회계구분 : 일반 , 특별회계 , 기금
분    야 : 전체
부    문 : 전체 (단위 : 백만원)
분야ㆍ부문ㆍ정책ㆍ단위ㆍ세부사
업 사 업 개 요 국가계
획
투
자
심
사
지
방
채
BTL
의무지출
재원 총사업비 기투자
연     도     별     투     자     계     획
향  후
법
정
보
조
이
자 소  계 2026 2027 2028 2029 2030
도로구조물 정기점
검 및 유지관리(동
탄구)
기간: 2026. 1. ~ 2026. 12.  
대상: 시특법 대상
내용: 도로시설물 
유지보수공사(단가)시설물
안전점검(정기안전점검, 
정밀안전점검,
정밀안전진단 등)
N N N N N N
계 13,300 0 13,300 2,660 2,660 2,660 2,660 2,660 0
재량 13,300 0 13,300 2,660 2,660 2,660 2,660 2,660 0
시군구비 13,300 0 13,300 2,660 2,660 2,660 2,660 2,660 0
가로·보안등 정비(동탄
구) 20,500 0 20,500 4,100 4,100 4,100 4,100 4,100 0
가로·보안등 유지
보수(동탄구)
기간:2026. 2. ~ 2030. 12.
대상:동탄권 가로등
규모:동탄1지구, 2지구 가
로등 및 보안등 유지 보수
내용:램프, 안정기 및 차단
기 교체가로(보안)등 이설
및 개선공사누전차단 공사
등
N N N N N N
계 20,500 0 20,500 4,100 4,100 4,100 4,100 4,100 0
재량 20,500 0 20,500 4,100 4,100 4,100 4,100 4,100 0
시군구비 20,500 0 20,500 4,100 4,100 4,100 4,100 4,100 0
도시철도 1,220,024 124,688 1,095,336 70,020 449,688 575,628 0 0 0
시민의 안전을 우선하는
도시철도시설 구축 1,070,101 124,688 945,413 70,020 449,688 425,705 0 0 0
도시철도망 구축 1,070,101 124,688 945,413 70,020 449,688 425,705 0 0 0
도시철도 건설사업
기간: 2019.05~2028.12
대상: 망포~오산, 병점
역~차량기지
규모: 노선 34.4km
내용: 동탄도시철도(트
램) 건설
Y N N N N N
계 1,070,101 124,688 945,413 70,020 449,688 425,705 0 0 0
재량 1,070,101 124,688 945,413 70,020 449,688 425,705 0 0 0
시군구비 1,070,101 124,688 945,413 70,020 449,688 425,705 0 0 0
재무활동(트램건설과) 149,923 0 149,923 0 0 149,923 0 0 0
내부거래지출(일반회계) 149,923 0 149,923 0 0 149,923 0 0 0
도시철도사업 특별
회계 전출금
기간: 2019.05~2028.12
대상: 망포~오산, 병점
역~차량기지
규모: 노선 34.4km
내용: 동탄도시철도(트
램) 건설
N N N N N N
계 149,923 0 149,923 0 0 149,923 0 0 0
재량 149,923 0 149,923 0 0 149,923 0 0 0
시군구비 149,923 0 149,923 0 0 149,923 0 0 0
- 369 -
세세부부사사업업계계획획서서
회계연도 : 2026년
회계구분 : 일반 , 특별회계 , 기금
분    야 : 전체
부    문 : 전체 (단위 : 백만원)
분야ㆍ부문ㆍ정책ㆍ단위ㆍ세부사
업 사 업 개 요 국가계
획
투
자
심
사
지
방
채
BTL
의무지출
재원 총사업비 기투자
연     도     별     투     자     계     획
향  후
법
정
보
조
이
자 소  계 2026 2027 2028 2029 2030
대중교통ㆍ물류등기타 1,576,870 23,777 1,553,093 253,587 321,625 312,785 340,624 324,472 0
시민편의 증진 교통체계
구축 77,592 0 77,592 16,558 14,758 14,758 15,758 15,758 0
교통약자 및 교통안전
체계 구축 58,542 0 58,542 11,708 11,708 11,708 11,708 11,708 0
교통약자이동지원센
터 확대 운영
기간:2026 ~ 2030
대상:교통약자(대중교
통을 이용하기 어려운
자)
규모:651대
내용:교통약자 이동지
원
N N N N Y N
계 55,378 0 55,378 11,076 11,076 11,076 11,076 11,076 0
의무 55,378 0 55,378 11,076 11,076 11,076 11,076 11,076 0
국고보조금 3,400 0 3,400 680 680 680 680 680 0
시도비 15,657 0 15,657 3,131 3,131 3,131 3,131 3,131 0
시군구비 36,321 0 36,321 7,264 7,264 7,264 7,264 7,264 0
교통안전지도 활동
지원
기간:2026~2030년 연례 반복
대상:관내 초등학교/ 교통관련
봉사단체
규모:52개교 100명/ 봉사단체(4
개) 지원
내용:관내 초등학교 보행안전지
도/ 교통관련 봉사단체 보조금
지원
N N N N N N
계 3,164 0 3,164 633 633 633 633 633 0
재량 3,164 0 3,164 633 633 633 633 633 0
시군구비 3,164 0 3,164 633 633 633 633 633 0
교통안전 기반시설 확충 16,800 0 16,800 4,400 2,600 2,600 3,600 3,600 0
교통안전시설 설치
및 관리
기간:2026.1. ~ 2030. 12.
대상:화성시 서남부권 교통
안전시설물
규모:서남부권 일원 교통안
전시설물(표지판, 노면표시
) 일체
내용:시설물 설치 및 유지
보수
N N N N N N
계 3,000 0 3,000 600 600 600 600 600 0
재량 3,000 0 3,000 600 600 600 600 600 0
시군구비 3,000 0 3,000 600 600 600 600 600 0
어린이보호구역 개
선(전환사업)
기간:26.1.1.~30.12.31.
대상:어린이 
규모: 관내 어린이보호
구역 193개소 
내용:표지판, 노면표지
등 교통안전시설물 확
충
N N N N Y N
계 13,800 0 13,800 3,800 2,000 2,000 3,000 3,000 0
의무 13,800 0 13,800 3,800 2,000 2,000 3,000 3,000 0
시도비 5,800 0 5,800 3,800 0 0 1,000 1,000 0
- 368 -
- 369 -
세세부부사사업업계계획획서서
회계연도 : 2026년
회계구분 : 일반 , 특별회계 , 기금
분    야 : 전체
부    문 : 전체 (단위 : 백만원)
분야ㆍ부문ㆍ정책ㆍ단위ㆍ세부사
업 사 업 개 요 국가계
획
투
자
심
사
지
방
채
BTL
의무지출
재원 총사업비 기투자
연     도     별     투     자     계     획
향  후
법
정
보
조
이
자 소  계 2026 2027 2028 2029 2030
대중교통ㆍ물류등기타 1,576,870 23,777 1,553,093 253,587 321,625 312,785 340,624 324,472 0
시민편의 증진 교통체계
구축 77,592 0 77,592 16,558 14,758 14,758 15,758 15,758 0
교통약자 및 교통안전
체계 구축 58,542 0 58,542 11,708 11,708 11,708 11,708 11,708 0
교통약자이동지원센
터 확대 운영
기간:2026 ~ 2030
대상:교통약자(대중교
통을 이용하기 어려운
자)
규모:651대
내용:교통약자 이동지
원
N N N N Y N
계 55,378 0 55,378 11,076 11,076 11,076 11,076 11,076 0
의무 55,378 0 55,378 11,076 11,076 11,076 11,076 11,076 0
국고보조금 3,400 0 3,400 680 680 680 680 680 0
시도비 15,657 0 15,657 3,131 3,131 3,131 3,131 3,131 0
시군구비 36,321 0 36,321 7,264 7,264 7,264 7,264 7,264 0
교통안전지도 활동
지원
기간:2026~2030년 연례 반복
대상:관내 초등학교/ 교통관련
봉사단체
규모:52개교 100명/ 봉사단체(4
개) 지원
내용:관내 초등학교 보행안전지
도/ 교통관련 봉사단체 보조금
지원
N N N N N N
계 3,164 0 3,164 633 633 633 633 633 0
재량 3,164 0 3,164 633 633 633 633 633 0
시군구비 3,164 0 3,164 633 633 633 633 633 0
교통안전 기반시설 확충 16,800 0 16,800 4,400 2,600 2,600 3,600 3,600 0
교통안전시설 설치
및 관리
기간:2026.1. ~ 2030. 12.
대상:화성시 서남부권 교통
안전시설물
규모:서남부권 일원 교통안
전시설물(표지판, 노면표시
) 일체
내용:시설물 설치 및 유지
보수
N N N N N N
계 3,000 0 3,000 600 600 600 600 600 0
재량 3,000 0 3,000 600 600 600 600 600 0
시군구비 3,000 0 3,000 600 600 600 600 600 0
어린이보호구역 개
선(전환사업)
기간:26.1.1.~30.12.31.
대상:어린이 
규모: 관내 어린이보호
구역 193개소 
내용:표지판, 노면표지
등 교통안전시설물 확
충
N N N N Y N
계 13,800 0 13,800 3,800 2,000 2,000 3,000 3,000 0
의무 13,800 0 13,800 3,800 2,000 2,000 3,000 3,000 0
시도비 5,800 0 5,800 3,800 0 0 1,000 1,000 0
- 369 -
- 370 -
세세부부사사업업계계획획서서
회계연도 : 2026년
회계구분 : 일반 , 특별회계 , 기금
분    야 : 전체
부    문 : 전체 (단위 : 백만원)
분야ㆍ부문ㆍ정책ㆍ단위ㆍ세부사
업 사 업 개 요 국가계
획
투
자
심
사
지
방
채
BTL
의무지출
재원 총사업비 기투자
연     도     별     투     자     계     획
향  후
법
정
보
조
이
자 소  계 2026 2027 2028 2029 2030
N N N N Y N 시군구비 8,000 0 8,000 0 2,000 2,000 2,000 2,000 0
교통사고 잦은 곳 개선 2,250 0 2,250 450 450 450 450 450 0
교통사고 잦은 곳
개선사업(전환사업)
기간:2025.01~2030.12
대상:화성시 서남부권
규모:화성시 교통안전
기본계획에 따라 연차
별 추진
내용:도로선형 및 시설
물 개선
N N N N Y N
계 2,250 0 2,250 450 450 450 450 450 0
의무 2,250 0 2,250 450 450 450 450 450 0
시군구비 2,250 0 2,250 450 450 450 450 450 0
이용자 중심의 맞춤형 첨
단교통서비스 제공 29,908 0 29,908 5,726 6,045 6,045 6,045 6,045 0
이용자 맞춤형 교통정보
제공 29,908 0 29,908 5,726 6,045 6,045 6,045 6,045 0
지능형 교통시스템(
ITS,BIS) 구축
기간:2025. 1. ~ 2030.
12.
대상:주요교차로 및 버
스정류소
규모:ITS 1식, BIS 1식 
내용:첨단교통서비스
제공
N N N N N N
계 3,750 0 3,750 750 750 750 750 750 0
재량 3,750 0 3,750 750 750 750 750 750 0
시군구비 3,750 0 3,750 750 750 750 750 750 0
지능형 교통시스템(
ITS, BIS) 운영
기간:2026. 1. ~ 2030. 12.
대상:지능형교통시스템(ITS,BIS)
운영 1식
규모:지능형교통시스템(ITS) 1식
, 버스정보시스템(BIS) 1식 등 
내용:지능형교통시스템(ITS) 1식
, 버스정보시스템(BIS) 1식 등
유지관리
N N N N N N
계 17,593 0 17,593 3,343 3,563 3,563 3,563 3,563 0
재량 17,593 0 17,593 3,343 3,563 3,563 3,563 3,563 0
시군구비 17,593 0 17,593 3,343 3,563 3,563 3,563 3,563 0
신호시스템 운영
기간:2026.01. ~ 2030. 12.
대상:화성시 관내 온라인 신호제
어 센터시스템 1,626개소
규모:온라인 신호제어 센터시스
템 1식, 현장시스템 1,626개소
내용:온라인 신호제어 1,626개소
운영,   통신요금 납부
N N N N N N
계 5,664 0 5,664 1,133 1,133 1,133 1,133 1,133 0
재량 5,664 0 5,664 1,133 1,133 1,133 1,133 1,133 0
시군구비 5,664 0 5,664 1,133 1,133 1,133 1,133 1,133 0
지능형 교통시스템(
BIS) 구축(전환사업
)
기간:2026~2030년
대상:관내 시민
규모:BIT 설치 1식
내용:대중교통 이용편
의 증대
N N N N Y N
계 2,900 0 2,900 500 600 600 600 600 0
의무 2,900 0 2,900 500 600 600 600 600 0
- 371 -
세세부부사사업업계계획획서서
회계연도 : 2026년
회계구분 : 일반 , 특별회계 , 기금
분    야 : 전체
부    문 : 전체 (단위 : 백만원)
분야ㆍ부문ㆍ정책ㆍ단위ㆍ세부사
업 사 업 개 요 국가계
획
투
자
심
사
지
방
채
BTL
의무지출
재원 총사업비 기투자
연     도     별     투     자     계     획
향  후
법
정
보
조
이
자 소  계 2026 2027 2028 2029 2030
N N N N Y N
시도비 950 0 950 150 200 200 200 200 0
시군구비 1,950 0 1,950 350 400 400 400 400 0
효율적인 철도수송 체계
구축 494,440 20,413 474,027 41,346 112,133 106,691 121,549 92,308 0
일반 및 광역철도 추진 494,440 20,413 474,027 41,346 112,133 106,691 121,549 92,308 0
신안산선 향남 연장
사업
기간:2020.01~2028.12
위치:화성 국제테마파
크~서화성~화성시청~향
남
규모:L=22.37km
내용:신안산선 향남 연
장
Y 국
토교
통부
Y Y N Y N N
계 200,673 2,396 198,277 6,302 60,000 60,000 38,400 33,575 0
의무 200,673 2,396 198,277 6,302 60,000 60,000 38,400 33,575 0
시군구비 94,371 2,396 91,975 0 10,000 10,000 38,400 33,575 0
지방채 106,302 0 106,302 6,302 50,000 50,000 0 0 0
동탄인덕원선 복선
전철 건설사업
기간:2024.1~2029.12.
대상:일반철도건설(동
탄1, 동탄2)
규모:화성시 구간 9.5km
내용:동탄인덕원선 원
인자역사 재원분담
Y 국
토교
통부
Y Y N Y N N
계 66,479 12,736 53,743 15,000 16,620 11,296 5,324 5,503 0
의무 66,479 12,736 53,743 15,000 16,620 11,296 5,324 5,503 0
시군구비 36,479 12,736 23,743 5,000 6,620 1,296 5,324 5,503 0
지방채 30,000 0 30,000 10,000 10,000 10,000 0 0 0
동탄인덕원선 인입
선 역사 신설
기간:2020~2029년
대상:일반시민
규모:역사 신설 1개소
내용:철도서비스 확대
Y Y N Y N N
계 147,906 4,331 143,575 20,000 34,715 34,715 34,145 20,000 0
의무 147,906 4,331 143,575 20,000 34,715 34,715 34,145 20,000 0
시군구비 76,118 4,331 71,788 10,000 10,000 10,000 21,788 20,000 0
지방채 71,788 0 71,788 10,000 24,715 24,715 12,358 0 0
동탄인덕원선 이용
여건 개선
기간:2023.06~2029.12
대상:동탄인덕원선 능동(115역)
~메타역(116역)~동탄역(117역)
규모:동탄인덕원선 
관내출입구 3개 역사(115~117) 
출입구 추가 설치
Y N N N N N
계 78,742 450 78,292 22 680 680 43,680 33,230 0
재량 78,742 450 78,292 22 680 680 43,680 33,230 0
- 370 -
- 371 -
세세부부사사업업계계획획서서
회계연도 : 2026년
회계구분 : 일반 , 특별회계 , 기금
분    야 : 전체
부    문 : 전체 (단위 : 백만원)
분야ㆍ부문ㆍ정책ㆍ단위ㆍ세부사
업 사 업 개 요 국가계
획
투
자
심
사
지
방
채
BTL
의무지출
재원 총사업비 기투자
연     도     별     투     자     계     획
향  후
법
정
보
조
이
자 소  계 2026 2027 2028 2029 2030
N N N N Y N
시도비 950 0 950 150 200 200 200 200 0
시군구비 1,950 0 1,950 350 400 400 400 400 0
효율적인 철도수송 체계
구축 494,440 20,413 474,027 41,346 112,133 106,691 121,549 92,308 0
일반 및 광역철도 추진 494,440 20,413 474,027 41,346 112,133 106,691 121,549 92,308 0
신안산선 향남 연장
사업
기간:2020.01~2028.12
위치:화성 국제테마파
크~서화성~화성시청~향
남
규모:L=22.37km
내용:신안산선 향남 연
장
Y 국
토교
통부
Y Y N Y N N
계 200,673 2,396 198,277 6,302 60,000 60,000 38,400 33,575 0
의무 200,673 2,396 198,277 6,302 60,000 60,000 38,400 33,575 0
시군구비 94,371 2,396 91,975 0 10,000 10,000 38,400 33,575 0
지방채 106,302 0 106,302 6,302 50,000 50,000 0 0 0
동탄인덕원선 복선
전철 건설사업
기간:2024.1~2029.12.
대상:일반철도건설(동
탄1, 동탄2)
규모:화성시 구간 9.5km
내용:동탄인덕원선 원
인자역사 재원분담
Y 국
토교
통부
Y Y N Y N N
계 66,479 12,736 53,743 15,000 16,620 11,296 5,324 5,503 0
의무 66,479 12,736 53,743 15,000 16,620 11,296 5,324 5,503 0
시군구비 36,479 12,736 23,743 5,000 6,620 1,296 5,324 5,503 0
지방채 30,000 0 30,000 10,000 10,000 10,000 0 0 0
동탄인덕원선 인입
선 역사 신설
기간:2020~2029년
대상:일반시민
규모:역사 신설 1개소
내용:철도서비스 확대
Y Y N Y N N
계 147,906 4,331 143,575 20,000 34,715 34,715 34,145 20,000 0
의무 147,906 4,331 143,575 20,000 34,715 34,715 34,145 20,000 0
시군구비 76,118 4,331 71,788 10,000 10,000 10,000 21,788 20,000 0
지방채 71,788 0 71,788 10,000 24,715 24,715 12,358 0 0
동탄인덕원선 이용
여건 개선
기간:2023.06~2029.12
대상:동탄인덕원선 능동(115역)
~메타역(116역)~동탄역(117역)
규모:동탄인덕원선 
관내출입구 3개 역사(115~117) 
출입구 추가 설치
Y N N N N N
계 78,742 450 78,292 22 680 680 43,680 33,230 0
재량 78,742 450 78,292 22 680 680 43,680 33,230 0
- 371 -
- 372 -
세세부부사사업업계계획획서서
회계연도 : 2026년
회계구분 : 일반 , 특별회계 , 기금
분    야 : 전체
부    문 : 전체 (단위 : 백만원)
분야ㆍ부문ㆍ정책ㆍ단위ㆍ세부사
업 사 업 개 요 국가계
획
투
자
심
사
지
방
채
BTL
의무지출
재원 총사업비 기투자
연     도     별     투     자     계     획
향  후
법
정
보
조
이
자 소  계 2026 2027 2028 2029 2030
내용:동탄인덕원선 이용여건 
최적화 Y N N N N N 시군구비 78,742 450 78,292 22 680 680 43,680 33,230 0
병점역 복합환승센
터 건립
기간:2022. 1.~2030.12.
위치:진안동 946-8번지
일원
규모:환승센터 및 환승
지원시설
내용:병점역 복합환승
센터 건립
N N N N N N
계 640 500 140 22 118 0 0 0 0
재량 640 500 140 22 118 0 0 0 0
시군구비 640 500 140 22 118 0 0 0 0
(민자 등) 161,560 0 121,120 0 10,000 10,000 50,000 51,120 40,440
수요자 중심의 대중교통
서비스 제공 656,808 0 656,808 126,368 126,698 126,848 136,593 140,301 0
대중교통 역량 강화 656,808 0 656,808 126,368 126,698 126,848 136,593 140,301 0
화성시 버스공영제
추진
기간:2026~2030
대상:화성도시공사
규모:40개노선 75대 
내용:공영제 운영
N N N N N N
계 101,055 0 101,055 20,211 20,211 20,211 20,211 20,211 0
재량 101,055 0 101,055 20,211 20,211 20,211 20,211 20,211 0
시군구비 101,055 0 101,055 20,211 20,211 20,211 20,211 20,211 0
화성시 무상교통 추
진
기간:2025년 ~ 2029년
대상:주민등록상 화성
시민
규모:300,000명
내용:대중교통비 환급
지원(버스)
N N N N N N
계 45,365 0 45,365 7,499 7,499 7,499 11,434 11,434 0
재량 45,365 0 45,365 7,499 7,499 7,499 11,434 11,434 0
시군구비 45,365 0 45,365 7,499 7,499 7,499 11,434 11,434 0
운수업계 재정지원
기간:2026년~2030년
대상:운수업체 
규모:14개 업체  134개
노선 227대
내용:운행손실금 지원
N N N N N N
계 93,000 0 93,000 17,000 17,000 17,000 21,000 21,000 0
재량 93,000 0 93,000 17,000 17,000 17,000 21,000 21,000 0
시군구비 93,000 0 93,000 17,000 17,000 17,000 21,000 21,000 0
출퇴근시간대(광역
급행버스) 증차운행
지원(자체)
기간:2025. ~ 2030.
대상:운송업체
규모:시내버스 2개 업체
내용:출퇴근시간대 증차운
행 자체 보조 사업
N N N N N N
계 31,196 0 31,196 5,965 5,965 5,965 5,965 7,336 0
재량 31,196 0 31,196 5,965 5,965 5,965 5,965 7,336 0
- 373 -
세세부부사사업업계계획획서서
회계연도 : 2026년
회계구분 : 일반 , 특별회계 , 기금
분    야 : 전체
부    문 : 전체 (단위 : 백만원)
분야ㆍ부문ㆍ정책ㆍ단위ㆍ세부사
업 사 업 개 요 국가계
획
투
자
심
사
지
방
채
BTL
의무지출
재원 총사업비 기투자
연     도     별     투     자     계     획
향  후
법
정
보
조
이
자 소  계 2026 2027 2028 2029 2030
N N N N N N 시군구비 31,196 0 31,196 5,965 5,965 5,965 5,965 7,336 0
출퇴근시간대(광역
급행버스) 증차운행
지원(보조)
기간:2025. ~ 2030.
대상:운송업체
규모:시내버스 2개 업체
내용:출퇴근시간대 증
차운행 보조 사업
Y 국
토교
통부
N N N N Y N
계 2,903 0 2,903 581 581 581 581 581 0
의무 2,903 0 2,903 581 581 581 581 581 0
국고보조금 871 0 871 174 174 174 174 174 0
시도비 610 0 610 122 122 122 122 122 0
시군구비 1,422 0 1,422 284 284 284 284 284 0
도시형 교통모델 운
영
기간:2026.~2030.
대상:운수업체
규모:2개 업체 6개 노선
16대
내용:관내 심야버스 노
선 지원
Y 국
토교
통부
N N N N Y N
계 7,570 0 7,570 1,514 1,514 1,514 1,514 1,514 0
의무 7,570 0 7,570 1,514 1,514 1,514 1,514 1,514 0
균특보조금 3,785 0 3,785 757 757 757 757 757 0
시군구비 3,785 0 3,785 757 757 757 757 757 0
공영버스 운영손실
보상
기간:2026년~2030년
대상:운수업체
규모:3개 업체  19개 노
선 6대
내용:벽오지 노선 운행
손실금 지원
N N N N Y N
계 2,340 0 2,340 468 468 468 468 468 0
의무 2,340 0 2,340 468 468 468 468 468 0
시도비 702 0 702 140 140 140 140 140 0
시군구비 1,638 0 1,638 328 328 328 328 328 0
2층버스 운영비 지
원
기간:2025. ~ 2030.
대상:운송업체
규모:시내버스 2개 업체
내용:2층버스 운영비 지
원
N N N N N N
계 3,888 0 3,888 778 778 778 778 778 0
재량 3,888 0 3,888 778 778 778 778 778 0
시군구비 3,888 0 3,888 778 778 778 778 778 0
운수업계 유가보조
금 지원(버스)
기간:25. 1. 1. ~ 30. 12. 31
대상:관내 운수업체 N N N Y N N 계 19,000 0 19,000 3,400 3,400 3,400 4,400 4,400 0
- 372 -
- 373 -
세세부부사사업업계계획획서서
회계연도 : 2026년
회계구분 : 일반 , 특별회계 , 기금
분    야 : 전체
부    문 : 전체 (단위 : 백만원)
분야ㆍ부문ㆍ정책ㆍ단위ㆍ세부사
업 사 업 개 요 국가계
획
투
자
심
사
지
방
채
BTL
의무지출
재원 총사업비 기투자
연     도     별     투     자     계     획
향  후
법
정
보
조
이
자 소  계 2026 2027 2028 2029 2030
N N N N N N 시군구비 31,196 0 31,196 5,965 5,965 5,965 5,965 7,336 0
출퇴근시간대(광역
급행버스) 증차운행
지원(보조)
기간:2025. ~ 2030.
대상:운송업체
규모:시내버스 2개 업체
내용:출퇴근시간대 증
차운행 보조 사업
Y 국
토교
통부
N N N N Y N
계 2,903 0 2,903 581 581 581 581 581 0
의무 2,903 0 2,903 581 581 581 581 581 0
국고보조금 871 0 871 174 174 174 174 174 0
시도비 610 0 610 122 122 122 122 122 0
시군구비 1,422 0 1,422 284 284 284 284 284 0
도시형 교통모델 운
영
기간:2026.~2030.
대상:운수업체
규모:2개 업체 6개 노선
16대
내용:관내 심야버스 노
선 지원
Y 국
토교
통부
N N N N Y N
계 7,570 0 7,570 1,514 1,514 1,514 1,514 1,514 0
의무 7,570 0 7,570 1,514 1,514 1,514 1,514 1,514 0
균특보조금 3,785 0 3,785 757 757 757 757 757 0
시군구비 3,785 0 3,785 757 757 757 757 757 0
공영버스 운영손실
보상
기간:2026년~2030년
대상:운수업체
규모:3개 업체  19개 노
선 6대
내용:벽오지 노선 운행
손실금 지원
N N N N Y N
계 2,340 0 2,340 468 468 468 468 468 0
의무 2,340 0 2,340 468 468 468 468 468 0
시도비 702 0 702 140 140 140 140 140 0
시군구비 1,638 0 1,638 328 328 328 328 328 0
2층버스 운영비 지
원
기간:2025. ~ 2030.
대상:운송업체
규모:시내버스 2개 업체
내용:2층버스 운영비 지
원
N N N N N N
계 3,888 0 3,888 778 778 778 778 778 0
재량 3,888 0 3,888 778 778 778 778 778 0
시군구비 3,888 0 3,888 778 778 778 778 778 0
운수업계 유가보조
금 지원(버스)
기간:25. 1. 1. ~ 30. 12. 31
대상:관내 운수업체 N N N Y N N 계 19,000 0 19,000 3,400 3,400 3,400 4,400 4,400 0
- 373 -
- 374 -
세세부부사사업업계계획획서서
회계연도 : 2026년
회계구분 : 일반 , 특별회계 , 기금
분    야 : 전체
부    문 : 전체 (단위 : 백만원)
분야ㆍ부문ㆍ정책ㆍ단위ㆍ세부사
업 사 업 개 요 국가계
획
투
자
심
사
지
방
채
BTL
의무지출
재원 총사업비 기투자
연     도     별     투     자     계     획
향  후
법
정
보
조
이
자 소  계 2026 2027 2028 2029 2030
규모:버스 총 1,304대
내용:버스 유가보조금 지원 N N N Y N N
의무 19,000 0 19,000 3,400 3,400 3,400 4,400 4,400 0
시군구비 19,000 0 19,000 3,400 3,400 3,400 4,400 4,400 0
저상버스 도입비 지
원
기간:연례반복
대상:관내 저상버스 도
입 희망 운수업체
규모:111대(대형97대,
중형14대)
내용:차량 도입비용 일
부 보조
Y 국
토교
통부
N N N N Y N
계 2,250 0 2,250 450 450 450 450 450 0
의무 2,250 0 2,250 450 450 450 450 450 0
국고보조금 1,125 0 1,125 225 225 225 225 225 0
시도비 169 0 169 34 34 34 34 34 0
시군구비 956 0 956 191 191 191 191 191 0
대광위 광역버스 준
공영제 운영비 지원
기간:2025. ~ 2030.
대상:운송업체
규모:시내버스 3개 업체
내용:민영제 광역급행
버스 노선의 준공영제
전환
N N N N N N
계 27,283 0 27,283 5,457 5,457 5,457 5,457 5,457 0
재량 27,283 0 27,283 5,457 5,457 5,457 5,457 5,457 0
시군구비 27,283 0 27,283 5,457 5,457 5,457 5,457 5,457 0
광역버스 공공관리
제 운영
기간:2025. ~ 2030.
대상:운송업체
규모:시내버스 3개 업체
내용:경기도 공공버스
운영제 지원
N N N N N N
계 64,065 0 64,065 12,813 12,813 12,813 12,813 12,813 0
재량 64,065 0 64,065 12,813 12,813 12,813 12,813 12,813 0
시군구비 64,065 0 64,065 12,813 12,813 12,813 12,813 12,813 0
경기도 수요응답형
버스(DRT) 운송사업
지원
기간:2026~2030
대상:관내 수요응답형
버스 운행 운수업체
규모:35대
내용:수요응답형버스
운영 지원
N N N N Y N
계 35,369 0 35,369 7,074 7,074 7,074 7,074 7,074 0
의무 35,369 0 35,369 7,074 7,074 7,074 7,074 7,074 0
시도비 13,807 0 13,807 2,761 2,761 2,761 2,761 2,761 0
시군구비 21,561 0 21,561 4,312 4,312 4,312 4,312 4,312 0
수도권 통합 환승할
인 지원
기간:2025. ~ 2030.
대상:운송업체 N N N Y N N 계 52,319 0 52,319 10,464 10,464 10,464 10,464 10,464 0
- 375 -
세세부부사사업업계계획획서서
회계연도 : 2026년
회계구분 : 일반 , 특별회계 , 기금
분    야 : 전체
부    문 : 전체 (단위 : 백만원)
분야ㆍ부문ㆍ정책ㆍ단위ㆍ세부사
업 사 업 개 요 국가계
획
투
자
심
사
지
방
채
BTL
의무지출
재원 총사업비 기투자
연     도     별     투     자     계     획
향  후
법
정
보
조
이
자 소  계 2026 2027 2028 2029 2030
규모:시내버스 7, 마을버스 
13개 업체
내용:수도권 통합 환승할인 
운임손실 일부 지원
N N N Y N N
의무 52,319 0 52,319 10,464 10,464 10,464 10,464 10,464 0
시군구비 52,319 0 52,319 10,464 10,464 10,464 10,464 10,464 0
시내버스 운송업체
재정지원
기간:2025. ~ 2030.
대상:운송업체
규모:시내버스 9, 시외
버스 1개 업체
내용:청소년 요금할일
및 적자노선 지원
N N N Y N N
계 14,081 0 14,081 2,496 2,496 2,496 3,096 3,496 0
의무 14,081 0 14,081 2,496 2,496 2,496 3,096 3,496 0
시군구비 14,081 0 14,081 2,496 2,496 2,496 3,096 3,496 0
경기도 어린이 청소
년 교통비 지원
기간:2025년 ~ 2029년
대상:경기도 거주 6~18
세
규모:150,000명
내용:대중교통비 환급
지원
N N N N Y N
계 3,765 0 3,765 753 753 753 753 753 0
의무 3,765 0 3,765 753 753 753 753 753 0
시군구비 3,765 0 3,765 753 753 753 753 753 0
시내버스 운송업체
경영 및 서비스 개
선지원
기간:2025. ~ 2030.
대상:운송업체
규모:시내버스 4개 업체
내용:경영 및 서비스 평
가 결과에 따라 등급별
경영지원
N N N Y N N
계 3,115 0 3,115 599 599 599 659 659 0
의무 3,115 0 3,115 599 599 599 659 659 0
시군구비 3,115 0 3,115 599 599 599 659 659 0
시내 및 마을버스
청소년요금할인 결
손 보전 지원
기간:2026. ~ 2030.
대상:운송업체
규모:마을버스 13개 업
체
내용:청소년 요금 할인
운임손실 지원
N N N Y N N
계 2,142 0 2,142 321 321 321 321 858 0
의무 2,142 0 2,142 321 321 321 321 858 0
시군구비 2,142 0 2,142 321 321 321 321 858 0
2층 저상버스 보급
지원
기간:2026~2030
대상:관내 운수업체
규모:6대
내용:저상버스 보급 지
원
Y 국
토교
통부
N N N N Y N
계 4,140 0 4,140 540 900 900 900 900 0
의무 4,140 0 4,140 540 900 900 900 900 0
국고보조금 2,070 0 2,070 270 450 450 450 450 0
시도비 1,035 0 1,035 135 225 225 225 225 0
- 374 -
- 375 -
세세부부사사업업계계획획서서
회계연도 : 2026년
회계구분 : 일반 , 특별회계 , 기금
분    야 : 전체
부    문 : 전체 (단위 : 백만원)
분야ㆍ부문ㆍ정책ㆍ단위ㆍ세부사
업 사 업 개 요 국가계
획
투
자
심
사
지
방
채
BTL
의무지출
재원 총사업비 기투자
연     도     별     투     자     계     획
향  후
법
정
보
조
이
자 소  계 2026 2027 2028 2029 2030
규모:시내버스 7, 마을버스 
13개 업체
내용:수도권 통합 환승할인 
운임손실 일부 지원
N N N Y N N
의무 52,319 0 52,319 10,464 10,464 10,464 10,464 10,464 0
시군구비 52,319 0 52,319 10,464 10,464 10,464 10,464 10,464 0
시내버스 운송업체
재정지원
기간:2025. ~ 2030.
대상:운송업체
규모:시내버스 9, 시외
버스 1개 업체
내용:청소년 요금할일
및 적자노선 지원
N N N Y N N
계 14,081 0 14,081 2,496 2,496 2,496 3,096 3,496 0
의무 14,081 0 14,081 2,496 2,496 2,496 3,096 3,496 0
시군구비 14,081 0 14,081 2,496 2,496 2,496 3,096 3,496 0
경기도 어린이 청소
년 교통비 지원
기간:2025년 ~ 2029년
대상:경기도 거주 6~18
세
규모:150,000명
내용:대중교통비 환급
지원
N N N N Y N
계 3,765 0 3,765 753 753 753 753 753 0
의무 3,765 0 3,765 753 753 753 753 753 0
시군구비 3,765 0 3,765 753 753 753 753 753 0
시내버스 운송업체
경영 및 서비스 개
선지원
기간:2025. ~ 2030.
대상:운송업체
규모:시내버스 4개 업체
내용:경영 및 서비스 평
가 결과에 따라 등급별
경영지원
N N N Y N N
계 3,115 0 3,115 599 599 599 659 659 0
의무 3,115 0 3,115 599 599 599 659 659 0
시군구비 3,115 0 3,115 599 599 599 659 659 0
시내 및 마을버스
청소년요금할인 결
손 보전 지원
기간:2026. ~ 2030.
대상:운송업체
규모:마을버스 13개 업
체
내용:청소년 요금 할인
운임손실 지원
N N N Y N N
계 2,142 0 2,142 321 321 321 321 858 0
의무 2,142 0 2,142 321 321 321 321 858 0
시군구비 2,142 0 2,142 321 321 321 321 858 0
2층 저상버스 보급
지원
기간:2026~2030
대상:관내 운수업체
규모:6대
내용:저상버스 보급 지
원
Y 국
토교
통부
N N N N Y N
계 4,140 0 4,140 540 900 900 900 900 0
의무 4,140 0 4,140 540 900 900 900 900 0
국고보조금 2,070 0 2,070 270 450 450 450 450 0
시도비 1,035 0 1,035 135 225 225 225 225 0
- 375 -
- 376 -
세세부부사사업업계계획획서서
회계연도 : 2026년
회계구분 : 일반 , 특별회계 , 기금
분    야 : 전체
부    문 : 전체 (단위 : 백만원)
분야ㆍ부문ㆍ정책ㆍ단위ㆍ세부사
업 사 업 개 요 국가계
획
투
자
심
사
지
방
채
BTL
의무지출
재원 총사업비 기투자
연     도     별     투     자     계     획
향  후
법
정
보
조
이
자 소  계 2026 2027 2028 2029 2030
N N N N Y N 시군구비 1,035 0 1,035 135 225 225 225 225 0
2층 전기버스 보급
지원
기간:2026~2030
대상:관내 운수업체
규모:6대
내용:전기버스 보급 지
원
Y 국
토교
통부
N N N N Y N
계 14,030 0 14,030 1,830 3,050 3,050 3,050 3,050 0
의무 14,030 0 14,030 1,830 3,050 3,050 3,050 3,050 0
국고보조금 8,280 0 8,280 1,080 1,800 1,800 1,800 1,800 0
시도비 2,875 0 2,875 375 625 625 625 625 0
시군구비 2,875 0 2,875 375 625 625 625 625 0
동탄2 광역교통개선
대책 운수업계 보조
금
2025~2026
동탄역 출퇴근 버스 운
행 노선
8개 노선
동탄역 연계교통 강화
를 위한 출퇴근 전용 버
스 운영
N N N N Y N
계 1,400 0 1,400 1,400 0 0 0 0 0
의무 1,400 0 1,400 1,400 0 0 0 0 0
시군구비 1,400 0 1,400 1,400 0 0 0 0 0
시내버스 공공관리
제 운영 지원
기간:2024년~
대상:관내 운행 버스노
선
규모:시내버스 전노선
내용:민영제 노선의 준
공영제 전환으로 버스
공적관리 강화
N N N N Y N
계 42,779 0 42,779 8,556 8,556 8,556 8,556 8,556 0
의무 42,779 0 42,779 8,556 8,556 8,556 8,556 8,556 0
시도비 7,287 0 7,287 1,457 1,457 1,457 1,457 1,457 0
시군구비 35,492 0 35,492 7,098 7,098 7,098 7,098 7,098 0
The 경기패스
기간:연례반복
대상:19세 이상 경기도
민
규모:50,355명
내용:대중교통비 환급
지원
Y 국
토교
통부
N N N N Y N
계 67,500 0 67,500 13,500 13,500 13,500 13,500 13,500 0
의무 67,500 0 67,500 13,500 13,500 13,500 13,500 13,500 0
국고보조금 33,750 0 33,750 6,750 6,750 6,750 6,750 6,750 0
시도비 10,125 0 10,125 2,025 2,025 2,025 2,025 2,025 0
시군구비 23,625 0 23,625 4,725 4,725 4,725 4,725 4,725 0
- 377 -
세세부부사사업업계계획획서서
회계연도 : 2026년
회계구분 : 일반 , 특별회계 , 기금
분    야 : 전체
부    문 : 전체 (단위 : 백만원)
분야ㆍ부문ㆍ정책ㆍ단위ㆍ세부사
업 사 업 개 요 국가계
획
투
자
심
사
지
방
채
BTL
의무지출
재원 총사업비 기투자
연     도     별     투     자     계     획
향  후
법
정
보
조
이
자 소  계 2026 2027 2028 2029 2030
The 경기패스 추가
지원
기간:연례반복
대상:경기도민
규모:예산한도 내
내용:전국 지하철·버
스 월15회 이상 이용시
20%~53% 무제한 할인 환
급
N N N Y N N
계 4,980 0 4,980 996 996 996 996 996 0
의무 4,980 0 4,980 996 996 996 996 996 0
시군구비 4,980 0 4,980 996 996 996 996 996 0
친환경버스 도입 보
조
기간:2026~2030
대상:관내시민
규모:30대
내용:친환경버스도입
N N N N N N
계 5,500 0 5,500 550 700 850 1,000 2,400 0
재량 5,500 0 5,500 550 700 850 1,000 2,400 0
시군구비 5,500 0 5,500 550 700 850 1,000 2,400 0
경기도 마을버스 운
수종사자 처우개선
비 지원
기간:2026~2030
대상:관내 마을버스 업
체 근무자
규모:예산한도 내
내용:운수종사자  지원
N N N N Y N
계 5,772 0 5,772 1,154 1,154 1,154 1,154 1,154 0
의무 5,772 0 5,772 1,154 1,154 1,154 1,154 1,154 0
시도비 1,732 0 1,732 346 346 346 346 346 0
시군구비 4,040 0 4,040 808 808 808 808 808 0
시민안전을 우선하는 교통체계
및 교통편의시설 구축 70,226 1,100 69,126 14,782 9,325 10,476 12,637 21,907 0
대중교통시설 확충 70,226 1,100 69,126 14,782 9,325 10,476 12,637 21,907 0
교통편익시설 설치
및 정비
기간:25. 1. 1. ~ 30.
12. 31.
대상:화성시민
규모:매년 80개소
내용:정류소 설치 및 관
리
N N N N N N
계 10,750 0 10,750 2,150 2,150 2,150 2,150 2,150 0
재량 10,750 0 10,750 2,150 2,150 2,150 2,150 2,150 0
시군구비 10,750 0 10,750 2,150 2,150 2,150 2,150 2,150 0
경기도 버스 인프라
지원(전환사업)
기간:25. 1. 1. ~ 30.
12. 31.
대상:화성시민
규모:매년 17개소
내용:정류소 설치 및 개
선
N N N N Y N
계 3,501 0 3,501 597 645 696 752 812 0
의무 3,501 0 3,501 597 645 696 752 812 0
시도비 1,050 0 1,050 179 193 209 226 244 0
- 376 -
- 377 -
세세부부사사업업계계획획서서
회계연도 : 2026년
회계구분 : 일반 , 특별회계 , 기금
분    야 : 전체
부    문 : 전체 (단위 : 백만원)
분야ㆍ부문ㆍ정책ㆍ단위ㆍ세부사
업 사 업 개 요 국가계
획
투
자
심
사
지
방
채
BTL
의무지출
재원 총사업비 기투자
연     도     별     투     자     계     획
향  후
법
정
보
조
이
자 소  계 2026 2027 2028 2029 2030
The 경기패스 추가
지원
기간:연례반복
대상:경기도민
규모:예산한도 내
내용:전국 지하철·버
스 월15회 이상 이용시
20%~53% 무제한 할인 환
급
N N N Y N N
계 4,980 0 4,980 996 996 996 996 996 0
의무 4,980 0 4,980 996 996 996 996 996 0
시군구비 4,980 0 4,980 996 996 996 996 996 0
친환경버스 도입 보
조
기간:2026~2030
대상:관내시민
규모:30대
내용:친환경버스도입
N N N N N N
계 5,500 0 5,500 550 700 850 1,000 2,400 0
재량 5,500 0 5,500 550 700 850 1,000 2,400 0
시군구비 5,500 0 5,500 550 700 850 1,000 2,400 0
경기도 마을버스 운
수종사자 처우개선
비 지원
기간:2026~2030
대상:관내 마을버스 업
체 근무자
규모:예산한도 내
내용:운수종사자  지원
N N N N Y N
계 5,772 0 5,772 1,154 1,154 1,154 1,154 1,154 0
의무 5,772 0 5,772 1,154 1,154 1,154 1,154 1,154 0
시도비 1,732 0 1,732 346 346 346 346 346 0
시군구비 4,040 0 4,040 808 808 808 808 808 0
시민안전을 우선하는 교통체계
및 교통편의시설 구축 70,226 1,100 69,126 14,782 9,325 10,476 12,637 21,907 0
대중교통시설 확충 70,226 1,100 69,126 14,782 9,325 10,476 12,637 21,907 0
교통편익시설 설치
및 정비
기간:25. 1. 1. ~ 30.
12. 31.
대상:화성시민
규모:매년 80개소
내용:정류소 설치 및 관
리
N N N N N N
계 10,750 0 10,750 2,150 2,150 2,150 2,150 2,150 0
재량 10,750 0 10,750 2,150 2,150 2,150 2,150 2,150 0
시군구비 10,750 0 10,750 2,150 2,150 2,150 2,150 2,150 0
경기도 버스 인프라
지원(전환사업)
기간:25. 1. 1. ~ 30.
12. 31.
대상:화성시민
규모:매년 17개소
내용:정류소 설치 및 개
선
N N N N Y N
계 3,501 0 3,501 597 645 696 752 812 0
의무 3,501 0 3,501 597 645 696 752 812 0
시도비 1,050 0 1,050 179 193 209 226 244 0
- 377 -
- 378 -
세세부부사사업업계계획획서서
회계연도 : 2026년
회계구분 : 일반 , 특별회계 , 기금
분    야 : 전체
부    문 : 전체 (단위 : 백만원)
분야ㆍ부문ㆍ정책ㆍ단위ㆍ세부사
업 사 업 개 요 국가계
획
투
자
심
사
지
방
채
BTL
의무지출
재원 총사업비 기투자
연     도     별     투     자     계     획
향  후
법
정
보
조
이
자 소  계 2026 2027 2028 2029 2030
N N N N Y N 시군구비 2,451 0 2,451 418 451 487 526 568 0
공공와이파이 통신
비 지원
기간:25. 1. 1. ~ 30.
12. 31.
대상:관내  광역,시내버
스
규모:547대
내용:와이파이 통신비
지원
N N N N Y N
계 863 0 863 173 173 173 173 173 0
의무 863 0 863 173 173 173 173 173 0
시도비 136 0 136 27 27 27 27 27 0
시군구비 727 0 727 145 145 145 145 145 0
향남 버스공영차고
지 조성
기간:2022.01~2029.12
위치:향남읍 구문천리 일원
규모:부지 44,980㎡, 건축
연면적 약 1,616㎡(3개동)
내용:관리동, 정비동, 세차
동 및 친환경충전시설
Y N N N N N
계 16,600 1,100 15,500 0 4,000 5,000 5,000 1,500 0
재량 16,600 1,100 15,500 0 4,000 5,000 5,000 1,500 0
시군구비 16,600 1,100 15,500 0 4,000 5,000 5,000 1,500 0
동탄권 버스공영차
고지 조성사업
기간:2025년 ~2029년
대상:반송동 625-4번지 일
원
규모:부지면적 20,188㎡,
주차장대수 220면(버스 150
대, 소형 70대)
내용:버스공영차고지 조성
Y N N N N N
계 26,000 0 26,000 9,400 0 0 2,000 14,600 0
재량 26,000 0 26,000 9,400 0 0 2,000 14,600 0
시군구비 26,000 0 26,000 9,400 0 0 2,000 14,600 0
동탄버스공영차고지
운영
기간:2026.~2030.
대상:동탄버스공영차고지
규모:동탄1, 2 버스공영차
고지  운영
내용:시설물 안전관리 및
유지보수 (소방, 전기, 승
강기 등 시설 관리) 등
N N N N N N
계 1,813 0 1,813 363 363 363 363 363 0
재량 1,813 0 1,813 363 363 363 363 363 0
시군구비 1,813 0 1,813 363 363 363 363 363 0
밀폐형 버스정류소
설치사업
기간:2026.~2030.
대상:관내 전역 버스정
류장
규모:제반여건 고려한
밀폐형 버스 승강장 설
치
내용:밀폐형 버스 승강
장 설치
N N N N N N
계 10,699 0 10,699 2,100 1,995 2,095 2,199 2,309 0
재량 10,699 0 10,699 2,100 1,995 2,095 2,199 2,309 0
시도비 2,376 0 2,376 430 452 474 498 523 0
시군구비 8,323 0 8,323 1,670 1,544 1,621 1,702 1,787 0
- 379 -
세세부부사사업업계계획획서서
회계연도 : 2026년
회계구분 : 일반 , 특별회계 , 기금
분    야 : 전체
부    문 : 전체 (단위 : 백만원)
분야ㆍ부문ㆍ정책ㆍ단위ㆍ세부사
업 사 업 개 요 국가계
획
투
자
심
사
지
방
채
BTL
의무지출
재원 총사업비 기투자
연     도     별     투     자     계     획
향  후
법
정
보
조
이
자 소  계 2026 2027 2028 2029 2030
이용자 중심의 맞춤형 교
통서비스 제공 25,523 0 25,523 4,995 4,809 4,807 5,107 5,807 0
택시서비스 향상 25,523 0 25,523 4,995 4,809 4,807 5,107 5,807 0
대중교통 소외지역
행복택시 운영
기간:2025.01~2028.12
대상:대중교통 낙후지
역 행복택시 운송사업
자
규모:운행마을:154여개
마을
내용:대중교통 낙후지
역 택시 운행비용 지원
Y 국
토교
통부
N N N N Y N
계 12,350 0 12,350 2,470 2,470 2,470 2,470 2,470 0
의무 12,350 0 12,350 2,470 2,470 2,470 2,470 2,470 0
균특보조금 4,050 0 4,050 810 810 810 810 810 0
시군구비 8,300 0 8,300 1,660 1,660 1,660 1,660 1,660 0
택시 카드단말기 통
신료 지원
2026. 1. 1. ~ 2030. 12.
31.
화성시 법인 및 개인 택
시운송사업자
화성시 택시 1,366대
택시 카드단말기 통신
료 월(5,500원/대/월)의
80% 지원
N N N N Y N
계 361 0 361 72 72 72 72 72 0
의무 361 0 361 72 72 72 72 72 0
시도비 135 0 135 27 27 27 27 27 0
시군구비 225 0 225 45 45 45 45 45 0
택시 카드결제 수수
료 지원
기간:2026. 1. 1. ~
2030. 12. 31.
대상:화성시 법인 및 개
인택시 운송사업자
규모:화성시 택시 1,366
대
내용:택시 요금 1만 5천
원 미만 카드결제 건에
대한 수수료 지원
N N N N Y N
계 2,049 0 2,049 410 410 410 410 410 0
의무 2,049 0 2,049 410 410 410 410 410 0
시도비 615 0 615 123 123 123 123 123 0
시군구비 1,434 0 1,434 287 287 287 287 287 0
법인택시 운수종사
자 처우개선 지원
기간:2026. 1. 1. ~
2030. 12. 31.
대상:화성시 법인택시
운수종사자
규모:법인택시 운수종
사자 380명
내용:법인택시 운수종
사자 1인당 월 13만원
지급
N N N N Y N
계 2,690 0 2,690 684 502 502 502 502 0
의무 2,690 0 2,690 684 502 502 502 502 0
시도비 1,756 0 1,756 351 351 351 351 351 0
시군구비 935 0 935 333 150 150 150 150 0
- 378 -
- 379 -
세세부부사사업업계계획획서서
회계연도 : 2026년
회계구분 : 일반 , 특별회계 , 기금
분    야 : 전체
부    문 : 전체 (단위 : 백만원)
분야ㆍ부문ㆍ정책ㆍ단위ㆍ세부사
업 사 업 개 요 국가계
획
투
자
심
사
지
방
채
BTL
의무지출
재원 총사업비 기투자
연     도     별     투     자     계     획
향  후
법
정
보
조
이
자 소  계 2026 2027 2028 2029 2030
이용자 중심의 맞춤형 교
통서비스 제공 25,523 0 25,523 4,995 4,809 4,807 5,107 5,807 0
택시서비스 향상 25,523 0 25,523 4,995 4,809 4,807 5,107 5,807 0
대중교통 소외지역
행복택시 운영
기간:2025.01~2028.12
대상:대중교통 낙후지
역 행복택시 운송사업
자
규모:운행마을:154여개
마을
내용:대중교통 낙후지
역 택시 운행비용 지원
Y 국
토교
통부
N N N N Y N
계 12,350 0 12,350 2,470 2,470 2,470 2,470 2,470 0
의무 12,350 0 12,350 2,470 2,470 2,470 2,470 2,470 0
균특보조금 4,050 0 4,050 810 810 810 810 810 0
시군구비 8,300 0 8,300 1,660 1,660 1,660 1,660 1,660 0
택시 카드단말기 통
신료 지원
2026. 1. 1. ~ 2030. 12.
31.
화성시 법인 및 개인 택
시운송사업자
화성시 택시 1,366대
택시 카드단말기 통신
료 월(5,500원/대/월)의
80% 지원
N N N N Y N
계 361 0 361 72 72 72 72 72 0
의무 361 0 361 72 72 72 72 72 0
시도비 135 0 135 27 27 27 27 27 0
시군구비 225 0 225 45 45 45 45 45 0
택시 카드결제 수수
료 지원
기간:2026. 1. 1. ~
2030. 12. 31.
대상:화성시 법인 및 개
인택시 운송사업자
규모:화성시 택시 1,366
대
내용:택시 요금 1만 5천
원 미만 카드결제 건에
대한 수수료 지원
N N N N Y N
계 2,049 0 2,049 410 410 410 410 410 0
의무 2,049 0 2,049 410 410 410 410 410 0
시도비 615 0 615 123 123 123 123 123 0
시군구비 1,434 0 1,434 287 287 287 287 287 0
법인택시 운수종사
자 처우개선 지원
기간:2026. 1. 1. ~
2030. 12. 31.
대상:화성시 법인택시
운수종사자
규모:법인택시 운수종
사자 380명
내용:법인택시 운수종
사자 1인당 월 13만원
지급
N N N N Y N
계 2,690 0 2,690 684 502 502 502 502 0
의무 2,690 0 2,690 684 502 502 502 502 0
시도비 1,756 0 1,756 351 351 351 351 351 0
시군구비 935 0 935 333 150 150 150 150 0
- 379 -
- 380 -
세세부부사사업업계계획획서서
회계연도 : 2026년
회계구분 : 일반 , 특별회계 , 기금
분    야 : 전체
부    문 : 전체 (단위 : 백만원)
분야ㆍ부문ㆍ정책ㆍ단위ㆍ세부사
업 사 업 개 요 국가계
획
투
자
심
사
지
방
채
BTL
의무지출
재원 총사업비 기투자
연     도     별     투     자     계     획
향  후
법
정
보
조
이
자 소  계 2026 2027 2028 2029 2030
일반택시 장기무사
고 근속자 융자 지
원
2026. 1. 1. ~ 2030. 12. 31.
개인택시 면허를 양수한 법
인택시 운수종사자
8명(계속 지원 : 5명, 신규
지원 : 3명)
개인택시 사업면허 양수를
원하는 운수종사자에게 융
자보증 및 이차보전금(연리
1.5%) 지원
N N N N Y N
계 26 0 26 10 6 4 4 4 0
의무 26 0 26 10 6 4 4 4 0
시도비 8 0 8 3 2 1 1 1 0
시군구비 18 0 18 7 4 3 3 3 0
운수업계 유가보조
금 지원(택시)
기간:2026. 1. 1. ~2030.
12. 31.
대상:관내 택시 운송사업자
규모:일반 및 개인택시
1,366대
내용:유류세 연동보조금 지
원
N N N Y N N
계 7,700 0 7,700 1,280 1,280 1,280 1,580 2,280 0
의무 7,700 0 7,700 1,280 1,280 1,280 1,580 2,280 0
시군구비 7,700 0 7,700 1,280 1,280 1,280 1,580 2,280 0
택시 불법행위 지도
단속
2026. 1. 1. ~ 2030. 12.
31.
화성시민
화성시 택시 1,288대
택시 불법행위 현수막
및 홍보물 제작
N N N N N N
계 12 0 12 2 2 2 2 2 0
재량 12 0 12 2 2 2 2 2 0
시군구비 12 0 12 2 2 2 2 2 0
여객자동차 법규위
반 신고포상
2026. 1. 1. ~ 2030. 12. 31.
위반행위를 신고하여 그 결
과 행정처분이 실질적으로
이루어 지게 한 자
불법행위 신고자 16명
여객자동차 운수사업법 위
반 신고포상금 지급
N N N N N N
계 10 0 10 2 2 2 2 2 0
재량 10 0 10 2 2 2 2 2 0
시군구비 10 0 10 2 2 2 2 2 0
노후택시 대폐차 비
용 지원
2026. 1. 1. ~ 2030. 12.
31.
관내 법인 및 개인택시
운송사업자
화성시 노후택시 65대
노후택시 1대당 대폐차
비용 100만원 지원
N N N N Y N
계 325 0 325 65 65 65 65 65 0
의무 325 0 325 65 65 65 65 65 0
시도비 98 0 98 20 20 20 20 20 0
시군구비 228 0 228 46 46 46 46 46 0
선진 교통물류 기반 구축 81,600 0 81,600 14,000 14,000 14,000 19,800 19,800 0
- 381 -
세세부부사사업업계계획획서서
회계연도 : 2026년
회계구분 : 일반 , 특별회계 , 기금
분    야 : 전체
부    문 : 전체 (단위 : 백만원)
분야ㆍ부문ㆍ정책ㆍ단위ㆍ세부사
업 사 업 개 요 국가계
획
투
자
심
사
지
방
채
BTL
의무지출
재원 총사업비 기투자
연     도     별     투     자     계     획
향  후
법
정
보
조
이
자 소  계 2026 2027 2028 2029 2030
교통문화 정착 지원 81,600 0 81,600 14,000 14,000 14,000 19,800 19,800 0
운수업계 유가보조
금 지원(화물)
기간:2026. 1. ~ 12.
대상:화물차운송사업자
규모:화물차 8,326대
내용:유류세인상액보조
N N N Y N N
계 81,600 0 81,600 14,000 14,000 14,000 19,800 19,800 0
의무 81,600 0 81,600 14,000 14,000 14,000 19,800 19,800 0
시군구비 81,600 0 81,600 14,000 14,000 14,000 19,800 19,800 0
시민편의 증진 교통체계
구축 138,373 2,264 136,109 29,332 33,377 28,679 22,654 22,066 0
안전하고 편리한 주차환
경 조성 137,195 2,264 134,931 29,047 33,091 28,477 22,452 21,863 0
공영주차장 위탁운
영
기간:2025. 1 ~ 2029.
12.
대상:화성도시공사
규모:유료 공영주차장
62개소
내용:유료 공영주차장
위탁운영
N N N Y N N
계 44,995 0 44,995 8,152 8,561 8,980 9,420 9,882 0
의무 44,995 0 44,995 8,152 8,561 8,980 9,420 9,882 0
시군구비 44,995 0 44,995 8,152 8,561 8,980 9,420 9,882 0
동탄산단 공영주차
장 주차타워 조성공
사
기간:2026~2028
대상:방교동 828
규모: 지상4층 5단 주차
타워
내용:주차타워조성
Y N N N N N
계 19,100 0 19,100 934 16,995 1,171 0 0 0
재량 19,100 0 19,100 934 16,995 1,171 0 0 0
시군구비 19,100 0 19,100 934 16,995 1,171 0 0 0
동탄2지구 주12 공
영주차장 조성공사
기간:2026.1.1.~
2030.12.31.
대상:신동 31-12
규모:부지면적: 1,725㎡
내용:노외주차장 조성
Y N N N N N
계 2,870 0 2,870 0 0 956 957 957 0
재량 2,870 0 2,870 0 0 956 957 957 0
시군구비 2,870 0 2,870 0 0 956 957 957 0
동탄2지구 주13 공
영주차장 조성공사
기간:2026.1.~2028.12.
대상:신동 31-13
규모:부지면적 1,301㎡
내용:노외주차장 조성
Y N N N N N
계 2,280 0 2,280 1,880 0 400 0 0 0
재량 2,280 0 2,280 1,880 0 400 0 0 0
시군구비 2,280 0 2,280 1,880 0 400 0 0 0
- 380 -
- 381 -
세세부부사사업업계계획획서서
회계연도 : 2026년
회계구분 : 일반 , 특별회계 , 기금
분    야 : 전체
부    문 : 전체 (단위 : 백만원)
분야ㆍ부문ㆍ정책ㆍ단위ㆍ세부사
업 사 업 개 요 국가계
획
투
자
심
사
지
방
채
BTL
의무지출
재원 총사업비 기투자
연     도     별     투     자     계     획
향  후
법
정
보
조
이
자 소  계 2026 2027 2028 2029 2030
교통문화 정착 지원 81,600 0 81,600 14,000 14,000 14,000 19,800 19,800 0
운수업계 유가보조
금 지원(화물)
기간:2026. 1. ~ 12.
대상:화물차운송사업자
규모:화물차 8,326대
내용:유류세인상액보조
N N N Y N N
계 81,600 0 81,600 14,000 14,000 14,000 19,800 19,800 0
의무 81,600 0 81,600 14,000 14,000 14,000 19,800 19,800 0
시군구비 81,600 0 81,600 14,000 14,000 14,000 19,800 19,800 0
시민편의 증진 교통체계
구축 138,373 2,264 136,109 29,332 33,377 28,679 22,654 22,066 0
안전하고 편리한 주차환
경 조성 137,195 2,264 134,931 29,047 33,091 28,477 22,452 21,863 0
공영주차장 위탁운
영
기간:2025. 1 ~ 2029.
12.
대상:화성도시공사
규모:유료 공영주차장
62개소
내용:유료 공영주차장
위탁운영
N N N Y N N
계 44,995 0 44,995 8,152 8,561 8,980 9,420 9,882 0
의무 44,995 0 44,995 8,152 8,561 8,980 9,420 9,882 0
시군구비 44,995 0 44,995 8,152 8,561 8,980 9,420 9,882 0
동탄산단 공영주차
장 주차타워 조성공
사
기간:2026~2028
대상:방교동 828
규모: 지상4층 5단 주차
타워
내용:주차타워조성
Y N N N N N
계 19,100 0 19,100 934 16,995 1,171 0 0 0
재량 19,100 0 19,100 934 16,995 1,171 0 0 0
시군구비 19,100 0 19,100 934 16,995 1,171 0 0 0
동탄2지구 주12 공
영주차장 조성공사
기간:2026.1.1.~
2030.12.31.
대상:신동 31-12
규모:부지면적: 1,725㎡
내용:노외주차장 조성
Y N N N N N
계 2,870 0 2,870 0 0 956 957 957 0
재량 2,870 0 2,870 0 0 956 957 957 0
시군구비 2,870 0 2,870 0 0 956 957 957 0
동탄2지구 주13 공
영주차장 조성공사
기간:2026.1.~2028.12.
대상:신동 31-13
규모:부지면적 1,301㎡
내용:노외주차장 조성
Y N N N N N
계 2,280 0 2,280 1,880 0 400 0 0 0
재량 2,280 0 2,280 1,880 0 400 0 0 0
시군구비 2,280 0 2,280 1,880 0 400 0 0 0
- 381 -
- 382 -
세세부부사사업업계계획획서서
회계연도 : 2026년
회계구분 : 일반 , 특별회계 , 기금
분    야 : 전체
부    문 : 전체 (단위 : 백만원)
분야ㆍ부문ㆍ정책ㆍ단위ㆍ세부사
업 사 업 개 요 국가계
획
투
자
심
사
지
방
채
BTL
의무지출
재원 총사업비 기투자
연     도     별     투     자     계     획
향  후
법
정
보
조
이
자 소  계 2026 2027 2028 2029 2030
동탄2지구 주44 공
영주차장 조성공사
기간:2026.1.~2028.12.
대상:목동 31-44
규모:부지면적 1,653㎡
내용:노외주차장 조성
Y N N N N N
계 2,770 0 2,770 2,370 0 400 0 0 0
재량 2,770 0 2,770 2,370 0 400 0 0 0
시군구비 2,770 0 2,770 2,370 0 400 0 0 0
동탄2지구 주63 공
영주차장 조성공사
2025. 5. ~ 2026. 12.
일반시민
노외주차장(주차면: 약
40면)
공영주차장 조성
N N N N N N
계 2,624 2,124 500 500 0 0 0 0 0
재량 2,624 2,124 500 500 0 0 0 0 0
시군구비 2,624 2,124 500 500 0 0 0 0 0
태안3지구 주3 공영
주차장 조성공사
기간:2026.1.~12.
대상:송산동 228번지
규모:부지면적  1,412㎡
내용:노외주차장 조성
Y N N N N N
계 3,570 0 3,570 3,200 0 370 0 0 0
재량 3,570 0 3,570 3,200 0 370 0 0 0
시군구비 3,570 0 3,570 3,200 0 370 0 0 0
남양뉴타운 주12 공
영주차장 조성공사
2025. 5. ~ 2026. 12.
일반시민
노외주차장(주차면 25면
)
공영주차장 조성
Y N N N N N
계 2,470 70 2,400 2,400 0 0 0 0 0
재량 2,470 70 2,400 2,400 0 0 0 0 0
시군구비 2,470 70 2,400 2,400 0 0 0 0 0
비봉지구 주1 공영
주차장 조성공사
기간:2025. 5. ~ 2026.
12. 
대상:일반시민
규모:노외주차장(주차
면: 약 55면)
내용:공영주차장 조성
N N N N N N
계 2,270 70 2,200 2,200 0 0 0 0 0
재량 2,270 70 2,200 2,200 0 0 0 0 0
시군구비 2,270 70 2,200 2,200 0 0 0 0 0
비봉지구 주6 공영
주차장 조성공사
기간:2026.1.~2028.12.
대상:비봉면 구포리
1831번지 일원
규모:부지면적
1,1,598.3㎡
내용:노외주차장 조성
Y N N N N N
계 2,105 0 2,105 0 0 2,105 0 0 0
재량 2,105 0 2,105 0 0 2,105 0 0 0
시군구비 2,105 0 2,105 0 0 2,105 0 0 0
- 383 -
세세부부사사업업계계획획서서
회계연도 : 2026년
회계구분 : 일반 , 특별회계 , 기금
분    야 : 전체
부    문 : 전체 (단위 : 백만원)
분야ㆍ부문ㆍ정책ㆍ단위ㆍ세부사
업 사 업 개 요 국가계
획
투
자
심
사
지
방
채
BTL
의무지출
재원 총사업비 기투자
연     도     별     투     자     계     획
향  후
법
정
보
조
이
자 소  계 2026 2027 2028 2029 2030
제부도 1호 공영주
차장 조성공사
기간:2026.1.~2029.12.
대상:서신면 제부리
290-11번지 일원
규모:부지면적 2,377㎡
내용:노외주차장 조성
Y N N N N N
계 4,100 0 4,100 0 0 3,050 1,050 0 0
재량 4,100 0 4,100 0 0 3,050 1,050 0 0
시군구비 4,100 0 4,100 0 0 3,050 1,050 0 0
주차환경 개선사업
기간:연례반복
대상:화성시 일원
규모:노상주차장 및 소규모
공영주차장 정비,조성
내용:노상주차장 및 소규모
공영주차장 정비, 조성
N N N N N N
계 5,190 0 5,190 1,038 1,038 1,038 1,038 1,038 0
재량 5,190 0 5,190 1,038 1,038 1,038 1,038 1,038 0
시군구비 5,190 0 5,190 1,038 1,038 1,038 1,038 1,038 0
공영주차장 보수 및
관리
기간:연례반복
대상:관내 무료공영주
차장
규모:관내 무료공영주
차장 106개소
내용:무료 공영주차장
유지관리 및 환경정비
N N N Y N N
계 6,610 0 6,610 1,242 1,342 1,342 1,342 1,342 0
의무 6,610 0 6,610 1,242 1,342 1,342 1,342 1,342 0
시군구비 6,610 0 6,610 1,242 1,342 1,342 1,342 1,342 0
불법주정차 무인단
속시스템 설치 및
관리
기간2025.01~2030.12
대상:관내 주정차금지
구역
규모:단속 CCTV 475대
등
내용:불법주정차무인단
속시스템 설치 및 관리
N N N Y N N
계 12,027 0 12,027 2,405 2,405 2,405 2,405 2,405 0
의무 12,027 0 12,027 2,405 2,405 2,405 2,405 2,405 0
시군구비 12,027 0 12,027 2,405 2,405 2,405 2,405 2,405 0
불법주정차 단속운
영 및 관리
기간:연례반복
대상:화성시 전지역
규모:주정차단속요원 40
명
내용:불법 주정차 단속
인력 등 운영 및 관리
N N N Y N N
계 8,778 0 8,778 1,756 1,756 1,756 1,756 1,756 0
의무 8,778 0 8,778 1,756 1,756 1,756 1,756 1,756 0
시군구비 8,778 0 8,778 1,756 1,756 1,756 1,756 1,756 0
주정차금지구역 도
색 및 표지판 설치
기간:2025.01~2030.12
대상:주정차금지구역
규모:표지판 1000여개
등
내용:주정차금지 도색
및 표지판 정비
N N N Y N N
계 15,436 0 15,436 970 995 4,504 4,484 4,484 0
의무 15,436 0 15,436 970 995 4,504 4,484 4,484 0
시군구비 15,436 0 15,436 970 995 4,504 4,484 4,484 0
- 382 -
- 383 -
세세부부사사업업계계획획서서
회계연도 : 2026년
회계구분 : 일반 , 특별회계 , 기금
분    야 : 전체
부    문 : 전체 (단위 : 백만원)
분야ㆍ부문ㆍ정책ㆍ단위ㆍ세부사
업 사 업 개 요 국가계
획
투
자
심
사
지
방
채
BTL
의무지출
재원 총사업비 기투자
연     도     별     투     자     계     획
향  후
법
정
보
조
이
자 소  계 2026 2027 2028 2029 2030
제부도 1호 공영주
차장 조성공사
기간:2026.1.~2029.12.
대상:서신면 제부리
290-11번지 일원
규모:부지면적 2,377㎡
내용:노외주차장 조성
Y N N N N N
계 4,100 0 4,100 0 0 3,050 1,050 0 0
재량 4,100 0 4,100 0 0 3,050 1,050 0 0
시군구비 4,100 0 4,100 0 0 3,050 1,050 0 0
주차환경 개선사업
기간:연례반복
대상:화성시 일원
규모:노상주차장 및 소규모
공영주차장 정비,조성
내용:노상주차장 및 소규모
공영주차장 정비, 조성
N N N N N N
계 5,190 0 5,190 1,038 1,038 1,038 1,038 1,038 0
재량 5,190 0 5,190 1,038 1,038 1,038 1,038 1,038 0
시군구비 5,190 0 5,190 1,038 1,038 1,038 1,038 1,038 0
공영주차장 보수 및
관리
기간:연례반복
대상:관내 무료공영주
차장
규모:관내 무료공영주
차장 106개소
내용:무료 공영주차장
유지관리 및 환경정비
N N N Y N N
계 6,610 0 6,610 1,242 1,342 1,342 1,342 1,342 0
의무 6,610 0 6,610 1,242 1,342 1,342 1,342 1,342 0
시군구비 6,610 0 6,610 1,242 1,342 1,342 1,342 1,342 0
불법주정차 무인단
속시스템 설치 및
관리
기간2025.01~2030.12
대상:관내 주정차금지
구역
규모:단속 CCTV 475대
등
내용:불법주정차무인단
속시스템 설치 및 관리
N N N Y N N
계 12,027 0 12,027 2,405 2,405 2,405 2,405 2,405 0
의무 12,027 0 12,027 2,405 2,405 2,405 2,405 2,405 0
시군구비 12,027 0 12,027 2,405 2,405 2,405 2,405 2,405 0
불법주정차 단속운
영 및 관리
기간:연례반복
대상:화성시 전지역
규모:주정차단속요원 40
명
내용:불법 주정차 단속
인력 등 운영 및 관리
N N N Y N N
계 8,778 0 8,778 1,756 1,756 1,756 1,756 1,756 0
의무 8,778 0 8,778 1,756 1,756 1,756 1,756 1,756 0
시군구비 8,778 0 8,778 1,756 1,756 1,756 1,756 1,756 0
주정차금지구역 도
색 및 표지판 설치
기간:2025.01~2030.12
대상:주정차금지구역
규모:표지판 1000여개
등
내용:주정차금지 도색
및 표지판 정비
N N N Y N N
계 15,436 0 15,436 970 995 4,504 4,484 4,484 0
의무 15,436 0 15,436 970 995 4,504 4,484 4,484 0
시군구비 15,436 0 15,436 970 995 4,504 4,484 4,484 0
- 383 -
- 384 -
세세부부사사업업계계획획서서
회계연도 : 2026년
회계구분 : 일반 , 특별회계 , 기금
분    야 : 전체
부    문 : 전체 (단위 : 백만원)
분야ㆍ부문ㆍ정책ㆍ단위ㆍ세부사
업 사 업 개 요 국가계
획
투
자
심
사
지
방
채
BTL
의무지출
재원 총사업비 기투자
연     도     별     투     자     계     획
향  후
법
정
보
조
이
자 소  계 2026 2027 2028 2029 2030
교통환경 개선 1,178 0 1,178 285 285 202 202 202 0
교통유발부담금 부
과 및 징수
기간:연례반복
대상:관내
규모:해당없음
내용:부과징수 홍보 지
원등
N N N Y N N
계 1,178 0 1,178 285 285 202 202 202 0
의무 1,178 0 1,178 285 285 202 202 202 0
시군구비 1,178 0 1,178 285 285 202 202 202 0
차량등록과 운영 2,400 0 2,400 480 480 480 480 480 0
공공청사 관리 2,400 0 2,400 480 480 480 480 480 0
청사 운영 관리
기간:2025년~(매년 반복)
대상:화성시 차량등록과 및
차량 소유 화성시민 등
규모:차량등록과 청사 유지
관리 및 우편요금(매월 등
기 9,800통, 일반 9,000통)
내용:차량등록과 청사 유지
관리비용 및 우편요금
N N N Y N N
계 2,400 0 2,400 480 480 480 480 480 0
의무 2,400 0 2,400 480 480 480 480 480 0
시군구비 2,400 0 2,400 480 480 480 480 480 0
국토및지역개발 847,086 287,576 559,510 110,017 123,818 108,379 125,069 92,227 0
수자원 351,362 75,968 275,394 23,186 48,102 53,951 82,344 67,811 0
재해없는 하천정비 317,216 75,968 241,248 16,400 41,262 47,111 75,504 60,971 0
국가하천 유지관리 3,000 0 3,000 600 600 600 600 600 0
국가하천 유지보수
기간: 2026. 1. ~ 2030.
12.
대상: 관내 국가하천
규모: 국가하천
내용: 시설물 유지보수
Y 환
경부 N N N N Y N
계 3,000 0 3,000 600 600 600 600 600 0
의무 3,000 0 3,000 600 600 600 600 600 0
국고보조금 2,000 0 2,000 400 400 400 400 400 0
시군구비 1,000 0 1,000 200 200 200 200 200 0
지방하천 정비 18,500 0 18,500 3,700 3,700 3,700 3,700 3,700 0
- 385 -
세세부부사사업업계계획획서서
회계연도 : 2026년
회계구분 : 일반 , 특별회계 , 기금
분    야 : 전체
부    문 : 전체 (단위 : 백만원)
분야ㆍ부문ㆍ정책ㆍ단위ㆍ세부사
업 사 업 개 요 국가계
획
투
자
심
사
지
방
채
BTL
의무지출
재원 총사업비 기투자
연     도     별     투     자     계     획
향  후
법
정
보
조
이
자 소  계 2026 2027 2028 2029 2030
지방하천 유지관리
기간: 2026. 1.~2030.
12.
대상: 관내 지방하천
규모: 관내 지방하천 23
개소
내용: 지방하천 유지관
리 1식
N N N N N N
계 15,500 0 15,500 3,100 3,100 3,100 3,100 3,100 0
재량 15,500 0 15,500 3,100 3,100 3,100 3,100 3,100 0
시도비 15,000 0 15,000 3,000 3,000 3,000 3,000 3,000 0
시군구비 500 0 500 100 100 100 100 100 0
지방하천 소규모 준
설
기간:2026.1. ~ 2030.12.
대상:관내 지방하천 23
개소
규모:하도정비(준설) 1
식
내용:지방하천 준설
N N N N Y N
계 3,000 0 3,000 600 600 600 600 600 0
의무 3,000 0 3,000 600 600 600 600 600 0
시도비 3,000 0 3,000 600 600 600 600 600 0
소하천 정비 295,716 75,968 219,748 12,100 36,962 42,811 71,204 56,671 0
통합건설사업관리
용역
기간:2024. 3. ~ 2028. 8.
대상:봉담 왕림리, 정남 문
학리, 안녕동, 양감 대양리
, 남양 북양리 일원 시민
규모:통합건설사업관리용역
1식 2개소
내용:소하천정비사업 통합
건설사업관리
N N N N N N
계 5,845 1,800 4,045 1,400 1,400 1,245 0 0 0
재량 5,845 1,800 4,045 1,400 1,400 1,245 0 0 0
시군구비 5,845 1,800 4,045 1,400 1,400 1,245 0 0 0
소하천정비(방하천)
(전환사업)
기간: 2016. 1. ~ 2027. 3.
대상: 봉담읍 왕림리 일원
시민
규모: 소하천정비 L=2.18km
내용: 소하천정비 L=2.18km
N N N N N N
계 18,400 15,150 3,250 2,300 950 0 0 0 0
재량 18,400 15,150 3,250 2,300 950 0 0 0 0
시군구비 18,400 15,150 3,250 2,300 950 0 0 0 0
소하천정비(까치매
천)(전환사업)
기간: 2018. 1. ~ 2027.
3.
대상: 정남면 문학리 일
원 시민
규모: 소하천 정비 L=
1.88km
내용: 소하천 정비 L=
1.88km
Y 행
정안
전부
N N N N Y N
계 17,400 15,032 2,368 1,000 1,368 0 0 0 0
의무 17,400 15,032 2,368 1,000 1,368 0 0 0 0
균특보조금 186 186 0 0 0 0 0 0 0
시군구비 17,214 14,846 2,368 1,000 1,368 0 0 0 0
- 384 -
- 385 -
세세부부사사업업계계획획서서
회계연도 : 2026년
회계구분 : 일반 , 특별회계 , 기금
분    야 : 전체
부    문 : 전체 (단위 : 백만원)
분야ㆍ부문ㆍ정책ㆍ단위ㆍ세부사
업 사 업 개 요 국가계
획
투
자
심
사
지
방
채
BTL
의무지출
재원 총사업비 기투자
연     도     별     투     자     계     획
향  후
법
정
보
조
이
자 소  계 2026 2027 2028 2029 2030
지방하천 유지관리
기간: 2026. 1.~2030.
12.
대상: 관내 지방하천
규모: 관내 지방하천 23
개소
내용: 지방하천 유지관
리 1식
N N N N N N
계 15,500 0 15,500 3,100 3,100 3,100 3,100 3,100 0
재량 15,500 0 15,500 3,100 3,100 3,100 3,100 3,100 0
시도비 15,000 0 15,000 3,000 3,000 3,000 3,000 3,000 0
시군구비 500 0 500 100 100 100 100 100 0
지방하천 소규모 준
설
기간:2026.1. ~ 2030.12.
대상:관내 지방하천 23
개소
규모:하도정비(준설) 1
식
내용:지방하천 준설
N N N N Y N
계 3,000 0 3,000 600 600 600 600 600 0
의무 3,000 0 3,000 600 600 600 600 600 0
시도비 3,000 0 3,000 600 600 600 600 600 0
소하천 정비 295,716 75,968 219,748 12,100 36,962 42,811 71,204 56,671 0
통합건설사업관리
용역
기간:2024. 3. ~ 2028. 8.
대상:봉담 왕림리, 정남 문
학리, 안녕동, 양감 대양리
, 남양 북양리 일원 시민
규모:통합건설사업관리용역
1식 2개소
내용:소하천정비사업 통합
건설사업관리
N N N N N N
계 5,845 1,800 4,045 1,400 1,400 1,245 0 0 0
재량 5,845 1,800 4,045 1,400 1,400 1,245 0 0 0
시군구비 5,845 1,800 4,045 1,400 1,400 1,245 0 0 0
소하천정비(방하천)
(전환사업)
기간: 2016. 1. ~ 2027. 3.
대상: 봉담읍 왕림리 일원
시민
규모: 소하천정비 L=2.18km
내용: 소하천정비 L=2.18km
N N N N N N
계 18,400 15,150 3,250 2,300 950 0 0 0 0
재량 18,400 15,150 3,250 2,300 950 0 0 0 0
시군구비 18,400 15,150 3,250 2,300 950 0 0 0 0
소하천정비(까치매
천)(전환사업)
기간: 2018. 1. ~ 2027.
3.
대상: 정남면 문학리 일
원 시민
규모: 소하천 정비 L=
1.88km
내용: 소하천 정비 L=
1.88km
Y 행
정안
전부
N N N N Y N
계 17,400 15,032 2,368 1,000 1,368 0 0 0 0
의무 17,400 15,032 2,368 1,000 1,368 0 0 0 0
균특보조금 186 186 0 0 0 0 0 0 0
시군구비 17,214 14,846 2,368 1,000 1,368 0 0 0 0
- 385 -
- 386 -
세세부부사사업업계계획획서서
회계연도 : 2026년
회계구분 : 일반 , 특별회계 , 기금
분    야 : 전체
부    문 : 전체 (단위 : 백만원)
분야ㆍ부문ㆍ정책ㆍ단위ㆍ세부사
업 사 업 개 요 국가계
획
투
자
심
사
지
방
채
BTL
의무지출
재원 총사업비 기투자
연     도     별     투     자     계     획
향  후
법
정
보
조
이
자 소  계 2026 2027 2028 2029 2030
소하천정비(능안천)
(전환사업)
기간:2018. 1. ~ 2028.
4.
대상:안녕동 일원 주민
규모:소하천 정비 L=
1.74km
내용:소하천 정비 L=
1.74km
N N N N N N
계 25,701 17,150 8,551 900 3,600 1,100 1,100 1,851 0
재량 25,701 17,150 8,551 900 3,600 1,100 1,100 1,851 0
시군구비 25,701 17,150 8,551 900 3,600 1,100 1,100 1,851 0
소하천정비(주미골
천)
기간:2019. 1. ~ 2028. 9.
대상:남양읍 북양리 일원
주민
규모:소하천 정비 L=1.65km
내용:소하천 정비 L=1.65km
Y 행
정안
전부
N N N N N N
계 14,000 6,200 7,800 650 2,730 2,070 2,350 0 0
재량 14,000 6,200 7,800 650 2,730 2,070 2,350 0 0
시군구비 14,000 6,200 7,800 650 2,730 2,070 2,350 0 0
소하천정비(작골천)
(전환사업)
기간:2019. 1. ~ 2028. 12.
대상:정남면 신리 일원 주
민
규모:소하천 정비 L=2.90km
내용:소하천 정비 L=2.90km
N N N N N N
계 25,714 7,900 17,814 700 2,000 2,000 4,600 8,514 0
재량 25,714 7,900 17,814 700 2,000 2,000 4,600 8,514 0
시군구비 25,714 7,900 17,814 700 2,000 2,000 4,600 8,514 0
소하천정비(개월천)
기간:2019. 1. ~ 2027. 10.
대상:양감면 대양리 일원
주민
규모:소하천 정비 L=1.1km
내용:소하천 정비 L=1.1km
N N N N N N
계 5,030 2,850 2,180 0 1,180 1,000 0 0 0
재량 5,030 2,850 2,180 0 1,180 1,000 0 0 0
시군구비 5,030 2,850 2,180 0 1,180 1,000 0 0 0
소하천정비(띠밭천)
(전환사업)
기간:2020. 1. ~ 2029. 12.
대상:팔탄면 노하리 일원
주민
규모:소하천 정비 L=1.20km
내용:소하천 정비 L=1.20km
N N N N N N
계 11,400 1,900 9,500 0 400 3,808 2,646 2,646 0
재량 11,400 1,900 9,500 0 400 3,808 2,646 2,646 0
시군구비 11,400 1,900 9,500 0 400 3,808 2,646 2,646 0
소하천정비(돌서지
천)(전환사업)
기간:2020. 1. ~ 2029.
12.
대상:장안면 석포리 일
원 주민
규모:소하천 정비 L=
2.0km
내용:소하천 정비 L=
2.0km
N N N N N N
계 21,000 2,386 18,614 0 200 1,414 7,500 9,500 0
재량 21,000 2,386 18,614 0 200 1,414 7,500 9,500 0
시군구비 21,000 2,386 18,614 0 200 1,414 7,500 9,500 0
- 387 -
세세부부사사업업계계획획서서
회계연도 : 2026년
회계구분 : 일반 , 특별회계 , 기금
분    야 : 전체
부    문 : 전체 (단위 : 백만원)
분야ㆍ부문ㆍ정책ㆍ단위ㆍ세부사
업 사 업 개 요 국가계
획
투
자
심
사
지
방
채
BTL
의무지출
재원 총사업비 기투자
연     도     별     투     자     계     획
향  후
법
정
보
조
이
자 소  계 2026 2027 2028 2029 2030
소하천정비(기안천)
기간:2024. 1. ~2026.
12.
대상:기안동 일원 주민
규모:소하천정비 L=
0.45km
내용:소하천정비 L=
0.45km
N N N N N N
계 3,100 200 2,900 0 2,900 0 0 0 0
재량 3,100 200 2,900 0 2,900 0 0 0 0
시군구비 3,100 200 2,900 0 2,900 0 0 0 0
소하천정비(가재천)
기간:2022. 1. ~ 2027. 12.
대상:팔탄면 가재리 일원
주민
규모:소하천정비 L=1.8km
내용:소하천정비 L=1.8km
N N N N N N
계 6,000 200 5,800 0 4,600 1,200 0 0 0
재량 6,000 200 5,800 0 4,600 1,200 0 0 0
시군구비 6,000 200 5,800 0 4,600 1,200 0 0 0
소하천정비(동학천)
기간:2023. 1. ~ 2028. 12.
대상:비봉면 쌍학리 일원
주민
규모:소하천정비 L=2.18km
내용:소하천정비 L=2.18km
N N N N N N
계 7,500 320 7,180 0 0 4,750 2,430 0 0
재량 7,500 320 7,180 0 0 4,750 2,430 0 0
시군구비 7,500 320 7,180 0 0 4,750 2,430 0 0
소하천정비(갈천천)
(2공구)
기간:2023. 1. ~ 2030. 12.
대상:향남읍 갈천리 일원
주민
규모:소하천 정비 L=1.6km
내용:소하천 정비 L=1.6km
N N N N N N
계 11,000 280 10,720 0 260 5,500 3,500 1,460 0
재량 11,000 280 10,720 0 260 5,500 3,500 1,460 0
시군구비 11,000 280 10,720 0 260 5,500 3,500 1,460 0
소하천정비(삼정천)
기간:2023. 3 ~ 2029. 12
대상:황계동 일원 주민
규모:삼정천 제방정비(L=380m) /
황계동 우수관로 정비(L=378m),
고지배수로 신설(L=400m)
내용:삼정천 제방정비(L=380m) /
황계동 우수관로 정비(L=378m),
고지배수로 신설(L=400m)
N N N N N N
계 18,950 600 18,350 0 6,100 6,100 6,150 0 0
재량 18,950 600 18,350 0 6,100 6,100 6,150 0 0
시군구비 18,950 600 18,350 0 6,100 6,100 6,150 0 0
소하천정비(평리천)
기간:2024. 1. ~ 2029.
12.
대상:향남읍 하길리 일
원 주민
규모:소하천 정비  L=
2.46km
내용:소하천 정비  L=
2.46km
N N N N N N
계 24,000 400 23,600 500 950 1,000 7,650 13,500 0
재량 24,000 400 23,600 500 950 1,000 7,650 13,500 0
시군구비 24,000 400 23,600 500 950 1,000 7,650 13,500 0
- 386 -
- 387 -
세세부부사사업업계계획획서서
회계연도 : 2026년
회계구분 : 일반 , 특별회계 , 기금
분    야 : 전체
부    문 : 전체 (단위 : 백만원)
분야ㆍ부문ㆍ정책ㆍ단위ㆍ세부사
업 사 업 개 요 국가계
획
투
자
심
사
지
방
채
BTL
의무지출
재원 총사업비 기투자
연     도     별     투     자     계     획
향  후
법
정
보
조
이
자 소  계 2026 2027 2028 2029 2030
소하천정비(기안천)
기간:2024. 1. ~2026.
12.
대상:기안동 일원 주민
규모:소하천정비 L=
0.45km
내용:소하천정비 L=
0.45km
N N N N N N
계 3,100 200 2,900 0 2,900 0 0 0 0
재량 3,100 200 2,900 0 2,900 0 0 0 0
시군구비 3,100 200 2,900 0 2,900 0 0 0 0
소하천정비(가재천)
기간:2022. 1. ~ 2027. 12.
대상:팔탄면 가재리 일원
주민
규모:소하천정비 L=1.8km
내용:소하천정비 L=1.8km
N N N N N N
계 6,000 200 5,800 0 4,600 1,200 0 0 0
재량 6,000 200 5,800 0 4,600 1,200 0 0 0
시군구비 6,000 200 5,800 0 4,600 1,200 0 0 0
소하천정비(동학천)
기간:2023. 1. ~ 2028. 12.
대상:비봉면 쌍학리 일원
주민
규모:소하천정비 L=2.18km
내용:소하천정비 L=2.18km
N N N N N N
계 7,500 320 7,180 0 0 4,750 2,430 0 0
재량 7,500 320 7,180 0 0 4,750 2,430 0 0
시군구비 7,500 320 7,180 0 0 4,750 2,430 0 0
소하천정비(갈천천)
(2공구)
기간:2023. 1. ~ 2030. 12.
대상:향남읍 갈천리 일원
주민
규모:소하천 정비 L=1.6km
내용:소하천 정비 L=1.6km
N N N N N N
계 11,000 280 10,720 0 260 5,500 3,500 1,460 0
재량 11,000 280 10,720 0 260 5,500 3,500 1,460 0
시군구비 11,000 280 10,720 0 260 5,500 3,500 1,460 0
소하천정비(삼정천)
기간:2023. 3 ~ 2029. 12
대상:황계동 일원 주민
규모:삼정천 제방정비(L=380m) /
황계동 우수관로 정비(L=378m),
고지배수로 신설(L=400m)
내용:삼정천 제방정비(L=380m) /
황계동 우수관로 정비(L=378m),
고지배수로 신설(L=400m)
N N N N N N
계 18,950 600 18,350 0 6,100 6,100 6,150 0 0
재량 18,950 600 18,350 0 6,100 6,100 6,150 0 0
시군구비 18,950 600 18,350 0 6,100 6,100 6,150 0 0
소하천정비(평리천)
기간:2024. 1. ~ 2029.
12.
대상:향남읍 하길리 일
원 주민
규모:소하천 정비  L=
2.46km
내용:소하천 정비  L=
2.46km
N N N N N N
계 24,000 400 23,600 500 950 1,000 7,650 13,500 0
재량 24,000 400 23,600 500 950 1,000 7,650 13,500 0
시군구비 24,000 400 23,600 500 950 1,000 7,650 13,500 0
- 387 -
- 388 -
세세부부사사업업계계획획서서
회계연도 : 2026년
회계구분 : 일반 , 특별회계 , 기금
분    야 : 전체
부    문 : 전체 (단위 : 백만원)
분야ㆍ부문ㆍ정책ㆍ단위ㆍ세부사
업 사 업 개 요 국가계
획
투
자
심
사
지
방
채
BTL
의무지출
재원 총사업비 기투자
연     도     별     투     자     계     획
향  후
법
정
보
조
이
자 소  계 2026 2027 2028 2029 2030
소하천정비(삼벵이
천)
기간:2025. 1. ~ 2029. 12.
대상:봉담읍 내리 일원 주
민
규모:소하천 정비  L=2.21km
내용:소하천 정비  L=2.21km
N N N N N N
계 18,624 300 18,324 50 1,124 1,124 10,126 5,900 0
재량 18,624 300 18,324 50 1,124 1,124 10,126 5,900 0
시군구비 18,624 300 18,324 50 1,124 1,124 10,126 5,900 0
소하천 정비(미럭천
)
기간:2026. 1. ~ 2030. 12.
대상: 비봉면 양노리 일원
주민
규모:소하천 정비 L=1.2km
내용:소하천 정비 L=1.2km
N N N N N N
계 7,000 0 7,000 200 1,000 1,500 2,300 2,000 0
재량 7,000 0 7,000 200 1,000 1,500 2,300 2,000 0
시군구비 7,000 0 7,000 200 1,000 1,500 2,300 2,000 0
소하천정비(안길천)
기간:2026. 1. ~ 2030. 12.
대상: 향남읍 구문천리 일
원 주민
규모:소하천 정비 L=1.4km
내용:소하천 정비 L=1.4km
N N N N N N
계 7,500 0 7,500 200 1,000 2,000 2,000 2,300 0
재량 7,500 0 7,500 200 1,000 2,000 2,000 2,300 0
시군구비 7,500 0 7,500 200 1,000 2,000 2,000 2,300 0
소하천정비(까치매
천)(2공구)
기간:2023. 10. ~ 2028. 12.
대상:정남면 계향리 일원
주민
규모:소하천 정비 L=0.77km
내용:소하천 정비 L=0.77km
N N N N N N
계 4,300 200 4,100 0 200 2,000 1,900 0 0
재량 4,300 200 4,100 0 200 2,000 1,900 0 0
시군구비 4,300 200 4,100 0 200 2,000 1,900 0 0
소하천정비종합계획
재수립
기간:2022.03~2027.12.
대상:관내 소하천 25개
소
규모:소하천 정비 종합
계획 재수립 용역 1식
내용:소하천 정비 종합
계획 재수립
N N N N N N
계 3,900 2,500 1,400 1,400 0 0 0 0 0
재량 3,900 2,500 1,400 1,400 0 0 0 0 0
시군구비 3,900 2,500 1,400 1,400 0 0 0 0 0
황계지구 풍수해생
활권 종합정비사업
기간: 2023. 3. ~ 2029. 12.
대상: 황계동 일원 주민
내용: 
(삼정천)제방정비(L=380m,H=2.1m)
(황계동)고지배수로 신설
(BOX1.5*1.5, L=400m),
우수관로 정비(D800, L=378m), 
노후저수지(1개소), 
세천 정비(L=517m),
교량 재가설(1개소)
N N N N N N
계 34,352 600 33,752 1,800 4,000 4,000 15,952 8,000 0
재량 34,352 600 33,752 1,800 4,000 4,000 15,952 8,000 0
국고보조금 17,176 0 17,176 900 2,000 2,000 8,276 4,000 0
- 389 -
세세부부사사업업계계획획서서
회계연도 : 2026년
회계구분 : 일반 , 특별회계 , 기금
분    야 : 전체
부    문 : 전체 (단위 : 백만원)
분야ㆍ부문ㆍ정책ㆍ단위ㆍ세부사
업 사 업 개 요 국가계
획
투
자
심
사
지
방
채
BTL
의무지출
재원 총사업비 기투자
연     도     별     투     자     계     획
향  후
법
정
보
조
이
자 소  계 2026 2027 2028 2029 2030
N N N N N N
시도비 8,588 0 8,588 450 1,000 1,000 4,138 2,000 0
시군구비 8,588 600 7,988 450 1,000 1,000 3,538 2,000 0
소하천 유지관리
기간: 2026. 1.~2030.
12.
대상: 관내 소하천 128
개소
규모: 관내 소하천 128
개소
내용: 소하천 유지관리
N N N Y N N
계 5,000 0 5,000 1,000 1,000 1,000 1,000 1,000 0
의무 5,000 0 5,000 1,000 1,000 1,000 1,000 1,000 0
시군구비 5,000 0 5,000 1,000 1,000 1,000 1,000 1,000 0
재해없는 하천정비(만세구
) 26,146 0 26,146 5,186 5,240 5,240 5,240 5,240 0
소하천 정비(만세구) 22,700 0 22,700 4,540 4,540 4,540 4,540 4,540 0
소하천 제방보수(만
세구)
기간: 2026.1.1.~
2030.12.31.
대상: 화성시  만세구민
규모: 하천제방보수 1식
내용: 하천정비를 통한 재
해예방
N N N N N N
계 5,200 0 5,200 1,040 1,040 1,040 1,040 1,040 0
재량 5,200 0 5,200 1,040 1,040 1,040 1,040 1,040 0
시군구비 5,200 0 5,200 1,040 1,040 1,040 1,040 1,040 0
소하천 유지관리(만
세구)
기간: 2026.1.1.~
2030.12.31.
대상: 화성시 만세구민
규모: 하천유지보수 1식
내용: 하천유지보수 1식
N N N N N N
계 17,500 0 17,500 3,500 3,500 3,500 3,500 3,500 0
재량 17,500 0 17,500 3,500 3,500 3,500 3,500 3,500 0
시군구비 17,500 0 17,500 3,500 3,500 3,500 3,500 3,500 0
구거정비 사업(만세구) 3,446 0 3,446 646 700 700 700 700 0
구거정비 공사(만세
구)
기간: 2026.1.~2030.12.
대상: 마도면 외 3개소
규모: 구거준설(L=2,220m)
및 식생옹벽 설치(L=360m),
수로관 설치(L=300m)
내용: 구거준설 및 수로관
설치
N N N N N N
계 3,446 0 3,446 646 700 700 700 700 0
재량 3,446 0 3,446 646 700 700 700 700 0
시군구비 3,446 0 3,446 646 700 700 700 700 0
재해없는 하천정비(효행구
) 8,000 0 8,000 1,600 1,600 1,600 1,600 1,600 0
- 388 -
- 389 -
세세부부사사업업계계획획서서
회계연도 : 2026년
회계구분 : 일반 , 특별회계 , 기금
분    야 : 전체
부    문 : 전체 (단위 : 백만원)
분야ㆍ부문ㆍ정책ㆍ단위ㆍ세부사
업 사 업 개 요 국가계
획
투
자
심
사
지
방
채
BTL
의무지출
재원 총사업비 기투자
연     도     별     투     자     계     획
향  후
법
정
보
조
이
자 소  계 2026 2027 2028 2029 2030
N N N N N N
시도비 8,588 0 8,588 450 1,000 1,000 4,138 2,000 0
시군구비 8,588 600 7,988 450 1,000 1,000 3,538 2,000 0
소하천 유지관리
기간: 2026. 1.~2030.
12.
대상: 관내 소하천 128
개소
규모: 관내 소하천 128
개소
내용: 소하천 유지관리
N N N Y N N
계 5,000 0 5,000 1,000 1,000 1,000 1,000 1,000 0
의무 5,000 0 5,000 1,000 1,000 1,000 1,000 1,000 0
시군구비 5,000 0 5,000 1,000 1,000 1,000 1,000 1,000 0
재해없는 하천정비(만세구
) 26,146 0 26,146 5,186 5,240 5,240 5,240 5,240 0
소하천 정비(만세구) 22,700 0 22,700 4,540 4,540 4,540 4,540 4,540 0
소하천 제방보수(만
세구)
기간: 2026.1.1.~
2030.12.31.
대상: 화성시  만세구민
규모: 하천제방보수 1식
내용: 하천정비를 통한 재
해예방
N N N N N N
계 5,200 0 5,200 1,040 1,040 1,040 1,040 1,040 0
재량 5,200 0 5,200 1,040 1,040 1,040 1,040 1,040 0
시군구비 5,200 0 5,200 1,040 1,040 1,040 1,040 1,040 0
소하천 유지관리(만
세구)
기간: 2026.1.1.~
2030.12.31.
대상: 화성시 만세구민
규모: 하천유지보수 1식
내용: 하천유지보수 1식
N N N N N N
계 17,500 0 17,500 3,500 3,500 3,500 3,500 3,500 0
재량 17,500 0 17,500 3,500 3,500 3,500 3,500 3,500 0
시군구비 17,500 0 17,500 3,500 3,500 3,500 3,500 3,500 0
구거정비 사업(만세구) 3,446 0 3,446 646 700 700 700 700 0
구거정비 공사(만세
구)
기간: 2026.1.~2030.12.
대상: 마도면 외 3개소
규모: 구거준설(L=2,220m)
및 식생옹벽 설치(L=360m),
수로관 설치(L=300m)
내용: 구거준설 및 수로관
설치
N N N N N N
계 3,446 0 3,446 646 700 700 700 700 0
재량 3,446 0 3,446 646 700 700 700 700 0
시군구비 3,446 0 3,446 646 700 700 700 700 0
재해없는 하천정비(효행구
) 8,000 0 8,000 1,600 1,600 1,600 1,600 1,600 0
- 389 -
- 390 -
세세부부사사업업계계획획서서
회계연도 : 2026년
회계구분 : 일반 , 특별회계 , 기금
분    야 : 전체
부    문 : 전체 (단위 : 백만원)
분야ㆍ부문ㆍ정책ㆍ단위ㆍ세부사
업 사 업 개 요 국가계
획
투
자
심
사
지
방
채
BTL
의무지출
재원 총사업비 기투자
연     도     별     투     자     계     획
향  후
법
정
보
조
이
자 소  계 2026 2027 2028 2029 2030
소하천 정비(효행구) 8,000 0 8,000 1,600 1,600 1,600 1,600 1,600 0
소하천 제방보수(효
행구)
기간: 2026.01.01.~
2030.12.31.
대상: 화성시 효행구민
규모: 하천제방보수 1식
내용: 하천정비를 통한
재해예방
N N N N N N
계 500 0 500 100 100 100 100 100 0
재량 500 0 500 100 100 100 100 100 0
시군구비 500 0 500 100 100 100 100 100 0
소하천 유지관리(효
행구)
기간: 2026.1.1.~
2030.12.31.
대상: 화성시 효행구민
규모: 하천유지보수 1식
내용: 하천유지보수 1식
N N N N N N
계 7,500 0 7,500 1,500 1,500 1,500 1,500 1,500 0
재량 7,500 0 7,500 1,500 1,500 1,500 1,500 1,500 0
시군구비 7,500 0 7,500 1,500 1,500 1,500 1,500 1,500 0
지역및도시 495,724 211,608 284,116 86,831 75,716 54,428 42,725 24,416 0
시민이 주도하는 동·서간 균형발
전이 가능한 도시공간 조성 17,614 0 17,614 4,669 4,652 4,045 4,247 0 0
체계적인 도시계획 수립 1,800 0 1,800 1,000 800 0 0 0 0
2035 도시관리계획(
재정비) 용역
기간:2025년~2028년
대상:화성시 전 지역 및 화
성시민
규모:화성시 전지역 1,126
㎢
내용:「국토의 계획 및 이
용에 관한 법률」제34조에
따른 도시관리계획 정비
Y N N N N N
계 1,800 0 1,800 1,000 800 0 0 0 0
재량 1,800 0 1,800 1,000 800 0 0 0 0
시군구비 1,800 0 1,800 1,000 800 0 0 0 0
균형있는 지역발전 체계
확립 15,814 0 15,814 3,669 3,852 4,045 4,247 0 0
개발제한구역 주민
지원사업
기간:2026.1.1. ~
2029.12.31.
대상:개발제한구역 4개
읍면 
규모:주민 편익, 소득
증대
내용:GB 주민지원사업
Y 국
토교
통부
Y N N N Y N
계 15,814 0 15,814 3,669 3,852 4,045 4,247 0 0
의무 15,814 0 15,814 3,669 3,852 4,045 4,247 0 0
균특보조금 11,070 0 11,070 2,568 2,697 2,832 2,973 0 0
시군구비 4,744 0 4,744 1,101 1,156 1,214 1,274 0 0
- 391 -
세세부부사사업업계계획획서서
회계연도 : 2026년
회계구분 : 일반 , 특별회계 , 기금
분    야 : 전체
부    문 : 전체 (단위 : 백만원)
분야ㆍ부문ㆍ정책ㆍ단위ㆍ세부사
업 사 업 개 요 국가계
획
투
자
심
사
지
방
채
BTL
의무지출
재원 총사업비 기투자
연     도     별     투     자     계     획
향  후
법
정
보
조
이
자 소  계 2026 2027 2028 2029 2030
지속가능한 도시공간 조성 15,000 15,000 0 0 0 0 0 0 0
지속가능한 도시재생 추
진 15,000 15,000 0 0 0 0 0 0 0
도시재생 뉴딜사업
황계지역
기간:2019.01~2025.12
대상:활성화계획 승인
지역 내 대상지
규모:약 108,000㎡
내용:능행차도로, 수변
공원, 어울림센터 등 조
성
Y 국
토교
통부
N N N N Y N
계 15,000 15,000 0 0 0 0 0 0 0
의무 15,000 15,000 0 0 0 0 0 0 0
국고보조금 7,086 7,086 0 0 0 0 0 0 0
균특보조금 1,914 1,914 0 0 0 0 0 0 0
시도비 1,800 1,800 0 0 0 0 0 0 0
시군구비 4,200 4,200 0 0 0 0 0 0 0
지속가능한 사람중심 도시
재생 87,577 69,069 18,507 12,757 2,825 1,118 904 904 0
도시재생사업 추진 87,577 69,069 18,507 12,757 2,825 1,118 904 904 0
도시재생 뉴딜사업
황계지역
기간:2019.01~2025.12
대상:활성화계획 승인
지역 내 대상지
규모:약 108,000㎡
내용:능행차도로, 수변
공원, 어울림센터 등 조
성
Y 국
토교
통부
N N N N Y N
계 15,000 15,000 0 0 0 0 0 0 0
의무 15,000 15,000 0 0 0 0 0 0 0
국고보조금 7,086 7,086 0 0 0 0 0 0 0
균특보조금 1,914 1,914 0 0 0 0 0 0 0
시도비 1,800 1,800 0 0 0 0 0 0 0
시군구비 4,200 4,200 0 0 0 0 0 0 0
송산지역 도시재생
뉴딜사업
기간:2021.01.01~2026.12.31.
대상:송산면 사강리 800번지 일
원
규모:119,089㎡
내용:사강시장 고유의 특성 발굴
등
Y 국
토교
통부
N Y N N Y N
계 33,292 28,203 5,089 5,089 0 0 0 0 0
의무 33,292 28,203 5,089 5,089 0 0 0 0 0
- 390 -
- 391 -
세세부부사사업업계계획획서서
회계연도 : 2026년
회계구분 : 일반 , 특별회계 , 기금
분    야 : 전체
부    문 : 전체 (단위 : 백만원)
분야ㆍ부문ㆍ정책ㆍ단위ㆍ세부사
업 사 업 개 요 국가계
획
투
자
심
사
지
방
채
BTL
의무지출
재원 총사업비 기투자
연     도     별     투     자     계     획
향  후
법
정
보
조
이
자 소  계 2026 2027 2028 2029 2030
지속가능한 도시공간 조성 15,000 15,000 0 0 0 0 0 0 0
지속가능한 도시재생 추
진 15,000 15,000 0 0 0 0 0 0 0
도시재생 뉴딜사업
황계지역
기간:2019.01~2025.12
대상:활성화계획 승인
지역 내 대상지
규모:약 108,000㎡
내용:능행차도로, 수변
공원, 어울림센터 등 조
성
Y 국
토교
통부
N N N N Y N
계 15,000 15,000 0 0 0 0 0 0 0
의무 15,000 15,000 0 0 0 0 0 0 0
국고보조금 7,086 7,086 0 0 0 0 0 0 0
균특보조금 1,914 1,914 0 0 0 0 0 0 0
시도비 1,800 1,800 0 0 0 0 0 0 0
시군구비 4,200 4,200 0 0 0 0 0 0 0
지속가능한 사람중심 도시
재생 87,577 69,069 18,507 12,757 2,825 1,118 904 904 0
도시재생사업 추진 87,577 69,069 18,507 12,757 2,825 1,118 904 904 0
도시재생 뉴딜사업
황계지역
기간:2019.01~2025.12
대상:활성화계획 승인
지역 내 대상지
규모:약 108,000㎡
내용:능행차도로, 수변
공원, 어울림센터 등 조
성
Y 국
토교
통부
N N N N Y N
계 15,000 15,000 0 0 0 0 0 0 0
의무 15,000 15,000 0 0 0 0 0 0 0
국고보조금 7,086 7,086 0 0 0 0 0 0 0
균특보조금 1,914 1,914 0 0 0 0 0 0 0
시도비 1,800 1,800 0 0 0 0 0 0 0
시군구비 4,200 4,200 0 0 0 0 0 0 0
송산지역 도시재생
뉴딜사업
기간:2021.01.01~2026.12.31.
대상:송산면 사강리 800번지 일
원
규모:119,089㎡
내용:사강시장 고유의 특성 발굴
등
Y 국
토교
통부
N Y N N Y N
계 33,292 28,203 5,089 5,089 0 0 0 0 0
의무 33,292 28,203 5,089 5,089 0 0 0 0 0
- 391 -
- 392 -
세세부부사사업업계계획획서서
회계연도 : 2026년
회계구분 : 일반 , 특별회계 , 기금
분    야 : 전체
부    문 : 전체 (단위 : 백만원)
분야ㆍ부문ㆍ정책ㆍ단위ㆍ세부사
업 사 업 개 요 국가계
획
투
자
심
사
지
방
채
BTL
의무지출
재원 총사업비 기투자
연     도     별     투     자     계     획
향  후
법
정
보
조
이
자 소  계 2026 2027 2028 2029 2030
N Y N N Y N
국고보조금 1,960 1,960 0 0 0 0 0 0 0
균특보조금 7,040 7,040 0 0 0 0 0 0 0
시도비 1,800 1,800 0 0 0 0 0 0 0
시군구비 21,592 16,503 5,089 5,089 0 0 0 0 0
지방채 900 900 0 0 0 0 0 0 0
병점지역 도시재생
뉴딜사업
기간:2021.01~2030.12
대상:진안동,병점동 일
원
규모:약 173천㎡
내용:지역화합 거점마
련 등
Y 국
토교
통부
N Y N N Y N
계 33,885 22,936 10,948 7,368 2,283 575 361 361 0
의무 33,885 22,936 10,948 7,368 2,283 575 361 361 0
국고보조금 2,290 2,290 0 0 0 0 0 0 0
균특보조금 12,710 12,264 446 89 178 178 0 0 0
시도비 3,000 2,911 89 18 36 36 0 0 0
시군구비 14,365 5,451 8,913 7,261 569 361 361 361 0
지방채 1,520 20 1,500 0 1,500 0 0 0 0
병점 스마트 도시재
생뉴딜사업
기간:2021.07~2030.12.
대상:진안동, 병점동 일
원
규모:가로등 14개 조성
등
내용:스마트가로등 설
치 등
Y 국
토교
통부
N N N N Y N
계 5,400 2,930 2,470 300 543 543 543 543 0
의무 5,400 2,930 2,470 300 543 543 543 543 0
국고보조금 360 360 0 0 0 0 0 0 0
균특보조금 2,640 1,398 1,242 180 266 266 266 266 0
시도비 600 352 248 36 53 53 53 53 0
시군구비 1,800 820 980 84 224 224 224 224 0
- 393 -
세세부부사사업업계계획획서서
회계연도 : 2026년
회계구분 : 일반 , 특별회계 , 기금
분    야 : 전체
부    문 : 전체 (단위 : 백만원)
분야ㆍ부문ㆍ정책ㆍ단위ㆍ세부사
업 사 업 개 요 국가계
획
투
자
심
사
지
방
채
BTL
의무지출
재원 총사업비 기투자
연     도     별     투     자     계     획
향  후
법
정
보
조
이
자 소  계 2026 2027 2028 2029 2030
안전한 공동주택 관리 기
반 구축 25,944 0 25,944 5,189 5,189 5,189 5,189 5,189 0
공동주택 관리역량 강화 25,944 0 25,944 5,189 5,189 5,189 5,189 5,189 0
공동주택 공용시설
개보수 지원사업
기간: 2026. 1. ~ 2030. 12.
대상: 사용검사일로부터 8
년이 경과한 공동주택
규모: 단지당 최대 1억원
지원
내용: 공동주택 노후 공용
시설 개·보수에 필요한 비
용의 일부 지원
N N N N Y N
계 10,000 0 10,000 2,000 2,000 2,000 2,000 2,000 0
의무 10,000 0 10,000 2,000 2,000 2,000 2,000 2,000 0
시도비 1,500 0 1,500 300 300 300 300 300 0
시군구비 8,500 0 8,500 1,700 1,700 1,700 1,700 1,700 0
공동주택 안전관련
시설 설치 비용 지
원사업
기간: 2026. 1. ~ 2030. 12.
대상: 의무관리대상 공동주
택 및 주택법 및 도시환경
주거정비법에 따른 비의무
관리대상 공동주택
규모: 단지당 최대 25백만
원 지원
내용:안전관련시설 설치 비
용 지원
N N N N N N
계 1,750 0 1,750 350 350 350 350 350 0
재량 1,750 0 1,750 350 350 350 350 350 0
시도비 525 0 525 105 105 105 105 105 0
시군구비 1,225 0 1,225 245 245 245 245 245 0
공동주택 승강기 교
체 및 보수 지원사
업
기간: 2026. 1. ~ 2030. 12.
대상: 사용검사일로부터 15
년이 경과한 공동주택
규모: 단지당 최대 1.2억원
지원(단, 승강기 12대를 초
과하는 경우 승강기 1대당
1천만원 추가 지원)
내용: 승강기 교체·유지·
보수 비용 일부 지원
N N N N Y N
계 12,000 0 12,000 2,400 2,400 2,400 2,400 2,400 0
의무 12,000 0 12,000 2,400 2,400 2,400 2,400 2,400 0
시도비 3,600 0 3,600 720 720 720 720 720 0
시군구비 8,400 0 8,400 1,680 1,680 1,680 1,680 1,680 0
공동주택 경비실 에
어컨 설치 비용 지
원사업
기간: 2026. 1. ~ 2030. 12.
대상:「공동주택관리법」제
2조제1항제1호에 따른 공동
주택
규모: 단지당 최대 60만원(
자부담 10% 이상)
내용: 공동주택 내 경비실
신규 에어컨 설치 및 노후
에어컨 교체 지원
N N N N N N
계 144 0 144 29 29 29 29 29 0
재량 144 0 144 29 29 29 29 29 0
시도비 43 0 43 9 9 9 9 9 0
시군구비 101 0 101 20 20 20 20 20 0
- 392 -
- 393 -
세세부부사사업업계계획획서서
회계연도 : 2026년
회계구분 : 일반 , 특별회계 , 기금
분    야 : 전체
부    문 : 전체 (단위 : 백만원)
분야ㆍ부문ㆍ정책ㆍ단위ㆍ세부사
업 사 업 개 요 국가계
획
투
자
심
사
지
방
채
BTL
의무지출
재원 총사업비 기투자
연     도     별     투     자     계     획
향  후
법
정
보
조
이
자 소  계 2026 2027 2028 2029 2030
안전한 공동주택 관리 기
반 구축 25,944 0 25,944 5,189 5,189 5,189 5,189 5,189 0
공동주택 관리역량 강화 25,944 0 25,944 5,189 5,189 5,189 5,189 5,189 0
공동주택 공용시설
개보수 지원사업
기간: 2026. 1. ~ 2030. 12.
대상: 사용검사일로부터 8
년이 경과한 공동주택
규모: 단지당 최대 1억원
지원
내용: 공동주택 노후 공용
시설 개·보수에 필요한 비
용의 일부 지원
N N N N Y N
계 10,000 0 10,000 2,000 2,000 2,000 2,000 2,000 0
의무 10,000 0 10,000 2,000 2,000 2,000 2,000 2,000 0
시도비 1,500 0 1,500 300 300 300 300 300 0
시군구비 8,500 0 8,500 1,700 1,700 1,700 1,700 1,700 0
공동주택 안전관련
시설 설치 비용 지
원사업
기간: 2026. 1. ~ 2030. 12.
대상: 의무관리대상 공동주
택 및 주택법 및 도시환경
주거정비법에 따른 비의무
관리대상 공동주택
규모: 단지당 최대 25백만
원 지원
내용:안전관련시설 설치 비
용 지원
N N N N N N
계 1,750 0 1,750 350 350 350 350 350 0
재량 1,750 0 1,750 350 350 350 350 350 0
시도비 525 0 525 105 105 105 105 105 0
시군구비 1,225 0 1,225 245 245 245 245 245 0
공동주택 승강기 교
체 및 보수 지원사
업
기간: 2026. 1. ~ 2030. 12.
대상: 사용검사일로부터 15
년이 경과한 공동주택
규모: 단지당 최대 1.2억원
지원(단, 승강기 12대를 초
과하는 경우 승강기 1대당
1천만원 추가 지원)
내용: 승강기 교체·유지·
보수 비용 일부 지원
N N N N Y N
계 12,000 0 12,000 2,400 2,400 2,400 2,400 2,400 0
의무 12,000 0 12,000 2,400 2,400 2,400 2,400 2,400 0
시도비 3,600 0 3,600 720 720 720 720 720 0
시군구비 8,400 0 8,400 1,680 1,680 1,680 1,680 1,680 0
공동주택 경비실 에
어컨 설치 비용 지
원사업
기간: 2026. 1. ~ 2030. 12.
대상:「공동주택관리법」제
2조제1항제1호에 따른 공동
주택
규모: 단지당 최대 60만원(
자부담 10% 이상)
내용: 공동주택 내 경비실
신규 에어컨 설치 및 노후
에어컨 교체 지원
N N N N N N
계 144 0 144 29 29 29 29 29 0
재량 144 0 144 29 29 29 29 29 0
시도비 43 0 43 9 9 9 9 9 0
시군구비 101 0 101 20 20 20 20 20 0
- 393 -
- 394 -
세세부부사사업업계계획획서서
회계연도 : 2026년
회계구분 : 일반 , 특별회계 , 기금
분    야 : 전체
부    문 : 전체 (단위 : 백만원)
분야ㆍ부문ㆍ정책ㆍ단위ㆍ세부사
업 사 업 개 요 국가계
획
투
자
심
사
지
방
채
BTL
의무지출
재원 총사업비 기투자
연     도     별     투     자     계     획
향  후
법
정
보
조
이
자 소  계 2026 2027 2028 2029 2030
공동주택 경비 및
청소 노동자 휴게시
설 개선 지원사업
기간: 2026. 1. ~ 2030. 12.
대상:「공동주택관리법」제
2조제1항제1호에 따른 공동
주택
규모: 휴게시설 종류별 최
대 500만원(자부담 10% 이
상)
내용: 경비 및 청소 노동자
휴게시설 시설개선 또는 물
품구입
N N N N N N
계 1,100 0 1,100 220 220 220 220 220 0
재량 1,100 0 1,100 220 220 220 220 220 0
시도비 330 0 330 66 66 66 66 66 0
시군구비 770 0 770 154 154 154 154 154 0
공공임대주택 공동
전기료 지원사업
기간: 2026. 1. ~ 2030. 12.
대상: 영구임대, 국민임대,
행복주택
규모: 단지별 보조비율에
따라 지원
내용: 공공임대주택 공동전
기료(산업용, 보안등(가로
등)) 지원
N N N N N N
계 950 0 950 190 190 190 190 190 0
재량 950 0 950 190 190 190 190 190 0
시군구비 950 0 950 190 190 190 190 190 0
쾌적하고 안전한 주거환경
조성 7,150 0 7,150 1,430 1,430 1,430 1,430 1,430 0
건축물 유지 관리 7,150 0 7,150 1,430 1,430 1,430 1,430 1,430 0
건축사 업무대행
기간:2026. 1. ~ 2030. 12.
대상:화성오산권역 현장조
사 검사 및 확인업무의 업
무대행건축사
내용: 건축사 업무대행 수
수료
내용:수수료 산정 시간당
노임단가*소요시간
N N N Y N N
계 3,900 0 3,900 780 780 780 780 780 0
의무 3,900 0 3,900 780 780 780 780 780 0
시군구비 3,900 0 3,900 780 780 780 780 780 0
소규모 공동주택 지
원
기간: 2025.~2029.
대상: 소규모 공동주택 중
공고일 기준 사용승인 일로
부터 10년 이상 경과한 단
지
규모: 60개소
내용: 소규모 공동주택 지
원사업
N N N N Y N
계 3,250 0 3,250 650 650 650 650 650 0
의무 3,250 0 3,250 650 650 650 650 650 0
시군구비 3,250 0 3,250 650 650 650 650 650 0
시민이 행복한 도시 디자
인 2,200 0 2,200 420 430 440 450 460 0
쾌적한 도시환경 조성 2,200 0 2,200 420 430 440 450 460 0
옥외광고물 정비 기간:2026. 1. ~ 2026. 12.
대상:만19세이상 화성시민 N N N N N N 계 2,200 0 2,200 420 430 440 450 460 0
- 395 -
세세부부사사업업계계획획서서
회계연도 : 2026년
회계구분 : 일반 , 특별회계 , 기금
분    야 : 전체
부    문 : 전체 (단위 : 백만원)
분야ㆍ부문ㆍ정책ㆍ단위ㆍ세부사
업 사 업 개 요 국가계
획
투
자
심
사
지
방
채
BTL
의무지출
재원 총사업비 기투자
연     도     별     투     자     계     획
향  후
법
정
보
조
이
자 소  계 2026 2027 2028 2029 2030
규모:화성시 전지역
내용:불법광고물 정비 N N N N N N
재량 2,200 0 2,200 420 430 440 450 460 0
시군구비 2,200 0 2,200 420 430 440 450 460 0
취약지 개발 10,096 0 10,096 2,001 2,010 2,019 2,028 2,038 0
발전소 주변지역 개발·
지원 6,973 0 6,973 1,395 1,395 1,395 1,395 1,395 0
발전소주변지역 공
공사회복지
기간:2025.1.~2030.12.
대상:발전기 반지름 5킬로
미터 이내의 육지 및 섬지
역이 속하는 읍ㆍ면ㆍ동
규모:전전년도 발전량(kWh)
에 발전원별 지원금단가(원
/kWh)를 곱하여 산정
내용:발전소주변지역 지원
Y 산
업통
상자
원부
N N N N Y N
계 3,918 0 3,918 784 784 784 784 784 0
의무 3,918 0 3,918 784 784 784 784 784 0
국고보조금 3,918 0 3,918 784 784 784 784 784 0
발전소주변지역 융
자지원사업
기간:2025.1.~2030.12.
대상:우정읍, 장안면
규모:주민복지지원사업자금
: 300,000천원, 기업유치지
원사업자금: 300,000천원
내용:주민복지지원, 기업유
치지원
N N N N N N
계 3,055 0 3,055 611 611 611 611 611 0
재량 3,055 0 3,055 611 611 611 611 611 0
시군구비 3,055 0 3,055 611 611 611 611 611 0
천연가스생산기지 주변
지역 개발 지원 3,123 0 3,123 606 615 625 634 643 0
천연가스 생산기지
주변지역 지원(특별
)
기간:2025.1.~2030.12.
대상:천연가스 생산기
지  2km이내
규모:우정,장안 등
내용:천연가스 생산기
지  주변지역 지원
N N N N N N
계 3,123 0 3,123 606 615 625 634 643 0
재량 3,123 0 3,123 606 615 625 634 643 0
시군구비 3,123 0 3,123 606 615 625 634 643 0
웰빙 녹색도시 구현 212,990 102,642 110,348 35,116 19,898 25,380 20,518 9,436 0
쾌적한 공원 조성 204,061 101,893 102,168 33,821 17,903 23,385 18,523 8,536 0
화성시민캠퍼스 운
영관리
기간:2025.01~2029.12
위치:봉담읍 동화리 11-1일
원
규모:부지면적 102,525㎡
내용:조경수관리 및 환경정
비
N N N N N N
계 2,324 0 2,324 400 412 424 537 550 0
재량 2,324 0 2,324 400 412 424 537 550 0
- 394 -
- 395 -
세세부부사사업업계계획획서서
회계연도 : 2026년
회계구분 : 일반 , 특별회계 , 기금
분    야 : 전체
부    문 : 전체 (단위 : 백만원)
분야ㆍ부문ㆍ정책ㆍ단위ㆍ세부사
업 사 업 개 요 국가계
획
투
자
심
사
지
방
채
BTL
의무지출
재원 총사업비 기투자
연     도     별     투     자     계     획
향  후
법
정
보
조
이
자 소  계 2026 2027 2028 2029 2030
규모:화성시 전지역
내용:불법광고물 정비 N N N N N N
재량 2,200 0 2,200 420 430 440 450 460 0
시군구비 2,200 0 2,200 420 430 440 450 460 0
취약지 개발 10,096 0 10,096 2,001 2,010 2,019 2,028 2,038 0
발전소 주변지역 개발·
지원 6,973 0 6,973 1,395 1,395 1,395 1,395 1,395 0
발전소주변지역 공
공사회복지
기간:2025.1.~2030.12.
대상:발전기 반지름 5킬로
미터 이내의 육지 및 섬지
역이 속하는 읍ㆍ면ㆍ동
규모:전전년도 발전량(kWh)
에 발전원별 지원금단가(원
/kWh)를 곱하여 산정
내용:발전소주변지역 지원
Y 산
업통
상자
원부
N N N N Y N
계 3,918 0 3,918 784 784 784 784 784 0
의무 3,918 0 3,918 784 784 784 784 784 0
국고보조금 3,918 0 3,918 784 784 784 784 784 0
발전소주변지역 융
자지원사업
기간:2025.1.~2030.12.
대상:우정읍, 장안면
규모:주민복지지원사업자금
: 300,000천원, 기업유치지
원사업자금: 300,000천원
내용:주민복지지원, 기업유
치지원
N N N N N N
계 3,055 0 3,055 611 611 611 611 611 0
재량 3,055 0 3,055 611 611 611 611 611 0
시군구비 3,055 0 3,055 611 611 611 611 611 0
천연가스생산기지 주변
지역 개발 지원 3,123 0 3,123 606 615 625 634 643 0
천연가스 생산기지
주변지역 지원(특별
)
기간:2025.1.~2030.12.
대상:천연가스 생산기
지  2km이내
규모:우정,장안 등
내용:천연가스 생산기
지  주변지역 지원
N N N N N N
계 3,123 0 3,123 606 615 625 634 643 0
재량 3,123 0 3,123 606 615 625 634 643 0
시군구비 3,123 0 3,123 606 615 625 634 643 0
웰빙 녹색도시 구현 212,990 102,642 110,348 35,116 19,898 25,380 20,518 9,436 0
쾌적한 공원 조성 204,061 101,893 102,168 33,821 17,903 23,385 18,523 8,536 0
화성시민캠퍼스 운
영관리
기간:2025.01~2029.12
위치:봉담읍 동화리 11-1일
원
규모:부지면적 102,525㎡
내용:조경수관리 및 환경정
비
N N N N N N
계 2,324 0 2,324 400 412 424 537 550 0
재량 2,324 0 2,324 400 412 424 537 550 0
- 395 -
- 396 -
세세부부사사업업계계획획서서
회계연도 : 2026년
회계구분 : 일반 , 특별회계 , 기금
분    야 : 전체
부    문 : 전체 (단위 : 백만원)
분야ㆍ부문ㆍ정책ㆍ단위ㆍ세부사
업 사 업 개 요 국가계
획
투
자
심
사
지
방
채
BTL
의무지출
재원 총사업비 기투자
연     도     별     투     자     계     획
향  후
법
정
보
조
이
자 소  계 2026 2027 2028 2029 2030
N N N N N N 시군구비 2,324 0 2,324 400 412 424 537 550 0
풀무골 수변공원 조
성
기간:2015.08~2027.12.
위치:동탄면 중리 산
96-2 일원
규모:67,046㎡
내용:공원조성(산책로,
주차장 등)
Y N N N N N
계 15,130 15,130 0 0 0 0 0 0 0
재량 15,130 15,130 0 0 0 0 0 0 0
시군구비 15,130 15,130 0 0 0 0 0 0 0
장지저수지 주변 생
태형 문화공원 조성
기간:2019. 05. 01. ~
2028. 12. 31.
대상:화성시민
규모:99,800㎡
내용:장지저수지주변
생태문화공원 조성
Y N N N N N
계 48,365 27,986 20,379 2,000 3,605 4,774 10,000 0 0
재량 48,365 27,986 20,379 2,000 3,605 4,774 10,000 0 0
시군구비 48,365 27,986 20,379 2,000 3,605 4,774 10,000 0 0
병점근린공원 리모
델링
기간:2024. 1. 1. ~
2026. 12. 31
대상:병점근린공원(병
점동 823)
규모:49,171㎡
내용:병점근린공원 리
모델링
Y N N N Y N
계 1,050 550 500 500 0 0 0 0 0
의무 1,050 550 500 500 0 0 0 0 0
시도비 150 0 150 150 0 0 0 0 0
시군구비 900 550 350 350 0 0 0 0 0
(민자 등) 350 350 0 0 0 0 0 0 0
만의공원 조성사업
기간:2025. 1. ~ 2028.
12.
대상:화성시민
규모:35,837㎡
내용:주민들의 건강 증
진
Y N N N N N
계 12,060 0 12,060 1,190 4,670 6,200 0 0 0
재량 12,060 0 12,060 1,190 4,670 6,200 0 0 0
시군구비 12,060 0 12,060 1,190 4,670 6,200 0 0 0
장기미집행 공원조
성
기간:2019. 4. ~ 2030.
12.
대상:매화 근린공원 등
5개소
규모:총 458,448㎡
내용:장기미집행 도시
계획시설 해소 등을 위
한 공원조성
Y N N N N N
계 104,746 48,748 55,998 24,055 7,986 7,986 7,986 7,986 0
재량 104,746 48,748 55,998 24,055 7,986 7,986 7,986 7,986 0
시군구비 104,746 48,748 55,998 24,055 7,986 7,986 7,986 7,986 0
- 397 -
세세부부사사업업계계획획서서
회계연도 : 2026년
회계구분 : 일반 , 특별회계 , 기금
분    야 : 전체
부    문 : 전체 (단위 : 백만원)
분야ㆍ부문ㆍ정책ㆍ단위ㆍ세부사
업 사 업 개 요 국가계
획
투
자
심
사
지
방
채
BTL
의무지출
재원 총사업비 기투자
연     도     별     투     자     계     획
향  후
법
정
보
조
이
자 소  계 2026 2027 2028 2029 2030
제부도 근린공원 조
성
기간:2021.12~2026.10
위치:제부리 190-2번지
일원
규모:10,593㎡
내용:공원 조성
Y 행
정안
전부
Y N N N Y N
계 12,405 8,684 3,721 3,721 0 0 0 0 0
의무 12,405 8,684 3,721 3,721 0 0 0 0 0
균특보조금 9,039 6,062 2,977 2,977 0 0 0 0 0
시군구비 3,366 2,622 744 744 0 0 0 0 0
담봉 근린공원 진입
도로 조성
기간:2019. 4. ~ 2027.
12.
대상:담봉근린공원 등 5
개소
규모:총 453,629.9㎡
내용:장기미집행 공원
조성 일부 반영
Y N N N N N
계 1,285 0 1,285 55 1,230 0 0 0 0
재량 1,285 0 1,285 55 1,230 0 0 0 0
시군구비 1,285 0 1,285 55 1,230 0 0 0 0
새솔동 시화 친수공
간 특화 조성(2단계
)
기간:2025. 1. ~ 2028.
12. 31.
대상:화성시민
규모:362,606㎡(연장4km
)
내용:수변공간 내 랜드
마크 특화공간 조성
Y N N N N N
계 6,281 380 5,901 1,900 0 4,001 0 0 0
재량 6,281 380 5,901 1,900 0 4,001 0 0 0
시군구비 6,281 380 5,901 1,900 0 4,001 0 0 0
손바닥공원 리모델
링 사업
기간:2024. 1. ~ 2026.
12.
대상:전체
규모:13,590㎡
내용:기존 노후되고 불
필요한 시설물 철거 및
교체
N N N N N N
계 415 415 0 0 0 0 0 0 0
재량 415 415 0 0 0 0 0 0 0
시도비 83 83 0 0 0 0 0 0 0
시군구비 333 333 0 0 0 0 0 0 0
(민자 등) 1,000 1,000 0 0 0 0 0 0 0
생활권 공원확충 2,000 0 2,000 650 450 450 450 0 0
쌈지공원 조성(전환
사업)
기간:2025. 1. ~ 2029. 12.
화성시민
규모:6,085㎡
내용:생활권 주변 자투리공
지를 활용하여 시민들을 위
한 쾌적한 녹지공간 마련
N N N N Y N
계 2,000 0 2,000 650 450 450 450 0 0
의무 2,000 0 2,000 650 450 450 450 0 0
- 396 -
- 397 -
세세부부사사업업계계획획서서
회계연도 : 2026년
회계구분 : 일반 , 특별회계 , 기금
분    야 : 전체
부    문 : 전체 (단위 : 백만원)
분야ㆍ부문ㆍ정책ㆍ단위ㆍ세부사
업 사 업 개 요 국가계
획
투
자
심
사
지
방
채
BTL
의무지출
재원 총사업비 기투자
연     도     별     투     자     계     획
향  후
법
정
보
조
이
자 소  계 2026 2027 2028 2029 2030
제부도 근린공원 조
성
기간:2021.12~2026.10
위치:제부리 190-2번지
일원
규모:10,593㎡
내용:공원 조성
Y 행
정안
전부
Y N N N Y N
계 12,405 8,684 3,721 3,721 0 0 0 0 0
의무 12,405 8,684 3,721 3,721 0 0 0 0 0
균특보조금 9,039 6,062 2,977 2,977 0 0 0 0 0
시군구비 3,366 2,622 744 744 0 0 0 0 0
담봉 근린공원 진입
도로 조성
기간:2019. 4. ~ 2027.
12.
대상:담봉근린공원 등 5
개소
규모:총 453,629.9㎡
내용:장기미집행 공원
조성 일부 반영
Y N N N N N
계 1,285 0 1,285 55 1,230 0 0 0 0
재량 1,285 0 1,285 55 1,230 0 0 0 0
시군구비 1,285 0 1,285 55 1,230 0 0 0 0
새솔동 시화 친수공
간 특화 조성(2단계
)
기간:2025. 1. ~ 2028.
12. 31.
대상:화성시민
규모:362,606㎡(연장4km
)
내용:수변공간 내 랜드
마크 특화공간 조성
Y N N N N N
계 6,281 380 5,901 1,900 0 4,001 0 0 0
재량 6,281 380 5,901 1,900 0 4,001 0 0 0
시군구비 6,281 380 5,901 1,900 0 4,001 0 0 0
손바닥공원 리모델
링 사업
기간:2024. 1. ~ 2026.
12.
대상:전체
규모:13,590㎡
내용:기존 노후되고 불
필요한 시설물 철거 및
교체
N N N N N N
계 415 415 0 0 0 0 0 0 0
재량 415 415 0 0 0 0 0 0 0
시도비 83 83 0 0 0 0 0 0 0
시군구비 333 333 0 0 0 0 0 0 0
(민자 등) 1,000 1,000 0 0 0 0 0 0 0
생활권 공원확충 2,000 0 2,000 650 450 450 450 0 0
쌈지공원 조성(전환
사업)
기간:2025. 1. ~ 2029. 12.
화성시민
규모:6,085㎡
내용:생활권 주변 자투리공
지를 활용하여 시민들을 위
한 쾌적한 녹지공간 마련
N N N N Y N
계 2,000 0 2,000 650 450 450 450 0 0
의무 2,000 0 2,000 650 450 450 450 0 0
- 397 -
- 398 -
세세부부사사업업계계획획서서
회계연도 : 2026년
회계구분 : 일반 , 특별회계 , 기금
분    야 : 전체
부    문 : 전체 (단위 : 백만원)
분야ㆍ부문ㆍ정책ㆍ단위ㆍ세부사
업 사 업 개 요 국가계
획
투
자
심
사
지
방
채
BTL
의무지출
재원 총사업비 기투자
연     도     별     투     자     계     획
향  후
법
정
보
조
이
자 소  계 2026 2027 2028 2029 2030
N N N N Y N
시도비 600 0 600 195 135 135 135 0 0
시군구비 1,400 0 1,400 455 315 315 315 0 0
우리꽃식물원운영 6,929 749 6,180 645 1,545 1,545 1,545 900 0
우리꽃식물원 식물
관리
기간:2025. 1. ~ 2029.
12.
대상:화성시민
규모:110,692㎡
내용:화성 우리꽃식물
원 효율적인 식물관리
및 볼거리ㆍ편의 제공
Y N N Y N N
계 2,580 0 2,580 645 645 645 645 0 0
의무 2,580 0 2,580 645 645 645 645 0 0
시군구비 2,580 0 2,580 645 645 645 645 0 0
우리꽃식물원 경관
조성
기간:2026.01~2030.12
위치:우리꽃식물원(팔
탄면)
내용: 경관조성 등
내용:관람객  휴식공간
및 볼거리 제공
Y N N N N N
계 4,349 749 3,600 0 900 900 900 900 0
재량 4,349 749 3,600 0 900 900 900 900 0
시군구비 4,349 749 3,600 0 900 900 900 900 0
웰빙 녹색도시 구현 117,154 24,897 92,257 25,250 39,282 14,807 7,959 4,959 0
보타닉가든 화성 조성 117,154 24,897 92,257 25,250 39,282 14,807 7,959 4,959 0
여울공원 전시온실(
식물원) 건립
기간:2023. 10. ~ 2027. 11.
대상:화성시 오산동 1060번
지(여울공원)
규모:건축 연면적: 7,272.07
㎡ 
내용:전시온실 및 지원시설
Y N N N N N
계 53,754 16,739 37,015 20,000 10,166 6,849 0 0 0
재량 53,754 16,739 37,015 20,000 10,166 6,849 0 0 0
시군구비 53,754 16,739 37,015 20,000 10,166 6,849 0 0 0
동부권 공공정원화
사업
기간:2024. 10. ~ 2027. 12.
대상:여울공원, 노작공원,
큰재봉공원, 자라뫼 공원
등 동부권 주요공원
규모:공공정원화 1,478,609
㎡/ 가든벨트 7.9km
내용:동부권 주요 공원 리
뉴얼을 통한 공공정원 조성
Y N N N N N
계 31,400 1,867 29,533 0 14,657 4,958 4,959 4,959 0
재량 31,400 1,867 29,533 0 14,657 4,958 4,959 4,959 0
시군구비 31,400 1,867 29,533 0 14,657 4,958 4,959 4,959 0
우리꽃식물원 리모
델링 사업
기간: 2024. 10. ~ 2027. 12.
대상: 팔탄면 매곡리 
179-18번지 일원 우리꽃식물원
Y N N N N N 계 14,000 928 13,072 5,000 8,072 0 0 0 0
- 399 -
세세부부사사업업계계획획서서
회계연도 : 2026년
회계구분 : 일반 , 특별회계 , 기금
분    야 : 전체
부    문 : 전체 (단위 : 백만원)
분야ㆍ부문ㆍ정책ㆍ단위ㆍ세부사
업 사 업 개 요 국가계
획
투
자
심
사
지
방
채
BTL
의무지출
재원 총사업비 기투자
연     도     별     투     자     계     획
향  후
법
정
보
조
이
자 소  계 2026 2027 2028 2029 2030
규모: 
[건축]종합관리동(1,489㎡), 
전시온실 지상2층(260㎡) 
[조경]야외조경공간(27,183㎡)   
내용: 노후 시설 리모델링 및 
편의,휴게 시설 확충
Y N N N N N
재량 14,000 928 13,072 5,000 8,072 0 0 0 0
시군구비 14,000 928 13,072 5,000 8,072 0 0 0 0
우리꽃식물원 확장
사업
기간:2025. 1. ~ 2017. 12.
대상:매곡리 179-25번지 외 4필
지
규모:153,755㎡ [(기존면적)
113,069㎡/ (확장면적)40,686㎡]
내용:식물원 부지 확장을 통한
이용객 편의시설 확장 및 다양한
체험시설 도입
Y N N N N N
계 18,000 5,363 12,637 250 6,387 3,000 3,000 0 0
재량 18,000 5,363 12,637 250 6,387 3,000 3,000 0 0
시군구비 18,000 5,363 12,637 250 6,387 3,000 3,000 0 0
기타 345 0 345 69 69 69 69 69 0
기타 345 0 345 69 69 69 69 69 0
행정운영경비(효행구 건강
증진과) 345 0 345 69 69 69 69 69 0
인력운영비(효행구 건강
증진과) 345 0 345 69 69 69 69 69 0
지역사회 통합건강
증진사업 인건비(효
행구)
2026. 1. ~ 2030. 12.
서남부권역 주민
5개사업 추진
생이주기별 통합적 건
강관리로 건강수명 연
장 및 건강형평성 제고
Y 보
건복
지부
N N N N Y N
계 345 0 345 69 69 69 69 69 0
의무 345 0 345 69 69 69 69 69 0
국고보조금 104 0 104 21 21 21 21 21 0
시군구비 242 0 242 48 48 48 48 48 0
- 398 -
- 399 -
세세부부사사업업계계획획서서
회계연도 : 2026년
회계구분 : 일반 , 특별회계 , 기금
분    야 : 전체
부    문 : 전체 (단위 : 백만원)
분야ㆍ부문ㆍ정책ㆍ단위ㆍ세부사
업 사 업 개 요 국가계
획
투
자
심
사
지
방
채
BTL
의무지출
재원 총사업비 기투자
연     도     별     투     자     계     획
향  후
법
정
보
조
이
자 소  계 2026 2027 2028 2029 2030
규모: 
[건축]종합관리동(1,489㎡), 
전시온실 지상2층(260㎡) 
[조경]야외조경공간(27,183㎡)   
내용: 노후 시설 리모델링 및 
편의,휴게 시설 확충
Y N N N N N
재량 14,000 928 13,072 5,000 8,072 0 0 0 0
시군구비 14,000 928 13,072 5,000 8,072 0 0 0 0
우리꽃식물원 확장
사업
기간:2025. 1. ~ 2017. 12.
대상:매곡리 179-25번지 외 4필
지
규모:153,755㎡ [(기존면적)
113,069㎡/ (확장면적)40,686㎡]
내용:식물원 부지 확장을 통한
이용객 편의시설 확장 및 다양한
체험시설 도입
Y N N N N N
계 18,000 5,363 12,637 250 6,387 3,000 3,000 0 0
재량 18,000 5,363 12,637 250 6,387 3,000 3,000 0 0
시군구비 18,000 5,363 12,637 250 6,387 3,000 3,000 0 0
기타 345 0 345 69 69 69 69 69 0
기타 345 0 345 69 69 69 69 69 0
행정운영경비(효행구 건강
증진과) 345 0 345 69 69 69 69 69 0
인력운영비(효행구 건강
증진과) 345 0 345 69 69 69 69 69 0
지역사회 통합건강
증진사업 인건비(효
행구)
2026. 1. ~ 2030. 12.
서남부권역 주민
5개사업 추진
생이주기별 통합적 건
강관리로 건강수명 연
장 및 건강형평성 제고
Y 보
건복
지부
N N N N Y N
계 345 0 345 69 69 69 69 69 0
의무 345 0 345 69 69 69 69 69 0
국고보조금 104 0 104 21 21 21 21 21 0
시군구비 242 0 242 48 48 48 48 48 0
- 399 -
